min_delay/hold group clk

                                     Required  Actual
Endpoint                               Delay   Delay   Slack
------------------------------------------------------------
iter_cnt[0]$_SDFFE_PN0P_/D (sg13g2_dfrbpq_1)    0.34    0.46    0.11 (MET)
done$_SDFFE_PN0P_/D (sg13g2_dfrbpq_1)    0.33    0.46    0.13 (MET)
done$_SDFFE_PN0P_/D (sg13g2_dfrbpq_1)    0.33    0.46    0.13 (MET)
done$_SDFFE_PN0P_/D (sg13g2_dfrbpq_1)    0.33    0.46    0.13 (MET)
done$_SDFFE_PN0P_/D (sg13g2_dfrbpq_1)    0.33    0.46    0.13 (MET)
iter_cnt[3]$_SDFFE_PN0P_/D (sg13g2_dfrbpq_1)    0.35    0.49    0.13 (MET)
iter_cnt[3]$_SDFFE_PN0P_/D (sg13g2_dfrbpq_1)    0.35    0.49    0.13 (MET)
z_reg[6]$_SDFFE_PN0P_/D (sg13g2_dfrbpq_1)    0.34    0.47    0.13 (MET)
z_reg[8]$_SDFFE_PN0P_/D (sg13g2_dfrbpq_1)    0.33    0.47    0.14 (MET)
z_reg[5]$_SDFFE_PN0P_/D (sg13g2_dfrbpq_1)    0.35    0.49    0.14 (MET)
z_reg[2]$_SDFFE_PN0P_/D (sg13g2_dfrbpq_1)    0.34    0.48    0.14 (MET)
iter_cnt[1]$_SDFFE_PN0P_/D (sg13g2_dfrbpq_1)    0.34    0.49    0.15 (MET)
z_reg[4]$_SDFFE_PN0P_/D (sg13g2_dfrbpq_1)    0.34    0.49    0.15 (MET)
z_reg[3]$_SDFFE_PN0P_/D (sg13g2_dfrbpq_1)    0.35    0.50    0.15 (MET)
iter_cnt[0]$_SDFFE_PN0P_/D (sg13g2_dfrbpq_1)    0.31    0.48    0.16 (MET)
z_reg[1]$_SDFFE_PN0P_/D (sg13g2_dfrbpq_1)    0.35    0.51    0.17 (MET)
z_reg[8]$_SDFFE_PN0P_/D (sg13g2_dfrbpq_1)    0.32    0.49    0.17 (MET)
iter_cnt[3]$_SDFFE_PN0P_/D (sg13g2_dfrbpq_1)    0.35    0.53    0.17 (MET)
iter_cnt[3]$_SDFFE_PN0P_/D (sg13g2_dfrbpq_1)    0.32    0.50    0.18 (MET)
iter_cnt[3]$_SDFFE_PN0P_/D (sg13g2_dfrbpq_1)    0.32    0.50    0.18 (MET)
z_reg[7]$_SDFFE_PN0P_/D (sg13g2_dfrbpq_1)    0.33    0.52    0.18 (MET)
iter_cnt[3]$_SDFFE_PN0P_/D (sg13g2_dfrbpq_1)    0.35    0.54    0.19 (MET)
iter_cnt[3]$_SDFFE_PN0P_/D (sg13g2_dfrbpq_1)    0.35    0.54    0.19 (MET)
z_reg[5]$_SDFFE_PN0P_/D (sg13g2_dfrbpq_1)    0.32    0.50    0.19 (MET)
z_reg[2]$_SDFFE_PN0P_/D (sg13g2_dfrbpq_1)    0.31    0.50    0.19 (MET)
busy$_SDFFE_PN0P_/D (sg13g2_dfrbpq_1)    0.34    0.53    0.19 (MET)
x_reg[1]$_SDFFE_PN0P_/D (sg13g2_dfrbpq_1)    0.35    0.55    0.20 (MET)
x_reg[1]$_SDFFE_PN0P_/D (sg13g2_dfrbpq_1)    0.35    0.55    0.20 (MET)
x_reg[7]$_SDFFE_PN0P_/D (sg13g2_dfrbpq_1)    0.35    0.54    0.20 (MET)
busy$_SDFFE_PN0P_/D (sg13g2_dfrbpq_1)    0.34    0.54    0.20 (MET)
busy$_SDFFE_PN0P_/D (sg13g2_dfrbpq_1)    0.34    0.54    0.20 (MET)
z_reg[3]$_SDFFE_PN0P_/D (sg13g2_dfrbpq_1)    0.31    0.52    0.20 (MET)
z_reg[6]$_SDFFE_PN0P_/D (sg13g2_dfrbpq_1)    0.31    0.51    0.20 (MET)
sel_sin_r$_SDFFE_PN0P_/D (sg13g2_dfrbpq_1)    0.34    0.55    0.21 (MET)
sel_sin_r$_SDFFE_PN0P_/D (sg13g2_dfrbpq_1)    0.34    0.55    0.21 (MET)
x_reg[7]$_SDFFE_PN0P_/D (sg13g2_dfrbpq_1)    0.35    0.55    0.21 (MET)
done$_SDFFE_PN0P_/D (sg13g2_dfrbpq_1)    0.30    0.51    0.21 (MET)
y_reg[0]$_SDFFE_PN0P_/D (sg13g2_dfrbpq_1)    0.34    0.56    0.22 (MET)
y_reg[0]$_SDFFE_PN0P_/D (sg13g2_dfrbpq_1)    0.34    0.56    0.22 (MET)
iter_cnt[1]$_SDFFE_PN0P_/D (sg13g2_dfrbpq_1)    0.31    0.53    0.22 (MET)
z_reg[4]$_SDFFE_PN0P_/D (sg13g2_dfrbpq_1)    0.32    0.53    0.22 (MET)
x_reg[7]$_SDFFE_PN0P_/D (sg13g2_dfrbpq_1)    0.35    0.57    0.22 (MET)
x_reg[7]$_SDFFE_PN0P_/D (sg13g2_dfrbpq_1)    0.35    0.57    0.22 (MET)
z_reg[7]$_SDFFE_PN0P_/D (sg13g2_dfrbpq_1)    0.32    0.54    0.22 (MET)
y_reg[5]$_SDFFE_PN0P_/D (sg13g2_dfrbpq_1)    0.34    0.56    0.22 (MET)
y_reg[5]$_SDFFE_PN0P_/D (sg13g2_dfrbpq_1)    0.34    0.56    0.22 (MET)
z_reg[0]$_SDFFE_PN0P_/D (sg13g2_dfrbpq_1)    0.34    0.57    0.23 (MET)
z_reg[1]$_SDFFE_PN0P_/D (sg13g2_dfrbpq_1)    0.31    0.55    0.23 (MET)
done$_SDFFE_PN0P_/D (sg13g2_dfrbpq_1)    0.30    0.53    0.23 (MET)
iter_cnt[3]$_SDFFE_PN0P_/D (sg13g2_dfrbpq_1)    0.32    0.56    0.23 (MET)
iter_cnt[3]$_SDFFE_PN0P_/D (sg13g2_dfrbpq_1)    0.32    0.56    0.24 (MET)
iter_cnt[3]$_SDFFE_PN0P_/D (sg13g2_dfrbpq_1)    0.32    0.56    0.24 (MET)
busy$_SDFFE_PN0P_/D (sg13g2_dfrbpq_1)    0.31    0.56    0.24 (MET)
busy$_SDFFE_PN0P_/D (sg13g2_dfrbpq_1)    0.31    0.56    0.25 (MET)
busy$_SDFFE_PN0P_/D (sg13g2_dfrbpq_1)    0.31    0.56    0.25 (MET)
y_reg[9]$_SDFFE_PN0P_/D (sg13g2_dfrbpq_1)    0.34    0.58    0.25 (MET)
y_reg[2]$_SDFFE_PN0P_/D (sg13g2_dfrbpq_1)    0.34    0.59    0.25 (MET)
y_reg[2]$_SDFFE_PN0P_/D (sg13g2_dfrbpq_1)    0.34    0.59    0.25 (MET)
done$_SDFFE_PN0P_/D (sg13g2_dfrbpq_1)    0.30    0.55    0.25 (MET)
done$_SDFFE_PN0P_/D (sg13g2_dfrbpq_1)    0.30    0.55    0.25 (MET)
x_reg[3]$_SDFFE_PN0P_/D (sg13g2_dfrbpq_1)    0.34    0.59    0.25 (MET)
x_reg[3]$_SDFFE_PN0P_/D (sg13g2_dfrbpq_1)    0.34    0.59    0.25 (MET)
x_reg[3]$_SDFFE_PN0P_/D (sg13g2_dfrbpq_1)    0.34    0.59    0.25 (MET)
x_reg[3]$_SDFFE_PN0P_/D (sg13g2_dfrbpq_1)    0.34    0.59    0.25 (MET)
z_reg[0]$_SDFFE_PN0P_/D (sg13g2_dfrbpq_1)    0.32    0.57    0.26 (MET)
y_reg[4]$_SDFFE_PN0P_/D (sg13g2_dfrbpq_1)    0.34    0.61    0.26 (MET)
y_reg[4]$_SDFFE_PN0P_/D (sg13g2_dfrbpq_1)    0.34    0.61    0.26 (MET)
x_reg[1]$_SDFFE_PN0P_/D (sg13g2_dfrbpq_1)    0.32    0.59    0.26 (MET)
x_reg[1]$_SDFFE_PN0P_/D (sg13g2_dfrbpq_1)    0.32    0.59    0.26 (MET)
x_reg[6]$_SDFFE_PN0P_/D (sg13g2_dfrbpq_1)    0.34    0.61    0.27 (MET)
x_reg[9]$_SDFFE_PN0P_/D (sg13g2_dfrbpq_1)    0.34    0.61    0.27 (MET)
x_reg[8]$_SDFFE_PN0P_/D (sg13g2_dfrbpq_1)    0.32    0.59    0.27 (MET)
y_reg[7]$_SDFFE_PN0P_/D (sg13g2_dfrbpq_1)    0.34    0.62    0.28 (MET)
sel_sin_r$_SDFFE_PN0P_/D (sg13g2_dfrbpq_1)    0.32    0.59    0.28 (MET)
sel_sin_r$_SDFFE_PN0P_/D (sg13g2_dfrbpq_1)    0.32    0.59    0.28 (MET)
y_reg[0]$_SDFFE_PN0P_/D (sg13g2_dfrbpq_1)    0.31    0.59    0.28 (MET)
y_reg[0]$_SDFFE_PN0P_/D (sg13g2_dfrbpq_1)    0.31    0.59    0.28 (MET)
x_reg[0]$_SDFFE_PN0P_/D (sg13g2_dfrbpq_1)    0.35    0.64    0.28 (MET)
x_reg[0]$_SDFFE_PN0P_/D (sg13g2_dfrbpq_1)    0.35    0.64    0.28 (MET)
y_reg[1]$_SDFFE_PN0P_/D (sg13g2_dfrbpq_1)    0.34    0.63    0.29 (MET)
y_reg[1]$_SDFFE_PN0P_/D (sg13g2_dfrbpq_1)    0.34    0.63    0.29 (MET)
x_reg[8]$_SDFFE_PN0P_/D (sg13g2_dfrbpq_1)    0.34    0.63    0.29 (MET)
y_reg[5]$_SDFFE_PN0P_/D (sg13g2_dfrbpq_1)    0.31    0.60    0.29 (MET)
y_reg[5]$_SDFFE_PN0P_/D (sg13g2_dfrbpq_1)    0.31    0.60    0.29 (MET)
x_reg[2]$_SDFFE_PN0P_/D (sg13g2_dfrbpq_1)    0.34    0.63    0.29 (MET)
x_reg[2]$_SDFFE_PN0P_/D (sg13g2_dfrbpq_1)    0.34    0.63    0.29 (MET)
x_reg[7]$_SDFFE_PN0P_/D (sg13g2_dfrbpq_1)    0.30    0.60    0.30 (MET)
x_reg[2]$_SDFFE_PN0P_/D (sg13g2_dfrbpq_1)    0.34    0.64    0.30 (MET)
x_reg[2]$_SDFFE_PN0P_/D (sg13g2_dfrbpq_1)    0.34    0.64    0.30 (MET)
z_reg[9]$_SDFFE_PN0P_/D (sg13g2_dfrbpq_1)    0.34    0.65    0.31 (MET)
x_reg[6]$_SDFFE_PN0P_/D (sg13g2_dfrbpq_1)    0.34    0.64    0.31 (MET)
y_reg[9]$_SDFFE_PN0P_/D (sg13g2_dfrbpq_1)    0.32    0.63    0.31 (MET)
x_reg[6]$_SDFFE_PN0P_/D (sg13g2_dfrbpq_1)    0.34    0.65    0.31 (MET)
x_reg[6]$_SDFFE_PN0P_/D (sg13g2_dfrbpq_1)    0.34    0.65    0.31 (MET)
x_reg[6]$_SDFFE_PN0P_/D (sg13g2_dfrbpq_1)    0.34    0.65    0.31 (MET)
x_reg[9]$_SDFFE_PN0P_/D (sg13g2_dfrbpq_1)    0.32    0.64    0.32 (MET)
z_reg[9]$_SDFFE_PN0P_/D (sg13g2_dfrbpq_1)    0.32    0.64    0.32 (MET)
y_reg[2]$_SDFFE_PN0P_/D (sg13g2_dfrbpq_1)    0.31    0.63    0.32 (MET)
y_reg[2]$_SDFFE_PN0P_/D (sg13g2_dfrbpq_1)    0.31    0.63    0.32 (MET)
x_reg[6]$_SDFFE_PN0P_/D (sg13g2_dfrbpq_1)    0.31    0.64    0.33 (MET)
x_reg[4]$_SDFFE_PN0P_/D (sg13g2_dfrbpq_1)    0.35    0.68    0.33 (MET)
x_reg[4]$_SDFFE_PN0P_/D (sg13g2_dfrbpq_1)    0.35    0.68    0.33 (MET)
x_reg[6]$_SDFFE_PN0P_/D (sg13g2_dfrbpq_1)    0.31    0.64    0.33 (MET)
y_reg[4]$_SDFFE_PN0P_/D (sg13g2_dfrbpq_1)    0.31    0.65    0.33 (MET)
y_reg[4]$_SDFFE_PN0P_/D (sg13g2_dfrbpq_1)    0.31    0.65    0.33 (MET)
x_reg[3]$_SDFFE_PN0P_/D (sg13g2_dfrbpq_1)    0.31    0.64    0.33 (MET)
iter_cnt[2]$_SDFFE_PN0P_/D (sg13g2_dfrbpq_1)    0.34    0.68    0.34 (MET)
iter_cnt[2]$_SDFFE_PN0P_/D (sg13g2_dfrbpq_1)    0.34    0.68    0.34 (MET)
z_reg[9]$_SDFFE_PN0P_/D (sg13g2_dfrbpq_1)    0.32    0.66    0.34 (MET)
z_reg[9]$_SDFFE_PN0P_/D (sg13g2_dfrbpq_1)    0.32    0.66    0.34 (MET)
x_reg[0]$_SDFFE_PN0P_/D (sg13g2_dfrbpq_1)    0.32    0.67    0.34 (MET)
x_reg[0]$_SDFFE_PN0P_/D (sg13g2_dfrbpq_1)    0.32    0.67    0.34 (MET)
x_reg[3]$_SDFFE_PN0P_/D (sg13g2_dfrbpq_1)    0.31    0.65    0.35 (MET)
y_reg[1]$_SDFFE_PN0P_/D (sg13g2_dfrbpq_1)    0.31    0.67    0.35 (MET)
y_reg[1]$_SDFFE_PN0P_/D (sg13g2_dfrbpq_1)    0.31    0.67    0.35 (MET)
y_reg[3]$_SDFFE_PN0P_/D (sg13g2_dfrbpq_1)    0.34    0.70    0.36 (MET)
y_reg[3]$_SDFFE_PN0P_/D (sg13g2_dfrbpq_1)    0.34    0.70    0.36 (MET)
x_reg[3]$_SDFFE_PN0P_/D (sg13g2_dfrbpq_1)    0.31    0.67    0.36 (MET)
x_reg[3]$_SDFFE_PN0P_/D (sg13g2_dfrbpq_1)    0.31    0.67    0.36 (MET)
z_reg[9]$_SDFFE_PN0P_/D (sg13g2_dfrbpq_1)    0.34    0.71    0.36 (MET)
z_reg[9]$_SDFFE_PN0P_/D (sg13g2_dfrbpq_1)    0.32    0.68    0.36 (MET)
z_reg[9]$_SDFFE_PN0P_/D (sg13g2_dfrbpq_1)    0.34    0.71    0.36 (MET)
z_reg[9]$_SDFFE_PN0P_/D (sg13g2_dfrbpq_1)    0.34    0.71    0.36 (MET)
y_reg[7]$_SDFFE_PN0P_/D (sg13g2_dfrbpq_1)    0.32    0.68    0.36 (MET)
x_reg[5]$_SDFFE_PN0P_/D (sg13g2_dfrbpq_1)    0.34    0.71    0.36 (MET)
x_reg[5]$_SDFFE_PN0P_/D (sg13g2_dfrbpq_1)    0.34    0.71    0.36 (MET)
z_reg[9]$_SDFFE_PN0P_/D (sg13g2_dfrbpq_1)    0.34    0.71    0.37 (MET)
x_reg[2]$_SDFFE_PN0P_/D (sg13g2_dfrbpq_1)    0.31    0.68    0.37 (MET)
done$_SDFFE_PN0P_/D (sg13g2_dfrbpq_1)    0.33    0.70    0.37 (MET)
x_reg[9]$_SDFFE_PN0P_/D (sg13g2_dfrbpq_1)    0.34    0.71    0.37 (MET)
done$_SDFFE_PN0P_/D (sg13g2_dfrbpq_1)    0.33    0.70    0.37 (MET)
x_reg[9]$_SDFFE_PN0P_/D (sg13g2_dfrbpq_1)    0.34    0.71    0.37 (MET)
x_reg[9]$_SDFFE_PN0P_/D (sg13g2_dfrbpq_1)    0.34    0.71    0.37 (MET)
x_reg[9]$_SDFFE_PN0P_/D (sg13g2_dfrbpq_1)    0.34    0.71    0.37 (MET)
done$_SDFFE_PN0P_/D (sg13g2_dfrbpq_1)    0.33    0.71    0.37 (MET)
done$_SDFFE_PN0P_/D (sg13g2_dfrbpq_1)    0.33    0.71    0.37 (MET)
y_reg[1]$_SDFFE_PN0P_/D (sg13g2_dfrbpq_1)    0.34    0.72    0.37 (MET)
y_reg[1]$_SDFFE_PN0P_/D (sg13g2_dfrbpq_1)    0.34    0.72    0.37 (MET)
x_reg[2]$_SDFFE_PN0P_/D (sg13g2_dfrbpq_1)    0.31    0.69    0.38 (MET)
y_reg[6]$_SDFFE_PN0P_/D (sg13g2_dfrbpq_1)    0.34    0.73    0.38 (MET)
z_reg[9]$_SDFFE_PN0P_/D (sg13g2_dfrbpq_1)    0.32    0.70    0.38 (MET)
z_reg[9]$_SDFFE_PN0P_/D (sg13g2_dfrbpq_1)    0.32    0.70    0.38 (MET)
z_reg[9]$_SDFFE_PN0P_/D (sg13g2_dfrbpq_1)    0.32    0.70    0.38 (MET)
x_reg[9]$_SDFFE_PN0P_/D (sg13g2_dfrbpq_1)    0.32    0.70    0.38 (MET)
x_reg[2]$_SDFFE_PN0P_/D (sg13g2_dfrbpq_1)    0.31    0.69    0.38 (MET)
y_reg[1]$_SDFFE_PN0P_/D (sg13g2_dfrbpq_1)    0.34    0.73    0.38 (MET)
y_reg[1]$_SDFFE_PN0P_/D (sg13g2_dfrbpq_1)    0.34    0.73    0.38 (MET)
y_reg[1]$_SDFFE_PN0P_/D (sg13g2_dfrbpq_1)    0.34    0.73    0.38 (MET)
y_reg[1]$_SDFFE_PN0P_/D (sg13g2_dfrbpq_1)    0.34    0.73    0.38 (MET)
y_reg[8]$_SDFFE_PN0P_/D (sg13g2_dfrbpq_1)    0.33    0.72    0.39 (MET)
x_reg[9]$_SDFFE_PN0P_/D (sg13g2_dfrbpq_1)    0.34    0.73    0.39 (MET)
y_reg[3]$_SDFFE_PN0P_/D (sg13g2_dfrbpq_1)    0.34    0.73    0.39 (MET)
y_reg[3]$_SDFFE_PN0P_/D (sg13g2_dfrbpq_1)    0.34    0.73    0.39 (MET)
x_reg[4]$_SDFFE_PN0P_/D (sg13g2_dfrbpq_1)    0.32    0.72    0.40 (MET)
x_reg[4]$_SDFFE_PN0P_/D (sg13g2_dfrbpq_1)    0.32    0.72    0.40 (MET)
iter_cnt[2]$_SDFFE_PN0P_/D (sg13g2_dfrbpq_1)    0.34    0.74    0.40 (MET)
x_reg[2]$_SDFFE_PN0P_/D (sg13g2_dfrbpq_1)    0.31    0.71    0.40 (MET)
x_reg[2]$_SDFFE_PN0P_/D (sg13g2_dfrbpq_1)    0.31    0.71    0.40 (MET)
z_reg[9]$_SDFFE_PN0P_/D (sg13g2_dfrbpq_1)    0.34    0.74    0.40 (MET)
x_reg[9]$_SDFFE_PN0P_/D (sg13g2_dfrbpq_1)    0.32    0.72    0.40 (MET)
x_reg[6]$_SDFFE_PN0P_/D (sg13g2_dfrbpq_1)    0.31    0.71    0.40 (MET)
y_reg[3]$_SDFFE_PN0P_/D (sg13g2_dfrbpq_1)    0.34    0.74    0.40 (MET)
y_reg[3]$_SDFFE_PN0P_/D (sg13g2_dfrbpq_1)    0.34    0.74    0.40 (MET)
y_reg[3]$_SDFFE_PN0P_/D (sg13g2_dfrbpq_1)    0.34    0.74    0.40 (MET)
y_reg[3]$_SDFFE_PN0P_/D (sg13g2_dfrbpq_1)    0.34    0.74    0.40 (MET)
y_reg[1]$_SDFFE_PN0P_/D (sg13g2_dfrbpq_1)    0.34    0.75    0.40 (MET)
y_reg[1]$_SDFFE_PN0P_/D (sg13g2_dfrbpq_1)    0.34    0.75    0.40 (MET)
y_reg[1]$_SDFFE_PN0P_/D (sg13g2_dfrbpq_1)    0.34    0.75    0.40 (MET)
y_reg[1]$_SDFFE_PN0P_/D (sg13g2_dfrbpq_1)    0.34    0.75    0.40 (MET)
iter_cnt[2]$_SDFFE_PN0P_/D (sg13g2_dfrbpq_1)    0.34    0.75    0.41 (MET)
iter_cnt[2]$_SDFFE_PN0P_/D (sg13g2_dfrbpq_1)    0.34    0.75    0.41 (MET)
x_reg[6]$_SDFFE_PN0P_/D (sg13g2_dfrbpq_1)    0.31    0.72    0.41 (MET)
z_reg[9]$_SDFFE_PN0P_/D (sg13g2_dfrbpq_1)    0.34    0.75    0.41 (MET)
z_reg[9]$_SDFFE_PN0P_/D (sg13g2_dfrbpq_1)    0.34    0.75    0.41 (MET)
y_reg[1]$_SDFFE_PN0P_/D (sg13g2_dfrbpq_1)    0.34    0.76    0.41 (MET)
y_reg[1]$_SDFFE_PN0P_/D (sg13g2_dfrbpq_1)    0.34    0.76    0.41 (MET)
x_reg[9]$_SDFFE_PN0P_/D (sg13g2_dfrbpq_1)    0.32    0.73    0.41 (MET)
y_reg[1]$_SDFFE_PN0P_/D (sg13g2_dfrbpq_1)    0.34    0.76    0.41 (MET)
y_reg[1]$_SDFFE_PN0P_/D (sg13g2_dfrbpq_1)    0.34    0.76    0.41 (MET)
y_reg[1]$_SDFFE_PN0P_/D (sg13g2_dfrbpq_1)    0.34    0.76    0.41 (MET)
y_reg[1]$_SDFFE_PN0P_/D (sg13g2_dfrbpq_1)    0.34    0.76    0.41 (MET)
y_reg[1]$_SDFFE_PN0P_/D (sg13g2_dfrbpq_1)    0.34    0.76    0.41 (MET)
y_reg[1]$_SDFFE_PN0P_/D (sg13g2_dfrbpq_1)    0.34    0.76    0.41 (MET)
y_reg[1]$_SDFFE_PN0P_/D (sg13g2_dfrbpq_1)    0.34    0.76    0.41 (MET)
y_reg[1]$_SDFFE_PN0P_/D (sg13g2_dfrbpq_1)    0.34    0.76    0.41 (MET)
y_reg[1]$_SDFFE_PN0P_/D (sg13g2_dfrbpq_1)    0.34    0.76    0.41 (MET)
y_reg[1]$_SDFFE_PN0P_/D (sg13g2_dfrbpq_1)    0.34    0.76    0.41 (MET)
iter_cnt[2]$_SDFFE_PN0P_/D (sg13g2_dfrbpq_1)    0.31    0.73    0.42 (MET)
iter_cnt[2]$_SDFFE_PN0P_/D (sg13g2_dfrbpq_1)    0.31    0.73    0.42 (MET)
z_reg[9]$_SDFFE_PN0P_/D (sg13g2_dfrbpq_1)    0.32    0.74    0.42 (MET)
y_reg[3]$_SDFFE_PN0P_/D (sg13g2_dfrbpq_1)    0.34    0.76    0.42 (MET)
y_reg[1]$_SDFFE_PN0P_/D (sg13g2_dfrbpq_1)    0.31    0.74    0.42 (MET)
y_reg[1]$_SDFFE_PN0P_/D (sg13g2_dfrbpq_1)    0.31    0.74    0.42 (MET)
y_reg[1]$_SDFFE_PN0P_/D (sg13g2_dfrbpq_1)    0.31    0.74    0.42 (MET)
y_reg[1]$_SDFFE_PN0P_/D (sg13g2_dfrbpq_1)    0.34    0.77    0.42 (MET)
y_reg[1]$_SDFFE_PN0P_/D (sg13g2_dfrbpq_1)    0.34    0.77    0.42 (MET)
y_reg[1]$_SDFFE_PN0P_/D (sg13g2_dfrbpq_1)    0.34    0.77    0.42 (MET)
y_reg[1]$_SDFFE_PN0P_/D (sg13g2_dfrbpq_1)    0.34    0.77    0.42 (MET)
x_reg[9]$_SDFFE_PN0P_/D (sg13g2_dfrbpq_1)    0.32    0.74    0.42 (MET)
x_reg[9]$_SDFFE_PN0P_/D (sg13g2_dfrbpq_1)    0.32    0.74    0.42 (MET)
y_reg[1]$_SDFFE_PN0P_/D (sg13g2_dfrbpq_1)    0.31    0.74    0.42 (MET)
y_reg[1]$_SDFFE_PN0P_/D (sg13g2_dfrbpq_1)    0.31    0.74    0.42 (MET)
y_reg[1]$_SDFFE_PN0P_/D (sg13g2_dfrbpq_1)    0.31    0.74    0.42 (MET)
y_reg[1]$_SDFFE_PN0P_/D (sg13g2_dfrbpq_1)    0.34    0.77    0.42 (MET)
y_reg[1]$_SDFFE_PN0P_/D (sg13g2_dfrbpq_1)    0.34    0.77    0.42 (MET)
y_reg[1]$_SDFFE_PN0P_/D (sg13g2_dfrbpq_1)    0.34    0.77    0.42 (MET)
y_reg[1]$_SDFFE_PN0P_/D (sg13g2_dfrbpq_1)    0.34    0.77    0.42 (MET)
x_reg[6]$_SDFFE_PN0P_/D (sg13g2_dfrbpq_1)    0.31    0.73    0.43 (MET)
x_reg[6]$_SDFFE_PN0P_/D (sg13g2_dfrbpq_1)    0.31    0.73    0.43 (MET)
iter_cnt[2]$_SDFFE_PN0P_/D (sg13g2_dfrbpq_1)    0.34    0.77    0.43 (MET)
y_reg[3]$_SDFFE_PN0P_/D (sg13g2_dfrbpq_1)    0.34    0.77    0.43 (MET)
y_reg[3]$_SDFFE_PN0P_/D (sg13g2_dfrbpq_1)    0.34    0.77    0.43 (MET)
y_reg[8]$_SDFFE_PN0P_/D (sg13g2_dfrbpq_1)    0.32    0.75    0.43 (MET)
iter_cnt[2]$_SDFFE_PN0P_/D (sg13g2_dfrbpq_1)    0.31    0.75    0.43 (MET)
iter_cnt[2]$_SDFFE_PN0P_/D (sg13g2_dfrbpq_1)    0.31    0.75    0.43 (MET)
iter_cnt[2]$_SDFFE_PN0P_/D (sg13g2_dfrbpq_1)    0.31    0.75    0.43 (MET)
iter_cnt[2]$_SDFFE_PN0P_/D (sg13g2_dfrbpq_1)    0.31    0.75    0.43 (MET)
iter_cnt[2]$_SDFFE_PN0P_/D (sg13g2_dfrbpq_1)    0.31    0.75    0.43 (MET)
iter_cnt[2]$_SDFFE_PN0P_/D (sg13g2_dfrbpq_1)    0.31    0.75    0.43 (MET)
y_reg[3]$_SDFFE_PN0P_/D (sg13g2_dfrbpq_1)    0.31    0.75    0.44 (MET)
y_reg[3]$_SDFFE_PN0P_/D (sg13g2_dfrbpq_1)    0.31    0.75    0.44 (MET)
iter_cnt[2]$_SDFFE_PN0P_/D (sg13g2_dfrbpq_1)    0.34    0.78    0.44 (MET)
iter_cnt[2]$_SDFFE_PN0P_/D (sg13g2_dfrbpq_1)    0.34    0.78    0.44 (MET)
z_reg[9]$_SDFFE_PN0P_/D (sg13g2_dfrbpq_1)    0.34    0.78    0.44 (MET)
z_reg[9]$_SDFFE_PN0P_/D (sg13g2_dfrbpq_1)    0.34    0.78    0.44 (MET)
y_reg[3]$_SDFFE_PN0P_/D (sg13g2_dfrbpq_1)    0.31    0.75    0.44 (MET)
y_reg[1]$_SDFFE_PN0P_/D (sg13g2_dfrbpq_1)    0.34    0.78    0.44 (MET)
y_reg[3]$_SDFFE_PN0P_/D (sg13g2_dfrbpq_1)    0.31    0.75    0.44 (MET)
y_reg[3]$_SDFFE_PN0P_/D (sg13g2_dfrbpq_1)    0.31    0.75    0.44 (MET)
x_reg[5]$_SDFFE_PN0P_/D (sg13g2_dfrbpq_1)    0.31    0.75    0.44 (MET)
x_reg[5]$_SDFFE_PN0P_/D (sg13g2_dfrbpq_1)    0.31    0.75    0.44 (MET)
y_reg[3]$_SDFFE_PN0P_/D (sg13g2_dfrbpq_1)    0.31    0.75    0.44 (MET)
y_reg[3]$_SDFFE_PN0P_/D (sg13g2_dfrbpq_1)    0.31    0.75    0.44 (MET)
y_reg[3]$_SDFFE_PN0P_/D (sg13g2_dfrbpq_1)    0.31    0.75    0.44 (MET)
y_reg[1]$_SDFFE_PN0P_/D (sg13g2_dfrbpq_1)    0.34    0.79    0.44 (MET)
y_reg[1]$_SDFFE_PN0P_/D (sg13g2_dfrbpq_1)    0.34    0.79    0.44 (MET)
y_reg[6]$_SDFFE_PN0P_/D (sg13g2_dfrbpq_1)    0.34    0.79    0.44 (MET)
iter_cnt[2]$_SDFFE_PN0P_/D (sg13g2_dfrbpq_1)    0.34    0.79    0.44 (MET)
iter_cnt[2]$_SDFFE_PN0P_/D (sg13g2_dfrbpq_1)    0.34    0.79    0.44 (MET)
y_reg[1]$_SDFFE_PN0P_/D (sg13g2_dfrbpq_1)    0.34    0.79    0.45 (MET)
y_reg[1]$_SDFFE_PN0P_/D (sg13g2_dfrbpq_1)    0.34    0.79    0.45 (MET)
y_reg[1]$_SDFFE_PN0P_/D (sg13g2_dfrbpq_1)    0.31    0.76    0.45 (MET)
y_reg[1]$_SDFFE_PN0P_/D (sg13g2_dfrbpq_1)    0.31    0.76    0.45 (MET)
y_reg[1]$_SDFFE_PN0P_/D (sg13g2_dfrbpq_1)    0.31    0.77    0.45 (MET)
y_reg[1]$_SDFFE_PN0P_/D (sg13g2_dfrbpq_1)    0.31    0.77    0.45 (MET)
y_reg[1]$_SDFFE_PN0P_/D (sg13g2_dfrbpq_1)    0.31    0.77    0.45 (MET)
y_reg[1]$_SDFFE_PN0P_/D (sg13g2_dfrbpq_1)    0.31    0.77    0.45 (MET)
y_reg[3]$_SDFFE_PN0P_/D (sg13g2_dfrbpq_1)    0.34    0.79    0.45 (MET)
y_reg[1]$_SDFFE_PN0P_/D (sg13g2_dfrbpq_1)    0.31    0.77    0.45 (MET)
y_reg[1]$_SDFFE_PN0P_/D (sg13g2_dfrbpq_1)    0.31    0.77    0.45 (MET)
y_reg[1]$_SDFFE_PN0P_/D (sg13g2_dfrbpq_1)    0.34    0.80    0.45 (MET)
y_reg[1]$_SDFFE_PN0P_/D (sg13g2_dfrbpq_1)    0.34    0.80    0.45 (MET)
y_reg[1]$_SDFFE_PN0P_/D (sg13g2_dfrbpq_1)    0.34    0.80    0.45 (MET)
y_reg[1]$_SDFFE_PN0P_/D (sg13g2_dfrbpq_1)    0.34    0.80    0.45 (MET)
y_reg[1]$_SDFFE_PN0P_/D (sg13g2_dfrbpq_1)    0.31    0.77    0.45 (MET)
y_reg[1]$_SDFFE_PN0P_/D (sg13g2_dfrbpq_1)    0.31    0.77    0.45 (MET)
y_reg[1]$_SDFFE_PN0P_/D (sg13g2_dfrbpq_1)    0.31    0.77    0.45 (MET)
y_reg[1]$_SDFFE_PN0P_/D (sg13g2_dfrbpq_1)    0.31    0.77    0.45 (MET)
iter_cnt[2]$_SDFFE_PN0P_/D (sg13g2_dfrbpq_1)    0.34    0.80    0.45 (MET)
iter_cnt[2]$_SDFFE_PN0P_/D (sg13g2_dfrbpq_1)    0.34    0.80    0.45 (MET)
iter_cnt[2]$_SDFFE_PN0P_/D (sg13g2_dfrbpq_1)    0.34    0.80    0.45 (MET)
iter_cnt[2]$_SDFFE_PN0P_/D (sg13g2_dfrbpq_1)    0.34    0.80    0.45 (MET)
y_reg[1]$_SDFFE_PN0P_/D (sg13g2_dfrbpq_1)    0.31    0.77    0.46 (MET)
y_reg[1]$_SDFFE_PN0P_/D (sg13g2_dfrbpq_1)    0.31    0.77    0.46 (MET)
y_reg[1]$_SDFFE_PN0P_/D (sg13g2_dfrbpq_1)    0.31    0.77    0.46 (MET)
y_reg[1]$_SDFFE_PN0P_/D (sg13g2_dfrbpq_1)    0.31    0.77    0.46 (MET)
done$_SDFFE_PN0P_/D (sg13g2_dfrbpq_1)    0.30    0.76    0.46 (MET)
y_reg[1]$_SDFFE_PN0P_/D (sg13g2_dfrbpq_1)    0.31    0.77    0.46 (MET)
y_reg[1]$_SDFFE_PN0P_/D (sg13g2_dfrbpq_1)    0.31    0.77    0.46 (MET)
y_reg[1]$_SDFFE_PN0P_/D (sg13g2_dfrbpq_1)    0.31    0.77    0.46 (MET)
y_reg[1]$_SDFFE_PN0P_/D (sg13g2_dfrbpq_1)    0.31    0.77    0.46 (MET)
y_reg[1]$_SDFFE_PN0P_/D (sg13g2_dfrbpq_1)    0.31    0.77    0.46 (MET)
y_reg[1]$_SDFFE_PN0P_/D (sg13g2_dfrbpq_1)    0.31    0.77    0.46 (MET)
y_reg[1]$_SDFFE_PN0P_/D (sg13g2_dfrbpq_1)    0.31    0.77    0.46 (MET)
y_reg[1]$_SDFFE_PN0P_/D (sg13g2_dfrbpq_1)    0.31    0.77    0.46 (MET)
y_reg[6]$_SDFFE_PN0P_/D (sg13g2_dfrbpq_1)    0.32    0.78    0.46 (MET)
y_reg[1]$_SDFFE_PN0P_/D (sg13g2_dfrbpq_1)    0.31    0.77    0.46 (MET)
y_reg[1]$_SDFFE_PN0P_/D (sg13g2_dfrbpq_1)    0.31    0.78    0.46 (MET)
y_reg[1]$_SDFFE_PN0P_/D (sg13g2_dfrbpq_1)    0.31    0.78    0.46 (MET)
y_reg[3]$_SDFFE_PN0P_/D (sg13g2_dfrbpq_1)    0.34    0.80    0.46 (MET)
y_reg[3]$_SDFFE_PN0P_/D (sg13g2_dfrbpq_1)    0.34    0.80    0.46 (MET)
y_reg[1]$_SDFFE_PN0P_/D (sg13g2_dfrbpq_1)    0.31    0.78    0.46 (MET)
y_reg[1]$_SDFFE_PN0P_/D (sg13g2_dfrbpq_1)    0.31    0.78    0.46 (MET)
y_reg[1]$_SDFFE_PN0P_/D (sg13g2_dfrbpq_1)    0.31    0.78    0.46 (MET)
x_reg[9]$_SDFFE_PN0P_/D (sg13g2_dfrbpq_1)    0.34    0.80    0.46 (MET)
y_reg[3]$_SDFFE_PN0P_/D (sg13g2_dfrbpq_1)    0.31    0.78    0.47 (MET)
y_reg[3]$_SDFFE_PN0P_/D (sg13g2_dfrbpq_1)    0.31    0.78    0.47 (MET)
y_reg[3]$_SDFFE_PN0P_/D (sg13g2_dfrbpq_1)    0.31    0.78    0.47 (MET)
y_reg[3]$_SDFFE_PN0P_/D (sg13g2_dfrbpq_1)    0.31    0.78    0.47 (MET)
y_reg[3]$_SDFFE_PN0P_/D (sg13g2_dfrbpq_1)    0.31    0.78    0.47 (MET)
y_reg[3]$_SDFFE_PN0P_/D (sg13g2_dfrbpq_1)    0.31    0.78    0.47 (MET)
y_reg[6]$_SDFFE_PN0P_/D (sg13g2_dfrbpq_1)    0.34    0.81    0.47 (MET)
y_reg[1]$_SDFFE_PN0P_/D (sg13g2_dfrbpq_1)    0.34    0.81    0.47 (MET)
y_reg[1]$_SDFFE_PN0P_/D (sg13g2_dfrbpq_1)    0.34    0.82    0.47 (MET)
done$_SDFFE_PN0P_/D (sg13g2_dfrbpq_1)    0.30    0.77    0.47 (MET)
z_reg[9]$_SDFFE_PN0P_/D (sg13g2_dfrbpq_1)    0.34    0.82    0.47 (MET)
x_reg[1]$_SDFFE_PN0P_/D (sg13g2_dfrbpq_1)    0.35    0.83    0.48 (MET)
x_reg[9]$_SDFFE_PN0P_/D (sg13g2_dfrbpq_1)    0.34    0.82    0.48 (MET)
x_reg[9]$_SDFFE_PN0P_/D (sg13g2_dfrbpq_1)    0.34    0.82    0.48 (MET)
x_reg[9]$_SDFFE_PN0P_/D (sg13g2_dfrbpq_1)    0.34    0.82    0.48 (MET)
x_reg[9]$_SDFFE_PN0P_/D (sg13g2_dfrbpq_1)    0.34    0.82    0.48 (MET)
iter_cnt[2]$_SDFFE_PN0P_/D (sg13g2_dfrbpq_1)    0.31    0.79    0.48 (MET)
y_reg[1]$_SDFFE_PN0P_/D (sg13g2_dfrbpq_1)    0.34    0.82    0.48 (MET)
y_reg[1]$_SDFFE_PN0P_/D (sg13g2_dfrbpq_1)    0.34    0.82    0.48 (MET)
iter_cnt[2]$_SDFFE_PN0P_/D (sg13g2_dfrbpq_1)    0.31    0.79    0.48 (MET)
iter_cnt[2]$_SDFFE_PN0P_/D (sg13g2_dfrbpq_1)    0.31    0.79    0.48 (MET)
y_reg[1]$_SDFFE_PN0P_/D (sg13g2_dfrbpq_1)    0.34    0.83    0.48 (MET)
y_reg[1]$_SDFFE_PN0P_/D (sg13g2_dfrbpq_1)    0.34    0.83    0.48 (MET)
y_reg[1]$_SDFFE_PN0P_/D (sg13g2_dfrbpq_1)    0.31    0.80    0.49 (MET)
y_reg[1]$_SDFFE_PN0P_/D (sg13g2_dfrbpq_1)    0.31    0.80    0.49 (MET)
y_reg[1]$_SDFFE_PN0P_/D (sg13g2_dfrbpq_1)    0.31    0.80    0.49 (MET)
y_reg[1]$_SDFFE_PN0P_/D (sg13g2_dfrbpq_1)    0.31    0.80    0.49 (MET)
y_reg[1]$_SDFFE_PN0P_/D (sg13g2_dfrbpq_1)    0.31    0.80    0.49 (MET)
y_reg[1]$_SDFFE_PN0P_/D (sg13g2_dfrbpq_1)    0.31    0.80    0.49 (MET)
done$_SDFFE_PN0P_/D (sg13g2_dfrbpq_1)    0.30    0.79    0.49 (MET)
done$_SDFFE_PN0P_/D (sg13g2_dfrbpq_1)    0.30    0.79    0.49 (MET)
x_reg[9]$_SDFFE_PN0P_/D (sg13g2_dfrbpq_1)    0.34    0.83    0.49 (MET)
x_reg[4]$_SDFFE_PN0P_/D (sg13g2_dfrbpq_1)    0.35    0.84    0.49 (MET)
y_reg[5]$_SDFFE_PN0P_/D (sg13g2_dfrbpq_1)    0.34    0.83    0.49 (MET)
y_reg[5]$_SDFFE_PN0P_/D (sg13g2_dfrbpq_1)    0.34    0.83    0.49 (MET)
x_reg[9]$_SDFFE_PN0P_/D (sg13g2_dfrbpq_1)    0.34    0.83    0.49 (MET)
iter_cnt[2]$_SDFFE_PN0P_/D (sg13g2_dfrbpq_1)    0.31    0.81    0.49 (MET)
iter_cnt[2]$_SDFFE_PN0P_/D (sg13g2_dfrbpq_1)    0.31    0.81    0.50 (MET)
iter_cnt[2]$_SDFFE_PN0P_/D (sg13g2_dfrbpq_1)    0.31    0.81    0.50 (MET)
x_reg[9]$_SDFFE_PN0P_/D (sg13g2_dfrbpq_1)    0.34    0.84    0.50 (MET)
x_reg[9]$_SDFFE_PN0P_/D (sg13g2_dfrbpq_1)    0.34    0.84    0.50 (MET)
x_reg[4]$_SDFFE_PN0P_/D (sg13g2_dfrbpq_1)    0.35    0.85    0.50 (MET)
x_reg[4]$_SDFFE_PN0P_/D (sg13g2_dfrbpq_1)    0.35    0.85    0.50 (MET)
y_reg[5]$_SDFFE_PN0P_/D (sg13g2_dfrbpq_1)    0.34    0.84    0.50 (MET)
y_reg[5]$_SDFFE_PN0P_/D (sg13g2_dfrbpq_1)    0.34    0.84    0.50 (MET)
y_reg[5]$_SDFFE_PN0P_/D (sg13g2_dfrbpq_1)    0.34    0.84    0.50 (MET)
y_reg[5]$_SDFFE_PN0P_/D (sg13g2_dfrbpq_1)    0.34    0.84    0.50 (MET)
y_reg[1]$_SDFFE_PN0P_/D (sg13g2_dfrbpq_1)    0.34    0.85    0.50 (MET)
x_reg[4]$_SDFFE_PN0P_/D (sg13g2_dfrbpq_1)    0.35    0.85    0.50 (MET)
x_reg[4]$_SDFFE_PN0P_/D (sg13g2_dfrbpq_1)    0.35    0.85    0.50 (MET)
x_reg[9]$_SDFFE_PN0P_/D (sg13g2_dfrbpq_1)    0.34    0.84    0.50 (MET)
x_reg[9]$_SDFFE_PN0P_/D (sg13g2_dfrbpq_1)    0.34    0.84    0.50 (MET)
x_reg[0]$_SDFFE_PN0P_/D (sg13g2_dfrbpq_1)    0.35    0.85    0.50 (MET)
y_reg[6]$_SDFFE_PN0P_/D (sg13g2_dfrbpq_1)    0.34    0.85    0.50 (MET)
y_reg[6]$_SDFFE_PN0P_/D (sg13g2_dfrbpq_1)    0.34    0.85    0.50 (MET)
x_reg[1]$_SDFFE_PN0P_/D (sg13g2_dfrbpq_1)    0.35    0.86    0.51 (MET)
x_reg[1]$_SDFFE_PN0P_/D (sg13g2_dfrbpq_1)    0.35    0.86    0.51 (MET)
x_reg[1]$_SDFFE_PN0P_/D (sg13g2_dfrbpq_1)    0.35    0.86    0.51 (MET)
x_reg[4]$_SDFFE_PN0P_/D (sg13g2_dfrbpq_1)    0.35    0.86    0.51 (MET)
x_reg[4]$_SDFFE_PN0P_/D (sg13g2_dfrbpq_1)    0.35    0.86    0.51 (MET)
x_reg[4]$_SDFFE_PN0P_/D (sg13g2_dfrbpq_1)    0.35    0.86    0.51 (MET)
x_reg[4]$_SDFFE_PN0P_/D (sg13g2_dfrbpq_1)    0.35    0.86    0.51 (MET)
y_reg[1]$_SDFFE_PN0P_/D (sg13g2_dfrbpq_1)    0.34    0.86    0.51 (MET)
y_reg[1]$_SDFFE_PN0P_/D (sg13g2_dfrbpq_1)    0.34    0.86    0.51 (MET)
x_reg[9]$_SDFFE_PN0P_/D (sg13g2_dfrbpq_1)    0.34    0.86    0.52 (MET)
x_reg[9]$_SDFFE_PN0P_/D (sg13g2_dfrbpq_1)    0.34    0.86    0.52 (MET)
x_reg[0]$_SDFFE_PN0P_/D (sg13g2_dfrbpq_1)    0.35    0.87    0.52 (MET)
x_reg[0]$_SDFFE_PN0P_/D (sg13g2_dfrbpq_1)    0.35    0.87    0.52 (MET)
x_reg[9]$_SDFFE_PN0P_/D (sg13g2_dfrbpq_1)    0.34    0.86    0.52 (MET)
y_reg[0]$_SDFFE_PN0P_/D (sg13g2_dfrbpq_1)    0.34    0.86    0.52 (MET)
y_reg[1]$_SDFFE_PN0P_/D (sg13g2_dfrbpq_1)    0.31    0.83    0.52 (MET)
y_reg[1]$_SDFFE_PN0P_/D (sg13g2_dfrbpq_1)    0.31    0.83    0.52 (MET)
z_reg[9]$_SDFFE_PN0P_/D (sg13g2_dfrbpq_1)    0.32    0.83    0.52 (MET)
z_reg[9]$_SDFFE_PN0P_/D (sg13g2_dfrbpq_1)    0.32    0.83    0.52 (MET)
y_reg[1]$_SDFFE_PN0P_/D (sg13g2_dfrbpq_1)    0.31    0.83    0.52 (MET)
y_reg[1]$_SDFFE_PN0P_/D (sg13g2_dfrbpq_1)    0.31    0.83    0.52 (MET)
y_reg[1]$_SDFFE_PN0P_/D (sg13g2_dfrbpq_1)    0.31    0.83    0.52 (MET)
y_reg[1]$_SDFFE_PN0P_/D (sg13g2_dfrbpq_1)    0.31    0.83    0.52 (MET)
x_reg[9]$_SDFFE_PN0P_/D (sg13g2_dfrbpq_1)    0.34    0.86    0.52 (MET)
x_reg[4]$_SDFFE_PN0P_/D (sg13g2_dfrbpq_1)    0.35    0.87    0.52 (MET)
z_reg[9]$_SDFFE_PN0P_/D (sg13g2_dfrbpq_1)    0.34    0.86    0.52 (MET)
x_reg[1]$_SDFFE_PN0P_/D (sg13g2_dfrbpq_1)    0.35    0.87    0.52 (MET)
x_reg[1]$_SDFFE_PN0P_/D (sg13g2_dfrbpq_1)    0.35    0.87    0.52 (MET)
x_reg[1]$_SDFFE_PN0P_/D (sg13g2_dfrbpq_1)    0.32    0.85    0.53 (MET)
x_reg[1]$_SDFFE_PN0P_/D (sg13g2_dfrbpq_1)    0.32    0.85    0.53 (MET)
x_reg[4]$_SDFFE_PN0P_/D (sg13g2_dfrbpq_1)    0.35    0.88    0.53 (MET)
x_reg[4]$_SDFFE_PN0P_/D (sg13g2_dfrbpq_1)    0.35    0.88    0.53 (MET)
x_reg[4]$_SDFFE_PN0P_/D (sg13g2_dfrbpq_1)    0.35    0.88    0.53 (MET)
x_reg[4]$_SDFFE_PN0P_/D (sg13g2_dfrbpq_1)    0.35    0.88    0.53 (MET)
y_reg[0]$_SDFFE_PN0P_/D (sg13g2_dfrbpq_1)    0.34    0.87    0.53 (MET)
y_reg[0]$_SDFFE_PN0P_/D (sg13g2_dfrbpq_1)    0.34    0.87    0.53 (MET)
x_reg[9]$_SDFFE_PN0P_/D (sg13g2_dfrbpq_1)    0.34    0.87    0.53 (MET)
x_reg[9]$_SDFFE_PN0P_/D (sg13g2_dfrbpq_1)    0.34    0.87    0.53 (MET)
y_reg[5]$_SDFFE_PN0P_/D (sg13g2_dfrbpq_1)    0.31    0.85    0.53 (MET)
y_reg[5]$_SDFFE_PN0P_/D (sg13g2_dfrbpq_1)    0.31    0.85    0.53 (MET)
x_reg[1]$_SDFFE_PN0P_/D (sg13g2_dfrbpq_1)    0.35    0.88    0.53 (MET)
x_reg[1]$_SDFFE_PN0P_/D (sg13g2_dfrbpq_1)    0.35    0.88    0.53 (MET)
y_reg[5]$_SDFFE_PN0P_/D (sg13g2_dfrbpq_1)    0.31    0.85    0.54 (MET)
y_reg[5]$_SDFFE_PN0P_/D (sg13g2_dfrbpq_1)    0.31    0.85    0.54 (MET)
y_reg[5]$_SDFFE_PN0P_/D (sg13g2_dfrbpq_1)    0.31    0.85    0.54 (MET)
y_reg[5]$_SDFFE_PN0P_/D (sg13g2_dfrbpq_1)    0.31    0.85    0.54 (MET)
x_reg[1]$_SDFFE_PN0P_/D (sg13g2_dfrbpq_1)    0.35    0.89    0.54 (MET)
x_reg[1]$_SDFFE_PN0P_/D (sg13g2_dfrbpq_1)    0.35    0.89    0.54 (MET)
x_reg[1]$_SDFFE_PN0P_/D (sg13g2_dfrbpq_1)    0.35    0.89    0.54 (MET)
x_reg[1]$_SDFFE_PN0P_/D (sg13g2_dfrbpq_1)    0.35    0.89    0.54 (MET)
x_reg[2]$_SDFFE_PN0P_/D (sg13g2_dfrbpq_1)    0.31    0.85    0.54 (MET)
x_reg[9]$_SDFFE_PN0P_/D (sg13g2_dfrbpq_1)    0.34    0.88    0.54 (MET)
x_reg[9]$_SDFFE_PN0P_/D (sg13g2_dfrbpq_1)    0.34    0.88    0.54 (MET)
x_reg[9]$_SDFFE_PN0P_/D (sg13g2_dfrbpq_1)    0.34    0.88    0.54 (MET)
x_reg[9]$_SDFFE_PN0P_/D (sg13g2_dfrbpq_1)    0.34    0.88    0.54 (MET)
x_reg[4]$_SDFFE_PN0P_/D (sg13g2_dfrbpq_1)    0.35    0.89    0.54 (MET)
x_reg[4]$_SDFFE_PN0P_/D (sg13g2_dfrbpq_1)    0.35    0.89    0.54 (MET)
x_reg[4]$_SDFFE_PN0P_/D (sg13g2_dfrbpq_1)    0.35    0.89    0.54 (MET)
x_reg[4]$_SDFFE_PN0P_/D (sg13g2_dfrbpq_1)    0.35    0.89    0.54 (MET)
x_reg[1]$_SDFFE_PN0P_/D (sg13g2_dfrbpq_1)    0.35    0.89    0.54 (MET)
x_reg[1]$_SDFFE_PN0P_/D (sg13g2_dfrbpq_1)    0.35    0.89    0.54 (MET)
x_reg[6]$_SDFFE_PN0P_/D (sg13g2_dfrbpq_1)    0.31    0.85    0.54 (MET)
x_reg[9]$_SDFFE_PN0P_/D (sg13g2_dfrbpq_1)    0.34    0.89    0.55 (MET)
x_reg[9]$_SDFFE_PN0P_/D (sg13g2_dfrbpq_1)    0.34    0.89    0.55 (MET)
x_reg[3]$_SDFFE_PN0P_/D (sg13g2_dfrbpq_1)    0.31    0.86    0.55 (MET)
x_reg[1]$_SDFFE_PN0P_/D (sg13g2_dfrbpq_1)    0.32    0.87    0.55 (MET)
x_reg[2]$_SDFFE_PN0P_/D (sg13g2_dfrbpq_1)    0.31    0.86    0.55 (MET)
x_reg[9]$_SDFFE_PN0P_/D (sg13g2_dfrbpq_1)    0.34    0.89    0.55 (MET)
x_reg[9]$_SDFFE_PN0P_/D (sg13g2_dfrbpq_1)    0.34    0.89    0.55 (MET)
x_reg[2]$_SDFFE_PN0P_/D (sg13g2_dfrbpq_1)    0.34    0.90    0.56 (MET)
x_reg[2]$_SDFFE_PN0P_/D (sg13g2_dfrbpq_1)    0.34    0.90    0.56 (MET)
y_reg[5]$_SDFFE_PN0P_/D (sg13g2_dfrbpq_1)    0.34    0.90    0.56 (MET)
y_reg[5]$_SDFFE_PN0P_/D (sg13g2_dfrbpq_1)    0.34    0.90    0.56 (MET)
x_reg[9]$_SDFFE_PN0P_/D (sg13g2_dfrbpq_1)    0.34    0.90    0.56 (MET)
x_reg[9]$_SDFFE_PN0P_/D (sg13g2_dfrbpq_1)    0.34    0.90    0.56 (MET)
y_reg[5]$_SDFFE_PN0P_/D (sg13g2_dfrbpq_1)    0.34    0.90    0.56 (MET)
y_reg[5]$_SDFFE_PN0P_/D (sg13g2_dfrbpq_1)    0.34    0.90    0.56 (MET)
x_reg[2]$_SDFFE_PN0P_/D (sg13g2_dfrbpq_1)    0.34    0.90    0.56 (MET)
x_reg[2]$_SDFFE_PN0P_/D (sg13g2_dfrbpq_1)    0.34    0.90    0.56 (MET)
y_reg[5]$_SDFFE_PN0P_/D (sg13g2_dfrbpq_1)    0.34    0.90    0.56 (MET)
y_reg[5]$_SDFFE_PN0P_/D (sg13g2_dfrbpq_1)    0.34    0.90    0.56 (MET)
y_reg[5]$_SDFFE_PN0P_/D (sg13g2_dfrbpq_1)    0.34    0.90    0.56 (MET)
y_reg[5]$_SDFFE_PN0P_/D (sg13g2_dfrbpq_1)    0.34    0.90    0.56 (MET)
x_reg[6]$_SDFFE_PN0P_/D (sg13g2_dfrbpq_1)    0.34    0.90    0.56 (MET)
x_reg[6]$_SDFFE_PN0P_/D (sg13g2_dfrbpq_1)    0.31    0.87    0.56 (MET)
x_reg[6]$_SDFFE_PN0P_/D (sg13g2_dfrbpq_1)    0.34    0.90    0.56 (MET)
x_reg[4]$_SDFFE_PN0P_/D (sg13g2_dfrbpq_1)    0.35    0.92    0.56 (MET)
x_reg[4]$_SDFFE_PN0P_/D (sg13g2_dfrbpq_1)    0.35    0.92    0.56 (MET)
x_reg[4]$_SDFFE_PN0P_/D (sg13g2_dfrbpq_1)    0.35    0.92    0.56 (MET)
x_reg[4]$_SDFFE_PN0P_/D (sg13g2_dfrbpq_1)    0.35    0.92    0.56 (MET)
x_reg[6]$_SDFFE_PN0P_/D (sg13g2_dfrbpq_1)    0.34    0.90    0.56 (MET)
x_reg[6]$_SDFFE_PN0P_/D (sg13g2_dfrbpq_1)    0.34    0.90    0.56 (MET)
x_reg[4]$_SDFFE_PN0P_/D (sg13g2_dfrbpq_1)    0.35    0.92    0.56 (MET)
x_reg[4]$_SDFFE_PN0P_/D (sg13g2_dfrbpq_1)    0.35    0.92    0.56 (MET)
x_reg[4]$_SDFFE_PN0P_/D (sg13g2_dfrbpq_1)    0.35    0.92    0.56 (MET)
x_reg[4]$_SDFFE_PN0P_/D (sg13g2_dfrbpq_1)    0.35    0.92    0.56 (MET)
x_reg[4]$_SDFFE_PN0P_/D (sg13g2_dfrbpq_1)    0.35    0.92    0.56 (MET)
x_reg[4]$_SDFFE_PN0P_/D (sg13g2_dfrbpq_1)    0.35    0.92    0.56 (MET)
x_reg[3]$_SDFFE_PN0P_/D (sg13g2_dfrbpq_1)    0.34    0.90    0.56 (MET)
x_reg[3]$_SDFFE_PN0P_/D (sg13g2_dfrbpq_1)    0.34    0.90    0.56 (MET)
x_reg[1]$_SDFFE_PN0P_/D (sg13g2_dfrbpq_1)    0.35    0.91    0.56 (MET)
x_reg[1]$_SDFFE_PN0P_/D (sg13g2_dfrbpq_1)    0.35    0.91    0.56 (MET)
x_reg[3]$_SDFFE_PN0P_/D (sg13g2_dfrbpq_1)    0.34    0.90    0.57 (MET)
x_reg[3]$_SDFFE_PN0P_/D (sg13g2_dfrbpq_1)    0.34    0.90    0.57 (MET)
x_reg[1]$_SDFFE_PN0P_/D (sg13g2_dfrbpq_1)    0.35    0.91    0.57 (MET)
x_reg[9]$_SDFFE_PN0P_/D (sg13g2_dfrbpq_1)    0.32    0.89    0.57 (MET)
x_reg[3]$_SDFFE_PN0P_/D (sg13g2_dfrbpq_1)    0.31    0.87    0.57 (MET)
x_reg[4]$_SDFFE_PN0P_/D (sg13g2_dfrbpq_1)    0.32    0.89    0.57 (MET)
x_reg[4]$_SDFFE_PN0P_/D (sg13g2_dfrbpq_1)    0.32    0.89    0.57 (MET)
x_reg[9]$_SDFFE_PN0P_/D (sg13g2_dfrbpq_1)    0.32    0.89    0.57 (MET)
x_reg[9]$_SDFFE_PN0P_/D (sg13g2_dfrbpq_1)    0.32    0.89    0.57 (MET)
x_reg[4]$_SDFFE_PN0P_/D (sg13g2_dfrbpq_1)    0.32    0.89    0.57 (MET)
x_reg[4]$_SDFFE_PN0P_/D (sg13g2_dfrbpq_1)    0.32    0.89    0.57 (MET)
x_reg[4]$_SDFFE_PN0P_/D (sg13g2_dfrbpq_1)    0.32    0.89    0.57 (MET)
x_reg[4]$_SDFFE_PN0P_/D (sg13g2_dfrbpq_1)    0.32    0.89    0.57 (MET)
y_reg[5]$_SDFFE_PN0P_/D (sg13g2_dfrbpq_1)    0.34    0.91    0.57 (MET)
y_reg[5]$_SDFFE_PN0P_/D (sg13g2_dfrbpq_1)    0.34    0.91    0.57 (MET)
y_reg[5]$_SDFFE_PN0P_/D (sg13g2_dfrbpq_1)    0.34    0.91    0.57 (MET)
y_reg[5]$_SDFFE_PN0P_/D (sg13g2_dfrbpq_1)    0.34    0.91    0.57 (MET)
y_reg[5]$_SDFFE_PN0P_/D (sg13g2_dfrbpq_1)    0.34    0.91    0.57 (MET)
y_reg[5]$_SDFFE_PN0P_/D (sg13g2_dfrbpq_1)    0.34    0.91    0.57 (MET)
y_reg[5]$_SDFFE_PN0P_/D (sg13g2_dfrbpq_1)    0.34    0.91    0.57 (MET)
y_reg[5]$_SDFFE_PN0P_/D (sg13g2_dfrbpq_1)    0.34    0.91    0.57 (MET)
y_reg[5]$_SDFFE_PN0P_/D (sg13g2_dfrbpq_1)    0.34    0.91    0.57 (MET)
y_reg[5]$_SDFFE_PN0P_/D (sg13g2_dfrbpq_1)    0.34    0.91    0.57 (MET)
y_reg[5]$_SDFFE_PN0P_/D (sg13g2_dfrbpq_1)    0.34    0.91    0.57 (MET)
y_reg[5]$_SDFFE_PN0P_/D (sg13g2_dfrbpq_1)    0.34    0.91    0.57 (MET)
y_reg[5]$_SDFFE_PN0P_/D (sg13g2_dfrbpq_1)    0.34    0.91    0.57 (MET)
y_reg[5]$_SDFFE_PN0P_/D (sg13g2_dfrbpq_1)    0.34    0.91    0.57 (MET)
y_reg[5]$_SDFFE_PN0P_/D (sg13g2_dfrbpq_1)    0.34    0.91    0.57 (MET)
y_reg[5]$_SDFFE_PN0P_/D (sg13g2_dfrbpq_1)    0.34    0.91    0.57 (MET)
x_reg[2]$_SDFFE_PN0P_/D (sg13g2_dfrbpq_1)    0.31    0.88    0.57 (MET)
x_reg[2]$_SDFFE_PN0P_/D (sg13g2_dfrbpq_1)    0.31    0.88    0.57 (MET)
x_reg[1]$_SDFFE_PN0P_/D (sg13g2_dfrbpq_1)    0.32    0.89    0.57 (MET)
x_reg[4]$_SDFFE_PN0P_/D (sg13g2_dfrbpq_1)    0.35    0.92    0.57 (MET)
x_reg[4]$_SDFFE_PN0P_/D (sg13g2_dfrbpq_1)    0.35    0.92    0.57 (MET)
x_reg[4]$_SDFFE_PN0P_/D (sg13g2_dfrbpq_1)    0.35    0.92    0.57 (MET)
x_reg[4]$_SDFFE_PN0P_/D (sg13g2_dfrbpq_1)    0.35    0.92    0.57 (MET)
x_reg[4]$_SDFFE_PN0P_/D (sg13g2_dfrbpq_1)    0.35    0.93    0.57 (MET)
x_reg[4]$_SDFFE_PN0P_/D (sg13g2_dfrbpq_1)    0.35    0.93    0.57 (MET)
x_reg[4]$_SDFFE_PN0P_/D (sg13g2_dfrbpq_1)    0.35    0.93    0.57 (MET)
x_reg[4]$_SDFFE_PN0P_/D (sg13g2_dfrbpq_1)    0.35    0.93    0.57 (MET)
x_reg[4]$_SDFFE_PN0P_/D (sg13g2_dfrbpq_1)    0.35    0.93    0.57 (MET)
x_reg[4]$_SDFFE_PN0P_/D (sg13g2_dfrbpq_1)    0.35    0.93    0.57 (MET)
x_reg[4]$_SDFFE_PN0P_/D (sg13g2_dfrbpq_1)    0.35    0.93    0.57 (MET)
x_reg[4]$_SDFFE_PN0P_/D (sg13g2_dfrbpq_1)    0.35    0.93    0.57 (MET)
x_reg[4]$_SDFFE_PN0P_/D (sg13g2_dfrbpq_1)    0.35    0.93    0.57 (MET)
x_reg[4]$_SDFFE_PN0P_/D (sg13g2_dfrbpq_1)    0.35    0.93    0.57 (MET)
x_reg[4]$_SDFFE_PN0P_/D (sg13g2_dfrbpq_1)    0.35    0.93    0.57 (MET)
x_reg[4]$_SDFFE_PN0P_/D (sg13g2_dfrbpq_1)    0.35    0.93    0.57 (MET)
x_reg[4]$_SDFFE_PN0P_/D (sg13g2_dfrbpq_1)    0.35    0.93    0.57 (MET)
x_reg[4]$_SDFFE_PN0P_/D (sg13g2_dfrbpq_1)    0.35    0.93    0.57 (MET)
x_reg[4]$_SDFFE_PN0P_/D (sg13g2_dfrbpq_1)    0.35    0.93    0.57 (MET)
x_reg[4]$_SDFFE_PN0P_/D (sg13g2_dfrbpq_1)    0.35    0.93    0.57 (MET)
z_reg[9]$_SDFFE_PN0P_/D (sg13g2_dfrbpq_1)    0.34    0.92    0.58 (MET)
z_reg[9]$_SDFFE_PN0P_/D (sg13g2_dfrbpq_1)    0.34    0.92    0.58 (MET)
x_reg[1]$_SDFFE_PN0P_/D (sg13g2_dfrbpq_1)    0.32    0.90    0.58 (MET)
x_reg[9]$_SDFFE_PN0P_/D (sg13g2_dfrbpq_1)    0.34    0.92    0.58 (MET)
x_reg[9]$_SDFFE_PN0P_/D (sg13g2_dfrbpq_1)    0.32    0.90    0.58 (MET)
x_reg[4]$_SDFFE_PN0P_/D (sg13g2_dfrbpq_1)    0.35    0.93    0.58 (MET)
x_reg[4]$_SDFFE_PN0P_/D (sg13g2_dfrbpq_1)    0.35    0.93    0.58 (MET)
x_reg[6]$_SDFFE_PN0P_/D (sg13g2_dfrbpq_1)    0.31    0.88    0.58 (MET)
x_reg[6]$_SDFFE_PN0P_/D (sg13g2_dfrbpq_1)    0.31    0.88    0.58 (MET)
x_reg[9]$_SDFFE_PN0P_/D (sg13g2_dfrbpq_1)    0.34    0.92    0.58 (MET)
x_reg[9]$_SDFFE_PN0P_/D (sg13g2_dfrbpq_1)    0.34    0.92    0.58 (MET)
x_reg[4]$_SDFFE_PN0P_/D (sg13g2_dfrbpq_1)    0.32    0.90    0.58 (MET)
x_reg[4]$_SDFFE_PN0P_/D (sg13g2_dfrbpq_1)    0.32    0.90    0.58 (MET)
x_reg[4]$_SDFFE_PN0P_/D (sg13g2_dfrbpq_1)    0.32    0.90    0.58 (MET)
x_reg[4]$_SDFFE_PN0P_/D (sg13g2_dfrbpq_1)    0.32    0.90    0.58 (MET)
x_reg[6]$_SDFFE_PN0P_/D (sg13g2_dfrbpq_1)    0.34    0.91    0.58 (MET)
x_reg[6]$_SDFFE_PN0P_/D (sg13g2_dfrbpq_1)    0.34    0.91    0.58 (MET)
x_reg[4]$_SDFFE_PN0P_/D (sg13g2_dfrbpq_1)    0.32    0.90    0.58 (MET)
x_reg[4]$_SDFFE_PN0P_/D (sg13g2_dfrbpq_1)    0.32    0.90    0.58 (MET)
x_reg[4]$_SDFFE_PN0P_/D (sg13g2_dfrbpq_1)    0.32    0.90    0.58 (MET)
x_reg[4]$_SDFFE_PN0P_/D (sg13g2_dfrbpq_1)    0.32    0.90    0.58 (MET)
x_reg[4]$_SDFFE_PN0P_/D (sg13g2_dfrbpq_1)    0.32    0.90    0.58 (MET)
x_reg[4]$_SDFFE_PN0P_/D (sg13g2_dfrbpq_1)    0.32    0.90    0.58 (MET)
x_reg[4]$_SDFFE_PN0P_/D (sg13g2_dfrbpq_1)    0.32    0.90    0.58 (MET)
x_reg[4]$_SDFFE_PN0P_/D (sg13g2_dfrbpq_1)    0.32    0.90    0.58 (MET)
x_reg[4]$_SDFFE_PN0P_/D (sg13g2_dfrbpq_1)    0.35    0.93    0.58 (MET)
x_reg[4]$_SDFFE_PN0P_/D (sg13g2_dfrbpq_1)    0.35    0.93    0.58 (MET)
x_reg[1]$_SDFFE_PN0P_/D (sg13g2_dfrbpq_1)    0.32    0.90    0.58 (MET)
x_reg[1]$_SDFFE_PN0P_/D (sg13g2_dfrbpq_1)    0.32    0.90    0.58 (MET)
x_reg[1]$_SDFFE_PN0P_/D (sg13g2_dfrbpq_1)    0.32    0.90    0.58 (MET)
x_reg[1]$_SDFFE_PN0P_/D (sg13g2_dfrbpq_1)    0.32    0.90    0.58 (MET)
x_reg[1]$_SDFFE_PN0P_/D (sg13g2_dfrbpq_1)    0.32    0.90    0.58 (MET)
x_reg[1]$_SDFFE_PN0P_/D (sg13g2_dfrbpq_1)    0.32    0.90    0.58 (MET)
x_reg[3]$_SDFFE_PN0P_/D (sg13g2_dfrbpq_1)    0.31    0.89    0.58 (MET)
x_reg[3]$_SDFFE_PN0P_/D (sg13g2_dfrbpq_1)    0.31    0.89    0.58 (MET)
y_reg[4]$_SDFFE_PN0P_/D (sg13g2_dfrbpq_1)    0.34    0.93    0.58 (MET)
x_reg[9]$_SDFFE_PN0P_/D (sg13g2_dfrbpq_1)    0.32    0.90    0.58 (MET)
x_reg[9]$_SDFFE_PN0P_/D (sg13g2_dfrbpq_1)    0.32    0.90    0.58 (MET)
y_reg[4]$_SDFFE_PN0P_/D (sg13g2_dfrbpq_1)    0.34    0.93    0.58 (MET)
x_reg[1]$_SDFFE_PN0P_/D (sg13g2_dfrbpq_1)    0.35    0.93    0.58 (MET)
y_reg[4]$_SDFFE_PN0P_/D (sg13g2_dfrbpq_1)    0.34    0.93    0.58 (MET)
y_reg[4]$_SDFFE_PN0P_/D (sg13g2_dfrbpq_1)    0.34    0.93    0.58 (MET)
x_reg[4]$_SDFFE_PN0P_/D (sg13g2_dfrbpq_1)    0.35    0.94    0.58 (MET)
x_reg[9]$_SDFFE_PN0P_/D (sg13g2_dfrbpq_1)    0.34    0.92    0.58 (MET)
x_reg[9]$_SDFFE_PN0P_/D (sg13g2_dfrbpq_1)    0.34    0.92    0.58 (MET)
y_reg[1]$_SDFFE_PN0P_/D (sg13g2_dfrbpq_1)    0.34    0.93    0.58 (MET)
y_reg[1]$_SDFFE_PN0P_/D (sg13g2_dfrbpq_1)    0.34    0.93    0.58 (MET)
x_reg[9]$_SDFFE_PN0P_/D (sg13g2_dfrbpq_1)    0.32    0.91    0.59 (MET)
x_reg[9]$_SDFFE_PN0P_/D (sg13g2_dfrbpq_1)    0.32    0.91    0.59 (MET)
x_reg[4]$_SDFFE_PN0P_/D (sg13g2_dfrbpq_1)    0.35    0.94    0.59 (MET)
x_reg[4]$_SDFFE_PN0P_/D (sg13g2_dfrbpq_1)    0.35    0.94    0.59 (MET)
x_reg[4]$_SDFFE_PN0P_/D (sg13g2_dfrbpq_1)    0.35    0.94    0.59 (MET)
x_reg[4]$_SDFFE_PN0P_/D (sg13g2_dfrbpq_1)    0.35    0.94    0.59 (MET)
x_reg[1]$_SDFFE_PN0P_/D (sg13g2_dfrbpq_1)    0.32    0.91    0.59 (MET)
x_reg[1]$_SDFFE_PN0P_/D (sg13g2_dfrbpq_1)    0.32    0.91    0.59 (MET)
x_reg[4]$_SDFFE_PN0P_/D (sg13g2_dfrbpq_1)    0.35    0.94    0.59 (MET)
x_reg[4]$_SDFFE_PN0P_/D (sg13g2_dfrbpq_1)    0.35    0.94    0.59 (MET)
x_reg[4]$_SDFFE_PN0P_/D (sg13g2_dfrbpq_1)    0.35    0.94    0.59 (MET)
x_reg[4]$_SDFFE_PN0P_/D (sg13g2_dfrbpq_1)    0.35    0.94    0.59 (MET)
x_reg[4]$_SDFFE_PN0P_/D (sg13g2_dfrbpq_1)    0.35    0.94    0.59 (MET)
x_reg[4]$_SDFFE_PN0P_/D (sg13g2_dfrbpq_1)    0.35    0.94    0.59 (MET)
x_reg[4]$_SDFFE_PN0P_/D (sg13g2_dfrbpq_1)    0.35    0.94    0.59 (MET)
x_reg[4]$_SDFFE_PN0P_/D (sg13g2_dfrbpq_1)    0.35    0.94    0.59 (MET)
x_reg[9]$_SDFFE_PN0P_/D (sg13g2_dfrbpq_1)    0.32    0.91    0.59 (MET)
y_reg[2]$_SDFFE_PN0P_/D (sg13g2_dfrbpq_1)    0.34    0.93    0.59 (MET)
y_reg[2]$_SDFFE_PN0P_/D (sg13g2_dfrbpq_1)    0.34    0.93    0.59 (MET)
x_reg[9]$_SDFFE_PN0P_/D (sg13g2_dfrbpq_1)    0.32    0.91    0.59 (MET)
x_reg[9]$_SDFFE_PN0P_/D (sg13g2_dfrbpq_1)    0.32    0.91    0.59 (MET)
y_reg[4]$_SDFFE_PN0P_/D (sg13g2_dfrbpq_1)    0.34    0.94    0.59 (MET)
y_reg[4]$_SDFFE_PN0P_/D (sg13g2_dfrbpq_1)    0.34    0.94    0.59 (MET)
x_reg[4]$_SDFFE_PN0P_/D (sg13g2_dfrbpq_1)    0.35    0.95    0.59 (MET)
x_reg[4]$_SDFFE_PN0P_/D (sg13g2_dfrbpq_1)    0.35    0.95    0.59 (MET)
x_reg[4]$_SDFFE_PN0P_/D (sg13g2_dfrbpq_1)    0.35    0.95    0.59 (MET)
x_reg[4]$_SDFFE_PN0P_/D (sg13g2_dfrbpq_1)    0.35    0.95    0.59 (MET)
y_reg[4]$_SDFFE_PN0P_/D (sg13g2_dfrbpq_1)    0.34    0.94    0.59 (MET)
y_reg[4]$_SDFFE_PN0P_/D (sg13g2_dfrbpq_1)    0.34    0.94    0.59 (MET)
y_reg[4]$_SDFFE_PN0P_/D (sg13g2_dfrbpq_1)    0.34    0.94    0.59 (MET)
y_reg[4]$_SDFFE_PN0P_/D (sg13g2_dfrbpq_1)    0.34    0.94    0.59 (MET)
y_reg[4]$_SDFFE_PN0P_/D (sg13g2_dfrbpq_1)    0.34    0.94    0.59 (MET)
y_reg[4]$_SDFFE_PN0P_/D (sg13g2_dfrbpq_1)    0.34    0.94    0.59 (MET)
x_reg[4]$_SDFFE_PN0P_/D (sg13g2_dfrbpq_1)    0.35    0.95    0.59 (MET)
x_reg[4]$_SDFFE_PN0P_/D (sg13g2_dfrbpq_1)    0.35    0.95    0.59 (MET)
y_reg[1]$_SDFFE_PN0P_/D (sg13g2_dfrbpq_1)    0.34    0.94    0.59 (MET)
y_reg[1]$_SDFFE_PN0P_/D (sg13g2_dfrbpq_1)    0.34    0.94    0.59 (MET)
y_reg[1]$_SDFFE_PN0P_/D (sg13g2_dfrbpq_1)    0.34    0.94    0.59 (MET)
y_reg[1]$_SDFFE_PN0P_/D (sg13g2_dfrbpq_1)    0.34    0.94    0.59 (MET)
x_reg[1]$_SDFFE_PN0P_/D (sg13g2_dfrbpq_1)    0.35    0.94    0.60 (MET)
z_reg[9]$_SDFFE_PN0P_/D (sg13g2_dfrbpq_1)    0.32    0.92    0.60 (MET)
x_reg[4]$_SDFFE_PN0P_/D (sg13g2_dfrbpq_1)    0.35    0.95    0.60 (MET)
x_reg[4]$_SDFFE_PN0P_/D (sg13g2_dfrbpq_1)    0.35    0.95    0.60 (MET)
x_reg[4]$_SDFFE_PN0P_/D (sg13g2_dfrbpq_1)    0.35    0.95    0.60 (MET)
x_reg[4]$_SDFFE_PN0P_/D (sg13g2_dfrbpq_1)    0.35    0.95    0.60 (MET)
x_reg[9]$_SDFFE_PN0P_/D (sg13g2_dfrbpq_1)    0.32    0.92    0.60 (MET)
x_reg[9]$_SDFFE_PN0P_/D (sg13g2_dfrbpq_1)    0.32    0.92    0.60 (MET)
x_reg[4]$_SDFFE_PN0P_/D (sg13g2_dfrbpq_1)    0.35    0.95    0.60 (MET)
x_reg[4]$_SDFFE_PN0P_/D (sg13g2_dfrbpq_1)    0.35    0.95    0.60 (MET)
x_reg[4]$_SDFFE_PN0P_/D (sg13g2_dfrbpq_1)    0.35    0.95    0.60 (MET)
x_reg[4]$_SDFFE_PN0P_/D (sg13g2_dfrbpq_1)    0.35    0.95    0.60 (MET)
y_reg[2]$_SDFFE_PN0P_/D (sg13g2_dfrbpq_1)    0.34    0.94    0.60 (MET)
y_reg[2]$_SDFFE_PN0P_/D (sg13g2_dfrbpq_1)    0.34    0.94    0.60 (MET)
y_reg[2]$_SDFFE_PN0P_/D (sg13g2_dfrbpq_1)    0.34    0.94    0.60 (MET)
y_reg[2]$_SDFFE_PN0P_/D (sg13g2_dfrbpq_1)    0.34    0.94    0.60 (MET)
y_reg[2]$_SDFFE_PN0P_/D (sg13g2_dfrbpq_1)    0.31    0.91    0.60 (MET)
y_reg[2]$_SDFFE_PN0P_/D (sg13g2_dfrbpq_1)    0.31    0.91    0.60 (MET)
y_reg[2]$_SDFFE_PN0P_/D (sg13g2_dfrbpq_1)    0.31    0.91    0.60 (MET)
y_reg[2]$_SDFFE_PN0P_/D (sg13g2_dfrbpq_1)    0.31    0.91    0.60 (MET)
y_reg[2]$_SDFFE_PN0P_/D (sg13g2_dfrbpq_1)    0.31    0.91    0.60 (MET)
y_reg[2]$_SDFFE_PN0P_/D (sg13g2_dfrbpq_1)    0.31    0.91    0.60 (MET)
x_reg[4]$_SDFFE_PN0P_/D (sg13g2_dfrbpq_1)    0.35    0.96    0.60 (MET)
x_reg[4]$_SDFFE_PN0P_/D (sg13g2_dfrbpq_1)    0.35    0.96    0.60 (MET)
x_reg[4]$_SDFFE_PN0P_/D (sg13g2_dfrbpq_1)    0.35    0.96    0.60 (MET)
x_reg[4]$_SDFFE_PN0P_/D (sg13g2_dfrbpq_1)    0.35    0.96    0.60 (MET)
x_reg[4]$_SDFFE_PN0P_/D (sg13g2_dfrbpq_1)    0.35    0.96    0.60 (MET)
x_reg[4]$_SDFFE_PN0P_/D (sg13g2_dfrbpq_1)    0.35    0.96    0.60 (MET)
x_reg[4]$_SDFFE_PN0P_/D (sg13g2_dfrbpq_1)    0.35    0.96    0.60 (MET)
x_reg[4]$_SDFFE_PN0P_/D (sg13g2_dfrbpq_1)    0.35    0.96    0.60 (MET)
z_reg[9]$_SDFFE_PN0P_/D (sg13g2_dfrbpq_1)    0.32    0.92    0.60 (MET)
z_reg[9]$_SDFFE_PN0P_/D (sg13g2_dfrbpq_1)    0.32    0.92    0.60 (MET)
z_reg[9]$_SDFFE_PN0P_/D (sg13g2_dfrbpq_1)    0.32    0.92    0.60 (MET)
z_reg[9]$_SDFFE_PN0P_/D (sg13g2_dfrbpq_1)    0.32    0.92    0.60 (MET)
x_reg[9]$_SDFFE_PN0P_/D (sg13g2_dfrbpq_1)    0.32    0.92    0.60 (MET)
x_reg[4]$_SDFFE_PN0P_/D (sg13g2_dfrbpq_1)    0.35    0.96    0.60 (MET)
x_reg[4]$_SDFFE_PN0P_/D (sg13g2_dfrbpq_1)    0.35    0.96    0.60 (MET)
x_reg[9]$_SDFFE_PN0P_/D (sg13g2_dfrbpq_1)    0.32    0.93    0.61 (MET)
x_reg[9]$_SDFFE_PN0P_/D (sg13g2_dfrbpq_1)    0.32    0.93    0.61 (MET)
x_reg[9]$_SDFFE_PN0P_/D (sg13g2_dfrbpq_1)    0.32    0.93    0.61 (MET)
x_reg[9]$_SDFFE_PN0P_/D (sg13g2_dfrbpq_1)    0.32    0.93    0.61 (MET)
y_reg[3]$_SDFFE_PN0P_/D (sg13g2_dfrbpq_1)    0.34    0.95    0.61 (MET)
y_reg[3]$_SDFFE_PN0P_/D (sg13g2_dfrbpq_1)    0.34    0.95    0.61 (MET)
y_reg[3]$_SDFFE_PN0P_/D (sg13g2_dfrbpq_1)    0.34    0.95    0.61 (MET)
y_reg[3]$_SDFFE_PN0P_/D (sg13g2_dfrbpq_1)    0.34    0.95    0.61 (MET)
x_reg[1]$_SDFFE_PN0P_/D (sg13g2_dfrbpq_1)    0.32    0.93    0.61 (MET)
x_reg[1]$_SDFFE_PN0P_/D (sg13g2_dfrbpq_1)    0.32    0.93    0.61 (MET)
x_reg[9]$_SDFFE_PN0P_/D (sg13g2_dfrbpq_1)    0.34    0.95    0.61 (MET)
x_reg[0]$_SDFFE_PN0P_/D (sg13g2_dfrbpq_1)    0.32    0.93    0.61 (MET)
x_reg[9]$_SDFFE_PN0P_/D (sg13g2_dfrbpq_1)    0.34    0.95    0.61 (MET)
x_reg[9]$_SDFFE_PN0P_/D (sg13g2_dfrbpq_1)    0.34    0.95    0.61 (MET)
x_reg[9]$_SDFFE_PN0P_/D (sg13g2_dfrbpq_1)    0.34    0.95    0.61 (MET)
x_reg[4]$_SDFFE_PN0P_/D (sg13g2_dfrbpq_1)    0.35    0.96    0.61 (MET)
x_reg[4]$_SDFFE_PN0P_/D (sg13g2_dfrbpq_1)    0.35    0.96    0.61 (MET)
x_reg[0]$_SDFFE_PN0P_/D (sg13g2_dfrbpq_1)    0.32    0.93    0.61 (MET)
x_reg[0]$_SDFFE_PN0P_/D (sg13g2_dfrbpq_1)    0.32    0.93    0.61 (MET)
x_reg[6]$_SDFFE_PN0P_/D (sg13g2_dfrbpq_1)    0.34    0.95    0.61 (MET)
x_reg[6]$_SDFFE_PN0P_/D (sg13g2_dfrbpq_1)    0.34    0.95    0.61 (MET)
x_reg[1]$_SDFFE_PN0P_/D (sg13g2_dfrbpq_1)    0.32    0.93    0.61 (MET)
x_reg[1]$_SDFFE_PN0P_/D (sg13g2_dfrbpq_1)    0.32    0.93    0.61 (MET)
x_reg[1]$_SDFFE_PN0P_/D (sg13g2_dfrbpq_1)    0.32    0.93    0.61 (MET)
x_reg[4]$_SDFFE_PN0P_/D (sg13g2_dfrbpq_1)    0.35    0.97    0.61 (MET)
x_reg[5]$_SDFFE_PN0P_/D (sg13g2_dfrbpq_1)    0.34    0.95    0.61 (MET)
x_reg[1]$_SDFFE_PN0P_/D (sg13g2_dfrbpq_1)    0.35    0.96    0.61 (MET)
z_reg[9]$_SDFFE_PN0P_/D (sg13g2_dfrbpq_1)    0.34    0.96    0.61 (MET)
z_reg[9]$_SDFFE_PN0P_/D (sg13g2_dfrbpq_1)    0.34    0.96    0.61 (MET)
z_reg[9]$_SDFFE_PN0P_/D (sg13g2_dfrbpq_1)    0.34    0.96    0.61 (MET)
z_reg[9]$_SDFFE_PN0P_/D (sg13g2_dfrbpq_1)    0.34    0.96    0.61 (MET)
x_reg[4]$_SDFFE_PN0P_/D (sg13g2_dfrbpq_1)    0.35    0.97    0.61 (MET)
x_reg[4]$_SDFFE_PN0P_/D (sg13g2_dfrbpq_1)    0.35    0.97    0.61 (MET)
x_reg[4]$_SDFFE_PN0P_/D (sg13g2_dfrbpq_1)    0.35    0.97    0.61 (MET)
x_reg[4]$_SDFFE_PN0P_/D (sg13g2_dfrbpq_1)    0.35    0.97    0.61 (MET)
y_reg[3]$_SDFFE_PN0P_/D (sg13g2_dfrbpq_1)    0.34    0.96    0.62 (MET)
y_reg[3]$_SDFFE_PN0P_/D (sg13g2_dfrbpq_1)    0.34    0.96    0.62 (MET)
y_reg[3]$_SDFFE_PN0P_/D (sg13g2_dfrbpq_1)    0.34    0.96    0.62 (MET)
y_reg[3]$_SDFFE_PN0P_/D (sg13g2_dfrbpq_1)    0.34    0.96    0.62 (MET)
y_reg[3]$_SDFFE_PN0P_/D (sg13g2_dfrbpq_1)    0.34    0.96    0.62 (MET)
y_reg[3]$_SDFFE_PN0P_/D (sg13g2_dfrbpq_1)    0.34    0.96    0.62 (MET)
y_reg[3]$_SDFFE_PN0P_/D (sg13g2_dfrbpq_1)    0.34    0.96    0.62 (MET)
y_reg[3]$_SDFFE_PN0P_/D (sg13g2_dfrbpq_1)    0.34    0.96    0.62 (MET)
y_reg[5]$_SDFFE_PN0P_/D (sg13g2_dfrbpq_1)    0.31    0.93    0.62 (MET)
y_reg[5]$_SDFFE_PN0P_/D (sg13g2_dfrbpq_1)    0.31    0.93    0.62 (MET)
x_reg[4]$_SDFFE_PN0P_/D (sg13g2_dfrbpq_1)    0.35    0.97    0.62 (MET)
x_reg[4]$_SDFFE_PN0P_/D (sg13g2_dfrbpq_1)    0.35    0.97    0.62 (MET)
x_reg[4]$_SDFFE_PN0P_/D (sg13g2_dfrbpq_1)    0.35    0.97    0.62 (MET)
x_reg[4]$_SDFFE_PN0P_/D (sg13g2_dfrbpq_1)    0.35    0.97    0.62 (MET)
y_reg[5]$_SDFFE_PN0P_/D (sg13g2_dfrbpq_1)    0.31    0.93    0.62 (MET)
y_reg[5]$_SDFFE_PN0P_/D (sg13g2_dfrbpq_1)    0.31    0.93    0.62 (MET)
y_reg[5]$_SDFFE_PN0P_/D (sg13g2_dfrbpq_1)    0.31    0.93    0.62 (MET)
y_reg[5]$_SDFFE_PN0P_/D (sg13g2_dfrbpq_1)    0.31    0.93    0.62 (MET)
y_reg[2]$_SDFFE_PN0P_/D (sg13g2_dfrbpq_1)    0.34    0.96    0.62 (MET)
y_reg[3]$_SDFFE_PN0P_/D (sg13g2_dfrbpq_1)    0.34    0.96    0.62 (MET)
y_reg[3]$_SDFFE_PN0P_/D (sg13g2_dfrbpq_1)    0.34    0.96    0.62 (MET)
y_reg[3]$_SDFFE_PN0P_/D (sg13g2_dfrbpq_1)    0.34    0.96    0.62 (MET)
y_reg[3]$_SDFFE_PN0P_/D (sg13g2_dfrbpq_1)    0.34    0.96    0.62 (MET)
x_reg[4]$_SDFFE_PN0P_/D (sg13g2_dfrbpq_1)    0.35    0.97    0.62 (MET)
x_reg[4]$_SDFFE_PN0P_/D (sg13g2_dfrbpq_1)    0.35    0.97    0.62 (MET)
x_reg[9]$_SDFFE_PN0P_/D (sg13g2_dfrbpq_1)    0.32    0.94    0.62 (MET)
x_reg[9]$_SDFFE_PN0P_/D (sg13g2_dfrbpq_1)    0.32    0.94    0.62 (MET)
x_reg[9]$_SDFFE_PN0P_/D (sg13g2_dfrbpq_1)    0.32    0.94    0.62 (MET)
x_reg[9]$_SDFFE_PN0P_/D (sg13g2_dfrbpq_1)    0.32    0.94    0.62 (MET)
x_reg[4]$_SDFFE_PN0P_/D (sg13g2_dfrbpq_1)    0.35    0.97    0.62 (MET)
x_reg[4]$_SDFFE_PN0P_/D (sg13g2_dfrbpq_1)    0.35    0.97    0.62 (MET)
x_reg[4]$_SDFFE_PN0P_/D (sg13g2_dfrbpq_1)    0.35    0.97    0.62 (MET)
x_reg[4]$_SDFFE_PN0P_/D (sg13g2_dfrbpq_1)    0.35    0.97    0.62 (MET)
x_reg[4]$_SDFFE_PN0P_/D (sg13g2_dfrbpq_1)    0.35    0.98    0.62 (MET)
x_reg[4]$_SDFFE_PN0P_/D (sg13g2_dfrbpq_1)    0.35    0.98    0.62 (MET)
x_reg[6]$_SDFFE_PN0P_/D (sg13g2_dfrbpq_1)    0.31    0.93    0.62 (MET)
x_reg[6]$_SDFFE_PN0P_/D (sg13g2_dfrbpq_1)    0.31    0.93    0.62 (MET)
x_reg[6]$_SDFFE_PN0P_/D (sg13g2_dfrbpq_1)    0.31    0.93    0.62 (MET)
x_reg[6]$_SDFFE_PN0P_/D (sg13g2_dfrbpq_1)    0.31    0.93    0.62 (MET)
x_reg[5]$_SDFFE_PN0P_/D (sg13g2_dfrbpq_1)    0.34    0.96    0.62 (MET)
x_reg[5]$_SDFFE_PN0P_/D (sg13g2_dfrbpq_1)    0.34    0.96    0.62 (MET)
y_reg[1]$_SDFFE_PN0P_/D (sg13g2_dfrbpq_1)    0.34    0.97    0.62 (MET)
y_reg[1]$_SDFFE_PN0P_/D (sg13g2_dfrbpq_1)    0.34    0.97    0.62 (MET)
y_reg[0]$_SDFFE_PN0P_/D (sg13g2_dfrbpq_1)    0.31    0.93    0.63 (MET)
y_reg[0]$_SDFFE_PN0P_/D (sg13g2_dfrbpq_1)    0.31    0.94    0.63 (MET)
y_reg[0]$_SDFFE_PN0P_/D (sg13g2_dfrbpq_1)    0.31    0.94    0.63 (MET)
y_reg[2]$_SDFFE_PN0P_/D (sg13g2_dfrbpq_1)    0.34    0.97    0.63 (MET)
y_reg[2]$_SDFFE_PN0P_/D (sg13g2_dfrbpq_1)    0.34    0.97    0.63 (MET)
y_reg[1]$_SDFFE_PN0P_/D (sg13g2_dfrbpq_1)    0.34    0.97    0.63 (MET)
y_reg[1]$_SDFFE_PN0P_/D (sg13g2_dfrbpq_1)    0.34    0.97    0.63 (MET)
x_reg[9]$_SDFFE_PN0P_/D (sg13g2_dfrbpq_1)    0.34    0.97    0.63 (MET)
y_reg[2]$_SDFFE_PN0P_/D (sg13g2_dfrbpq_1)    0.31    0.94    0.63 (MET)
x_reg[8]$_SDFFE_PN0P_/D (sg13g2_dfrbpq_1)    0.32    0.95    0.63 (MET)
x_reg[8]$_SDFFE_PN0P_/D (sg13g2_dfrbpq_1)    0.32    0.95    0.63 (MET)
x_reg[4]$_SDFFE_PN0P_/D (sg13g2_dfrbpq_1)    0.35    0.98    0.63 (MET)
x_reg[4]$_SDFFE_PN0P_/D (sg13g2_dfrbpq_1)    0.35    0.98    0.63 (MET)
x_reg[4]$_SDFFE_PN0P_/D (sg13g2_dfrbpq_1)    0.35    0.98    0.63 (MET)
x_reg[4]$_SDFFE_PN0P_/D (sg13g2_dfrbpq_1)    0.35    0.98    0.63 (MET)
y_reg[3]$_SDFFE_PN0P_/D (sg13g2_dfrbpq_1)    0.34    0.97    0.63 (MET)
y_reg[3]$_SDFFE_PN0P_/D (sg13g2_dfrbpq_1)    0.34    0.97    0.63 (MET)
y_reg[3]$_SDFFE_PN0P_/D (sg13g2_dfrbpq_1)    0.34    0.97    0.63 (MET)
y_reg[3]$_SDFFE_PN0P_/D (sg13g2_dfrbpq_1)    0.34    0.97    0.63 (MET)
y_reg[3]$_SDFFE_PN0P_/D (sg13g2_dfrbpq_1)    0.34    0.97    0.63 (MET)
y_reg[3]$_SDFFE_PN0P_/D (sg13g2_dfrbpq_1)    0.34    0.97    0.63 (MET)
y_reg[3]$_SDFFE_PN0P_/D (sg13g2_dfrbpq_1)    0.34    0.97    0.63 (MET)
y_reg[3]$_SDFFE_PN0P_/D (sg13g2_dfrbpq_1)    0.34    0.97    0.63 (MET)
x_reg[1]$_SDFFE_PN0P_/D (sg13g2_dfrbpq_1)    0.32    0.95    0.63 (MET)
x_reg[1]$_SDFFE_PN0P_/D (sg13g2_dfrbpq_1)    0.32    0.95    0.63 (MET)
y_reg[2]$_SDFFE_PN0P_/D (sg13g2_dfrbpq_1)    0.31    0.94    0.63 (MET)
y_reg[2]$_SDFFE_PN0P_/D (sg13g2_dfrbpq_1)    0.31    0.94    0.63 (MET)
y_reg[3]$_SDFFE_PN0P_/D (sg13g2_dfrbpq_1)    0.34    0.97    0.63 (MET)
y_reg[3]$_SDFFE_PN0P_/D (sg13g2_dfrbpq_1)    0.34    0.97    0.63 (MET)
y_reg[3]$_SDFFE_PN0P_/D (sg13g2_dfrbpq_1)    0.34    0.97    0.63 (MET)
y_reg[3]$_SDFFE_PN0P_/D (sg13g2_dfrbpq_1)    0.34    0.97    0.63 (MET)
y_reg[3]$_SDFFE_PN0P_/D (sg13g2_dfrbpq_1)    0.34    0.97    0.63 (MET)
y_reg[3]$_SDFFE_PN0P_/D (sg13g2_dfrbpq_1)    0.34    0.97    0.63 (MET)
y_reg[3]$_SDFFE_PN0P_/D (sg13g2_dfrbpq_1)    0.34    0.97    0.63 (MET)
y_reg[3]$_SDFFE_PN0P_/D (sg13g2_dfrbpq_1)    0.34    0.97    0.63 (MET)
x_reg[4]$_SDFFE_PN0P_/D (sg13g2_dfrbpq_1)    0.35    0.98    0.63 (MET)
x_reg[4]$_SDFFE_PN0P_/D (sg13g2_dfrbpq_1)    0.35    0.98    0.63 (MET)
x_reg[4]$_SDFFE_PN0P_/D (sg13g2_dfrbpq_1)    0.35    0.98    0.63 (MET)
x_reg[4]$_SDFFE_PN0P_/D (sg13g2_dfrbpq_1)    0.35    0.98    0.63 (MET)
x_reg[4]$_SDFFE_PN0P_/D (sg13g2_dfrbpq_1)    0.35    0.98    0.63 (MET)
x_reg[4]$_SDFFE_PN0P_/D (sg13g2_dfrbpq_1)    0.35    0.98    0.63 (MET)
x_reg[4]$_SDFFE_PN0P_/D (sg13g2_dfrbpq_1)    0.35    0.98    0.63 (MET)
x_reg[4]$_SDFFE_PN0P_/D (sg13g2_dfrbpq_1)    0.35    0.98    0.63 (MET)
y_reg[1]$_SDFFE_PN0P_/D (sg13g2_dfrbpq_1)    0.31    0.95    0.63 (MET)
y_reg[1]$_SDFFE_PN0P_/D (sg13g2_dfrbpq_1)    0.31    0.95    0.63 (MET)
y_reg[1]$_SDFFE_PN0P_/D (sg13g2_dfrbpq_1)    0.31    0.95    0.63 (MET)
z_reg[9]$_SDFFE_PN0P_/D (sg13g2_dfrbpq_1)    0.32    0.95    0.63 (MET)
z_reg[9]$_SDFFE_PN0P_/D (sg13g2_dfrbpq_1)    0.32    0.95    0.63 (MET)
x_reg[5]$_SDFFE_PN0P_/D (sg13g2_dfrbpq_1)    0.34    0.97    0.63 (MET)
y_reg[3]$_SDFFE_PN0P_/D (sg13g2_dfrbpq_1)    0.34    0.97    0.63 (MET)
y_reg[3]$_SDFFE_PN0P_/D (sg13g2_dfrbpq_1)    0.34    0.97    0.63 (MET)
x_reg[9]$_SDFFE_PN0P_/D (sg13g2_dfrbpq_1)    0.34    0.97    0.63 (MET)
y_reg[1]$_SDFFE_PN0P_/D (sg13g2_dfrbpq_1)    0.31    0.95    0.63 (MET)
y_reg[1]$_SDFFE_PN0P_/D (sg13g2_dfrbpq_1)    0.31    0.95    0.63 (MET)
y_reg[1]$_SDFFE_PN0P_/D (sg13g2_dfrbpq_1)    0.31    0.95    0.63 (MET)
y_reg[1]$_SDFFE_PN0P_/D (sg13g2_dfrbpq_1)    0.34    0.98    0.63 (MET)
y_reg[1]$_SDFFE_PN0P_/D (sg13g2_dfrbpq_1)    0.34    0.98    0.63 (MET)
y_reg[1]$_SDFFE_PN0P_/D (sg13g2_dfrbpq_1)    0.34    0.98    0.63 (MET)
y_reg[1]$_SDFFE_PN0P_/D (sg13g2_dfrbpq_1)    0.34    0.98    0.63 (MET)
x_reg[5]$_SDFFE_PN0P_/D (sg13g2_dfrbpq_1)    0.34    0.98    0.63 (MET)
y_reg[6]$_SDFFE_PN0P_/D (sg13g2_dfrbpq_1)    0.34    0.98    0.63 (MET)
y_reg[6]$_SDFFE_PN0P_/D (sg13g2_dfrbpq_1)    0.34    0.98    0.63 (MET)
x_reg[4]$_SDFFE_PN0P_/D (sg13g2_dfrbpq_1)    0.32    0.96    0.64 (MET)
x_reg[8]$_SDFFE_PN0P_/D (sg13g2_dfrbpq_1)    0.32    0.95    0.64 (MET)
x_reg[8]$_SDFFE_PN0P_/D (sg13g2_dfrbpq_1)    0.32    0.95    0.64 (MET)
x_reg[1]$_SDFFE_PN0P_/D (sg13g2_dfrbpq_1)    0.35    0.99    0.64 (MET)
x_reg[1]$_SDFFE_PN0P_/D (sg13g2_dfrbpq_1)    0.35    0.99    0.64 (MET)
x_reg[4]$_SDFFE_PN0P_/D (sg13g2_dfrbpq_1)    0.32    0.96    0.64 (MET)
x_reg[4]$_SDFFE_PN0P_/D (sg13g2_dfrbpq_1)    0.32    0.96    0.64 (MET)
x_reg[4]$_SDFFE_PN0P_/D (sg13g2_dfrbpq_1)    0.32    0.96    0.64 (MET)
y_reg[5]$_SDFFE_PN0P_/D (sg13g2_dfrbpq_1)    0.31    0.95    0.64 (MET)
y_reg[5]$_SDFFE_PN0P_/D (sg13g2_dfrbpq_1)    0.31    0.95    0.64 (MET)
x_reg[4]$_SDFFE_PN0P_/D (sg13g2_dfrbpq_1)    0.32    0.96    0.64 (MET)
x_reg[4]$_SDFFE_PN0P_/D (sg13g2_dfrbpq_1)    0.32    0.96    0.64 (MET)
x_reg[4]$_SDFFE_PN0P_/D (sg13g2_dfrbpq_1)    0.32    0.96    0.64 (MET)
x_reg[4]$_SDFFE_PN0P_/D (sg13g2_dfrbpq_1)    0.32    0.96    0.64 (MET)
x_reg[5]$_SDFFE_PN0P_/D (sg13g2_dfrbpq_1)    0.34    0.98    0.64 (MET)
x_reg[6]$_SDFFE_PN0P_/D (sg13g2_dfrbpq_1)    0.34    0.97    0.64 (MET)
x_reg[9]$_SDFFE_PN0P_/D (sg13g2_dfrbpq_1)    0.32    0.96    0.64 (MET)
y_reg[5]$_SDFFE_PN0P_/D (sg13g2_dfrbpq_1)    0.31    0.95    0.64 (MET)
y_reg[5]$_SDFFE_PN0P_/D (sg13g2_dfrbpq_1)    0.31    0.95    0.64 (MET)
y_reg[5]$_SDFFE_PN0P_/D (sg13g2_dfrbpq_1)    0.31    0.95    0.64 (MET)
y_reg[5]$_SDFFE_PN0P_/D (sg13g2_dfrbpq_1)    0.31    0.95    0.64 (MET)
x_reg[4]$_SDFFE_PN0P_/D (sg13g2_dfrbpq_1)    0.32    0.96    0.64 (MET)
x_reg[4]$_SDFFE_PN0P_/D (sg13g2_dfrbpq_1)    0.32    0.96    0.64 (MET)
x_reg[4]$_SDFFE_PN0P_/D (sg13g2_dfrbpq_1)    0.32    0.96    0.64 (MET)
x_reg[4]$_SDFFE_PN0P_/D (sg13g2_dfrbpq_1)    0.32    0.96    0.64 (MET)
y_reg[1]$_SDFFE_PN0P_/D (sg13g2_dfrbpq_1)    0.34    0.98    0.64 (MET)
y_reg[1]$_SDFFE_PN0P_/D (sg13g2_dfrbpq_1)    0.34    0.98    0.64 (MET)
y_reg[1]$_SDFFE_PN0P_/D (sg13g2_dfrbpq_1)    0.34    0.98    0.64 (MET)
y_reg[1]$_SDFFE_PN0P_/D (sg13g2_dfrbpq_1)    0.34    0.98    0.64 (MET)
x_reg[4]$_SDFFE_PN0P_/D (sg13g2_dfrbpq_1)    0.32    0.96    0.64 (MET)
x_reg[4]$_SDFFE_PN0P_/D (sg13g2_dfrbpq_1)    0.32    0.96    0.64 (MET)
x_reg[4]$_SDFFE_PN0P_/D (sg13g2_dfrbpq_1)    0.32    0.96    0.64 (MET)
x_reg[4]$_SDFFE_PN0P_/D (sg13g2_dfrbpq_1)    0.32    0.96    0.64 (MET)
x_reg[4]$_SDFFE_PN0P_/D (sg13g2_dfrbpq_1)    0.32    0.96    0.64 (MET)
x_reg[4]$_SDFFE_PN0P_/D (sg13g2_dfrbpq_1)    0.32    0.96    0.64 (MET)
x_reg[4]$_SDFFE_PN0P_/D (sg13g2_dfrbpq_1)    0.32    0.96    0.64 (MET)
x_reg[4]$_SDFFE_PN0P_/D (sg13g2_dfrbpq_1)    0.32    0.96    0.64 (MET)
x_reg[4]$_SDFFE_PN0P_/D (sg13g2_dfrbpq_1)    0.32    0.96    0.64 (MET)
x_reg[4]$_SDFFE_PN0P_/D (sg13g2_dfrbpq_1)    0.32    0.96    0.64 (MET)
x_reg[4]$_SDFFE_PN0P_/D (sg13g2_dfrbpq_1)    0.32    0.96    0.64 (MET)
x_reg[4]$_SDFFE_PN0P_/D (sg13g2_dfrbpq_1)    0.32    0.96    0.64 (MET)
y_reg[3]$_SDFFE_PN0P_/D (sg13g2_dfrbpq_1)    0.34    0.98    0.64 (MET)
y_reg[3]$_SDFFE_PN0P_/D (sg13g2_dfrbpq_1)    0.34    0.98    0.64 (MET)
y_reg[3]$_SDFFE_PN0P_/D (sg13g2_dfrbpq_1)    0.34    0.98    0.64 (MET)
y_reg[3]$_SDFFE_PN0P_/D (sg13g2_dfrbpq_1)    0.34    0.98    0.64 (MET)
y_reg[3]$_SDFFE_PN0P_/D (sg13g2_dfrbpq_1)    0.34    0.98    0.64 (MET)
y_reg[3]$_SDFFE_PN0P_/D (sg13g2_dfrbpq_1)    0.34    0.98    0.64 (MET)
y_reg[3]$_SDFFE_PN0P_/D (sg13g2_dfrbpq_1)    0.34    0.98    0.64 (MET)
y_reg[3]$_SDFFE_PN0P_/D (sg13g2_dfrbpq_1)    0.34    0.98    0.64 (MET)
y_reg[3]$_SDFFE_PN0P_/D (sg13g2_dfrbpq_1)    0.34    0.98    0.64 (MET)
y_reg[3]$_SDFFE_PN0P_/D (sg13g2_dfrbpq_1)    0.34    0.98    0.64 (MET)
y_reg[3]$_SDFFE_PN0P_/D (sg13g2_dfrbpq_1)    0.34    0.98    0.64 (MET)
y_reg[3]$_SDFFE_PN0P_/D (sg13g2_dfrbpq_1)    0.34    0.98    0.64 (MET)
y_reg[3]$_SDFFE_PN0P_/D (sg13g2_dfrbpq_1)    0.34    0.98    0.64 (MET)
y_reg[3]$_SDFFE_PN0P_/D (sg13g2_dfrbpq_1)    0.34    0.98    0.64 (MET)
y_reg[3]$_SDFFE_PN0P_/D (sg13g2_dfrbpq_1)    0.34    0.98    0.64 (MET)
y_reg[3]$_SDFFE_PN0P_/D (sg13g2_dfrbpq_1)    0.34    0.98    0.64 (MET)
x_reg[1]$_SDFFE_PN0P_/D (sg13g2_dfrbpq_1)    0.35    0.99    0.64 (MET)
x_reg[1]$_SDFFE_PN0P_/D (sg13g2_dfrbpq_1)    0.35    0.99    0.64 (MET)
x_reg[1]$_SDFFE_PN0P_/D (sg13g2_dfrbpq_1)    0.35    0.99    0.64 (MET)
x_reg[1]$_SDFFE_PN0P_/D (sg13g2_dfrbpq_1)    0.35    0.99    0.64 (MET)
z_reg[9]$_SDFFE_PN0P_/D (sg13g2_dfrbpq_1)    0.32    0.96    0.64 (MET)
x_reg[5]$_SDFFE_PN0P_/D (sg13g2_dfrbpq_1)    0.34    0.98    0.64 (MET)
x_reg[5]$_SDFFE_PN0P_/D (sg13g2_dfrbpq_1)    0.34    0.98    0.64 (MET)
x_reg[9]$_SDFFE_PN0P_/D (sg13g2_dfrbpq_1)    0.32    0.96    0.64 (MET)
x_reg[9]$_SDFFE_PN0P_/D (sg13g2_dfrbpq_1)    0.32    0.96    0.64 (MET)
x_reg[4]$_SDFFE_PN0P_/D (sg13g2_dfrbpq_1)    0.35    1.00    0.64 (MET)
x_reg[4]$_SDFFE_PN0P_/D (sg13g2_dfrbpq_1)    0.35    1.00    0.64 (MET)
y_reg[3]$_SDFFE_PN0P_/D (sg13g2_dfrbpq_1)    0.34    0.98    0.64 (MET)
y_reg[3]$_SDFFE_PN0P_/D (sg13g2_dfrbpq_1)    0.34    0.98    0.64 (MET)
y_reg[3]$_SDFFE_PN0P_/D (sg13g2_dfrbpq_1)    0.34    0.98    0.64 (MET)
y_reg[3]$_SDFFE_PN0P_/D (sg13g2_dfrbpq_1)    0.34    0.98    0.64 (MET)
x_reg[5]$_SDFFE_PN0P_/D (sg13g2_dfrbpq_1)    0.34    0.99    0.64 (MET)
x_reg[5]$_SDFFE_PN0P_/D (sg13g2_dfrbpq_1)    0.34    0.99    0.64 (MET)
y_reg[3]$_SDFFE_PN0P_/D (sg13g2_dfrbpq_1)    0.34    0.99    0.65 (MET)
y_reg[3]$_SDFFE_PN0P_/D (sg13g2_dfrbpq_1)    0.34    0.99    0.65 (MET)
y_reg[1]$_SDFFE_PN0P_/D (sg13g2_dfrbpq_1)    0.34    0.99    0.65 (MET)
y_reg[1]$_SDFFE_PN0P_/D (sg13g2_dfrbpq_1)    0.34    0.99    0.65 (MET)
y_reg[1]$_SDFFE_PN0P_/D (sg13g2_dfrbpq_1)    0.34    0.99    0.65 (MET)
y_reg[1]$_SDFFE_PN0P_/D (sg13g2_dfrbpq_1)    0.34    0.99    0.65 (MET)
y_reg[2]$_SDFFE_PN0P_/D (sg13g2_dfrbpq_1)    0.34    0.99    0.65 (MET)
x_reg[5]$_SDFFE_PN0P_/D (sg13g2_dfrbpq_1)    0.34    0.99    0.65 (MET)
x_reg[5]$_SDFFE_PN0P_/D (sg13g2_dfrbpq_1)    0.34    0.99    0.65 (MET)
y_reg[5]$_SDFFE_PN0P_/D (sg13g2_dfrbpq_1)    0.31    0.96    0.65 (MET)
y_reg[5]$_SDFFE_PN0P_/D (sg13g2_dfrbpq_1)    0.31    0.96    0.65 (MET)
y_reg[5]$_SDFFE_PN0P_/D (sg13g2_dfrbpq_1)    0.31    0.96    0.65 (MET)
y_reg[5]$_SDFFE_PN0P_/D (sg13g2_dfrbpq_1)    0.31    0.96    0.65 (MET)
z_reg[9]$_SDFFE_PN0P_/D (sg13g2_dfrbpq_1)    0.34    0.99    0.65 (MET)
z_reg[9]$_SDFFE_PN0P_/D (sg13g2_dfrbpq_1)    0.34    0.99    0.65 (MET)
y_reg[5]$_SDFFE_PN0P_/D (sg13g2_dfrbpq_1)    0.31    0.96    0.65 (MET)
y_reg[5]$_SDFFE_PN0P_/D (sg13g2_dfrbpq_1)    0.31    0.96    0.65 (MET)
y_reg[5]$_SDFFE_PN0P_/D (sg13g2_dfrbpq_1)    0.31    0.96    0.65 (MET)
y_reg[5]$_SDFFE_PN0P_/D (sg13g2_dfrbpq_1)    0.31    0.96    0.65 (MET)
y_reg[5]$_SDFFE_PN0P_/D (sg13g2_dfrbpq_1)    0.31    0.96    0.65 (MET)
y_reg[5]$_SDFFE_PN0P_/D (sg13g2_dfrbpq_1)    0.31    0.96    0.65 (MET)
y_reg[5]$_SDFFE_PN0P_/D (sg13g2_dfrbpq_1)    0.31    0.96    0.65 (MET)
y_reg[5]$_SDFFE_PN0P_/D (sg13g2_dfrbpq_1)    0.31    0.96    0.65 (MET)
x_reg[6]$_SDFFE_PN0P_/D (sg13g2_dfrbpq_1)    0.31    0.96    0.65 (MET)
x_reg[6]$_SDFFE_PN0P_/D (sg13g2_dfrbpq_1)    0.31    0.96    0.65 (MET)
x_reg[9]$_SDFFE_PN0P_/D (sg13g2_dfrbpq_1)    0.32    0.97    0.65 (MET)
x_reg[9]$_SDFFE_PN0P_/D (sg13g2_dfrbpq_1)    0.32    0.97    0.65 (MET)
y_reg[2]$_SDFFE_PN0P_/D (sg13g2_dfrbpq_1)    0.34    0.99    0.65 (MET)
z_reg[9]$_SDFFE_PN0P_/D (sg13g2_dfrbpq_1)    0.32    0.97    0.65 (MET)
z_reg[9]$_SDFFE_PN0P_/D (sg13g2_dfrbpq_1)    0.32    0.97    0.65 (MET)
z_reg[9]$_SDFFE_PN0P_/D (sg13g2_dfrbpq_1)    0.32    0.97    0.65 (MET)
z_reg[9]$_SDFFE_PN0P_/D (sg13g2_dfrbpq_1)    0.32    0.97    0.65 (MET)
z_reg[9]$_SDFFE_PN0P_/D (sg13g2_dfrbpq_1)    0.34    0.99    0.65 (MET)
z_reg[9]$_SDFFE_PN0P_/D (sg13g2_dfrbpq_1)    0.34    0.99    0.65 (MET)
z_reg[9]$_SDFFE_PN0P_/D (sg13g2_dfrbpq_1)    0.34    0.99    0.65 (MET)
z_reg[9]$_SDFFE_PN0P_/D (sg13g2_dfrbpq_1)    0.34    0.99    0.65 (MET)
z_reg[9]$_SDFFE_PN0P_/D (sg13g2_dfrbpq_1)    0.32    0.97    0.65 (MET)
z_reg[9]$_SDFFE_PN0P_/D (sg13g2_dfrbpq_1)    0.32    0.97    0.65 (MET)
z_reg[9]$_SDFFE_PN0P_/D (sg13g2_dfrbpq_1)    0.32    0.97    0.65 (MET)
z_reg[9]$_SDFFE_PN0P_/D (sg13g2_dfrbpq_1)    0.32    0.97    0.65 (MET)
z_reg[9]$_SDFFE_PN0P_/D (sg13g2_dfrbpq_1)    0.34    0.99    0.65 (MET)
z_reg[9]$_SDFFE_PN0P_/D (sg13g2_dfrbpq_1)    0.34    0.99    0.65 (MET)
z_reg[9]$_SDFFE_PN0P_/D (sg13g2_dfrbpq_1)    0.34    0.99    0.65 (MET)
z_reg[9]$_SDFFE_PN0P_/D (sg13g2_dfrbpq_1)    0.34    0.99    0.65 (MET)
y_reg[3]$_SDFFE_PN0P_/D (sg13g2_dfrbpq_1)    0.31    0.96    0.65 (MET)
y_reg[3]$_SDFFE_PN0P_/D (sg13g2_dfrbpq_1)    0.31    0.96    0.65 (MET)
y_reg[3]$_SDFFE_PN0P_/D (sg13g2_dfrbpq_1)    0.31    0.96    0.65 (MET)
y_reg[3]$_SDFFE_PN0P_/D (sg13g2_dfrbpq_1)    0.31    0.96    0.65 (MET)
y_reg[3]$_SDFFE_PN0P_/D (sg13g2_dfrbpq_1)    0.31    0.96    0.65 (MET)
y_reg[3]$_SDFFE_PN0P_/D (sg13g2_dfrbpq_1)    0.31    0.96    0.65 (MET)
x_reg[4]$_SDFFE_PN0P_/D (sg13g2_dfrbpq_1)    0.35    1.01    0.65 (MET)
x_reg[4]$_SDFFE_PN0P_/D (sg13g2_dfrbpq_1)    0.35    1.01    0.65 (MET)
x_reg[4]$_SDFFE_PN0P_/D (sg13g2_dfrbpq_1)    0.35    1.01    0.65 (MET)
x_reg[4]$_SDFFE_PN0P_/D (sg13g2_dfrbpq_1)    0.35    1.01    0.65 (MET)
y_reg[2]$_SDFFE_PN0P_/D (sg13g2_dfrbpq_1)    0.34    0.99    0.65 (MET)
x_reg[4]$_SDFFE_PN0P_/D (sg13g2_dfrbpq_1)    0.32    0.98    0.65 (MET)
x_reg[4]$_SDFFE_PN0P_/D (sg13g2_dfrbpq_1)    0.32    0.98    0.65 (MET)
x_reg[4]$_SDFFE_PN0P_/D (sg13g2_dfrbpq_1)    0.32    0.98    0.65 (MET)
x_reg[4]$_SDFFE_PN0P_/D (sg13g2_dfrbpq_1)    0.32    0.98    0.65 (MET)
z_reg[9]$_SDFFE_PN0P_/D (sg13g2_dfrbpq_1)    0.34    1.00    0.65 (MET)
z_reg[9]$_SDFFE_PN0P_/D (sg13g2_dfrbpq_1)    0.34    1.00    0.65 (MET)
z_reg[9]$_SDFFE_PN0P_/D (sg13g2_dfrbpq_1)    0.34    1.00    0.65 (MET)
z_reg[9]$_SDFFE_PN0P_/D (sg13g2_dfrbpq_1)    0.34    1.00    0.65 (MET)
z_reg[9]$_SDFFE_PN0P_/D (sg13g2_dfrbpq_1)    0.34    1.00    0.65 (MET)
z_reg[9]$_SDFFE_PN0P_/D (sg13g2_dfrbpq_1)    0.34    1.00    0.65 (MET)
z_reg[9]$_SDFFE_PN0P_/D (sg13g2_dfrbpq_1)    0.34    1.00    0.65 (MET)
z_reg[9]$_SDFFE_PN0P_/D (sg13g2_dfrbpq_1)    0.34    1.00    0.65 (MET)
x_reg[5]$_SDFFE_PN0P_/D (sg13g2_dfrbpq_1)    0.31    0.96    0.65 (MET)
x_reg[5]$_SDFFE_PN0P_/D (sg13g2_dfrbpq_1)    0.31    0.96    0.65 (MET)
y_reg[2]$_SDFFE_PN0P_/D (sg13g2_dfrbpq_1)    0.34    0.99    0.65 (MET)
y_reg[2]$_SDFFE_PN0P_/D (sg13g2_dfrbpq_1)    0.34    0.99    0.65 (MET)
y_reg[3]$_SDFFE_PN0P_/D (sg13g2_dfrbpq_1)    0.31    0.96    0.65 (MET)
y_reg[3]$_SDFFE_PN0P_/D (sg13g2_dfrbpq_1)    0.31    0.96    0.65 (MET)
x_reg[5]$_SDFFE_PN0P_/D (sg13g2_dfrbpq_1)    0.31    0.97    0.65 (MET)
x_reg[5]$_SDFFE_PN0P_/D (sg13g2_dfrbpq_1)    0.31    0.97    0.65 (MET)
x_reg[5]$_SDFFE_PN0P_/D (sg13g2_dfrbpq_1)    0.31    0.97    0.65 (MET)
x_reg[5]$_SDFFE_PN0P_/D (sg13g2_dfrbpq_1)    0.31    0.97    0.65 (MET)
x_reg[4]$_SDFFE_PN0P_/D (sg13g2_dfrbpq_1)    0.32    0.98    0.65 (MET)
x_reg[4]$_SDFFE_PN0P_/D (sg13g2_dfrbpq_1)    0.32    0.98    0.65 (MET)
x_reg[4]$_SDFFE_PN0P_/D (sg13g2_dfrbpq_1)    0.32    0.98    0.65 (MET)
x_reg[4]$_SDFFE_PN0P_/D (sg13g2_dfrbpq_1)    0.32    0.98    0.65 (MET)
x_reg[4]$_SDFFE_PN0P_/D (sg13g2_dfrbpq_1)    0.32    0.98    0.65 (MET)
x_reg[4]$_SDFFE_PN0P_/D (sg13g2_dfrbpq_1)    0.32    0.98    0.65 (MET)
x_reg[4]$_SDFFE_PN0P_/D (sg13g2_dfrbpq_1)    0.32    0.98    0.65 (MET)
x_reg[4]$_SDFFE_PN0P_/D (sg13g2_dfrbpq_1)    0.32    0.98    0.65 (MET)
y_reg[3]$_SDFFE_PN0P_/D (sg13g2_dfrbpq_1)    0.31    0.97    0.65 (MET)
y_reg[3]$_SDFFE_PN0P_/D (sg13g2_dfrbpq_1)    0.31    0.97    0.65 (MET)
y_reg[3]$_SDFFE_PN0P_/D (sg13g2_dfrbpq_1)    0.31    0.97    0.65 (MET)
y_reg[3]$_SDFFE_PN0P_/D (sg13g2_dfrbpq_1)    0.31    0.97    0.65 (MET)
x_reg[9]$_SDFFE_PN0P_/D (sg13g2_dfrbpq_1)    0.34    0.99    0.65 (MET)
x_reg[9]$_SDFFE_PN0P_/D (sg13g2_dfrbpq_1)    0.34    0.99    0.65 (MET)
z_reg[9]$_SDFFE_PN0P_/D (sg13g2_dfrbpq_1)    0.34    1.00    0.65 (MET)
z_reg[9]$_SDFFE_PN0P_/D (sg13g2_dfrbpq_1)    0.34    1.00    0.65 (MET)
z_reg[9]$_SDFFE_PN0P_/D (sg13g2_dfrbpq_1)    0.34    1.00    0.65 (MET)
z_reg[9]$_SDFFE_PN0P_/D (sg13g2_dfrbpq_1)    0.34    1.00    0.65 (MET)
x_reg[4]$_SDFFE_PN0P_/D (sg13g2_dfrbpq_1)    0.32    0.98    0.65 (MET)
x_reg[4]$_SDFFE_PN0P_/D (sg13g2_dfrbpq_1)    0.32    0.98    0.65 (MET)
x_reg[4]$_SDFFE_PN0P_/D (sg13g2_dfrbpq_1)    0.32    0.98    0.65 (MET)
x_reg[4]$_SDFFE_PN0P_/D (sg13g2_dfrbpq_1)    0.32    0.98    0.65 (MET)
x_reg[8]$_SDFFE_PN0P_/D (sg13g2_dfrbpq_1)    0.32    0.97    0.65 (MET)
z_reg[9]$_SDFFE_PN0P_/D (sg13g2_dfrbpq_1)    0.34    1.00    0.65 (MET)
z_reg[9]$_SDFFE_PN0P_/D (sg13g2_dfrbpq_1)    0.34    1.00    0.65 (MET)
z_reg[9]$_SDFFE_PN0P_/D (sg13g2_dfrbpq_1)    0.34    1.00    0.65 (MET)
z_reg[9]$_SDFFE_PN0P_/D (sg13g2_dfrbpq_1)    0.34    1.00    0.65 (MET)
x_reg[5]$_SDFFE_PN0P_/D (sg13g2_dfrbpq_1)    0.34    1.00    0.66 (MET)
y_reg[3]$_SDFFE_PN0P_/D (sg13g2_dfrbpq_1)    0.34    1.00    0.66 (MET)
y_reg[3]$_SDFFE_PN0P_/D (sg13g2_dfrbpq_1)    0.34    1.00    0.66 (MET)
y_reg[3]$_SDFFE_PN0P_/D (sg13g2_dfrbpq_1)    0.34    1.00    0.66 (MET)
y_reg[3]$_SDFFE_PN0P_/D (sg13g2_dfrbpq_1)    0.34    1.00    0.66 (MET)
x_reg[4]$_SDFFE_PN0P_/D (sg13g2_dfrbpq_1)    0.32    0.98    0.66 (MET)
x_reg[4]$_SDFFE_PN0P_/D (sg13g2_dfrbpq_1)    0.32    0.98    0.66 (MET)
x_reg[4]$_SDFFE_PN0P_/D (sg13g2_dfrbpq_1)    0.32    0.98    0.66 (MET)
x_reg[4]$_SDFFE_PN0P_/D (sg13g2_dfrbpq_1)    0.32    0.98    0.66 (MET)
x_reg[4]$_SDFFE_PN0P_/D (sg13g2_dfrbpq_1)    0.32    0.98    0.66 (MET)
x_reg[4]$_SDFFE_PN0P_/D (sg13g2_dfrbpq_1)    0.32    0.98    0.66 (MET)
x_reg[4]$_SDFFE_PN0P_/D (sg13g2_dfrbpq_1)    0.32    0.98    0.66 (MET)
x_reg[4]$_SDFFE_PN0P_/D (sg13g2_dfrbpq_1)    0.32    0.98    0.66 (MET)
z_reg[9]$_SDFFE_PN0P_/D (sg13g2_dfrbpq_1)    0.34    1.00    0.66 (MET)
z_reg[9]$_SDFFE_PN0P_/D (sg13g2_dfrbpq_1)    0.34    1.00    0.66 (MET)
z_reg[9]$_SDFFE_PN0P_/D (sg13g2_dfrbpq_1)    0.34    1.00    0.66 (MET)
z_reg[9]$_SDFFE_PN0P_/D (sg13g2_dfrbpq_1)    0.34    1.00    0.66 (MET)
z_reg[9]$_SDFFE_PN0P_/D (sg13g2_dfrbpq_1)    0.34    1.00    0.66 (MET)
z_reg[9]$_SDFFE_PN0P_/D (sg13g2_dfrbpq_1)    0.34    1.00    0.66 (MET)
z_reg[9]$_SDFFE_PN0P_/D (sg13g2_dfrbpq_1)    0.34    1.00    0.66 (MET)
z_reg[9]$_SDFFE_PN0P_/D (sg13g2_dfrbpq_1)    0.34    1.00    0.66 (MET)
y_reg[3]$_SDFFE_PN0P_/D (sg13g2_dfrbpq_1)    0.34    1.00    0.66 (MET)
y_reg[3]$_SDFFE_PN0P_/D (sg13g2_dfrbpq_1)    0.34    1.00    0.66 (MET)
y_reg[3]$_SDFFE_PN0P_/D (sg13g2_dfrbpq_1)    0.34    1.00    0.66 (MET)
y_reg[3]$_SDFFE_PN0P_/D (sg13g2_dfrbpq_1)    0.34    1.00    0.66 (MET)
x_reg[5]$_SDFFE_PN0P_/D (sg13g2_dfrbpq_1)    0.34    1.00    0.66 (MET)
y_reg[2]$_SDFFE_PN0P_/D (sg13g2_dfrbpq_1)    0.34    1.00    0.66 (MET)
y_reg[2]$_SDFFE_PN0P_/D (sg13g2_dfrbpq_1)    0.34    1.00    0.66 (MET)
y_reg[4]$_SDFFE_PN0P_/D (sg13g2_dfrbpq_1)    0.34    1.00    0.66 (MET)
y_reg[1]$_SDFFE_PN0P_/D (sg13g2_dfrbpq_1)    0.34    1.00    0.66 (MET)
y_reg[1]$_SDFFE_PN0P_/D (sg13g2_dfrbpq_1)    0.34    1.00    0.66 (MET)
y_reg[1]$_SDFFE_PN0P_/D (sg13g2_dfrbpq_1)    0.34    1.00    0.66 (MET)
y_reg[1]$_SDFFE_PN0P_/D (sg13g2_dfrbpq_1)    0.34    1.00    0.66 (MET)
y_reg[1]$_SDFFE_PN0P_/D (sg13g2_dfrbpq_1)    0.34    1.00    0.66 (MET)
y_reg[1]$_SDFFE_PN0P_/D (sg13g2_dfrbpq_1)    0.34    1.00    0.66 (MET)
y_reg[1]$_SDFFE_PN0P_/D (sg13g2_dfrbpq_1)    0.34    1.00    0.66 (MET)
y_reg[1]$_SDFFE_PN0P_/D (sg13g2_dfrbpq_1)    0.34    1.00    0.66 (MET)
y_reg[2]$_SDFFE_PN0P_/D (sg13g2_dfrbpq_1)    0.31    0.97    0.66 (MET)
x_reg[9]$_SDFFE_PN0P_/D (sg13g2_dfrbpq_1)    0.32    0.98    0.66 (MET)
x_reg[9]$_SDFFE_PN0P_/D (sg13g2_dfrbpq_1)    0.32    0.98    0.66 (MET)
x_reg[9]$_SDFFE_PN0P_/D (sg13g2_dfrbpq_1)    0.32    0.98    0.66 (MET)
x_reg[9]$_SDFFE_PN0P_/D (sg13g2_dfrbpq_1)    0.32    0.98    0.66 (MET)
x_reg[5]$_SDFFE_PN0P_/D (sg13g2_dfrbpq_1)    0.34    1.00    0.66 (MET)
y_reg[2]$_SDFFE_PN0P_/D (sg13g2_dfrbpq_1)    0.31    0.97    0.66 (MET)
y_reg[2]$_SDFFE_PN0P_/D (sg13g2_dfrbpq_1)    0.31    0.97    0.66 (MET)
y_reg[1]$_SDFFE_PN0P_/D (sg13g2_dfrbpq_1)    0.34    1.00    0.66 (MET)
y_reg[1]$_SDFFE_PN0P_/D (sg13g2_dfrbpq_1)    0.34    1.00    0.66 (MET)
y_reg[2]$_SDFFE_PN0P_/D (sg13g2_dfrbpq_1)    0.34    1.00    0.66 (MET)
y_reg[2]$_SDFFE_PN0P_/D (sg13g2_dfrbpq_1)    0.34    1.00    0.66 (MET)
x_reg[5]$_SDFFE_PN0P_/D (sg13g2_dfrbpq_1)    0.34    1.00    0.66 (MET)
x_reg[6]$_SDFFE_PN0P_/D (sg13g2_dfrbpq_1)    0.34    1.00    0.66 (MET)
y_reg[2]$_SDFFE_PN0P_/D (sg13g2_dfrbpq_1)    0.31    0.97    0.66 (MET)
y_reg[6]$_SDFFE_PN0P_/D (sg13g2_dfrbpq_1)    0.34    1.00    0.66 (MET)
y_reg[6]$_SDFFE_PN0P_/D (sg13g2_dfrbpq_1)    0.34    1.00    0.66 (MET)
x_reg[9]$_SDFFE_PN0P_/D (sg13g2_dfrbpq_1)    0.32    0.98    0.66 (MET)
x_reg[9]$_SDFFE_PN0P_/D (sg13g2_dfrbpq_1)    0.32    0.98    0.66 (MET)
y_reg[4]$_SDFFE_PN0P_/D (sg13g2_dfrbpq_1)    0.34    1.00    0.66 (MET)
x_reg[4]$_SDFFE_PN0P_/D (sg13g2_dfrbpq_1)    0.32    0.98    0.66 (MET)
x_reg[4]$_SDFFE_PN0P_/D (sg13g2_dfrbpq_1)    0.32    0.98    0.66 (MET)
x_reg[4]$_SDFFE_PN0P_/D (sg13g2_dfrbpq_1)    0.32    0.98    0.66 (MET)
y_reg[2]$_SDFFE_PN0P_/D (sg13g2_dfrbpq_1)    0.31    0.97    0.66 (MET)
y_reg[2]$_SDFFE_PN0P_/D (sg13g2_dfrbpq_1)    0.31    0.97    0.66 (MET)
x_reg[4]$_SDFFE_PN0P_/D (sg13g2_dfrbpq_1)    0.32    0.98    0.66 (MET)
x_reg[4]$_SDFFE_PN0P_/D (sg13g2_dfrbpq_1)    0.32    0.98    0.66 (MET)
x_reg[4]$_SDFFE_PN0P_/D (sg13g2_dfrbpq_1)    0.32    0.98    0.66 (MET)
x_reg[4]$_SDFFE_PN0P_/D (sg13g2_dfrbpq_1)    0.32    0.98    0.66 (MET)
x_reg[4]$_SDFFE_PN0P_/D (sg13g2_dfrbpq_1)    0.32    0.98    0.66 (MET)
x_reg[4]$_SDFFE_PN0P_/D (sg13g2_dfrbpq_1)    0.32    0.98    0.66 (MET)
x_reg[4]$_SDFFE_PN0P_/D (sg13g2_dfrbpq_1)    0.32    0.98    0.66 (MET)
y_reg[3]$_SDFFE_PN0P_/D (sg13g2_dfrbpq_1)    0.34    1.00    0.66 (MET)
y_reg[3]$_SDFFE_PN0P_/D (sg13g2_dfrbpq_1)    0.34    1.00    0.66 (MET)
y_reg[2]$_SDFFE_PN0P_/D (sg13g2_dfrbpq_1)    0.34    1.00    0.66 (MET)
y_reg[2]$_SDFFE_PN0P_/D (sg13g2_dfrbpq_1)    0.34    1.00    0.66 (MET)
x_reg[4]$_SDFFE_PN0P_/D (sg13g2_dfrbpq_1)    0.32    0.98    0.66 (MET)
x_reg[4]$_SDFFE_PN0P_/D (sg13g2_dfrbpq_1)    0.32    0.98    0.66 (MET)
x_reg[9]$_SDFFE_PN0P_/D (sg13g2_dfrbpq_1)    0.32    0.98    0.66 (MET)
x_reg[4]$_SDFFE_PN0P_/D (sg13g2_dfrbpq_1)    0.32    0.98    0.66 (MET)
x_reg[4]$_SDFFE_PN0P_/D (sg13g2_dfrbpq_1)    0.32    0.98    0.66 (MET)
y_reg[2]$_SDFFE_PN0P_/D (sg13g2_dfrbpq_1)    0.34    1.00    0.66 (MET)
y_reg[2]$_SDFFE_PN0P_/D (sg13g2_dfrbpq_1)    0.34    1.00    0.66 (MET)
y_reg[2]$_SDFFE_PN0P_/D (sg13g2_dfrbpq_1)    0.34    1.00    0.66 (MET)
y_reg[2]$_SDFFE_PN0P_/D (sg13g2_dfrbpq_1)    0.34    1.00    0.66 (MET)
x_reg[9]$_SDFFE_PN0P_/D (sg13g2_dfrbpq_1)    0.34    1.00    0.66 (MET)
y_reg[2]$_SDFFE_PN0P_/D (sg13g2_dfrbpq_1)    0.31    0.97    0.66 (MET)
x_reg[4]$_SDFFE_PN0P_/D (sg13g2_dfrbpq_1)    0.32    0.99    0.66 (MET)
x_reg[4]$_SDFFE_PN0P_/D (sg13g2_dfrbpq_1)    0.32    0.99    0.66 (MET)
x_reg[4]$_SDFFE_PN0P_/D (sg13g2_dfrbpq_1)    0.32    0.99    0.66 (MET)
x_reg[4]$_SDFFE_PN0P_/D (sg13g2_dfrbpq_1)    0.32    0.99    0.66 (MET)
y_reg[2]$_SDFFE_PN0P_/D (sg13g2_dfrbpq_1)    0.31    0.97    0.66 (MET)
y_reg[2]$_SDFFE_PN0P_/D (sg13g2_dfrbpq_1)    0.31    0.97    0.66 (MET)
y_reg[2]$_SDFFE_PN0P_/D (sg13g2_dfrbpq_1)    0.31    0.97    0.66 (MET)
y_reg[2]$_SDFFE_PN0P_/D (sg13g2_dfrbpq_1)    0.31    0.97    0.66 (MET)
y_reg[3]$_SDFFE_PN0P_/D (sg13g2_dfrbpq_1)    0.34    1.00    0.66 (MET)
y_reg[3]$_SDFFE_PN0P_/D (sg13g2_dfrbpq_1)    0.34    1.00    0.66 (MET)
x_reg[4]$_SDFFE_PN0P_/D (sg13g2_dfrbpq_1)    0.35    1.02    0.66 (MET)
x_reg[4]$_SDFFE_PN0P_/D (sg13g2_dfrbpq_1)    0.35    1.02    0.66 (MET)
x_reg[4]$_SDFFE_PN0P_/D (sg13g2_dfrbpq_1)    0.35    1.02    0.66 (MET)
x_reg[4]$_SDFFE_PN0P_/D (sg13g2_dfrbpq_1)    0.35    1.02    0.66 (MET)
y_reg[3]$_SDFFE_PN0P_/D (sg13g2_dfrbpq_1)    0.31    0.98    0.66 (MET)
y_reg[3]$_SDFFE_PN0P_/D (sg13g2_dfrbpq_1)    0.31    0.98    0.66 (MET)
y_reg[2]$_SDFFE_PN0P_/D (sg13g2_dfrbpq_1)    0.31    0.97    0.66 (MET)
y_reg[2]$_SDFFE_PN0P_/D (sg13g2_dfrbpq_1)    0.31    0.97    0.66 (MET)
y_reg[2]$_SDFFE_PN0P_/D (sg13g2_dfrbpq_1)    0.31    0.97    0.66 (MET)
y_reg[2]$_SDFFE_PN0P_/D (sg13g2_dfrbpq_1)    0.31    0.97    0.66 (MET)
y_reg[2]$_SDFFE_PN0P_/D (sg13g2_dfrbpq_1)    0.34    1.00    0.66 (MET)
y_reg[2]$_SDFFE_PN0P_/D (sg13g2_dfrbpq_1)    0.34    1.00    0.66 (MET)
y_reg[3]$_SDFFE_PN0P_/D (sg13g2_dfrbpq_1)    0.31    0.98    0.66 (MET)
y_reg[3]$_SDFFE_PN0P_/D (sg13g2_dfrbpq_1)    0.31    0.98    0.66 (MET)
y_reg[3]$_SDFFE_PN0P_/D (sg13g2_dfrbpq_1)    0.31    0.98    0.66 (MET)
y_reg[3]$_SDFFE_PN0P_/D (sg13g2_dfrbpq_1)    0.31    0.98    0.66 (MET)
x_reg[5]$_SDFFE_PN0P_/D (sg13g2_dfrbpq_1)    0.34    1.01    0.67 (MET)
x_reg[5]$_SDFFE_PN0P_/D (sg13g2_dfrbpq_1)    0.34    1.01    0.67 (MET)
y_reg[3]$_SDFFE_PN0P_/D (sg13g2_dfrbpq_1)    0.31    0.98    0.67 (MET)
y_reg[3]$_SDFFE_PN0P_/D (sg13g2_dfrbpq_1)    0.31    0.98    0.67 (MET)
y_reg[3]$_SDFFE_PN0P_/D (sg13g2_dfrbpq_1)    0.34    1.01    0.67 (MET)
y_reg[3]$_SDFFE_PN0P_/D (sg13g2_dfrbpq_1)    0.34    1.01    0.67 (MET)
y_reg[3]$_SDFFE_PN0P_/D (sg13g2_dfrbpq_1)    0.34    1.01    0.67 (MET)
y_reg[3]$_SDFFE_PN0P_/D (sg13g2_dfrbpq_1)    0.34    1.01    0.67 (MET)
y_reg[3]$_SDFFE_PN0P_/D (sg13g2_dfrbpq_1)    0.34    1.01    0.67 (MET)
y_reg[3]$_SDFFE_PN0P_/D (sg13g2_dfrbpq_1)    0.34    1.01    0.67 (MET)
y_reg[3]$_SDFFE_PN0P_/D (sg13g2_dfrbpq_1)    0.34    1.01    0.67 (MET)
y_reg[3]$_SDFFE_PN0P_/D (sg13g2_dfrbpq_1)    0.34    1.01    0.67 (MET)
y_reg[3]$_SDFFE_PN0P_/D (sg13g2_dfrbpq_1)    0.31    0.98    0.67 (MET)
y_reg[3]$_SDFFE_PN0P_/D (sg13g2_dfrbpq_1)    0.31    0.98    0.67 (MET)
y_reg[3]$_SDFFE_PN0P_/D (sg13g2_dfrbpq_1)    0.31    0.98    0.67 (MET)
y_reg[3]$_SDFFE_PN0P_/D (sg13g2_dfrbpq_1)    0.31    0.98    0.67 (MET)
x_reg[4]$_SDFFE_PN0P_/D (sg13g2_dfrbpq_1)    0.35    1.02    0.67 (MET)
x_reg[4]$_SDFFE_PN0P_/D (sg13g2_dfrbpq_1)    0.35    1.02    0.67 (MET)
y_reg[4]$_SDFFE_PN0P_/D (sg13g2_dfrbpq_1)    0.34    1.01    0.67 (MET)
y_reg[4]$_SDFFE_PN0P_/D (sg13g2_dfrbpq_1)    0.34    1.01    0.67 (MET)
x_reg[5]$_SDFFE_PN0P_/D (sg13g2_dfrbpq_1)    0.34    1.01    0.67 (MET)
x_reg[5]$_SDFFE_PN0P_/D (sg13g2_dfrbpq_1)    0.34    1.01    0.67 (MET)
x_reg[4]$_SDFFE_PN0P_/D (sg13g2_dfrbpq_1)    0.32    0.99    0.67 (MET)
x_reg[4]$_SDFFE_PN0P_/D (sg13g2_dfrbpq_1)    0.32    0.99    0.67 (MET)
x_reg[4]$_SDFFE_PN0P_/D (sg13g2_dfrbpq_1)    0.32    0.99    0.67 (MET)
x_reg[4]$_SDFFE_PN0P_/D (sg13g2_dfrbpq_1)    0.32    0.99    0.67 (MET)
y_reg[3]$_SDFFE_PN0P_/D (sg13g2_dfrbpq_1)    0.34    1.01    0.67 (MET)
y_reg[3]$_SDFFE_PN0P_/D (sg13g2_dfrbpq_1)    0.34    1.01    0.67 (MET)
y_reg[3]$_SDFFE_PN0P_/D (sg13g2_dfrbpq_1)    0.34    1.01    0.67 (MET)
y_reg[3]$_SDFFE_PN0P_/D (sg13g2_dfrbpq_1)    0.34    1.01    0.67 (MET)
y_reg[3]$_SDFFE_PN0P_/D (sg13g2_dfrbpq_1)    0.34    1.01    0.67 (MET)
y_reg[3]$_SDFFE_PN0P_/D (sg13g2_dfrbpq_1)    0.34    1.01    0.67 (MET)
x_reg[4]$_SDFFE_PN0P_/D (sg13g2_dfrbpq_1)    0.32    0.99    0.67 (MET)
x_reg[4]$_SDFFE_PN0P_/D (sg13g2_dfrbpq_1)    0.32    0.99    0.67 (MET)
x_reg[4]$_SDFFE_PN0P_/D (sg13g2_dfrbpq_1)    0.32    0.99    0.67 (MET)
x_reg[4]$_SDFFE_PN0P_/D (sg13g2_dfrbpq_1)    0.32    0.99    0.67 (MET)
x_reg[4]$_SDFFE_PN0P_/D (sg13g2_dfrbpq_1)    0.32    0.99    0.67 (MET)
x_reg[4]$_SDFFE_PN0P_/D (sg13g2_dfrbpq_1)    0.32    0.99    0.67 (MET)
x_reg[4]$_SDFFE_PN0P_/D (sg13g2_dfrbpq_1)    0.32    0.99    0.67 (MET)
x_reg[4]$_SDFFE_PN0P_/D (sg13g2_dfrbpq_1)    0.32    0.99    0.67 (MET)
x_reg[1]$_SDFFE_PN0P_/D (sg13g2_dfrbpq_1)    0.35    1.02    0.67 (MET)
x_reg[1]$_SDFFE_PN0P_/D (sg13g2_dfrbpq_1)    0.35    1.02    0.67 (MET)
x_reg[6]$_SDFFE_PN0P_/D (sg13g2_dfrbpq_1)    0.34    1.00    0.67 (MET)
x_reg[5]$_SDFFE_PN0P_/D (sg13g2_dfrbpq_1)    0.34    1.01    0.67 (MET)
x_reg[5]$_SDFFE_PN0P_/D (sg13g2_dfrbpq_1)    0.34    1.01    0.67 (MET)
x_reg[5]$_SDFFE_PN0P_/D (sg13g2_dfrbpq_1)    0.34    1.01    0.67 (MET)
x_reg[6]$_SDFFE_PN0P_/D (sg13g2_dfrbpq_1)    0.34    1.00    0.67 (MET)
x_reg[6]$_SDFFE_PN0P_/D (sg13g2_dfrbpq_1)    0.34    1.00    0.67 (MET)
x_reg[6]$_SDFFE_PN0P_/D (sg13g2_dfrbpq_1)    0.34    1.00    0.67 (MET)
x_reg[6]$_SDFFE_PN0P_/D (sg13g2_dfrbpq_1)    0.34    1.00    0.67 (MET)
y_reg[6]$_SDFFE_PN0P_/D (sg13g2_dfrbpq_1)    0.34    1.01    0.67 (MET)
y_reg[6]$_SDFFE_PN0P_/D (sg13g2_dfrbpq_1)    0.34    1.01    0.67 (MET)
y_reg[6]$_SDFFE_PN0P_/D (sg13g2_dfrbpq_1)    0.34    1.01    0.67 (MET)
y_reg[6]$_SDFFE_PN0P_/D (sg13g2_dfrbpq_1)    0.34    1.01    0.67 (MET)
y_reg[1]$_SDFFE_PN0P_/D (sg13g2_dfrbpq_1)    0.34    1.01    0.67 (MET)
y_reg[1]$_SDFFE_PN0P_/D (sg13g2_dfrbpq_1)    0.34    1.01    0.67 (MET)
y_reg[1]$_SDFFE_PN0P_/D (sg13g2_dfrbpq_1)    0.34    1.01    0.67 (MET)
y_reg[1]$_SDFFE_PN0P_/D (sg13g2_dfrbpq_1)    0.34    1.01    0.67 (MET)
x_reg[4]$_SDFFE_PN0P_/D (sg13g2_dfrbpq_1)    0.32    0.99    0.67 (MET)
x_reg[4]$_SDFFE_PN0P_/D (sg13g2_dfrbpq_1)    0.32    0.99    0.67 (MET)
x_reg[4]$_SDFFE_PN0P_/D (sg13g2_dfrbpq_1)    0.32    0.99    0.67 (MET)
x_reg[4]$_SDFFE_PN0P_/D (sg13g2_dfrbpq_1)    0.32    0.99    0.67 (MET)
x_reg[4]$_SDFFE_PN0P_/D (sg13g2_dfrbpq_1)    0.32    0.99    0.67 (MET)
x_reg[4]$_SDFFE_PN0P_/D (sg13g2_dfrbpq_1)    0.32    0.99    0.67 (MET)
x_reg[4]$_SDFFE_PN0P_/D (sg13g2_dfrbpq_1)    0.32    0.99    0.67 (MET)
x_reg[4]$_SDFFE_PN0P_/D (sg13g2_dfrbpq_1)    0.32    0.99    0.67 (MET)
z_reg[9]$_SDFFE_PN0P_/D (sg13g2_dfrbpq_1)    0.32    0.99    0.67 (MET)
z_reg[9]$_SDFFE_PN0P_/D (sg13g2_dfrbpq_1)    0.32    0.99    0.67 (MET)
z_reg[9]$_SDFFE_PN0P_/D (sg13g2_dfrbpq_1)    0.32    0.99    0.67 (MET)
z_reg[9]$_SDFFE_PN0P_/D (sg13g2_dfrbpq_1)    0.32    0.99    0.67 (MET)
y_reg[6]$_SDFFE_PN0P_/D (sg13g2_dfrbpq_1)    0.34    1.01    0.67 (MET)
y_reg[6]$_SDFFE_PN0P_/D (sg13g2_dfrbpq_1)    0.34    1.01    0.67 (MET)
y_reg[6]$_SDFFE_PN0P_/D (sg13g2_dfrbpq_1)    0.34    1.01    0.67 (MET)
y_reg[6]$_SDFFE_PN0P_/D (sg13g2_dfrbpq_1)    0.34    1.01    0.67 (MET)
x_reg[5]$_SDFFE_PN0P_/D (sg13g2_dfrbpq_1)    0.34    1.01    0.67 (MET)
x_reg[5]$_SDFFE_PN0P_/D (sg13g2_dfrbpq_1)    0.34    1.01    0.67 (MET)
x_reg[4]$_SDFFE_PN0P_/D (sg13g2_dfrbpq_1)    0.32    0.99    0.67 (MET)
x_reg[4]$_SDFFE_PN0P_/D (sg13g2_dfrbpq_1)    0.32    0.99    0.67 (MET)
x_reg[4]$_SDFFE_PN0P_/D (sg13g2_dfrbpq_1)    0.32    0.99    0.67 (MET)
x_reg[4]$_SDFFE_PN0P_/D (sg13g2_dfrbpq_1)    0.32    0.99    0.67 (MET)
x_reg[4]$_SDFFE_PN0P_/D (sg13g2_dfrbpq_1)    0.32    0.99    0.67 (MET)
x_reg[4]$_SDFFE_PN0P_/D (sg13g2_dfrbpq_1)    0.32    0.99    0.67 (MET)
x_reg[4]$_SDFFE_PN0P_/D (sg13g2_dfrbpq_1)    0.32    0.99    0.67 (MET)
x_reg[4]$_SDFFE_PN0P_/D (sg13g2_dfrbpq_1)    0.32    0.99    0.67 (MET)
x_reg[4]$_SDFFE_PN0P_/D (sg13g2_dfrbpq_1)    0.32    0.99    0.67 (MET)
x_reg[4]$_SDFFE_PN0P_/D (sg13g2_dfrbpq_1)    0.32    0.99    0.67 (MET)
x_reg[4]$_SDFFE_PN0P_/D (sg13g2_dfrbpq_1)    0.32    0.99    0.67 (MET)
x_reg[4]$_SDFFE_PN0P_/D (sg13g2_dfrbpq_1)    0.32    0.99    0.67 (MET)
x_reg[4]$_SDFFE_PN0P_/D (sg13g2_dfrbpq_1)    0.32    0.99    0.67 (MET)
x_reg[4]$_SDFFE_PN0P_/D (sg13g2_dfrbpq_1)    0.32    0.99    0.67 (MET)
x_reg[4]$_SDFFE_PN0P_/D (sg13g2_dfrbpq_1)    0.32    0.99    0.67 (MET)
x_reg[4]$_SDFFE_PN0P_/D (sg13g2_dfrbpq_1)    0.32    0.99    0.67 (MET)
y_reg[4]$_SDFFE_PN0P_/D (sg13g2_dfrbpq_1)    0.34    1.01    0.67 (MET)
y_reg[4]$_SDFFE_PN0P_/D (sg13g2_dfrbpq_1)    0.34    1.01    0.67 (MET)
y_reg[1]$_SDFFE_PN0P_/D (sg13g2_dfrbpq_1)    0.31    0.98    0.67 (MET)
x_reg[4]$_SDFFE_PN0P_/D (sg13g2_dfrbpq_1)    0.35    1.02    0.67 (MET)
x_reg[4]$_SDFFE_PN0P_/D (sg13g2_dfrbpq_1)    0.35    1.02    0.67 (MET)
x_reg[5]$_SDFFE_PN0P_/D (sg13g2_dfrbpq_1)    0.34    1.01    0.67 (MET)
x_reg[5]$_SDFFE_PN0P_/D (sg13g2_dfrbpq_1)    0.34    1.01    0.67 (MET)
y_reg[2]$_SDFFE_PN0P_/D (sg13g2_dfrbpq_1)    0.34    1.01    0.67 (MET)
y_reg[1]$_SDFFE_PN0P_/D (sg13g2_dfrbpq_1)    0.31    0.98    0.67 (MET)
y_reg[1]$_SDFFE_PN0P_/D (sg13g2_dfrbpq_1)    0.31    0.98    0.67 (MET)
x_reg[5]$_SDFFE_PN0P_/D (sg13g2_dfrbpq_1)    0.34    1.01    0.67 (MET)
y_reg[3]$_SDFFE_PN0P_/D (sg13g2_dfrbpq_1)    0.34    1.01    0.67 (MET)
y_reg[3]$_SDFFE_PN0P_/D (sg13g2_dfrbpq_1)    0.34    1.01    0.67 (MET)
y_reg[3]$_SDFFE_PN0P_/D (sg13g2_dfrbpq_1)    0.34    1.01    0.67 (MET)
y_reg[3]$_SDFFE_PN0P_/D (sg13g2_dfrbpq_1)    0.34    1.01    0.67 (MET)
x_reg[5]$_SDFFE_PN0P_/D (sg13g2_dfrbpq_1)    0.31    0.98    0.67 (MET)
x_reg[5]$_SDFFE_PN0P_/D (sg13g2_dfrbpq_1)    0.31    0.98    0.67 (MET)
y_reg[1]$_SDFFE_PN0P_/D (sg13g2_dfrbpq_1)    0.31    0.99    0.67 (MET)
x_reg[5]$_SDFFE_PN0P_/D (sg13g2_dfrbpq_1)    0.31    0.98    0.67 (MET)
x_reg[5]$_SDFFE_PN0P_/D (sg13g2_dfrbpq_1)    0.31    0.98    0.67 (MET)
x_reg[5]$_SDFFE_PN0P_/D (sg13g2_dfrbpq_1)    0.31    0.98    0.67 (MET)
x_reg[5]$_SDFFE_PN0P_/D (sg13g2_dfrbpq_1)    0.31    0.98    0.67 (MET)
y_reg[1]$_SDFFE_PN0P_/D (sg13g2_dfrbpq_1)    0.31    0.99    0.67 (MET)
y_reg[1]$_SDFFE_PN0P_/D (sg13g2_dfrbpq_1)    0.31    0.99    0.67 (MET)
x_reg[6]$_SDFFE_PN0P_/D (sg13g2_dfrbpq_1)    0.34    1.01    0.67 (MET)
x_reg[6]$_SDFFE_PN0P_/D (sg13g2_dfrbpq_1)    0.34    1.01    0.67 (MET)
x_reg[4]$_SDFFE_PN0P_/D (sg13g2_dfrbpq_1)    0.35    1.03    0.67 (MET)
x_reg[4]$_SDFFE_PN0P_/D (sg13g2_dfrbpq_1)    0.35    1.03    0.67 (MET)
x_reg[4]$_SDFFE_PN0P_/D (sg13g2_dfrbpq_1)    0.35    1.03    0.67 (MET)
x_reg[4]$_SDFFE_PN0P_/D (sg13g2_dfrbpq_1)    0.35    1.03    0.67 (MET)
x_reg[4]$_SDFFE_PN0P_/D (sg13g2_dfrbpq_1)    0.35    1.03    0.67 (MET)
x_reg[4]$_SDFFE_PN0P_/D (sg13g2_dfrbpq_1)    0.35    1.03    0.67 (MET)
x_reg[4]$_SDFFE_PN0P_/D (sg13g2_dfrbpq_1)    0.35    1.03    0.67 (MET)
x_reg[4]$_SDFFE_PN0P_/D (sg13g2_dfrbpq_1)    0.35    1.03    0.67 (MET)
y_reg[2]$_SDFFE_PN0P_/D (sg13g2_dfrbpq_1)    0.34    1.01    0.67 (MET)
y_reg[2]$_SDFFE_PN0P_/D (sg13g2_dfrbpq_1)    0.34    1.01    0.67 (MET)
y_reg[2]$_SDFFE_PN0P_/D (sg13g2_dfrbpq_1)    0.34    1.01    0.67 (MET)
y_reg[2]$_SDFFE_PN0P_/D (sg13g2_dfrbpq_1)    0.34    1.01    0.67 (MET)
y_reg[3]$_SDFFE_PN0P_/D (sg13g2_dfrbpq_1)    0.34    1.01    0.67 (MET)
y_reg[3]$_SDFFE_PN0P_/D (sg13g2_dfrbpq_1)    0.34    1.01    0.67 (MET)
y_reg[3]$_SDFFE_PN0P_/D (sg13g2_dfrbpq_1)    0.34    1.01    0.67 (MET)
y_reg[3]$_SDFFE_PN0P_/D (sg13g2_dfrbpq_1)    0.34    1.01    0.67 (MET)
y_reg[3]$_SDFFE_PN0P_/D (sg13g2_dfrbpq_1)    0.34    1.02    0.67 (MET)
y_reg[3]$_SDFFE_PN0P_/D (sg13g2_dfrbpq_1)    0.34    1.02    0.67 (MET)
y_reg[1]$_SDFFE_PN0P_/D (sg13g2_dfrbpq_1)    0.31    0.99    0.67 (MET)
y_reg[1]$_SDFFE_PN0P_/D (sg13g2_dfrbpq_1)    0.31    0.99    0.67 (MET)
y_reg[1]$_SDFFE_PN0P_/D (sg13g2_dfrbpq_1)    0.31    0.99    0.67 (MET)
y_reg[1]$_SDFFE_PN0P_/D (sg13g2_dfrbpq_1)    0.31    0.99    0.67 (MET)
y_reg[2]$_SDFFE_PN0P_/D (sg13g2_dfrbpq_1)    0.31    0.98    0.67 (MET)
y_reg[2]$_SDFFE_PN0P_/D (sg13g2_dfrbpq_1)    0.31    0.98    0.67 (MET)
y_reg[3]$_SDFFE_PN0P_/D (sg13g2_dfrbpq_1)    0.31    0.99    0.67 (MET)
y_reg[3]$_SDFFE_PN0P_/D (sg13g2_dfrbpq_1)    0.31    0.99    0.67 (MET)
y_reg[3]$_SDFFE_PN0P_/D (sg13g2_dfrbpq_1)    0.31    0.99    0.67 (MET)
y_reg[3]$_SDFFE_PN0P_/D (sg13g2_dfrbpq_1)    0.31    0.99    0.67 (MET)
x_reg[5]$_SDFFE_PN0P_/D (sg13g2_dfrbpq_1)    0.31    0.99    0.67 (MET)
x_reg[5]$_SDFFE_PN0P_/D (sg13g2_dfrbpq_1)    0.31    0.99    0.67 (MET)
y_reg[1]$_SDFFE_PN0P_/D (sg13g2_dfrbpq_1)    0.31    0.99    0.67 (MET)
y_reg[1]$_SDFFE_PN0P_/D (sg13g2_dfrbpq_1)    0.31    0.99    0.67 (MET)
y_reg[1]$_SDFFE_PN0P_/D (sg13g2_dfrbpq_1)    0.31    0.99    0.67 (MET)
y_reg[1]$_SDFFE_PN0P_/D (sg13g2_dfrbpq_1)    0.31    0.99    0.67 (MET)
y_reg[1]$_SDFFE_PN0P_/D (sg13g2_dfrbpq_1)    0.31    0.99    0.67 (MET)
y_reg[1]$_SDFFE_PN0P_/D (sg13g2_dfrbpq_1)    0.31    0.99    0.67 (MET)
y_reg[1]$_SDFFE_PN0P_/D (sg13g2_dfrbpq_1)    0.31    0.99    0.67 (MET)
y_reg[1]$_SDFFE_PN0P_/D (sg13g2_dfrbpq_1)    0.31    0.99    0.67 (MET)
y_reg[3]$_SDFFE_PN0P_/D (sg13g2_dfrbpq_1)    0.31    0.99    0.68 (MET)
y_reg[3]$_SDFFE_PN0P_/D (sg13g2_dfrbpq_1)    0.31    0.99    0.68 (MET)
y_reg[3]$_SDFFE_PN0P_/D (sg13g2_dfrbpq_1)    0.31    0.99    0.68 (MET)
y_reg[3]$_SDFFE_PN0P_/D (sg13g2_dfrbpq_1)    0.31    0.99    0.68 (MET)
y_reg[3]$_SDFFE_PN0P_/D (sg13g2_dfrbpq_1)    0.31    0.99    0.68 (MET)
y_reg[3]$_SDFFE_PN0P_/D (sg13g2_dfrbpq_1)    0.31    0.99    0.68 (MET)
y_reg[3]$_SDFFE_PN0P_/D (sg13g2_dfrbpq_1)    0.31    0.99    0.68 (MET)
y_reg[3]$_SDFFE_PN0P_/D (sg13g2_dfrbpq_1)    0.31    0.99    0.68 (MET)
x_reg[5]$_SDFFE_PN0P_/D (sg13g2_dfrbpq_1)    0.31    0.99    0.68 (MET)
x_reg[5]$_SDFFE_PN0P_/D (sg13g2_dfrbpq_1)    0.31    0.99    0.68 (MET)
x_reg[5]$_SDFFE_PN0P_/D (sg13g2_dfrbpq_1)    0.31    0.99    0.68 (MET)
x_reg[5]$_SDFFE_PN0P_/D (sg13g2_dfrbpq_1)    0.31    0.99    0.68 (MET)
y_reg[2]$_SDFFE_PN0P_/D (sg13g2_dfrbpq_1)    0.31    0.99    0.68 (MET)
y_reg[2]$_SDFFE_PN0P_/D (sg13g2_dfrbpq_1)    0.31    0.99    0.68 (MET)
y_reg[2]$_SDFFE_PN0P_/D (sg13g2_dfrbpq_1)    0.31    0.99    0.68 (MET)
y_reg[2]$_SDFFE_PN0P_/D (sg13g2_dfrbpq_1)    0.31    0.99    0.68 (MET)
x_reg[5]$_SDFFE_PN0P_/D (sg13g2_dfrbpq_1)    0.34    1.02    0.68 (MET)
z_reg[9]$_SDFFE_PN0P_/D (sg13g2_dfrbpq_1)    0.32    0.99    0.68 (MET)
z_reg[9]$_SDFFE_PN0P_/D (sg13g2_dfrbpq_1)    0.32    0.99    0.68 (MET)
z_reg[9]$_SDFFE_PN0P_/D (sg13g2_dfrbpq_1)    0.32    0.99    0.68 (MET)
z_reg[9]$_SDFFE_PN0P_/D (sg13g2_dfrbpq_1)    0.32    0.99    0.68 (MET)
y_reg[3]$_SDFFE_PN0P_/D (sg13g2_dfrbpq_1)    0.34    1.02    0.68 (MET)
y_reg[3]$_SDFFE_PN0P_/D (sg13g2_dfrbpq_1)    0.34    1.02    0.68 (MET)
y_reg[3]$_SDFFE_PN0P_/D (sg13g2_dfrbpq_1)    0.34    1.02    0.68 (MET)
y_reg[3]$_SDFFE_PN0P_/D (sg13g2_dfrbpq_1)    0.34    1.02    0.68 (MET)
x_reg[4]$_SDFFE_PN0P_/D (sg13g2_dfrbpq_1)    0.35    1.03    0.68 (MET)
x_reg[4]$_SDFFE_PN0P_/D (sg13g2_dfrbpq_1)    0.35    1.03    0.68 (MET)
x_reg[4]$_SDFFE_PN0P_/D (sg13g2_dfrbpq_1)    0.35    1.03    0.68 (MET)
x_reg[4]$_SDFFE_PN0P_/D (sg13g2_dfrbpq_1)    0.35    1.03    0.68 (MET)
y_reg[3]$_SDFFE_PN0P_/D (sg13g2_dfrbpq_1)    0.31    0.99    0.68 (MET)
y_reg[3]$_SDFFE_PN0P_/D (sg13g2_dfrbpq_1)    0.31    0.99    0.68 (MET)
y_reg[3]$_SDFFE_PN0P_/D (sg13g2_dfrbpq_1)    0.31    0.99    0.68 (MET)
y_reg[3]$_SDFFE_PN0P_/D (sg13g2_dfrbpq_1)    0.31    0.99    0.68 (MET)
y_reg[3]$_SDFFE_PN0P_/D (sg13g2_dfrbpq_1)    0.34    1.02    0.68 (MET)
y_reg[3]$_SDFFE_PN0P_/D (sg13g2_dfrbpq_1)    0.34    1.02    0.68 (MET)
y_reg[3]$_SDFFE_PN0P_/D (sg13g2_dfrbpq_1)    0.34    1.02    0.68 (MET)
y_reg[3]$_SDFFE_PN0P_/D (sg13g2_dfrbpq_1)    0.34    1.02    0.68 (MET)
y_reg[3]$_SDFFE_PN0P_/D (sg13g2_dfrbpq_1)    0.34    1.02    0.68 (MET)
y_reg[3]$_SDFFE_PN0P_/D (sg13g2_dfrbpq_1)    0.34    1.02    0.68 (MET)
y_reg[3]$_SDFFE_PN0P_/D (sg13g2_dfrbpq_1)    0.31    0.99    0.68 (MET)
y_reg[3]$_SDFFE_PN0P_/D (sg13g2_dfrbpq_1)    0.31    0.99    0.68 (MET)
y_reg[3]$_SDFFE_PN0P_/D (sg13g2_dfrbpq_1)    0.31    0.99    0.68 (MET)
y_reg[3]$_SDFFE_PN0P_/D (sg13g2_dfrbpq_1)    0.31    0.99    0.68 (MET)
y_reg[3]$_SDFFE_PN0P_/D (sg13g2_dfrbpq_1)    0.31    0.99    0.68 (MET)
y_reg[3]$_SDFFE_PN0P_/D (sg13g2_dfrbpq_1)    0.31    0.99    0.68 (MET)
y_reg[3]$_SDFFE_PN0P_/D (sg13g2_dfrbpq_1)    0.31    0.99    0.68 (MET)
y_reg[3]$_SDFFE_PN0P_/D (sg13g2_dfrbpq_1)    0.31    0.99    0.68 (MET)
y_reg[3]$_SDFFE_PN0P_/D (sg13g2_dfrbpq_1)    0.34    1.02    0.68 (MET)
y_reg[3]$_SDFFE_PN0P_/D (sg13g2_dfrbpq_1)    0.34    1.02    0.68 (MET)
y_reg[3]$_SDFFE_PN0P_/D (sg13g2_dfrbpq_1)    0.34    1.02    0.68 (MET)
y_reg[3]$_SDFFE_PN0P_/D (sg13g2_dfrbpq_1)    0.34    1.02    0.68 (MET)
y_reg[3]$_SDFFE_PN0P_/D (sg13g2_dfrbpq_1)    0.34    1.02    0.68 (MET)
y_reg[3]$_SDFFE_PN0P_/D (sg13g2_dfrbpq_1)    0.34    1.02    0.68 (MET)
y_reg[3]$_SDFFE_PN0P_/D (sg13g2_dfrbpq_1)    0.34    1.02    0.68 (MET)
y_reg[3]$_SDFFE_PN0P_/D (sg13g2_dfrbpq_1)    0.34    1.02    0.68 (MET)
y_reg[3]$_SDFFE_PN0P_/D (sg13g2_dfrbpq_1)    0.31    0.99    0.68 (MET)
y_reg[3]$_SDFFE_PN0P_/D (sg13g2_dfrbpq_1)    0.31    0.99    0.68 (MET)
y_reg[3]$_SDFFE_PN0P_/D (sg13g2_dfrbpq_1)    0.31    0.99    0.68 (MET)
x_reg[9]$_SDFFE_PN0P_/D (sg13g2_dfrbpq_1)    0.34    1.02    0.68 (MET)
x_reg[5]$_SDFFE_PN0P_/D (sg13g2_dfrbpq_1)    0.34    1.02    0.68 (MET)
x_reg[5]$_SDFFE_PN0P_/D (sg13g2_dfrbpq_1)    0.34    1.02    0.68 (MET)
y_reg[3]$_SDFFE_PN0P_/D (sg13g2_dfrbpq_1)    0.34    1.02    0.68 (MET)
y_reg[3]$_SDFFE_PN0P_/D (sg13g2_dfrbpq_1)    0.34    1.02    0.68 (MET)
y_reg[3]$_SDFFE_PN0P_/D (sg13g2_dfrbpq_1)    0.34    1.02    0.68 (MET)
y_reg[3]$_SDFFE_PN0P_/D (sg13g2_dfrbpq_1)    0.34    1.02    0.68 (MET)
x_reg[6]$_SDFFE_PN0P_/D (sg13g2_dfrbpq_1)    0.31    0.99    0.68 (MET)
x_reg[6]$_SDFFE_PN0P_/D (sg13g2_dfrbpq_1)    0.31    0.99    0.68 (MET)
y_reg[3]$_SDFFE_PN0P_/D (sg13g2_dfrbpq_1)    0.31    0.99    0.68 (MET)
x_reg[8]$_SDFFE_PN0P_/D (sg13g2_dfrbpq_1)    0.32    1.00    0.68 (MET)
y_reg[3]$_SDFFE_PN0P_/D (sg13g2_dfrbpq_1)    0.34    1.02    0.68 (MET)
y_reg[3]$_SDFFE_PN0P_/D (sg13g2_dfrbpq_1)    0.34    1.02    0.68 (MET)
z_reg[9]$_SDFFE_PN0P_/D (sg13g2_dfrbpq_1)    0.34    1.02    0.68 (MET)
z_reg[9]$_SDFFE_PN0P_/D (sg13g2_dfrbpq_1)    0.34    1.02    0.68 (MET)
x_reg[5]$_SDFFE_PN0P_/D (sg13g2_dfrbpq_1)    0.34    1.02    0.68 (MET)
y_reg[3]$_SDFFE_PN0P_/D (sg13g2_dfrbpq_1)    0.31    0.99    0.68 (MET)
y_reg[3]$_SDFFE_PN0P_/D (sg13g2_dfrbpq_1)    0.31    0.99    0.68 (MET)
y_reg[3]$_SDFFE_PN0P_/D (sg13g2_dfrbpq_1)    0.34    1.02    0.68 (MET)
y_reg[3]$_SDFFE_PN0P_/D (sg13g2_dfrbpq_1)    0.34    1.02    0.68 (MET)
y_reg[3]$_SDFFE_PN0P_/D (sg13g2_dfrbpq_1)    0.34    1.02    0.68 (MET)
y_reg[3]$_SDFFE_PN0P_/D (sg13g2_dfrbpq_1)    0.34    1.02    0.68 (MET)
x_reg[9]$_SDFFE_PN0P_/D (sg13g2_dfrbpq_1)    0.32    1.00    0.68 (MET)
y_reg[2]$_SDFFE_PN0P_/D (sg13g2_dfrbpq_1)    0.34    1.02    0.68 (MET)
y_reg[2]$_SDFFE_PN0P_/D (sg13g2_dfrbpq_1)    0.34    1.02    0.68 (MET)
x_reg[4]$_SDFFE_PN0P_/D (sg13g2_dfrbpq_1)    0.35    1.03    0.68 (MET)
x_reg[4]$_SDFFE_PN0P_/D (sg13g2_dfrbpq_1)    0.35    1.03    0.68 (MET)
x_reg[4]$_SDFFE_PN0P_/D (sg13g2_dfrbpq_1)    0.35    1.03    0.68 (MET)
x_reg[4]$_SDFFE_PN0P_/D (sg13g2_dfrbpq_1)    0.35    1.03    0.68 (MET)
x_reg[5]$_SDFFE_PN0P_/D (sg13g2_dfrbpq_1)    0.34    1.02    0.68 (MET)
x_reg[5]$_SDFFE_PN0P_/D (sg13g2_dfrbpq_1)    0.34    1.02    0.68 (MET)
x_reg[5]$_SDFFE_PN0P_/D (sg13g2_dfrbpq_1)    0.34    1.02    0.68 (MET)
x_reg[5]$_SDFFE_PN0P_/D (sg13g2_dfrbpq_1)    0.34    1.02    0.68 (MET)
x_reg[6]$_SDFFE_PN0P_/D (sg13g2_dfrbpq_1)    0.34    1.02    0.68 (MET)
x_reg[6]$_SDFFE_PN0P_/D (sg13g2_dfrbpq_1)    0.34    1.02    0.68 (MET)
x_reg[9]$_SDFFE_PN0P_/D (sg13g2_dfrbpq_1)    0.32    1.00    0.68 (MET)
x_reg[5]$_SDFFE_PN0P_/D (sg13g2_dfrbpq_1)    0.34    1.02    0.68 (MET)
x_reg[5]$_SDFFE_PN0P_/D (sg13g2_dfrbpq_1)    0.34    1.02    0.68 (MET)
x_reg[6]$_SDFFE_PN0P_/D (sg13g2_dfrbpq_1)    0.34    1.02    0.68 (MET)
x_reg[6]$_SDFFE_PN0P_/D (sg13g2_dfrbpq_1)    0.34    1.02    0.68 (MET)
x_reg[6]$_SDFFE_PN0P_/D (sg13g2_dfrbpq_1)    0.31    0.99    0.68 (MET)
x_reg[6]$_SDFFE_PN0P_/D (sg13g2_dfrbpq_1)    0.31    0.99    0.68 (MET)
x_reg[6]$_SDFFE_PN0P_/D (sg13g2_dfrbpq_1)    0.34    1.02    0.68 (MET)
x_reg[6]$_SDFFE_PN0P_/D (sg13g2_dfrbpq_1)    0.34    1.02    0.68 (MET)
x_reg[6]$_SDFFE_PN0P_/D (sg13g2_dfrbpq_1)    0.34    1.02    0.68 (MET)
x_reg[6]$_SDFFE_PN0P_/D (sg13g2_dfrbpq_1)    0.34    1.02    0.68 (MET)
x_reg[5]$_SDFFE_PN0P_/D (sg13g2_dfrbpq_1)    0.34    1.02    0.68 (MET)
z_reg[9]$_SDFFE_PN0P_/D (sg13g2_dfrbpq_1)    0.32    1.00    0.68 (MET)
z_reg[9]$_SDFFE_PN0P_/D (sg13g2_dfrbpq_1)    0.32    1.00    0.68 (MET)
z_reg[9]$_SDFFE_PN0P_/D (sg13g2_dfrbpq_1)    0.32    1.00    0.68 (MET)
z_reg[9]$_SDFFE_PN0P_/D (sg13g2_dfrbpq_1)    0.32    1.00    0.68 (MET)
z_reg[9]$_SDFFE_PN0P_/D (sg13g2_dfrbpq_1)    0.32    1.00    0.68 (MET)
z_reg[9]$_SDFFE_PN0P_/D (sg13g2_dfrbpq_1)    0.32    1.00    0.68 (MET)
z_reg[9]$_SDFFE_PN0P_/D (sg13g2_dfrbpq_1)    0.32    1.00    0.68 (MET)
z_reg[9]$_SDFFE_PN0P_/D (sg13g2_dfrbpq_1)    0.32    1.00    0.68 (MET)
z_reg[9]$_SDFFE_PN0P_/D (sg13g2_dfrbpq_1)    0.34    1.03    0.68 (MET)
z_reg[9]$_SDFFE_PN0P_/D (sg13g2_dfrbpq_1)    0.34    1.03    0.68 (MET)
x_reg[8]$_SDFFE_PN0P_/D (sg13g2_dfrbpq_1)    0.32    1.00    0.68 (MET)
y_reg[3]$_SDFFE_PN0P_/D (sg13g2_dfrbpq_1)    0.34    1.03    0.68 (MET)
y_reg[3]$_SDFFE_PN0P_/D (sg13g2_dfrbpq_1)    0.34    1.03    0.68 (MET)
y_reg[3]$_SDFFE_PN0P_/D (sg13g2_dfrbpq_1)    0.34    1.03    0.68 (MET)
y_reg[3]$_SDFFE_PN0P_/D (sg13g2_dfrbpq_1)    0.34    1.03    0.68 (MET)
z_reg[9]$_SDFFE_PN0P_/D (sg13g2_dfrbpq_1)    0.34    1.03    0.68 (MET)
z_reg[9]$_SDFFE_PN0P_/D (sg13g2_dfrbpq_1)    0.34    1.03    0.68 (MET)
y_reg[3]$_SDFFE_PN0P_/D (sg13g2_dfrbpq_1)    0.34    1.03    0.68 (MET)
y_reg[3]$_SDFFE_PN0P_/D (sg13g2_dfrbpq_1)    0.34    1.03    0.68 (MET)
y_reg[3]$_SDFFE_PN0P_/D (sg13g2_dfrbpq_1)    0.34    1.03    0.68 (MET)
y_reg[3]$_SDFFE_PN0P_/D (sg13g2_dfrbpq_1)    0.34    1.03    0.68 (MET)
z_reg[9]$_SDFFE_PN0P_/D (sg13g2_dfrbpq_1)    0.32    1.00    0.68 (MET)
z_reg[9]$_SDFFE_PN0P_/D (sg13g2_dfrbpq_1)    0.32    1.00    0.68 (MET)
z_reg[9]$_SDFFE_PN0P_/D (sg13g2_dfrbpq_1)    0.32    1.00    0.69 (MET)
z_reg[9]$_SDFFE_PN0P_/D (sg13g2_dfrbpq_1)    0.32    1.00    0.69 (MET)
x_reg[5]$_SDFFE_PN0P_/D (sg13g2_dfrbpq_1)    0.34    1.03    0.69 (MET)
x_reg[5]$_SDFFE_PN0P_/D (sg13g2_dfrbpq_1)    0.34    1.03    0.69 (MET)
x_reg[1]$_SDFFE_PN0P_/D (sg13g2_dfrbpq_1)    0.32    1.01    0.69 (MET)
x_reg[1]$_SDFFE_PN0P_/D (sg13g2_dfrbpq_1)    0.32    1.01    0.69 (MET)
x_reg[1]$_SDFFE_PN0P_/D (sg13g2_dfrbpq_1)    0.32    1.01    0.69 (MET)
x_reg[1]$_SDFFE_PN0P_/D (sg13g2_dfrbpq_1)    0.32    1.01    0.69 (MET)
y_reg[3]$_SDFFE_PN0P_/D (sg13g2_dfrbpq_1)    0.34    1.03    0.69 (MET)
y_reg[3]$_SDFFE_PN0P_/D (sg13g2_dfrbpq_1)    0.34    1.03    0.69 (MET)
y_reg[3]$_SDFFE_PN0P_/D (sg13g2_dfrbpq_1)    0.34    1.03    0.69 (MET)
y_reg[3]$_SDFFE_PN0P_/D (sg13g2_dfrbpq_1)    0.34    1.03    0.69 (MET)
y_reg[3]$_SDFFE_PN0P_/D (sg13g2_dfrbpq_1)    0.34    1.03    0.69 (MET)
y_reg[3]$_SDFFE_PN0P_/D (sg13g2_dfrbpq_1)    0.34    1.03    0.69 (MET)
y_reg[3]$_SDFFE_PN0P_/D (sg13g2_dfrbpq_1)    0.34    1.03    0.69 (MET)
y_reg[3]$_SDFFE_PN0P_/D (sg13g2_dfrbpq_1)    0.34    1.03    0.69 (MET)
z_reg[9]$_SDFFE_PN0P_/D (sg13g2_dfrbpq_1)    0.34    1.03    0.69 (MET)
z_reg[9]$_SDFFE_PN0P_/D (sg13g2_dfrbpq_1)    0.34    1.03    0.69 (MET)
z_reg[9]$_SDFFE_PN0P_/D (sg13g2_dfrbpq_1)    0.34    1.03    0.69 (MET)
z_reg[9]$_SDFFE_PN0P_/D (sg13g2_dfrbpq_1)    0.34    1.03    0.69 (MET)
x_reg[2]$_SDFFE_PN0P_/D (sg13g2_dfrbpq_1)    0.31    1.00    0.69 (MET)
x_reg[2]$_SDFFE_PN0P_/D (sg13g2_dfrbpq_1)    0.31    1.00    0.69 (MET)
x_reg[2]$_SDFFE_PN0P_/D (sg13g2_dfrbpq_1)    0.31    1.00    0.69 (MET)
x_reg[2]$_SDFFE_PN0P_/D (sg13g2_dfrbpq_1)    0.31    1.00    0.69 (MET)
y_reg[3]$_SDFFE_PN0P_/D (sg13g2_dfrbpq_1)    0.34    1.03    0.69 (MET)
y_reg[3]$_SDFFE_PN0P_/D (sg13g2_dfrbpq_1)    0.34    1.03    0.69 (MET)
y_reg[3]$_SDFFE_PN0P_/D (sg13g2_dfrbpq_1)    0.34    1.03    0.69 (MET)
y_reg[3]$_SDFFE_PN0P_/D (sg13g2_dfrbpq_1)    0.34    1.03    0.69 (MET)
y_reg[3]$_SDFFE_PN0P_/D (sg13g2_dfrbpq_1)    0.34    1.03    0.69 (MET)
y_reg[3]$_SDFFE_PN0P_/D (sg13g2_dfrbpq_1)    0.34    1.03    0.69 (MET)
y_reg[3]$_SDFFE_PN0P_/D (sg13g2_dfrbpq_1)    0.34    1.03    0.69 (MET)
y_reg[3]$_SDFFE_PN0P_/D (sg13g2_dfrbpq_1)    0.34    1.03    0.69 (MET)
x_reg[1]$_SDFFE_PN0P_/D (sg13g2_dfrbpq_1)    0.35    1.04    0.69 (MET)
x_reg[1]$_SDFFE_PN0P_/D (sg13g2_dfrbpq_1)    0.35    1.04    0.69 (MET)
x_reg[1]$_SDFFE_PN0P_/D (sg13g2_dfrbpq_1)    0.35    1.04    0.69 (MET)
x_reg[1]$_SDFFE_PN0P_/D (sg13g2_dfrbpq_1)    0.35    1.04    0.69 (MET)
x_reg[4]$_SDFFE_PN0P_/D (sg13g2_dfrbpq_1)    0.35    1.04    0.69 (MET)
x_reg[4]$_SDFFE_PN0P_/D (sg13g2_dfrbpq_1)    0.35    1.04    0.69 (MET)
x_reg[4]$_SDFFE_PN0P_/D (sg13g2_dfrbpq_1)    0.35    1.04    0.69 (MET)
x_reg[4]$_SDFFE_PN0P_/D (sg13g2_dfrbpq_1)    0.35    1.04    0.69 (MET)
x_reg[4]$_SDFFE_PN0P_/D (sg13g2_dfrbpq_1)    0.35    1.04    0.69 (MET)
x_reg[4]$_SDFFE_PN0P_/D (sg13g2_dfrbpq_1)    0.35    1.04    0.69 (MET)
x_reg[4]$_SDFFE_PN0P_/D (sg13g2_dfrbpq_1)    0.35    1.04    0.69 (MET)
x_reg[4]$_SDFFE_PN0P_/D (sg13g2_dfrbpq_1)    0.35    1.04    0.69 (MET)
x_reg[4]$_SDFFE_PN0P_/D (sg13g2_dfrbpq_1)    0.35    1.04    0.69 (MET)
x_reg[4]$_SDFFE_PN0P_/D (sg13g2_dfrbpq_1)    0.35    1.04    0.69 (MET)
x_reg[4]$_SDFFE_PN0P_/D (sg13g2_dfrbpq_1)    0.35    1.04    0.69 (MET)
x_reg[4]$_SDFFE_PN0P_/D (sg13g2_dfrbpq_1)    0.35    1.04    0.69 (MET)
z_reg[9]$_SDFFE_PN0P_/D (sg13g2_dfrbpq_1)    0.34    1.03    0.69 (MET)
z_reg[9]$_SDFFE_PN0P_/D (sg13g2_dfrbpq_1)    0.34    1.03    0.69 (MET)
x_reg[1]$_SDFFE_PN0P_/D (sg13g2_dfrbpq_1)    0.35    1.04    0.69 (MET)
x_reg[1]$_SDFFE_PN0P_/D (sg13g2_dfrbpq_1)    0.35    1.04    0.69 (MET)
z_reg[9]$_SDFFE_PN0P_/D (sg13g2_dfrbpq_1)    0.34    1.03    0.69 (MET)
z_reg[9]$_SDFFE_PN0P_/D (sg13g2_dfrbpq_1)    0.34    1.03    0.69 (MET)
x_reg[4]$_SDFFE_PN0P_/D (sg13g2_dfrbpq_1)    0.35    1.04    0.69 (MET)
x_reg[4]$_SDFFE_PN0P_/D (sg13g2_dfrbpq_1)    0.35    1.04    0.69 (MET)
x_reg[4]$_SDFFE_PN0P_/D (sg13g2_dfrbpq_1)    0.35    1.04    0.69 (MET)
x_reg[4]$_SDFFE_PN0P_/D (sg13g2_dfrbpq_1)    0.35    1.04    0.69 (MET)
x_reg[4]$_SDFFE_PN0P_/D (sg13g2_dfrbpq_1)    0.35    1.04    0.69 (MET)
x_reg[4]$_SDFFE_PN0P_/D (sg13g2_dfrbpq_1)    0.35    1.04    0.69 (MET)
x_reg[4]$_SDFFE_PN0P_/D (sg13g2_dfrbpq_1)    0.35    1.04    0.69 (MET)
x_reg[4]$_SDFFE_PN0P_/D (sg13g2_dfrbpq_1)    0.35    1.04    0.69 (MET)
x_reg[4]$_SDFFE_PN0P_/D (sg13g2_dfrbpq_1)    0.35    1.04    0.69 (MET)
x_reg[4]$_SDFFE_PN0P_/D (sg13g2_dfrbpq_1)    0.35    1.04    0.69 (MET)
x_reg[4]$_SDFFE_PN0P_/D (sg13g2_dfrbpq_1)    0.35    1.04    0.69 (MET)
x_reg[4]$_SDFFE_PN0P_/D (sg13g2_dfrbpq_1)    0.35    1.04    0.69 (MET)
y_reg[3]$_SDFFE_PN0P_/D (sg13g2_dfrbpq_1)    0.34    1.03    0.69 (MET)
y_reg[3]$_SDFFE_PN0P_/D (sg13g2_dfrbpq_1)    0.34    1.03    0.69 (MET)
y_reg[3]$_SDFFE_PN0P_/D (sg13g2_dfrbpq_1)    0.34    1.03    0.69 (MET)
y_reg[3]$_SDFFE_PN0P_/D (sg13g2_dfrbpq_1)    0.34    1.03    0.69 (MET)
y_reg[3]$_SDFFE_PN0P_/D (sg13g2_dfrbpq_1)    0.34    1.03    0.69 (MET)
y_reg[3]$_SDFFE_PN0P_/D (sg13g2_dfrbpq_1)    0.34    1.03    0.69 (MET)
y_reg[3]$_SDFFE_PN0P_/D (sg13g2_dfrbpq_1)    0.34    1.03    0.69 (MET)
y_reg[3]$_SDFFE_PN0P_/D (sg13g2_dfrbpq_1)    0.34    1.03    0.69 (MET)
y_reg[1]$_SDFFE_PN0P_/D (sg13g2_dfrbpq_1)    0.34    1.03    0.69 (MET)
x_reg[1]$_SDFFE_PN0P_/D (sg13g2_dfrbpq_1)    0.35    1.04    0.69 (MET)
x_reg[1]$_SDFFE_PN0P_/D (sg13g2_dfrbpq_1)    0.35    1.04    0.69 (MET)
x_reg[1]$_SDFFE_PN0P_/D (sg13g2_dfrbpq_1)    0.35    1.04    0.69 (MET)
x_reg[1]$_SDFFE_PN0P_/D (sg13g2_dfrbpq_1)    0.35    1.04    0.69 (MET)
z_reg[9]$_SDFFE_PN0P_/D (sg13g2_dfrbpq_1)    0.34    1.03    0.69 (MET)
z_reg[9]$_SDFFE_PN0P_/D (sg13g2_dfrbpq_1)    0.34    1.03    0.69 (MET)
z_reg[9]$_SDFFE_PN0P_/D (sg13g2_dfrbpq_1)    0.34    1.03    0.69 (MET)
z_reg[9]$_SDFFE_PN0P_/D (sg13g2_dfrbpq_1)    0.34    1.03    0.69 (MET)
x_reg[9]$_SDFFE_PN0P_/D (sg13g2_dfrbpq_1)    0.34    1.03    0.69 (MET)
x_reg[9]$_SDFFE_PN0P_/D (sg13g2_dfrbpq_1)    0.34    1.03    0.69 (MET)
y_reg[3]$_SDFFE_PN0P_/D (sg13g2_dfrbpq_1)    0.34    1.03    0.69 (MET)
y_reg[3]$_SDFFE_PN0P_/D (sg13g2_dfrbpq_1)    0.34    1.03    0.69 (MET)
y_reg[3]$_SDFFE_PN0P_/D (sg13g2_dfrbpq_1)    0.34    1.03    0.69 (MET)
y_reg[3]$_SDFFE_PN0P_/D (sg13g2_dfrbpq_1)    0.34    1.03    0.69 (MET)
x_reg[6]$_SDFFE_PN0P_/D (sg13g2_dfrbpq_1)    0.34    1.03    0.69 (MET)
x_reg[1]$_SDFFE_PN0P_/D (sg13g2_dfrbpq_1)    0.32    1.01    0.69 (MET)
x_reg[1]$_SDFFE_PN0P_/D (sg13g2_dfrbpq_1)    0.32    1.01    0.69 (MET)
x_reg[5]$_SDFFE_PN0P_/D (sg13g2_dfrbpq_1)    0.34    1.03    0.69 (MET)
x_reg[5]$_SDFFE_PN0P_/D (sg13g2_dfrbpq_1)    0.34    1.03    0.69 (MET)
y_reg[3]$_SDFFE_PN0P_/D (sg13g2_dfrbpq_1)    0.34    1.03    0.69 (MET)
y_reg[3]$_SDFFE_PN0P_/D (sg13g2_dfrbpq_1)    0.34    1.03    0.69 (MET)
y_reg[3]$_SDFFE_PN0P_/D (sg13g2_dfrbpq_1)    0.34    1.03    0.69 (MET)
y_reg[3]$_SDFFE_PN0P_/D (sg13g2_dfrbpq_1)    0.34    1.03    0.69 (MET)
y_reg[3]$_SDFFE_PN0P_/D (sg13g2_dfrbpq_1)    0.34    1.03    0.69 (MET)
y_reg[3]$_SDFFE_PN0P_/D (sg13g2_dfrbpq_1)    0.34    1.03    0.69 (MET)
y_reg[3]$_SDFFE_PN0P_/D (sg13g2_dfrbpq_1)    0.34    1.03    0.69 (MET)
y_reg[3]$_SDFFE_PN0P_/D (sg13g2_dfrbpq_1)    0.34    1.03    0.69 (MET)
y_reg[3]$_SDFFE_PN0P_/D (sg13g2_dfrbpq_1)    0.34    1.03    0.69 (MET)
y_reg[3]$_SDFFE_PN0P_/D (sg13g2_dfrbpq_1)    0.34    1.03    0.69 (MET)
y_reg[3]$_SDFFE_PN0P_/D (sg13g2_dfrbpq_1)    0.34    1.03    0.69 (MET)
y_reg[3]$_SDFFE_PN0P_/D (sg13g2_dfrbpq_1)    0.34    1.03    0.69 (MET)
z_reg[9]$_SDFFE_PN0P_/D (sg13g2_dfrbpq_1)    0.32    1.01    0.69 (MET)
z_reg[9]$_SDFFE_PN0P_/D (sg13g2_dfrbpq_1)    0.32    1.01    0.69 (MET)
z_reg[9]$_SDFFE_PN0P_/D (sg13g2_dfrbpq_1)    0.32    1.01    0.69 (MET)
z_reg[9]$_SDFFE_PN0P_/D (sg13g2_dfrbpq_1)    0.32    1.01    0.69 (MET)
z_reg[9]$_SDFFE_PN0P_/D (sg13g2_dfrbpq_1)    0.32    1.01    0.69 (MET)
z_reg[9]$_SDFFE_PN0P_/D (sg13g2_dfrbpq_1)    0.32    1.01    0.69 (MET)
z_reg[9]$_SDFFE_PN0P_/D (sg13g2_dfrbpq_1)    0.32    1.01    0.69 (MET)
z_reg[9]$_SDFFE_PN0P_/D (sg13g2_dfrbpq_1)    0.32    1.01    0.69 (MET)
y_reg[3]$_SDFFE_PN0P_/D (sg13g2_dfrbpq_1)    0.31    1.00    0.69 (MET)
y_reg[3]$_SDFFE_PN0P_/D (sg13g2_dfrbpq_1)    0.34    1.03    0.69 (MET)
y_reg[3]$_SDFFE_PN0P_/D (sg13g2_dfrbpq_1)    0.34    1.03    0.69 (MET)
y_reg[3]$_SDFFE_PN0P_/D (sg13g2_dfrbpq_1)    0.34    1.03    0.69 (MET)
y_reg[3]$_SDFFE_PN0P_/D (sg13g2_dfrbpq_1)    0.34    1.03    0.69 (MET)
y_reg[3]$_SDFFE_PN0P_/D (sg13g2_dfrbpq_1)    0.34    1.03    0.69 (MET)
y_reg[3]$_SDFFE_PN0P_/D (sg13g2_dfrbpq_1)    0.34    1.03    0.69 (MET)
y_reg[3]$_SDFFE_PN0P_/D (sg13g2_dfrbpq_1)    0.34    1.03    0.69 (MET)
y_reg[3]$_SDFFE_PN0P_/D (sg13g2_dfrbpq_1)    0.34    1.03    0.69 (MET)
y_reg[3]$_SDFFE_PN0P_/D (sg13g2_dfrbpq_1)    0.31    1.00    0.69 (MET)
y_reg[3]$_SDFFE_PN0P_/D (sg13g2_dfrbpq_1)    0.31    1.00    0.69 (MET)
y_reg[3]$_SDFFE_PN0P_/D (sg13g2_dfrbpq_1)    0.34    1.03    0.69 (MET)
y_reg[3]$_SDFFE_PN0P_/D (sg13g2_dfrbpq_1)    0.34    1.03    0.69 (MET)
y_reg[3]$_SDFFE_PN0P_/D (sg13g2_dfrbpq_1)    0.34    1.03    0.69 (MET)
y_reg[3]$_SDFFE_PN0P_/D (sg13g2_dfrbpq_1)    0.34    1.03    0.69 (MET)
x_reg[9]$_SDFFE_PN0P_/D (sg13g2_dfrbpq_1)    0.34    1.03    0.69 (MET)
x_reg[4]$_SDFFE_PN0P_/D (sg13g2_dfrbpq_1)    0.35    1.05    0.69 (MET)
x_reg[4]$_SDFFE_PN0P_/D (sg13g2_dfrbpq_1)    0.35    1.05    0.69 (MET)
x_reg[4]$_SDFFE_PN0P_/D (sg13g2_dfrbpq_1)    0.35    1.05    0.69 (MET)
x_reg[4]$_SDFFE_PN0P_/D (sg13g2_dfrbpq_1)    0.35    1.05    0.69 (MET)
y_reg[2]$_SDFFE_PN0P_/D (sg13g2_dfrbpq_1)    0.34    1.03    0.69 (MET)
y_reg[3]$_SDFFE_PN0P_/D (sg13g2_dfrbpq_1)    0.31    1.00    0.69 (MET)
x_reg[5]$_SDFFE_PN0P_/D (sg13g2_dfrbpq_1)    0.34    1.03    0.69 (MET)
x_reg[5]$_SDFFE_PN0P_/D (sg13g2_dfrbpq_1)    0.34    1.03    0.69 (MET)
x_reg[5]$_SDFFE_PN0P_/D (sg13g2_dfrbpq_1)    0.34    1.03    0.69 (MET)
y_reg[1]$_SDFFE_PN0P_/D (sg13g2_dfrbpq_1)    0.31    1.01    0.69 (MET)
y_reg[1]$_SDFFE_PN0P_/D (sg13g2_dfrbpq_1)    0.31    1.01    0.69 (MET)
y_reg[3]$_SDFFE_PN0P_/D (sg13g2_dfrbpq_1)    0.31    1.00    0.69 (MET)
y_reg[3]$_SDFFE_PN0P_/D (sg13g2_dfrbpq_1)    0.31    1.00    0.69 (MET)
y_reg[6]$_SDFFE_PN0P_/D (sg13g2_dfrbpq_1)    0.34    1.04    0.69 (MET)
y_reg[6]$_SDFFE_PN0P_/D (sg13g2_dfrbpq_1)    0.34    1.04    0.69 (MET)
y_reg[6]$_SDFFE_PN0P_/D (sg13g2_dfrbpq_1)    0.34    1.04    0.69 (MET)
y_reg[6]$_SDFFE_PN0P_/D (sg13g2_dfrbpq_1)    0.34    1.04    0.69 (MET)
y_reg[1]$_SDFFE_PN0P_/D (sg13g2_dfrbpq_1)    0.31    1.01    0.69 (MET)
y_reg[1]$_SDFFE_PN0P_/D (sg13g2_dfrbpq_1)    0.31    1.01    0.69 (MET)
y_reg[1]$_SDFFE_PN0P_/D (sg13g2_dfrbpq_1)    0.31    1.01    0.69 (MET)
y_reg[1]$_SDFFE_PN0P_/D (sg13g2_dfrbpq_1)    0.31    1.01    0.69 (MET)
y_reg[6]$_SDFFE_PN0P_/D (sg13g2_dfrbpq_1)    0.34    1.04    0.69 (MET)
y_reg[6]$_SDFFE_PN0P_/D (sg13g2_dfrbpq_1)    0.34    1.04    0.69 (MET)
y_reg[6]$_SDFFE_PN0P_/D (sg13g2_dfrbpq_1)    0.34    1.04    0.69 (MET)
y_reg[6]$_SDFFE_PN0P_/D (sg13g2_dfrbpq_1)    0.34    1.04    0.69 (MET)
y_reg[6]$_SDFFE_PN0P_/D (sg13g2_dfrbpq_1)    0.34    1.04    0.69 (MET)
y_reg[6]$_SDFFE_PN0P_/D (sg13g2_dfrbpq_1)    0.34    1.04    0.69 (MET)
y_reg[6]$_SDFFE_PN0P_/D (sg13g2_dfrbpq_1)    0.34    1.04    0.69 (MET)
y_reg[6]$_SDFFE_PN0P_/D (sg13g2_dfrbpq_1)    0.34    1.04    0.69 (MET)
x_reg[4]$_SDFFE_PN0P_/D (sg13g2_dfrbpq_1)    0.35    1.05    0.69 (MET)
x_reg[4]$_SDFFE_PN0P_/D (sg13g2_dfrbpq_1)    0.35    1.05    0.69 (MET)
y_reg[1]$_SDFFE_PN0P_/D (sg13g2_dfrbpq_1)    0.31    1.01    0.69 (MET)
y_reg[1]$_SDFFE_PN0P_/D (sg13g2_dfrbpq_1)    0.31    1.01    0.69 (MET)
x_reg[5]$_SDFFE_PN0P_/D (sg13g2_dfrbpq_1)    0.34    1.04    0.69 (MET)
x_reg[5]$_SDFFE_PN0P_/D (sg13g2_dfrbpq_1)    0.34    1.04    0.69 (MET)
x_reg[5]$_SDFFE_PN0P_/D (sg13g2_dfrbpq_1)    0.31    1.01    0.70 (MET)
x_reg[5]$_SDFFE_PN0P_/D (sg13g2_dfrbpq_1)    0.31    1.01    0.70 (MET)
y_reg[3]$_SDFFE_PN0P_/D (sg13g2_dfrbpq_1)    0.34    1.04    0.70 (MET)
y_reg[3]$_SDFFE_PN0P_/D (sg13g2_dfrbpq_1)    0.34    1.04    0.70 (MET)
y_reg[3]$_SDFFE_PN0P_/D (sg13g2_dfrbpq_1)    0.34    1.04    0.70 (MET)
y_reg[3]$_SDFFE_PN0P_/D (sg13g2_dfrbpq_1)    0.34    1.04    0.70 (MET)
y_reg[3]$_SDFFE_PN0P_/D (sg13g2_dfrbpq_1)    0.34    1.04    0.70 (MET)
y_reg[3]$_SDFFE_PN0P_/D (sg13g2_dfrbpq_1)    0.34    1.04    0.70 (MET)
y_reg[3]$_SDFFE_PN0P_/D (sg13g2_dfrbpq_1)    0.34    1.04    0.70 (MET)
y_reg[3]$_SDFFE_PN0P_/D (sg13g2_dfrbpq_1)    0.34    1.04    0.70 (MET)
y_reg[1]$_SDFFE_PN0P_/D (sg13g2_dfrbpq_1)    0.31    1.01    0.70 (MET)
y_reg[1]$_SDFFE_PN0P_/D (sg13g2_dfrbpq_1)    0.31    1.01    0.70 (MET)
y_reg[1]$_SDFFE_PN0P_/D (sg13g2_dfrbpq_1)    0.31    1.01    0.70 (MET)
y_reg[1]$_SDFFE_PN0P_/D (sg13g2_dfrbpq_1)    0.31    1.01    0.70 (MET)
x_reg[5]$_SDFFE_PN0P_/D (sg13g2_dfrbpq_1)    0.34    1.04    0.70 (MET)
x_reg[5]$_SDFFE_PN0P_/D (sg13g2_dfrbpq_1)    0.31    1.01    0.70 (MET)
x_reg[5]$_SDFFE_PN0P_/D (sg13g2_dfrbpq_1)    0.31    1.01    0.70 (MET)
x_reg[5]$_SDFFE_PN0P_/D (sg13g2_dfrbpq_1)    0.31    1.01    0.70 (MET)
x_reg[5]$_SDFFE_PN0P_/D (sg13g2_dfrbpq_1)    0.31    1.01    0.70 (MET)
x_reg[4]$_SDFFE_PN0P_/D (sg13g2_dfrbpq_1)    0.35    1.05    0.70 (MET)
y_reg[3]$_SDFFE_PN0P_/D (sg13g2_dfrbpq_1)    0.34    1.04    0.70 (MET)
y_reg[3]$_SDFFE_PN0P_/D (sg13g2_dfrbpq_1)    0.34    1.04    0.70 (MET)
y_reg[3]$_SDFFE_PN0P_/D (sg13g2_dfrbpq_1)    0.34    1.04    0.70 (MET)
y_reg[3]$_SDFFE_PN0P_/D (sg13g2_dfrbpq_1)    0.34    1.04    0.70 (MET)
y_reg[3]$_SDFFE_PN0P_/D (sg13g2_dfrbpq_1)    0.34    1.04    0.70 (MET)
y_reg[3]$_SDFFE_PN0P_/D (sg13g2_dfrbpq_1)    0.34    1.04    0.70 (MET)
y_reg[3]$_SDFFE_PN0P_/D (sg13g2_dfrbpq_1)    0.34    1.04    0.70 (MET)
y_reg[3]$_SDFFE_PN0P_/D (sg13g2_dfrbpq_1)    0.34    1.04    0.70 (MET)
x_reg[4]$_SDFFE_PN0P_/D (sg13g2_dfrbpq_1)    0.35    1.05    0.70 (MET)
x_reg[4]$_SDFFE_PN0P_/D (sg13g2_dfrbpq_1)    0.35    1.05    0.70 (MET)
x_reg[4]$_SDFFE_PN0P_/D (sg13g2_dfrbpq_1)    0.35    1.05    0.70 (MET)
x_reg[4]$_SDFFE_PN0P_/D (sg13g2_dfrbpq_1)    0.35    1.05    0.70 (MET)
x_reg[4]$_SDFFE_PN0P_/D (sg13g2_dfrbpq_1)    0.35    1.05    0.70 (MET)
x_reg[4]$_SDFFE_PN0P_/D (sg13g2_dfrbpq_1)    0.35    1.05    0.70 (MET)
x_reg[4]$_SDFFE_PN0P_/D (sg13g2_dfrbpq_1)    0.35    1.05    0.70 (MET)
x_reg[4]$_SDFFE_PN0P_/D (sg13g2_dfrbpq_1)    0.35    1.05    0.70 (MET)
x_reg[5]$_SDFFE_PN0P_/D (sg13g2_dfrbpq_1)    0.31    1.01    0.70 (MET)
x_reg[5]$_SDFFE_PN0P_/D (sg13g2_dfrbpq_1)    0.31    1.01    0.70 (MET)
x_reg[4]$_SDFFE_PN0P_/D (sg13g2_dfrbpq_1)    0.35    1.05    0.70 (MET)
x_reg[4]$_SDFFE_PN0P_/D (sg13g2_dfrbpq_1)    0.35    1.05    0.70 (MET)
x_reg[4]$_SDFFE_PN0P_/D (sg13g2_dfrbpq_1)    0.35    1.05    0.70 (MET)
x_reg[4]$_SDFFE_PN0P_/D (sg13g2_dfrbpq_1)    0.35    1.05    0.70 (MET)
x_reg[4]$_SDFFE_PN0P_/D (sg13g2_dfrbpq_1)    0.35    1.05    0.70 (MET)
x_reg[4]$_SDFFE_PN0P_/D (sg13g2_dfrbpq_1)    0.35    1.05    0.70 (MET)
x_reg[4]$_SDFFE_PN0P_/D (sg13g2_dfrbpq_1)    0.35    1.05    0.70 (MET)
x_reg[4]$_SDFFE_PN0P_/D (sg13g2_dfrbpq_1)    0.35    1.05    0.70 (MET)
x_reg[4]$_SDFFE_PN0P_/D (sg13g2_dfrbpq_1)    0.35    1.05    0.70 (MET)
x_reg[4]$_SDFFE_PN0P_/D (sg13g2_dfrbpq_1)    0.35    1.05    0.70 (MET)
x_reg[4]$_SDFFE_PN0P_/D (sg13g2_dfrbpq_1)    0.35    1.05    0.70 (MET)
x_reg[4]$_SDFFE_PN0P_/D (sg13g2_dfrbpq_1)    0.35    1.05    0.70 (MET)
x_reg[4]$_SDFFE_PN0P_/D (sg13g2_dfrbpq_1)    0.35    1.05    0.70 (MET)
x_reg[4]$_SDFFE_PN0P_/D (sg13g2_dfrbpq_1)    0.35    1.05    0.70 (MET)
x_reg[4]$_SDFFE_PN0P_/D (sg13g2_dfrbpq_1)    0.35    1.05    0.70 (MET)
x_reg[4]$_SDFFE_PN0P_/D (sg13g2_dfrbpq_1)    0.35    1.05    0.70 (MET)
x_reg[5]$_SDFFE_PN0P_/D (sg13g2_dfrbpq_1)    0.31    1.01    0.70 (MET)
x_reg[5]$_SDFFE_PN0P_/D (sg13g2_dfrbpq_1)    0.31    1.01    0.70 (MET)
x_reg[5]$_SDFFE_PN0P_/D (sg13g2_dfrbpq_1)    0.31    1.01    0.70 (MET)
x_reg[5]$_SDFFE_PN0P_/D (sg13g2_dfrbpq_1)    0.31    1.01    0.70 (MET)
x_reg[4]$_SDFFE_PN0P_/D (sg13g2_dfrbpq_1)    0.35    1.05    0.70 (MET)
x_reg[4]$_SDFFE_PN0P_/D (sg13g2_dfrbpq_1)    0.35    1.05    0.70 (MET)
x_reg[4]$_SDFFE_PN0P_/D (sg13g2_dfrbpq_1)    0.35    1.05    0.70 (MET)
x_reg[4]$_SDFFE_PN0P_/D (sg13g2_dfrbpq_1)    0.35    1.05    0.70 (MET)
x_reg[4]$_SDFFE_PN0P_/D (sg13g2_dfrbpq_1)    0.35    1.05    0.70 (MET)
x_reg[4]$_SDFFE_PN0P_/D (sg13g2_dfrbpq_1)    0.35    1.05    0.70 (MET)
x_reg[4]$_SDFFE_PN0P_/D (sg13g2_dfrbpq_1)    0.35    1.05    0.70 (MET)
x_reg[4]$_SDFFE_PN0P_/D (sg13g2_dfrbpq_1)    0.35    1.05    0.70 (MET)
x_reg[4]$_SDFFE_PN0P_/D (sg13g2_dfrbpq_1)    0.35    1.05    0.70 (MET)
x_reg[4]$_SDFFE_PN0P_/D (sg13g2_dfrbpq_1)    0.35    1.05    0.70 (MET)
x_reg[4]$_SDFFE_PN0P_/D (sg13g2_dfrbpq_1)    0.35    1.05    0.70 (MET)
x_reg[4]$_SDFFE_PN0P_/D (sg13g2_dfrbpq_1)    0.35    1.05    0.70 (MET)
x_reg[4]$_SDFFE_PN0P_/D (sg13g2_dfrbpq_1)    0.35    1.05    0.70 (MET)
x_reg[4]$_SDFFE_PN0P_/D (sg13g2_dfrbpq_1)    0.35    1.05    0.70 (MET)
x_reg[4]$_SDFFE_PN0P_/D (sg13g2_dfrbpq_1)    0.35    1.05    0.70 (MET)
x_reg[4]$_SDFFE_PN0P_/D (sg13g2_dfrbpq_1)    0.35    1.05    0.70 (MET)
x_reg[4]$_SDFFE_PN0P_/D (sg13g2_dfrbpq_1)    0.35    1.05    0.70 (MET)
x_reg[4]$_SDFFE_PN0P_/D (sg13g2_dfrbpq_1)    0.35    1.05    0.70 (MET)
x_reg[4]$_SDFFE_PN0P_/D (sg13g2_dfrbpq_1)    0.35    1.05    0.70 (MET)
x_reg[4]$_SDFFE_PN0P_/D (sg13g2_dfrbpq_1)    0.35    1.05    0.70 (MET)
x_reg[4]$_SDFFE_PN0P_/D (sg13g2_dfrbpq_1)    0.35    1.05    0.70 (MET)
x_reg[4]$_SDFFE_PN0P_/D (sg13g2_dfrbpq_1)    0.35    1.05    0.70 (MET)
x_reg[4]$_SDFFE_PN0P_/D (sg13g2_dfrbpq_1)    0.35    1.05    0.70 (MET)
x_reg[4]$_SDFFE_PN0P_/D (sg13g2_dfrbpq_1)    0.35    1.05    0.70 (MET)
y_reg[1]$_SDFFE_PN0P_/D (sg13g2_dfrbpq_1)    0.34    1.04    0.70 (MET)
y_reg[1]$_SDFFE_PN0P_/D (sg13g2_dfrbpq_1)    0.34    1.04    0.70 (MET)
x_reg[9]$_SDFFE_PN0P_/D (sg13g2_dfrbpq_1)    0.34    1.04    0.70 (MET)
x_reg[9]$_SDFFE_PN0P_/D (sg13g2_dfrbpq_1)    0.32    1.02    0.70 (MET)
y_reg[5]$_SDFFE_PN0P_/D (sg13g2_dfrbpq_1)    0.34    1.04    0.70 (MET)
x_reg[5]$_SDFFE_PN0P_/D (sg13g2_dfrbpq_1)    0.34    1.04    0.70 (MET)
x_reg[4]$_SDFFE_PN0P_/D (sg13g2_dfrbpq_1)    0.35    1.05    0.70 (MET)
x_reg[4]$_SDFFE_PN0P_/D (sg13g2_dfrbpq_1)    0.35    1.05    0.70 (MET)
y_reg[5]$_SDFFE_PN0P_/D (sg13g2_dfrbpq_1)    0.34    1.04    0.70 (MET)
x_reg[4]$_SDFFE_PN0P_/D (sg13g2_dfrbpq_1)    0.35    1.05    0.70 (MET)
x_reg[4]$_SDFFE_PN0P_/D (sg13g2_dfrbpq_1)    0.35    1.05    0.70 (MET)
y_reg[3]$_SDFFE_PN0P_/D (sg13g2_dfrbpq_1)    0.34    1.04    0.70 (MET)
y_reg[3]$_SDFFE_PN0P_/D (sg13g2_dfrbpq_1)    0.34    1.04    0.70 (MET)
y_reg[3]$_SDFFE_PN0P_/D (sg13g2_dfrbpq_1)    0.34    1.04    0.70 (MET)
y_reg[3]$_SDFFE_PN0P_/D (sg13g2_dfrbpq_1)    0.34    1.04    0.70 (MET)
y_reg[3]$_SDFFE_PN0P_/D (sg13g2_dfrbpq_1)    0.34    1.04    0.70 (MET)
y_reg[3]$_SDFFE_PN0P_/D (sg13g2_dfrbpq_1)    0.34    1.04    0.70 (MET)
y_reg[3]$_SDFFE_PN0P_/D (sg13g2_dfrbpq_1)    0.34    1.04    0.70 (MET)
y_reg[3]$_SDFFE_PN0P_/D (sg13g2_dfrbpq_1)    0.34    1.04    0.70 (MET)
x_reg[2]$_SDFFE_PN0P_/D (sg13g2_dfrbpq_1)    0.31    1.01    0.70 (MET)
x_reg[2]$_SDFFE_PN0P_/D (sg13g2_dfrbpq_1)    0.31    1.01    0.70 (MET)
x_reg[2]$_SDFFE_PN0P_/D (sg13g2_dfrbpq_1)    0.31    1.01    0.70 (MET)
x_reg[2]$_SDFFE_PN0P_/D (sg13g2_dfrbpq_1)    0.31    1.01    0.70 (MET)
y_reg[3]$_SDFFE_PN0P_/D (sg13g2_dfrbpq_1)    0.34    1.04    0.70 (MET)
y_reg[3]$_SDFFE_PN0P_/D (sg13g2_dfrbpq_1)    0.34    1.04    0.70 (MET)
y_reg[3]$_SDFFE_PN0P_/D (sg13g2_dfrbpq_1)    0.34    1.04    0.70 (MET)
y_reg[3]$_SDFFE_PN0P_/D (sg13g2_dfrbpq_1)    0.34    1.04    0.70 (MET)
y_reg[3]$_SDFFE_PN0P_/D (sg13g2_dfrbpq_1)    0.34    1.04    0.70 (MET)
y_reg[3]$_SDFFE_PN0P_/D (sg13g2_dfrbpq_1)    0.34    1.04    0.70 (MET)
y_reg[3]$_SDFFE_PN0P_/D (sg13g2_dfrbpq_1)    0.34    1.04    0.70 (MET)
y_reg[3]$_SDFFE_PN0P_/D (sg13g2_dfrbpq_1)    0.34    1.04    0.70 (MET)
y_reg[3]$_SDFFE_PN0P_/D (sg13g2_dfrbpq_1)    0.34    1.04    0.70 (MET)
y_reg[3]$_SDFFE_PN0P_/D (sg13g2_dfrbpq_1)    0.34    1.04    0.70 (MET)
y_reg[3]$_SDFFE_PN0P_/D (sg13g2_dfrbpq_1)    0.34    1.04    0.70 (MET)
y_reg[3]$_SDFFE_PN0P_/D (sg13g2_dfrbpq_1)    0.34    1.04    0.70 (MET)
y_reg[3]$_SDFFE_PN0P_/D (sg13g2_dfrbpq_1)    0.34    1.04    0.70 (MET)
y_reg[3]$_SDFFE_PN0P_/D (sg13g2_dfrbpq_1)    0.34    1.04    0.70 (MET)
y_reg[3]$_SDFFE_PN0P_/D (sg13g2_dfrbpq_1)    0.34    1.04    0.70 (MET)
y_reg[3]$_SDFFE_PN0P_/D (sg13g2_dfrbpq_1)    0.34    1.04    0.70 (MET)
y_reg[5]$_SDFFE_PN0P_/D (sg13g2_dfrbpq_1)    0.34    1.04    0.70 (MET)
y_reg[5]$_SDFFE_PN0P_/D (sg13g2_dfrbpq_1)    0.34    1.04    0.70 (MET)
y_reg[3]$_SDFFE_PN0P_/D (sg13g2_dfrbpq_1)    0.31    1.01    0.70 (MET)
y_reg[3]$_SDFFE_PN0P_/D (sg13g2_dfrbpq_1)    0.31    1.01    0.70 (MET)
x_reg[4]$_SDFFE_PN0P_/D (sg13g2_dfrbpq_1)    0.35    1.05    0.70 (MET)
x_reg[4]$_SDFFE_PN0P_/D (sg13g2_dfrbpq_1)    0.35    1.05    0.70 (MET)
y_reg[3]$_SDFFE_PN0P_/D (sg13g2_dfrbpq_1)    0.34    1.04    0.70 (MET)
y_reg[3]$_SDFFE_PN0P_/D (sg13g2_dfrbpq_1)    0.34    1.04    0.70 (MET)
y_reg[3]$_SDFFE_PN0P_/D (sg13g2_dfrbpq_1)    0.34    1.04    0.70 (MET)
y_reg[3]$_SDFFE_PN0P_/D (sg13g2_dfrbpq_1)    0.34    1.04    0.70 (MET)
y_reg[3]$_SDFFE_PN0P_/D (sg13g2_dfrbpq_1)    0.34    1.04    0.70 (MET)
y_reg[3]$_SDFFE_PN0P_/D (sg13g2_dfrbpq_1)    0.34    1.04    0.70 (MET)
y_reg[3]$_SDFFE_PN0P_/D (sg13g2_dfrbpq_1)    0.34    1.04    0.70 (MET)
y_reg[3]$_SDFFE_PN0P_/D (sg13g2_dfrbpq_1)    0.34    1.04    0.70 (MET)
x_reg[5]$_SDFFE_PN0P_/D (sg13g2_dfrbpq_1)    0.34    1.04    0.70 (MET)
y_reg[2]$_SDFFE_PN0P_/D (sg13g2_dfrbpq_1)    0.34    1.04    0.70 (MET)
y_reg[2]$_SDFFE_PN0P_/D (sg13g2_dfrbpq_1)    0.34    1.04    0.70 (MET)
y_reg[3]$_SDFFE_PN0P_/D (sg13g2_dfrbpq_1)    0.31    1.01    0.70 (MET)
y_reg[3]$_SDFFE_PN0P_/D (sg13g2_dfrbpq_1)    0.31    1.01    0.70 (MET)
y_reg[3]$_SDFFE_PN0P_/D (sg13g2_dfrbpq_1)    0.31    1.01    0.70 (MET)
y_reg[3]$_SDFFE_PN0P_/D (sg13g2_dfrbpq_1)    0.31    1.01    0.70 (MET)
x_reg[4]$_SDFFE_PN0P_/D (sg13g2_dfrbpq_1)    0.35    1.05    0.70 (MET)
x_reg[4]$_SDFFE_PN0P_/D (sg13g2_dfrbpq_1)    0.35    1.05    0.70 (MET)
x_reg[4]$_SDFFE_PN0P_/D (sg13g2_dfrbpq_1)    0.35    1.05    0.70 (MET)
x_reg[4]$_SDFFE_PN0P_/D (sg13g2_dfrbpq_1)    0.35    1.05    0.70 (MET)
x_reg[4]$_SDFFE_PN0P_/D (sg13g2_dfrbpq_1)    0.35    1.05    0.70 (MET)
x_reg[4]$_SDFFE_PN0P_/D (sg13g2_dfrbpq_1)    0.35    1.05    0.70 (MET)
x_reg[4]$_SDFFE_PN0P_/D (sg13g2_dfrbpq_1)    0.35    1.05    0.70 (MET)
x_reg[4]$_SDFFE_PN0P_/D (sg13g2_dfrbpq_1)    0.35    1.05    0.70 (MET)
y_reg[3]$_SDFFE_PN0P_/D (sg13g2_dfrbpq_1)    0.34    1.04    0.70 (MET)
y_reg[3]$_SDFFE_PN0P_/D (sg13g2_dfrbpq_1)    0.34    1.04    0.70 (MET)
y_reg[3]$_SDFFE_PN0P_/D (sg13g2_dfrbpq_1)    0.34    1.04    0.70 (MET)
y_reg[3]$_SDFFE_PN0P_/D (sg13g2_dfrbpq_1)    0.34    1.04    0.70 (MET)
y_reg[3]$_SDFFE_PN0P_/D (sg13g2_dfrbpq_1)    0.34    1.04    0.70 (MET)
y_reg[3]$_SDFFE_PN0P_/D (sg13g2_dfrbpq_1)    0.34    1.04    0.70 (MET)
y_reg[3]$_SDFFE_PN0P_/D (sg13g2_dfrbpq_1)    0.34    1.04    0.70 (MET)
y_reg[3]$_SDFFE_PN0P_/D (sg13g2_dfrbpq_1)    0.34    1.04    0.70 (MET)
x_reg[5]$_SDFFE_PN0P_/D (sg13g2_dfrbpq_1)    0.34    1.04    0.70 (MET)
y_reg[3]$_SDFFE_PN0P_/D (sg13g2_dfrbpq_1)    0.34    1.04    0.70 (MET)
y_reg[3]$_SDFFE_PN0P_/D (sg13g2_dfrbpq_1)    0.34    1.04    0.70 (MET)
x_reg[5]$_SDFFE_PN0P_/D (sg13g2_dfrbpq_1)    0.34    1.04    0.70 (MET)
x_reg[5]$_SDFFE_PN0P_/D (sg13g2_dfrbpq_1)    0.34    1.04    0.70 (MET)
y_reg[3]$_SDFFE_PN0P_/D (sg13g2_dfrbpq_1)    0.31    1.01    0.70 (MET)
y_reg[3]$_SDFFE_PN0P_/D (sg13g2_dfrbpq_1)    0.31    1.01    0.70 (MET)
x_reg[6]$_SDFFE_PN0P_/D (sg13g2_dfrbpq_1)    0.34    1.04    0.70 (MET)
x_reg[6]$_SDFFE_PN0P_/D (sg13g2_dfrbpq_1)    0.34    1.04    0.70 (MET)
x_reg[6]$_SDFFE_PN0P_/D (sg13g2_dfrbpq_1)    0.34    1.04    0.70 (MET)
y_reg[3]$_SDFFE_PN0P_/D (sg13g2_dfrbpq_1)    0.31    1.02    0.70 (MET)
y_reg[3]$_SDFFE_PN0P_/D (sg13g2_dfrbpq_1)    0.31    1.02    0.70 (MET)
y_reg[3]$_SDFFE_PN0P_/D (sg13g2_dfrbpq_1)    0.31    1.02    0.70 (MET)
y_reg[3]$_SDFFE_PN0P_/D (sg13g2_dfrbpq_1)    0.31    1.02    0.70 (MET)
x_reg[6]$_SDFFE_PN0P_/D (sg13g2_dfrbpq_1)    0.31    1.01    0.70 (MET)
x_reg[6]$_SDFFE_PN0P_/D (sg13g2_dfrbpq_1)    0.31    1.01    0.70 (MET)
x_reg[4]$_SDFFE_PN0P_/D (sg13g2_dfrbpq_1)    0.35    1.06    0.70 (MET)
x_reg[4]$_SDFFE_PN0P_/D (sg13g2_dfrbpq_1)    0.35    1.06    0.70 (MET)
x_reg[4]$_SDFFE_PN0P_/D (sg13g2_dfrbpq_1)    0.35    1.06    0.70 (MET)
x_reg[4]$_SDFFE_PN0P_/D (sg13g2_dfrbpq_1)    0.35    1.06    0.70 (MET)
x_reg[5]$_SDFFE_PN0P_/D (sg13g2_dfrbpq_1)    0.34    1.05    0.71 (MET)
x_reg[5]$_SDFFE_PN0P_/D (sg13g2_dfrbpq_1)    0.34    1.05    0.71 (MET)
x_reg[5]$_SDFFE_PN0P_/D (sg13g2_dfrbpq_1)    0.34    1.05    0.71 (MET)
x_reg[5]$_SDFFE_PN0P_/D (sg13g2_dfrbpq_1)    0.34    1.05    0.71 (MET)
x_reg[5]$_SDFFE_PN0P_/D (sg13g2_dfrbpq_1)    0.34    1.05    0.71 (MET)
x_reg[5]$_SDFFE_PN0P_/D (sg13g2_dfrbpq_1)    0.34    1.05    0.71 (MET)
x_reg[5]$_SDFFE_PN0P_/D (sg13g2_dfrbpq_1)    0.34    1.05    0.71 (MET)
y_reg[4]$_SDFFE_PN0P_/D (sg13g2_dfrbpq_1)    0.34    1.05    0.71 (MET)
x_reg[1]$_SDFFE_PN0P_/D (sg13g2_dfrbpq_1)    0.32    1.03    0.71 (MET)
x_reg[1]$_SDFFE_PN0P_/D (sg13g2_dfrbpq_1)    0.32    1.03    0.71 (MET)
y_reg[3]$_SDFFE_PN0P_/D (sg13g2_dfrbpq_1)    0.31    1.02    0.71 (MET)
z_reg[9]$_SDFFE_PN0P_/D (sg13g2_dfrbpq_1)    0.34    1.05    0.71 (MET)
z_reg[9]$_SDFFE_PN0P_/D (sg13g2_dfrbpq_1)    0.34    1.05    0.71 (MET)
y_reg[4]$_SDFFE_PN0P_/D (sg13g2_dfrbpq_1)    0.34    1.05    0.71 (MET)
x_reg[4]$_SDFFE_PN0P_/D (sg13g2_dfrbpq_1)    0.35    1.06    0.71 (MET)
x_reg[4]$_SDFFE_PN0P_/D (sg13g2_dfrbpq_1)    0.35    1.06    0.71 (MET)
y_reg[2]$_SDFFE_PN0P_/D (sg13g2_dfrbpq_1)    0.34    1.05    0.71 (MET)
y_reg[3]$_SDFFE_PN0P_/D (sg13g2_dfrbpq_1)    0.31    1.02    0.71 (MET)
y_reg[3]$_SDFFE_PN0P_/D (sg13g2_dfrbpq_1)    0.31    1.02    0.71 (MET)
z_reg[9]$_SDFFE_PN0P_/D (sg13g2_dfrbpq_1)    0.34    1.05    0.71 (MET)
z_reg[9]$_SDFFE_PN0P_/D (sg13g2_dfrbpq_1)    0.34    1.05    0.71 (MET)
x_reg[5]$_SDFFE_PN0P_/D (sg13g2_dfrbpq_1)    0.31    1.02    0.71 (MET)
x_reg[5]$_SDFFE_PN0P_/D (sg13g2_dfrbpq_1)    0.31    1.02    0.71 (MET)
x_reg[9]$_SDFFE_PN0P_/D (sg13g2_dfrbpq_1)    0.34    1.05    0.71 (MET)
x_reg[6]$_SDFFE_PN0P_/D (sg13g2_dfrbpq_1)    0.31    1.02    0.71 (MET)
x_reg[8]$_SDFFE_PN0P_/D (sg13g2_dfrbpq_1)    0.32    1.03    0.71 (MET)
x_reg[8]$_SDFFE_PN0P_/D (sg13g2_dfrbpq_1)    0.32    1.03    0.71 (MET)
y_reg[3]$_SDFFE_PN0P_/D (sg13g2_dfrbpq_1)    0.31    1.02    0.71 (MET)
x_reg[5]$_SDFFE_PN0P_/D (sg13g2_dfrbpq_1)    0.31    1.02    0.71 (MET)
x_reg[5]$_SDFFE_PN0P_/D (sg13g2_dfrbpq_1)    0.31    1.02    0.71 (MET)
x_reg[5]$_SDFFE_PN0P_/D (sg13g2_dfrbpq_1)    0.31    1.02    0.71 (MET)
x_reg[5]$_SDFFE_PN0P_/D (sg13g2_dfrbpq_1)    0.31    1.02    0.71 (MET)
x_reg[5]$_SDFFE_PN0P_/D (sg13g2_dfrbpq_1)    0.34    1.05    0.71 (MET)
x_reg[5]$_SDFFE_PN0P_/D (sg13g2_dfrbpq_1)    0.34    1.05    0.71 (MET)
x_reg[4]$_SDFFE_PN0P_/D (sg13g2_dfrbpq_1)    0.35    1.06    0.71 (MET)
x_reg[4]$_SDFFE_PN0P_/D (sg13g2_dfrbpq_1)    0.35    1.06    0.71 (MET)
y_reg[4]$_SDFFE_PN0P_/D (sg13g2_dfrbpq_1)    0.34    1.05    0.71 (MET)
y_reg[4]$_SDFFE_PN0P_/D (sg13g2_dfrbpq_1)    0.34    1.05    0.71 (MET)
y_reg[3]$_SDFFE_PN0P_/D (sg13g2_dfrbpq_1)    0.31    1.02    0.71 (MET)
y_reg[3]$_SDFFE_PN0P_/D (sg13g2_dfrbpq_1)    0.31    1.02    0.71 (MET)
y_reg[3]$_SDFFE_PN0P_/D (sg13g2_dfrbpq_1)    0.31    1.02    0.71 (MET)
z_reg[9]$_SDFFE_PN0P_/D (sg13g2_dfrbpq_1)    0.34    1.05    0.71 (MET)
z_reg[9]$_SDFFE_PN0P_/D (sg13g2_dfrbpq_1)    0.34    1.05    0.71 (MET)
z_reg[9]$_SDFFE_PN0P_/D (sg13g2_dfrbpq_1)    0.34    1.05    0.71 (MET)
z_reg[9]$_SDFFE_PN0P_/D (sg13g2_dfrbpq_1)    0.34    1.05    0.71 (MET)
y_reg[3]$_SDFFE_PN0P_/D (sg13g2_dfrbpq_1)    0.31    1.02    0.71 (MET)
y_reg[3]$_SDFFE_PN0P_/D (sg13g2_dfrbpq_1)    0.31    1.02    0.71 (MET)
y_reg[5]$_SDFFE_PN0P_/D (sg13g2_dfrbpq_1)    0.34    1.05    0.71 (MET)
y_reg[5]$_SDFFE_PN0P_/D (sg13g2_dfrbpq_1)    0.34    1.05    0.71 (MET)
x_reg[4]$_SDFFE_PN0P_/D (sg13g2_dfrbpq_1)    0.35    1.06    0.71 (MET)
x_reg[4]$_SDFFE_PN0P_/D (sg13g2_dfrbpq_1)    0.35    1.06    0.71 (MET)
x_reg[4]$_SDFFE_PN0P_/D (sg13g2_dfrbpq_1)    0.35    1.06    0.71 (MET)
x_reg[4]$_SDFFE_PN0P_/D (sg13g2_dfrbpq_1)    0.35    1.06    0.71 (MET)
x_reg[5]$_SDFFE_PN0P_/D (sg13g2_dfrbpq_1)    0.34    1.05    0.71 (MET)
x_reg[5]$_SDFFE_PN0P_/D (sg13g2_dfrbpq_1)    0.34    1.05    0.71 (MET)
y_reg[5]$_SDFFE_PN0P_/D (sg13g2_dfrbpq_1)    0.34    1.05    0.71 (MET)
y_reg[5]$_SDFFE_PN0P_/D (sg13g2_dfrbpq_1)    0.34    1.05    0.71 (MET)
x_reg[2]$_SDFFE_PN0P_/D (sg13g2_dfrbpq_1)    0.31    1.02    0.71 (MET)
x_reg[2]$_SDFFE_PN0P_/D (sg13g2_dfrbpq_1)    0.31    1.02    0.71 (MET)
x_reg[4]$_SDFFE_PN0P_/D (sg13g2_dfrbpq_1)    0.35    1.06    0.71 (MET)
x_reg[4]$_SDFFE_PN0P_/D (sg13g2_dfrbpq_1)    0.35    1.06    0.71 (MET)
x_reg[4]$_SDFFE_PN0P_/D (sg13g2_dfrbpq_1)    0.35    1.06    0.71 (MET)
x_reg[4]$_SDFFE_PN0P_/D (sg13g2_dfrbpq_1)    0.35    1.06    0.71 (MET)
y_reg[4]$_SDFFE_PN0P_/D (sg13g2_dfrbpq_1)    0.31    1.02    0.71 (MET)
x_reg[5]$_SDFFE_PN0P_/D (sg13g2_dfrbpq_1)    0.31    1.02    0.71 (MET)
x_reg[5]$_SDFFE_PN0P_/D (sg13g2_dfrbpq_1)    0.31    1.02    0.71 (MET)
x_reg[5]$_SDFFE_PN0P_/D (sg13g2_dfrbpq_1)    0.31    1.02    0.71 (MET)
x_reg[5]$_SDFFE_PN0P_/D (sg13g2_dfrbpq_1)    0.31    1.02    0.71 (MET)
x_reg[2]$_SDFFE_PN0P_/D (sg13g2_dfrbpq_1)    0.31    1.02    0.71 (MET)
x_reg[2]$_SDFFE_PN0P_/D (sg13g2_dfrbpq_1)    0.31    1.02    0.71 (MET)
x_reg[6]$_SDFFE_PN0P_/D (sg13g2_dfrbpq_1)    0.31    1.02    0.71 (MET)
x_reg[6]$_SDFFE_PN0P_/D (sg13g2_dfrbpq_1)    0.31    1.02    0.71 (MET)
y_reg[3]$_SDFFE_PN0P_/D (sg13g2_dfrbpq_1)    0.31    1.02    0.71 (MET)
x_reg[5]$_SDFFE_PN0P_/D (sg13g2_dfrbpq_1)    0.31    1.02    0.71 (MET)
x_reg[5]$_SDFFE_PN0P_/D (sg13g2_dfrbpq_1)    0.31    1.02    0.71 (MET)
x_reg[5]$_SDFFE_PN0P_/D (sg13g2_dfrbpq_1)    0.31    1.02    0.71 (MET)
x_reg[5]$_SDFFE_PN0P_/D (sg13g2_dfrbpq_1)    0.31    1.02    0.71 (MET)
x_reg[5]$_SDFFE_PN0P_/D (sg13g2_dfrbpq_1)    0.31    1.02    0.71 (MET)
x_reg[5]$_SDFFE_PN0P_/D (sg13g2_dfrbpq_1)    0.31    1.02    0.71 (MET)
x_reg[5]$_SDFFE_PN0P_/D (sg13g2_dfrbpq_1)    0.31    1.02    0.71 (MET)
x_reg[5]$_SDFFE_PN0P_/D (sg13g2_dfrbpq_1)    0.31    1.02    0.71 (MET)
x_reg[5]$_SDFFE_PN0P_/D (sg13g2_dfrbpq_1)    0.31    1.02    0.71 (MET)
x_reg[5]$_SDFFE_PN0P_/D (sg13g2_dfrbpq_1)    0.31    1.02    0.71 (MET)
y_reg[4]$_SDFFE_PN0P_/D (sg13g2_dfrbpq_1)    0.31    1.02    0.71 (MET)
y_reg[4]$_SDFFE_PN0P_/D (sg13g2_dfrbpq_1)    0.31    1.02    0.71 (MET)
y_reg[5]$_SDFFE_PN0P_/D (sg13g2_dfrbpq_1)    0.34    1.05    0.71 (MET)
y_reg[5]$_SDFFE_PN0P_/D (sg13g2_dfrbpq_1)    0.34    1.05    0.71 (MET)
y_reg[5]$_SDFFE_PN0P_/D (sg13g2_dfrbpq_1)    0.34    1.05    0.71 (MET)
y_reg[5]$_SDFFE_PN0P_/D (sg13g2_dfrbpq_1)    0.34    1.05    0.71 (MET)
x_reg[4]$_SDFFE_PN0P_/D (sg13g2_dfrbpq_1)    0.35    1.06    0.71 (MET)
x_reg[4]$_SDFFE_PN0P_/D (sg13g2_dfrbpq_1)    0.35    1.06    0.71 (MET)
x_reg[4]$_SDFFE_PN0P_/D (sg13g2_dfrbpq_1)    0.35    1.06    0.71 (MET)
x_reg[4]$_SDFFE_PN0P_/D (sg13g2_dfrbpq_1)    0.35    1.06    0.71 (MET)
z_reg[9]$_SDFFE_PN0P_/D (sg13g2_dfrbpq_1)    0.34    1.05    0.71 (MET)
z_reg[9]$_SDFFE_PN0P_/D (sg13g2_dfrbpq_1)    0.34    1.05    0.71 (MET)
y_reg[3]$_SDFFE_PN0P_/D (sg13g2_dfrbpq_1)    0.31    1.02    0.71 (MET)
y_reg[3]$_SDFFE_PN0P_/D (sg13g2_dfrbpq_1)    0.31    1.02    0.71 (MET)
x_reg[5]$_SDFFE_PN0P_/D (sg13g2_dfrbpq_1)    0.31    1.02    0.71 (MET)
x_reg[5]$_SDFFE_PN0P_/D (sg13g2_dfrbpq_1)    0.31    1.02    0.71 (MET)
x_reg[5]$_SDFFE_PN0P_/D (sg13g2_dfrbpq_1)    0.31    1.02    0.71 (MET)
x_reg[5]$_SDFFE_PN0P_/D (sg13g2_dfrbpq_1)    0.31    1.02    0.71 (MET)
z_reg[9]$_SDFFE_PN0P_/D (sg13g2_dfrbpq_1)    0.34    1.05    0.71 (MET)
z_reg[9]$_SDFFE_PN0P_/D (sg13g2_dfrbpq_1)    0.34    1.05    0.71 (MET)
x_reg[5]$_SDFFE_PN0P_/D (sg13g2_dfrbpq_1)    0.34    1.05    0.71 (MET)
x_reg[5]$_SDFFE_PN0P_/D (sg13g2_dfrbpq_1)    0.34    1.05    0.71 (MET)
y_reg[3]$_SDFFE_PN0P_/D (sg13g2_dfrbpq_1)    0.31    1.02    0.71 (MET)
y_reg[3]$_SDFFE_PN0P_/D (sg13g2_dfrbpq_1)    0.34    1.05    0.71 (MET)
y_reg[3]$_SDFFE_PN0P_/D (sg13g2_dfrbpq_1)    0.34    1.05    0.71 (MET)
y_reg[3]$_SDFFE_PN0P_/D (sg13g2_dfrbpq_1)    0.34    1.05    0.71 (MET)
y_reg[3]$_SDFFE_PN0P_/D (sg13g2_dfrbpq_1)    0.34    1.05    0.71 (MET)
y_reg[3]$_SDFFE_PN0P_/D (sg13g2_dfrbpq_1)    0.34    1.05    0.71 (MET)
y_reg[3]$_SDFFE_PN0P_/D (sg13g2_dfrbpq_1)    0.34    1.05    0.71 (MET)
y_reg[3]$_SDFFE_PN0P_/D (sg13g2_dfrbpq_1)    0.34    1.05    0.71 (MET)
y_reg[3]$_SDFFE_PN0P_/D (sg13g2_dfrbpq_1)    0.34    1.05    0.71 (MET)
y_reg[3]$_SDFFE_PN0P_/D (sg13g2_dfrbpq_1)    0.34    1.05    0.71 (MET)
y_reg[3]$_SDFFE_PN0P_/D (sg13g2_dfrbpq_1)    0.34    1.05    0.71 (MET)
y_reg[3]$_SDFFE_PN0P_/D (sg13g2_dfrbpq_1)    0.34    1.05    0.71 (MET)
y_reg[3]$_SDFFE_PN0P_/D (sg13g2_dfrbpq_1)    0.34    1.05    0.71 (MET)
y_reg[3]$_SDFFE_PN0P_/D (sg13g2_dfrbpq_1)    0.34    1.05    0.71 (MET)
y_reg[3]$_SDFFE_PN0P_/D (sg13g2_dfrbpq_1)    0.34    1.05    0.71 (MET)
y_reg[3]$_SDFFE_PN0P_/D (sg13g2_dfrbpq_1)    0.34    1.05    0.71 (MET)
y_reg[3]$_SDFFE_PN0P_/D (sg13g2_dfrbpq_1)    0.34    1.05    0.71 (MET)
z_reg[9]$_SDFFE_PN0P_/D (sg13g2_dfrbpq_1)    0.34    1.06    0.71 (MET)
z_reg[9]$_SDFFE_PN0P_/D (sg13g2_dfrbpq_1)    0.34    1.06    0.71 (MET)
z_reg[9]$_SDFFE_PN0P_/D (sg13g2_dfrbpq_1)    0.34    1.06    0.71 (MET)
z_reg[9]$_SDFFE_PN0P_/D (sg13g2_dfrbpq_1)    0.34    1.06    0.71 (MET)
y_reg[6]$_SDFFE_PN0P_/D (sg13g2_dfrbpq_1)    0.34    1.06    0.71 (MET)
y_reg[6]$_SDFFE_PN0P_/D (sg13g2_dfrbpq_1)    0.34    1.06    0.71 (MET)
y_reg[6]$_SDFFE_PN0P_/D (sg13g2_dfrbpq_1)    0.34    1.06    0.71 (MET)
y_reg[6]$_SDFFE_PN0P_/D (sg13g2_dfrbpq_1)    0.34    1.06    0.71 (MET)
y_reg[3]$_SDFFE_PN0P_/D (sg13g2_dfrbpq_1)    0.31    1.02    0.71 (MET)
y_reg[3]$_SDFFE_PN0P_/D (sg13g2_dfrbpq_1)    0.31    1.02    0.71 (MET)
y_reg[3]$_SDFFE_PN0P_/D (sg13g2_dfrbpq_1)    0.31    1.02    0.71 (MET)
y_reg[3]$_SDFFE_PN0P_/D (sg13g2_dfrbpq_1)    0.31    1.02    0.71 (MET)
x_reg[5]$_SDFFE_PN0P_/D (sg13g2_dfrbpq_1)    0.34    1.05    0.71 (MET)
x_reg[5]$_SDFFE_PN0P_/D (sg13g2_dfrbpq_1)    0.34    1.05    0.71 (MET)
y_reg[2]$_SDFFE_PN0P_/D (sg13g2_dfrbpq_1)    0.34    1.05    0.71 (MET)
y_reg[2]$_SDFFE_PN0P_/D (sg13g2_dfrbpq_1)    0.34    1.05    0.71 (MET)
x_reg[6]$_SDFFE_PN0P_/D (sg13g2_dfrbpq_1)    0.31    1.02    0.71 (MET)
x_reg[6]$_SDFFE_PN0P_/D (sg13g2_dfrbpq_1)    0.31    1.02    0.71 (MET)
y_reg[1]$_SDFFE_PN0P_/D (sg13g2_dfrbpq_1)    0.34    1.06    0.71 (MET)
y_reg[1]$_SDFFE_PN0P_/D (sg13g2_dfrbpq_1)    0.34    1.06    0.71 (MET)
x_reg[4]$_SDFFE_PN0P_/D (sg13g2_dfrbpq_1)    0.35    1.07    0.71 (MET)
x_reg[4]$_SDFFE_PN0P_/D (sg13g2_dfrbpq_1)    0.35    1.07    0.71 (MET)
y_reg[3]$_SDFFE_PN0P_/D (sg13g2_dfrbpq_1)    0.34    1.05    0.71 (MET)
y_reg[3]$_SDFFE_PN0P_/D (sg13g2_dfrbpq_1)    0.34    1.05    0.71 (MET)
y_reg[3]$_SDFFE_PN0P_/D (sg13g2_dfrbpq_1)    0.34    1.05    0.71 (MET)
y_reg[3]$_SDFFE_PN0P_/D (sg13g2_dfrbpq_1)    0.34    1.05    0.71 (MET)
x_reg[2]$_SDFFE_PN0P_/D (sg13g2_dfrbpq_1)    0.31    1.02    0.71 (MET)
x_reg[2]$_SDFFE_PN0P_/D (sg13g2_dfrbpq_1)    0.31    1.02    0.71 (MET)
x_reg[2]$_SDFFE_PN0P_/D (sg13g2_dfrbpq_1)    0.31    1.02    0.71 (MET)
x_reg[2]$_SDFFE_PN0P_/D (sg13g2_dfrbpq_1)    0.31    1.02    0.71 (MET)
x_reg[2]$_SDFFE_PN0P_/D (sg13g2_dfrbpq_1)    0.31    1.02    0.71 (MET)
x_reg[2]$_SDFFE_PN0P_/D (sg13g2_dfrbpq_1)    0.31    1.02    0.71 (MET)
x_reg[2]$_SDFFE_PN0P_/D (sg13g2_dfrbpq_1)    0.31    1.02    0.71 (MET)
x_reg[2]$_SDFFE_PN0P_/D (sg13g2_dfrbpq_1)    0.31    1.02    0.71 (MET)
x_reg[4]$_SDFFE_PN0P_/D (sg13g2_dfrbpq_1)    0.35    1.07    0.71 (MET)
x_reg[4]$_SDFFE_PN0P_/D (sg13g2_dfrbpq_1)    0.35    1.07    0.71 (MET)
x_reg[4]$_SDFFE_PN0P_/D (sg13g2_dfrbpq_1)    0.35    1.07    0.71 (MET)
y_reg[3]$_SDFFE_PN0P_/D (sg13g2_dfrbpq_1)    0.31    1.02    0.71 (MET)
y_reg[3]$_SDFFE_PN0P_/D (sg13g2_dfrbpq_1)    0.31    1.02    0.71 (MET)
y_reg[3]$_SDFFE_PN0P_/D (sg13g2_dfrbpq_1)    0.31    1.02    0.71 (MET)
y_reg[3]$_SDFFE_PN0P_/D (sg13g2_dfrbpq_1)    0.31    1.02    0.71 (MET)
z_reg[9]$_SDFFE_PN0P_/D (sg13g2_dfrbpq_1)    0.34    1.06    0.71 (MET)
y_reg[3]$_SDFFE_PN0P_/D (sg13g2_dfrbpq_1)    0.31    1.03    0.71 (MET)
y_reg[3]$_SDFFE_PN0P_/D (sg13g2_dfrbpq_1)    0.31    1.03    0.71 (MET)
y_reg[3]$_SDFFE_PN0P_/D (sg13g2_dfrbpq_1)    0.31    1.03    0.71 (MET)
y_reg[3]$_SDFFE_PN0P_/D (sg13g2_dfrbpq_1)    0.31    1.03    0.71 (MET)
y_reg[3]$_SDFFE_PN0P_/D (sg13g2_dfrbpq_1)    0.31    1.03    0.71 (MET)
y_reg[3]$_SDFFE_PN0P_/D (sg13g2_dfrbpq_1)    0.31    1.03    0.71 (MET)
y_reg[3]$_SDFFE_PN0P_/D (sg13g2_dfrbpq_1)    0.31    1.03    0.71 (MET)
y_reg[3]$_SDFFE_PN0P_/D (sg13g2_dfrbpq_1)    0.31    1.03    0.71 (MET)
y_reg[3]$_SDFFE_PN0P_/D (sg13g2_dfrbpq_1)    0.31    1.03    0.71 (MET)
y_reg[1]$_SDFFE_PN0P_/D (sg13g2_dfrbpq_1)    0.34    1.06    0.71 (MET)
x_reg[5]$_SDFFE_PN0P_/D (sg13g2_dfrbpq_1)    0.31    1.03    0.71 (MET)
x_reg[5]$_SDFFE_PN0P_/D (sg13g2_dfrbpq_1)    0.31    1.03    0.71 (MET)
y_reg[4]$_SDFFE_PN0P_/D (sg13g2_dfrbpq_1)    0.34    1.06    0.72 (MET)
y_reg[4]$_SDFFE_PN0P_/D (sg13g2_dfrbpq_1)    0.34    1.06    0.72 (MET)
x_reg[5]$_SDFFE_PN0P_/D (sg13g2_dfrbpq_1)    0.31    1.03    0.72 (MET)
x_reg[5]$_SDFFE_PN0P_/D (sg13g2_dfrbpq_1)    0.31    1.03    0.72 (MET)
x_reg[5]$_SDFFE_PN0P_/D (sg13g2_dfrbpq_1)    0.31    1.03    0.72 (MET)
x_reg[5]$_SDFFE_PN0P_/D (sg13g2_dfrbpq_1)    0.31    1.03    0.72 (MET)
x_reg[5]$_SDFFE_PN0P_/D (sg13g2_dfrbpq_1)    0.34    1.06    0.72 (MET)
x_reg[5]$_SDFFE_PN0P_/D (sg13g2_dfrbpq_1)    0.34    1.06    0.72 (MET)
x_reg[1]$_SDFFE_PN0P_/D (sg13g2_dfrbpq_1)    0.35    1.07    0.72 (MET)
x_reg[1]$_SDFFE_PN0P_/D (sg13g2_dfrbpq_1)    0.35    1.07    0.72 (MET)
x_reg[1]$_SDFFE_PN0P_/D (sg13g2_dfrbpq_1)    0.35    1.07    0.72 (MET)
x_reg[1]$_SDFFE_PN0P_/D (sg13g2_dfrbpq_1)    0.35    1.07    0.72 (MET)
x_reg[2]$_SDFFE_PN0P_/D (sg13g2_dfrbpq_1)    0.31    1.03    0.72 (MET)
x_reg[2]$_SDFFE_PN0P_/D (sg13g2_dfrbpq_1)    0.31    1.03    0.72 (MET)
x_reg[2]$_SDFFE_PN0P_/D (sg13g2_dfrbpq_1)    0.31    1.03    0.72 (MET)
x_reg[2]$_SDFFE_PN0P_/D (sg13g2_dfrbpq_1)    0.31    1.03    0.72 (MET)
x_reg[4]$_SDFFE_PN0P_/D (sg13g2_dfrbpq_1)    0.35    1.07    0.72 (MET)
x_reg[4]$_SDFFE_PN0P_/D (sg13g2_dfrbpq_1)    0.35    1.07    0.72 (MET)
x_reg[5]$_SDFFE_PN0P_/D (sg13g2_dfrbpq_1)    0.34    1.06    0.72 (MET)
x_reg[5]$_SDFFE_PN0P_/D (sg13g2_dfrbpq_1)    0.34    1.06    0.72 (MET)
y_reg[1]$_SDFFE_PN0P_/D (sg13g2_dfrbpq_1)    0.34    1.06    0.72 (MET)
y_reg[4]$_SDFFE_PN0P_/D (sg13g2_dfrbpq_1)    0.34    1.06    0.72 (MET)
y_reg[4]$_SDFFE_PN0P_/D (sg13g2_dfrbpq_1)    0.34    1.06    0.72 (MET)
y_reg[2]$_SDFFE_PN0P_/D (sg13g2_dfrbpq_1)    0.34    1.06    0.72 (MET)
y_reg[2]$_SDFFE_PN0P_/D (sg13g2_dfrbpq_1)    0.34    1.06    0.72 (MET)
x_reg[4]$_SDFFE_PN0P_/D (sg13g2_dfrbpq_1)    0.35    1.07    0.72 (MET)
x_reg[6]$_SDFFE_PN0P_/D (sg13g2_dfrbpq_1)    0.31    1.02    0.72 (MET)
x_reg[6]$_SDFFE_PN0P_/D (sg13g2_dfrbpq_1)    0.31    1.02    0.72 (MET)
x_reg[6]$_SDFFE_PN0P_/D (sg13g2_dfrbpq_1)    0.31    1.02    0.72 (MET)
x_reg[6]$_SDFFE_PN0P_/D (sg13g2_dfrbpq_1)    0.31    1.02    0.72 (MET)
y_reg[2]$_SDFFE_PN0P_/D (sg13g2_dfrbpq_1)    0.31    1.03    0.72 (MET)
y_reg[3]$_SDFFE_PN0P_/D (sg13g2_dfrbpq_1)    0.34    1.06    0.72 (MET)
y_reg[2]$_SDFFE_PN0P_/D (sg13g2_dfrbpq_1)    0.31    1.03    0.72 (MET)
y_reg[2]$_SDFFE_PN0P_/D (sg13g2_dfrbpq_1)    0.31    1.03    0.72 (MET)
x_reg[5]$_SDFFE_PN0P_/D (sg13g2_dfrbpq_1)    0.34    1.06    0.72 (MET)
x_reg[5]$_SDFFE_PN0P_/D (sg13g2_dfrbpq_1)    0.34    1.06    0.72 (MET)
y_reg[4]$_SDFFE_PN0P_/D (sg13g2_dfrbpq_1)    0.34    1.06    0.72 (MET)
y_reg[4]$_SDFFE_PN0P_/D (sg13g2_dfrbpq_1)    0.34    1.06    0.72 (MET)
y_reg[4]$_SDFFE_PN0P_/D (sg13g2_dfrbpq_1)    0.34    1.06    0.72 (MET)
y_reg[4]$_SDFFE_PN0P_/D (sg13g2_dfrbpq_1)    0.34    1.06    0.72 (MET)
x_reg[4]$_SDFFE_PN0P_/D (sg13g2_dfrbpq_1)    0.35    1.07    0.72 (MET)
x_reg[4]$_SDFFE_PN0P_/D (sg13g2_dfrbpq_1)    0.35    1.07    0.72 (MET)
x_reg[4]$_SDFFE_PN0P_/D (sg13g2_dfrbpq_1)    0.35    1.07    0.72 (MET)
x_reg[4]$_SDFFE_PN0P_/D (sg13g2_dfrbpq_1)    0.35    1.07    0.72 (MET)
x_reg[5]$_SDFFE_PN0P_/D (sg13g2_dfrbpq_1)    0.34    1.06    0.72 (MET)
x_reg[5]$_SDFFE_PN0P_/D (sg13g2_dfrbpq_1)    0.34    1.06    0.72 (MET)
x_reg[5]$_SDFFE_PN0P_/D (sg13g2_dfrbpq_1)    0.34    1.06    0.72 (MET)
x_reg[5]$_SDFFE_PN0P_/D (sg13g2_dfrbpq_1)    0.34    1.06    0.72 (MET)
y_reg[1]$_SDFFE_PN0P_/D (sg13g2_dfrbpq_1)    0.34    1.06    0.72 (MET)
y_reg[1]$_SDFFE_PN0P_/D (sg13g2_dfrbpq_1)    0.34    1.06    0.72 (MET)
x_reg[6]$_SDFFE_PN0P_/D (sg13g2_dfrbpq_1)    0.34    1.06    0.72 (MET)
y_reg[3]$_SDFFE_PN0P_/D (sg13g2_dfrbpq_1)    0.31    1.03    0.72 (MET)
y_reg[1]$_SDFFE_PN0P_/D (sg13g2_dfrbpq_1)    0.34    1.06    0.72 (MET)
y_reg[3]$_SDFFE_PN0P_/D (sg13g2_dfrbpq_1)    0.31    1.03    0.72 (MET)
y_reg[3]$_SDFFE_PN0P_/D (sg13g2_dfrbpq_1)    0.31    1.03    0.72 (MET)
x_reg[5]$_SDFFE_PN0P_/D (sg13g2_dfrbpq_1)    0.34    1.06    0.72 (MET)
x_reg[5]$_SDFFE_PN0P_/D (sg13g2_dfrbpq_1)    0.34    1.06    0.72 (MET)
x_reg[4]$_SDFFE_PN0P_/D (sg13g2_dfrbpq_1)    0.32    1.04    0.72 (MET)
x_reg[4]$_SDFFE_PN0P_/D (sg13g2_dfrbpq_1)    0.32    1.04    0.72 (MET)
x_reg[4]$_SDFFE_PN0P_/D (sg13g2_dfrbpq_1)    0.32    1.04    0.72 (MET)
x_reg[4]$_SDFFE_PN0P_/D (sg13g2_dfrbpq_1)    0.32    1.04    0.72 (MET)
y_reg[3]$_SDFFE_PN0P_/D (sg13g2_dfrbpq_1)    0.31    1.03    0.72 (MET)
y_reg[3]$_SDFFE_PN0P_/D (sg13g2_dfrbpq_1)    0.31    1.03    0.72 (MET)
y_reg[3]$_SDFFE_PN0P_/D (sg13g2_dfrbpq_1)    0.31    1.03    0.72 (MET)
x_reg[4]$_SDFFE_PN0P_/D (sg13g2_dfrbpq_1)    0.32    1.04    0.72 (MET)
x_reg[4]$_SDFFE_PN0P_/D (sg13g2_dfrbpq_1)    0.32    1.04    0.72 (MET)
x_reg[4]$_SDFFE_PN0P_/D (sg13g2_dfrbpq_1)    0.32    1.04    0.72 (MET)
x_reg[4]$_SDFFE_PN0P_/D (sg13g2_dfrbpq_1)    0.32    1.04    0.72 (MET)
x_reg[4]$_SDFFE_PN0P_/D (sg13g2_dfrbpq_1)    0.32    1.04    0.72 (MET)
x_reg[4]$_SDFFE_PN0P_/D (sg13g2_dfrbpq_1)    0.32    1.04    0.72 (MET)
x_reg[4]$_SDFFE_PN0P_/D (sg13g2_dfrbpq_1)    0.32    1.04    0.72 (MET)
x_reg[4]$_SDFFE_PN0P_/D (sg13g2_dfrbpq_1)    0.32    1.04    0.72 (MET)
y_reg[3]$_SDFFE_PN0P_/D (sg13g2_dfrbpq_1)    0.34    1.06    0.72 (MET)
y_reg[3]$_SDFFE_PN0P_/D (sg13g2_dfrbpq_1)    0.34    1.06    0.72 (MET)
x_reg[9]$_SDFFE_PN0P_/D (sg13g2_dfrbpq_1)    0.34    1.06    0.72 (MET)
y_reg[3]$_SDFFE_PN0P_/D (sg13g2_dfrbpq_1)    0.31    1.03    0.72 (MET)
y_reg[3]$_SDFFE_PN0P_/D (sg13g2_dfrbpq_1)    0.31    1.03    0.72 (MET)
y_reg[3]$_SDFFE_PN0P_/D (sg13g2_dfrbpq_1)    0.31    1.03    0.72 (MET)
y_reg[3]$_SDFFE_PN0P_/D (sg13g2_dfrbpq_1)    0.31    1.03    0.72 (MET)
y_reg[3]$_SDFFE_PN0P_/D (sg13g2_dfrbpq_1)    0.31    1.03    0.72 (MET)
y_reg[5]$_SDFFE_PN0P_/D (sg13g2_dfrbpq_1)    0.34    1.06    0.72 (MET)
x_reg[5]$_SDFFE_PN0P_/D (sg13g2_dfrbpq_1)    0.34    1.06    0.72 (MET)
y_reg[3]$_SDFFE_PN0P_/D (sg13g2_dfrbpq_1)    0.31    1.03    0.72 (MET)
y_reg[3]$_SDFFE_PN0P_/D (sg13g2_dfrbpq_1)    0.31    1.03    0.72 (MET)
y_reg[2]$_SDFFE_PN0P_/D (sg13g2_dfrbpq_1)    0.34    1.06    0.72 (MET)
y_reg[2]$_SDFFE_PN0P_/D (sg13g2_dfrbpq_1)    0.34    1.06    0.72 (MET)
y_reg[2]$_SDFFE_PN0P_/D (sg13g2_dfrbpq_1)    0.34    1.06    0.72 (MET)
y_reg[2]$_SDFFE_PN0P_/D (sg13g2_dfrbpq_1)    0.34    1.06    0.72 (MET)
y_reg[5]$_SDFFE_PN0P_/D (sg13g2_dfrbpq_1)    0.34    1.06    0.72 (MET)
y_reg[1]$_SDFFE_PN0P_/D (sg13g2_dfrbpq_1)    0.34    1.07    0.72 (MET)
y_reg[1]$_SDFFE_PN0P_/D (sg13g2_dfrbpq_1)    0.34    1.07    0.72 (MET)
y_reg[3]$_SDFFE_PN0P_/D (sg13g2_dfrbpq_1)    0.31    1.03    0.72 (MET)
y_reg[3]$_SDFFE_PN0P_/D (sg13g2_dfrbpq_1)    0.31    1.03    0.72 (MET)
x_reg[4]$_SDFFE_PN0P_/D (sg13g2_dfrbpq_1)    0.35    1.08    0.72 (MET)
x_reg[4]$_SDFFE_PN0P_/D (sg13g2_dfrbpq_1)    0.35    1.08    0.72 (MET)
x_reg[4]$_SDFFE_PN0P_/D (sg13g2_dfrbpq_1)    0.35    1.08    0.72 (MET)
x_reg[4]$_SDFFE_PN0P_/D (sg13g2_dfrbpq_1)    0.35    1.08    0.72 (MET)
x_reg[4]$_SDFFE_PN0P_/D (sg13g2_dfrbpq_1)    0.35    1.08    0.72 (MET)
x_reg[4]$_SDFFE_PN0P_/D (sg13g2_dfrbpq_1)    0.35    1.08    0.72 (MET)
x_reg[4]$_SDFFE_PN0P_/D (sg13g2_dfrbpq_1)    0.35    1.08    0.72 (MET)
x_reg[4]$_SDFFE_PN0P_/D (sg13g2_dfrbpq_1)    0.35    1.08    0.72 (MET)
y_reg[5]$_SDFFE_PN0P_/D (sg13g2_dfrbpq_1)    0.34    1.06    0.72 (MET)
y_reg[5]$_SDFFE_PN0P_/D (sg13g2_dfrbpq_1)    0.34    1.06    0.72 (MET)
x_reg[4]$_SDFFE_PN0P_/D (sg13g2_dfrbpq_1)    0.35    1.08    0.72 (MET)
x_reg[4]$_SDFFE_PN0P_/D (sg13g2_dfrbpq_1)    0.35    1.08    0.72 (MET)
x_reg[4]$_SDFFE_PN0P_/D (sg13g2_dfrbpq_1)    0.35    1.08    0.72 (MET)
y_reg[1]$_SDFFE_PN0P_/D (sg13g2_dfrbpq_1)    0.34    1.07    0.72 (MET)
y_reg[1]$_SDFFE_PN0P_/D (sg13g2_dfrbpq_1)    0.34    1.07    0.72 (MET)
y_reg[1]$_SDFFE_PN0P_/D (sg13g2_dfrbpq_1)    0.34    1.07    0.72 (MET)
y_reg[1]$_SDFFE_PN0P_/D (sg13g2_dfrbpq_1)    0.34    1.07    0.72 (MET)
x_reg[4]$_SDFFE_PN0P_/D (sg13g2_dfrbpq_1)    0.35    1.08    0.72 (MET)
x_reg[4]$_SDFFE_PN0P_/D (sg13g2_dfrbpq_1)    0.35    1.08    0.72 (MET)
y_reg[3]$_SDFFE_PN0P_/D (sg13g2_dfrbpq_1)    0.31    1.03    0.72 (MET)
y_reg[3]$_SDFFE_PN0P_/D (sg13g2_dfrbpq_1)    0.31    1.03    0.72 (MET)
y_reg[1]$_SDFFE_PN0P_/D (sg13g2_dfrbpq_1)    0.34    1.07    0.72 (MET)
y_reg[1]$_SDFFE_PN0P_/D (sg13g2_dfrbpq_1)    0.34    1.07    0.72 (MET)
y_reg[6]$_SDFFE_PN0P_/D (sg13g2_dfrbpq_1)    0.34    1.07    0.72 (MET)
y_reg[6]$_SDFFE_PN0P_/D (sg13g2_dfrbpq_1)    0.34    1.07    0.72 (MET)
y_reg[6]$_SDFFE_PN0P_/D (sg13g2_dfrbpq_1)    0.34    1.07    0.72 (MET)
y_reg[6]$_SDFFE_PN0P_/D (sg13g2_dfrbpq_1)    0.34    1.07    0.72 (MET)
y_reg[6]$_SDFFE_PN0P_/D (sg13g2_dfrbpq_1)    0.34    1.07    0.72 (MET)
y_reg[6]$_SDFFE_PN0P_/D (sg13g2_dfrbpq_1)    0.34    1.07    0.72 (MET)
y_reg[6]$_SDFFE_PN0P_/D (sg13g2_dfrbpq_1)    0.34    1.07    0.72 (MET)
y_reg[6]$_SDFFE_PN0P_/D (sg13g2_dfrbpq_1)    0.34    1.07    0.72 (MET)
x_reg[6]$_SDFFE_PN0P_/D (sg13g2_dfrbpq_1)    0.31    1.03    0.72 (MET)
y_reg[3]$_SDFFE_PN0P_/D (sg13g2_dfrbpq_1)    0.31    1.04    0.72 (MET)
y_reg[3]$_SDFFE_PN0P_/D (sg13g2_dfrbpq_1)    0.31    1.04    0.72 (MET)
y_reg[3]$_SDFFE_PN0P_/D (sg13g2_dfrbpq_1)    0.31    1.04    0.72 (MET)
y_reg[3]$_SDFFE_PN0P_/D (sg13g2_dfrbpq_1)    0.31    1.04    0.72 (MET)
y_reg[3]$_SDFFE_PN0P_/D (sg13g2_dfrbpq_1)    0.31    1.04    0.72 (MET)
y_reg[3]$_SDFFE_PN0P_/D (sg13g2_dfrbpq_1)    0.31    1.04    0.72 (MET)
y_reg[3]$_SDFFE_PN0P_/D (sg13g2_dfrbpq_1)    0.31    1.04    0.72 (MET)
x_reg[6]$_SDFFE_PN0P_/D (sg13g2_dfrbpq_1)    0.31    1.03    0.72 (MET)
y_reg[3]$_SDFFE_PN0P_/D (sg13g2_dfrbpq_1)    0.31    1.04    0.72 (MET)
y_reg[3]$_SDFFE_PN0P_/D (sg13g2_dfrbpq_1)    0.31    1.04    0.72 (MET)
y_reg[1]$_SDFFE_PN0P_/D (sg13g2_dfrbpq_1)    0.34    1.07    0.72 (MET)
y_reg[1]$_SDFFE_PN0P_/D (sg13g2_dfrbpq_1)    0.34    1.07    0.72 (MET)
y_reg[2]$_SDFFE_PN0P_/D (sg13g2_dfrbpq_1)    0.34    1.06    0.72 (MET)
y_reg[2]$_SDFFE_PN0P_/D (sg13g2_dfrbpq_1)    0.34    1.06    0.72 (MET)
y_reg[3]$_SDFFE_PN0P_/D (sg13g2_dfrbpq_1)    0.31    1.04    0.72 (MET)
y_reg[3]$_SDFFE_PN0P_/D (sg13g2_dfrbpq_1)    0.31    1.04    0.72 (MET)
y_reg[3]$_SDFFE_PN0P_/D (sg13g2_dfrbpq_1)    0.31    1.04    0.72 (MET)
y_reg[3]$_SDFFE_PN0P_/D (sg13g2_dfrbpq_1)    0.31    1.04    0.72 (MET)
x_reg[6]$_SDFFE_PN0P_/D (sg13g2_dfrbpq_1)    0.31    1.03    0.72 (MET)
x_reg[6]$_SDFFE_PN0P_/D (sg13g2_dfrbpq_1)    0.31    1.03    0.72 (MET)
y_reg[3]$_SDFFE_PN0P_/D (sg13g2_dfrbpq_1)    0.31    1.04    0.72 (MET)
y_reg[1]$_SDFFE_PN0P_/D (sg13g2_dfrbpq_1)    0.34    1.07    0.73 (MET)
y_reg[1]$_SDFFE_PN0P_/D (sg13g2_dfrbpq_1)    0.34    1.07    0.73 (MET)
y_reg[3]$_SDFFE_PN0P_/D (sg13g2_dfrbpq_1)    0.31    1.04    0.73 (MET)
y_reg[3]$_SDFFE_PN0P_/D (sg13g2_dfrbpq_1)    0.31    1.04    0.73 (MET)
y_reg[3]$_SDFFE_PN0P_/D (sg13g2_dfrbpq_1)    0.31    1.04    0.73 (MET)
y_reg[3]$_SDFFE_PN0P_/D (sg13g2_dfrbpq_1)    0.31    1.04    0.73 (MET)
x_reg[4]$_SDFFE_PN0P_/D (sg13g2_dfrbpq_1)    0.35    1.08    0.73 (MET)
x_reg[6]$_SDFFE_PN0P_/D (sg13g2_dfrbpq_1)    0.31    1.03    0.73 (MET)
y_reg[3]$_SDFFE_PN0P_/D (sg13g2_dfrbpq_1)    0.31    1.04    0.73 (MET)
y_reg[3]$_SDFFE_PN0P_/D (sg13g2_dfrbpq_1)    0.31    1.04    0.73 (MET)
x_reg[6]$_SDFFE_PN0P_/D (sg13g2_dfrbpq_1)    0.31    1.03    0.73 (MET)
y_reg[3]$_SDFFE_PN0P_/D (sg13g2_dfrbpq_1)    0.31    1.04    0.73 (MET)
y_reg[3]$_SDFFE_PN0P_/D (sg13g2_dfrbpq_1)    0.31    1.04    0.73 (MET)
y_reg[3]$_SDFFE_PN0P_/D (sg13g2_dfrbpq_1)    0.31    1.04    0.73 (MET)
y_reg[3]$_SDFFE_PN0P_/D (sg13g2_dfrbpq_1)    0.31    1.04    0.73 (MET)
x_reg[4]$_SDFFE_PN0P_/D (sg13g2_dfrbpq_1)    0.35    1.08    0.73 (MET)
x_reg[4]$_SDFFE_PN0P_/D (sg13g2_dfrbpq_1)    0.35    1.08    0.73 (MET)
x_reg[4]$_SDFFE_PN0P_/D (sg13g2_dfrbpq_1)    0.35    1.08    0.73 (MET)
x_reg[4]$_SDFFE_PN0P_/D (sg13g2_dfrbpq_1)    0.35    1.08    0.73 (MET)
x_reg[5]$_SDFFE_PN0P_/D (sg13g2_dfrbpq_1)    0.34    1.07    0.73 (MET)
y_reg[3]$_SDFFE_PN0P_/D (sg13g2_dfrbpq_1)    0.31    1.04    0.73 (MET)
y_reg[3]$_SDFFE_PN0P_/D (sg13g2_dfrbpq_1)    0.31    1.04    0.73 (MET)
y_reg[3]$_SDFFE_PN0P_/D (sg13g2_dfrbpq_1)    0.31    1.04    0.73 (MET)
y_reg[3]$_SDFFE_PN0P_/D (sg13g2_dfrbpq_1)    0.31    1.04    0.73 (MET)
x_reg[9]$_SDFFE_PN0P_/D (sg13g2_dfrbpq_1)    0.34    1.07    0.73 (MET)
x_reg[9]$_SDFFE_PN0P_/D (sg13g2_dfrbpq_1)    0.34    1.07    0.73 (MET)
x_reg[5]$_SDFFE_PN0P_/D (sg13g2_dfrbpq_1)    0.34    1.07    0.73 (MET)
x_reg[5]$_SDFFE_PN0P_/D (sg13g2_dfrbpq_1)    0.34    1.07    0.73 (MET)
x_reg[5]$_SDFFE_PN0P_/D (sg13g2_dfrbpq_1)    0.34    1.07    0.73 (MET)
x_reg[5]$_SDFFE_PN0P_/D (sg13g2_dfrbpq_1)    0.34    1.07    0.73 (MET)
y_reg[1]$_SDFFE_PN0P_/D (sg13g2_dfrbpq_1)    0.34    1.07    0.73 (MET)
y_reg[1]$_SDFFE_PN0P_/D (sg13g2_dfrbpq_1)    0.34    1.07    0.73 (MET)
y_reg[3]$_SDFFE_PN0P_/D (sg13g2_dfrbpq_1)    0.31    1.04    0.73 (MET)
x_reg[6]$_SDFFE_PN0P_/D (sg13g2_dfrbpq_1)    0.31    1.03    0.73 (MET)
x_reg[6]$_SDFFE_PN0P_/D (sg13g2_dfrbpq_1)    0.31    1.03    0.73 (MET)
x_reg[4]$_SDFFE_PN0P_/D (sg13g2_dfrbpq_1)    0.35    1.08    0.73 (MET)
x_reg[4]$_SDFFE_PN0P_/D (sg13g2_dfrbpq_1)    0.35    1.08    0.73 (MET)
x_reg[4]$_SDFFE_PN0P_/D (sg13g2_dfrbpq_1)    0.35    1.08    0.73 (MET)
x_reg[4]$_SDFFE_PN0P_/D (sg13g2_dfrbpq_1)    0.35    1.08    0.73 (MET)
x_reg[5]$_SDFFE_PN0P_/D (sg13g2_dfrbpq_1)    0.34    1.07    0.73 (MET)
x_reg[4]$_SDFFE_PN0P_/D (sg13g2_dfrbpq_1)    0.35    1.08    0.73 (MET)
x_reg[4]$_SDFFE_PN0P_/D (sg13g2_dfrbpq_1)    0.35    1.08    0.73 (MET)
y_reg[3]$_SDFFE_PN0P_/D (sg13g2_dfrbpq_1)    0.31    1.04    0.73 (MET)
y_reg[3]$_SDFFE_PN0P_/D (sg13g2_dfrbpq_1)    0.31    1.04    0.73 (MET)
y_reg[3]$_SDFFE_PN0P_/D (sg13g2_dfrbpq_1)    0.31    1.04    0.73 (MET)
y_reg[3]$_SDFFE_PN0P_/D (sg13g2_dfrbpq_1)    0.31    1.04    0.73 (MET)
y_reg[3]$_SDFFE_PN0P_/D (sg13g2_dfrbpq_1)    0.31    1.04    0.73 (MET)
y_reg[3]$_SDFFE_PN0P_/D (sg13g2_dfrbpq_1)    0.31    1.04    0.73 (MET)
y_reg[3]$_SDFFE_PN0P_/D (sg13g2_dfrbpq_1)    0.31    1.04    0.73 (MET)
y_reg[3]$_SDFFE_PN0P_/D (sg13g2_dfrbpq_1)    0.31    1.04    0.73 (MET)
x_reg[4]$_SDFFE_PN0P_/D (sg13g2_dfrbpq_1)    0.35    1.08    0.73 (MET)
x_reg[4]$_SDFFE_PN0P_/D (sg13g2_dfrbpq_1)    0.35    1.08    0.73 (MET)
y_reg[3]$_SDFFE_PN0P_/D (sg13g2_dfrbpq_1)    0.34    1.07    0.73 (MET)
y_reg[3]$_SDFFE_PN0P_/D (sg13g2_dfrbpq_1)    0.34    1.07    0.73 (MET)
x_reg[4]$_SDFFE_PN0P_/D (sg13g2_dfrbpq_1)    0.35    1.08    0.73 (MET)
x_reg[5]$_SDFFE_PN0P_/D (sg13g2_dfrbpq_1)    0.34    1.07    0.73 (MET)
x_reg[5]$_SDFFE_PN0P_/D (sg13g2_dfrbpq_1)    0.34    1.07    0.73 (MET)
x_reg[5]$_SDFFE_PN0P_/D (sg13g2_dfrbpq_1)    0.34    1.07    0.73 (MET)
x_reg[5]$_SDFFE_PN0P_/D (sg13g2_dfrbpq_1)    0.34    1.07    0.73 (MET)
x_reg[4]$_SDFFE_PN0P_/D (sg13g2_dfrbpq_1)    0.35    1.08    0.73 (MET)
x_reg[4]$_SDFFE_PN0P_/D (sg13g2_dfrbpq_1)    0.35    1.08    0.73 (MET)
y_reg[6]$_SDFFE_PN0P_/D (sg13g2_dfrbpq_1)    0.34    1.07    0.73 (MET)
y_reg[6]$_SDFFE_PN0P_/D (sg13g2_dfrbpq_1)    0.34    1.07    0.73 (MET)
x_reg[9]$_SDFFE_PN0P_/D (sg13g2_dfrbpq_1)    0.34    1.07    0.73 (MET)
y_reg[6]$_SDFFE_PN0P_/D (sg13g2_dfrbpq_1)    0.34    1.07    0.73 (MET)
y_reg[6]$_SDFFE_PN0P_/D (sg13g2_dfrbpq_1)    0.34    1.07    0.73 (MET)
y_reg[1]$_SDFFE_PN0P_/D (sg13g2_dfrbpq_1)    0.34    1.07    0.73 (MET)
y_reg[1]$_SDFFE_PN0P_/D (sg13g2_dfrbpq_1)    0.34    1.07    0.73 (MET)
y_reg[1]$_SDFFE_PN0P_/D (sg13g2_dfrbpq_1)    0.34    1.07    0.73 (MET)
y_reg[1]$_SDFFE_PN0P_/D (sg13g2_dfrbpq_1)    0.34    1.07    0.73 (MET)
x_reg[6]$_SDFFE_PN0P_/D (sg13g2_dfrbpq_1)    0.34    1.07    0.73 (MET)
x_reg[9]$_SDFFE_PN0P_/D (sg13g2_dfrbpq_1)    0.34    1.07    0.73 (MET)
y_reg[6]$_SDFFE_PN0P_/D (sg13g2_dfrbpq_1)    0.34    1.07    0.73 (MET)
y_reg[6]$_SDFFE_PN0P_/D (sg13g2_dfrbpq_1)    0.34    1.07    0.73 (MET)
y_reg[6]$_SDFFE_PN0P_/D (sg13g2_dfrbpq_1)    0.34    1.07    0.73 (MET)
y_reg[6]$_SDFFE_PN0P_/D (sg13g2_dfrbpq_1)    0.34    1.07    0.73 (MET)
x_reg[4]$_SDFFE_PN0P_/D (sg13g2_dfrbpq_1)    0.35    1.08    0.73 (MET)
x_reg[4]$_SDFFE_PN0P_/D (sg13g2_dfrbpq_1)    0.35    1.08    0.73 (MET)
y_reg[2]$_SDFFE_PN0P_/D (sg13g2_dfrbpq_1)    0.34    1.07    0.73 (MET)
y_reg[1]$_SDFFE_PN0P_/D (sg13g2_dfrbpq_1)    0.34    1.07    0.73 (MET)
y_reg[1]$_SDFFE_PN0P_/D (sg13g2_dfrbpq_1)    0.34    1.07    0.73 (MET)
y_reg[1]$_SDFFE_PN0P_/D (sg13g2_dfrbpq_1)    0.34    1.07    0.73 (MET)
x_reg[4]$_SDFFE_PN0P_/D (sg13g2_dfrbpq_1)    0.35    1.08    0.73 (MET)
y_reg[4]$_SDFFE_PN0P_/D (sg13g2_dfrbpq_1)    0.31    1.04    0.73 (MET)
x_reg[5]$_SDFFE_PN0P_/D (sg13g2_dfrbpq_1)    0.34    1.07    0.73 (MET)
x_reg[6]$_SDFFE_PN0P_/D (sg13g2_dfrbpq_1)    0.31    1.04    0.73 (MET)
y_reg[3]$_SDFFE_PN0P_/D (sg13g2_dfrbpq_1)    0.31    1.04    0.73 (MET)
y_reg[3]$_SDFFE_PN0P_/D (sg13g2_dfrbpq_1)    0.31    1.04    0.73 (MET)
x_reg[5]$_SDFFE_PN0P_/D (sg13g2_dfrbpq_1)    0.34    1.07    0.73 (MET)
x_reg[5]$_SDFFE_PN0P_/D (sg13g2_dfrbpq_1)    0.34    1.07    0.73 (MET)
x_reg[5]$_SDFFE_PN0P_/D (sg13g2_dfrbpq_1)    0.34    1.07    0.73 (MET)
x_reg[5]$_SDFFE_PN0P_/D (sg13g2_dfrbpq_1)    0.34    1.07    0.73 (MET)
y_reg[3]$_SDFFE_PN0P_/D (sg13g2_dfrbpq_1)    0.31    1.04    0.73 (MET)
y_reg[3]$_SDFFE_PN0P_/D (sg13g2_dfrbpq_1)    0.31    1.04    0.73 (MET)
y_reg[3]$_SDFFE_PN0P_/D (sg13g2_dfrbpq_1)    0.31    1.04    0.73 (MET)
y_reg[3]$_SDFFE_PN0P_/D (sg13g2_dfrbpq_1)    0.31    1.04    0.73 (MET)
y_reg[4]$_SDFFE_PN0P_/D (sg13g2_dfrbpq_1)    0.31    1.04    0.73 (MET)
y_reg[4]$_SDFFE_PN0P_/D (sg13g2_dfrbpq_1)    0.31    1.04    0.73 (MET)
x_reg[9]$_SDFFE_PN0P_/D (sg13g2_dfrbpq_1)    0.34    1.07    0.73 (MET)
y_reg[3]$_SDFFE_PN0P_/D (sg13g2_dfrbpq_1)    0.34    1.07    0.73 (MET)
y_reg[3]$_SDFFE_PN0P_/D (sg13g2_dfrbpq_1)    0.34    1.07    0.73 (MET)
x_reg[9]$_SDFFE_PN0P_/D (sg13g2_dfrbpq_1)    0.32    1.05    0.73 (MET)
x_reg[9]$_SDFFE_PN0P_/D (sg13g2_dfrbpq_1)    0.32    1.05    0.73 (MET)
y_reg[3]$_SDFFE_PN0P_/D (sg13g2_dfrbpq_1)    0.34    1.07    0.73 (MET)
y_reg[3]$_SDFFE_PN0P_/D (sg13g2_dfrbpq_1)    0.34    1.07    0.73 (MET)
y_reg[3]$_SDFFE_PN0P_/D (sg13g2_dfrbpq_1)    0.34    1.07    0.73 (MET)
y_reg[3]$_SDFFE_PN0P_/D (sg13g2_dfrbpq_1)    0.34    1.07    0.73 (MET)
y_reg[5]$_SDFFE_PN0P_/D (sg13g2_dfrbpq_1)    0.34    1.07    0.73 (MET)
y_reg[5]$_SDFFE_PN0P_/D (sg13g2_dfrbpq_1)    0.34    1.07    0.73 (MET)
y_reg[2]$_SDFFE_PN0P_/D (sg13g2_dfrbpq_1)    0.34    1.07    0.73 (MET)
x_reg[5]$_SDFFE_PN0P_/D (sg13g2_dfrbpq_1)    0.34    1.07    0.73 (MET)
x_reg[5]$_SDFFE_PN0P_/D (sg13g2_dfrbpq_1)    0.34    1.07    0.73 (MET)
y_reg[3]$_SDFFE_PN0P_/D (sg13g2_dfrbpq_1)    0.31    1.04    0.73 (MET)
y_reg[3]$_SDFFE_PN0P_/D (sg13g2_dfrbpq_1)    0.31    1.04    0.73 (MET)
z_reg[9]$_SDFFE_PN0P_/D (sg13g2_dfrbpq_1)    0.32    1.05    0.73 (MET)
z_reg[9]$_SDFFE_PN0P_/D (sg13g2_dfrbpq_1)    0.32    1.05    0.73 (MET)
y_reg[5]$_SDFFE_PN0P_/D (sg13g2_dfrbpq_1)    0.34    1.07    0.73 (MET)
y_reg[5]$_SDFFE_PN0P_/D (sg13g2_dfrbpq_1)    0.34    1.07    0.73 (MET)
y_reg[2]$_SDFFE_PN0P_/D (sg13g2_dfrbpq_1)    0.34    1.07    0.73 (MET)
z_reg[9]$_SDFFE_PN0P_/D (sg13g2_dfrbpq_1)    0.32    1.05    0.73 (MET)
z_reg[9]$_SDFFE_PN0P_/D (sg13g2_dfrbpq_1)    0.32    1.05    0.73 (MET)
x_reg[5]$_SDFFE_PN0P_/D (sg13g2_dfrbpq_1)    0.34    1.07    0.73 (MET)
y_reg[3]$_SDFFE_PN0P_/D (sg13g2_dfrbpq_1)    0.31    1.04    0.73 (MET)
y_reg[3]$_SDFFE_PN0P_/D (sg13g2_dfrbpq_1)    0.31    1.04    0.73 (MET)
y_reg[1]$_SDFFE_PN0P_/D (sg13g2_dfrbpq_1)    0.34    1.08    0.73 (MET)
y_reg[1]$_SDFFE_PN0P_/D (sg13g2_dfrbpq_1)    0.34    1.08    0.73 (MET)
y_reg[1]$_SDFFE_PN0P_/D (sg13g2_dfrbpq_1)    0.34    1.08    0.73 (MET)
y_reg[1]$_SDFFE_PN0P_/D (sg13g2_dfrbpq_1)    0.34    1.08    0.73 (MET)
y_reg[3]$_SDFFE_PN0P_/D (sg13g2_dfrbpq_1)    0.31    1.04    0.73 (MET)
y_reg[3]$_SDFFE_PN0P_/D (sg13g2_dfrbpq_1)    0.31    1.04    0.73 (MET)
y_reg[3]$_SDFFE_PN0P_/D (sg13g2_dfrbpq_1)    0.31    1.04    0.73 (MET)
y_reg[3]$_SDFFE_PN0P_/D (sg13g2_dfrbpq_1)    0.31    1.04    0.73 (MET)
y_reg[5]$_SDFFE_PN0P_/D (sg13g2_dfrbpq_1)    0.34    1.07    0.73 (MET)
y_reg[5]$_SDFFE_PN0P_/D (sg13g2_dfrbpq_1)    0.34    1.07    0.73 (MET)
y_reg[5]$_SDFFE_PN0P_/D (sg13g2_dfrbpq_1)    0.34    1.07    0.73 (MET)
y_reg[5]$_SDFFE_PN0P_/D (sg13g2_dfrbpq_1)    0.34    1.07    0.73 (MET)
x_reg[4]$_SDFFE_PN0P_/D (sg13g2_dfrbpq_1)    0.35    1.09    0.73 (MET)
x_reg[4]$_SDFFE_PN0P_/D (sg13g2_dfrbpq_1)    0.35    1.09    0.73 (MET)
x_reg[4]$_SDFFE_PN0P_/D (sg13g2_dfrbpq_1)    0.35    1.09    0.73 (MET)
x_reg[4]$_SDFFE_PN0P_/D (sg13g2_dfrbpq_1)    0.35    1.09    0.73 (MET)
x_reg[4]$_SDFFE_PN0P_/D (sg13g2_dfrbpq_1)    0.35    1.09    0.73 (MET)
x_reg[4]$_SDFFE_PN0P_/D (sg13g2_dfrbpq_1)    0.35    1.09    0.73 (MET)
y_reg[3]$_SDFFE_PN0P_/D (sg13g2_dfrbpq_1)    0.31    1.04    0.73 (MET)
y_reg[3]$_SDFFE_PN0P_/D (sg13g2_dfrbpq_1)    0.31    1.04    0.73 (MET)
y_reg[3]$_SDFFE_PN0P_/D (sg13g2_dfrbpq_1)    0.31    1.04    0.73 (MET)
y_reg[3]$_SDFFE_PN0P_/D (sg13g2_dfrbpq_1)    0.31    1.04    0.73 (MET)
y_reg[1]$_SDFFE_PN0P_/D (sg13g2_dfrbpq_1)    0.34    1.08    0.73 (MET)
y_reg[1]$_SDFFE_PN0P_/D (sg13g2_dfrbpq_1)    0.34    1.08    0.73 (MET)
y_reg[1]$_SDFFE_PN0P_/D (sg13g2_dfrbpq_1)    0.34    1.08    0.73 (MET)
y_reg[1]$_SDFFE_PN0P_/D (sg13g2_dfrbpq_1)    0.34    1.08    0.73 (MET)
y_reg[6]$_SDFFE_PN0P_/D (sg13g2_dfrbpq_1)    0.34    1.08    0.73 (MET)
y_reg[6]$_SDFFE_PN0P_/D (sg13g2_dfrbpq_1)    0.34    1.08    0.73 (MET)
y_reg[6]$_SDFFE_PN0P_/D (sg13g2_dfrbpq_1)    0.34    1.08    0.73 (MET)
y_reg[6]$_SDFFE_PN0P_/D (sg13g2_dfrbpq_1)    0.34    1.08    0.73 (MET)
y_reg[3]$_SDFFE_PN0P_/D (sg13g2_dfrbpq_1)    0.34    1.07    0.73 (MET)
y_reg[3]$_SDFFE_PN0P_/D (sg13g2_dfrbpq_1)    0.34    1.07    0.73 (MET)
y_reg[2]$_SDFFE_PN0P_/D (sg13g2_dfrbpq_1)    0.34    1.07    0.73 (MET)
y_reg[2]$_SDFFE_PN0P_/D (sg13g2_dfrbpq_1)    0.34    1.07    0.73 (MET)
y_reg[2]$_SDFFE_PN0P_/D (sg13g2_dfrbpq_1)    0.34    1.07    0.73 (MET)
y_reg[2]$_SDFFE_PN0P_/D (sg13g2_dfrbpq_1)    0.34    1.07    0.73 (MET)
y_reg[3]$_SDFFE_PN0P_/D (sg13g2_dfrbpq_1)    0.31    1.05    0.73 (MET)
y_reg[3]$_SDFFE_PN0P_/D (sg13g2_dfrbpq_1)    0.31    1.05    0.73 (MET)
y_reg[3]$_SDFFE_PN0P_/D (sg13g2_dfrbpq_1)    0.34    1.08    0.73 (MET)
y_reg[3]$_SDFFE_PN0P_/D (sg13g2_dfrbpq_1)    0.34    1.08    0.73 (MET)
y_reg[1]$_SDFFE_PN0P_/D (sg13g2_dfrbpq_1)    0.34    1.08    0.73 (MET)
y_reg[1]$_SDFFE_PN0P_/D (sg13g2_dfrbpq_1)    0.34    1.08    0.73 (MET)
y_reg[1]$_SDFFE_PN0P_/D (sg13g2_dfrbpq_1)    0.34    1.08    0.73 (MET)
y_reg[1]$_SDFFE_PN0P_/D (sg13g2_dfrbpq_1)    0.34    1.08    0.73 (MET)
x_reg[5]$_SDFFE_PN0P_/D (sg13g2_dfrbpq_1)    0.34    1.08    0.73 (MET)
x_reg[5]$_SDFFE_PN0P_/D (sg13g2_dfrbpq_1)    0.34    1.08    0.73 (MET)
x_reg[4]$_SDFFE_PN0P_/D (sg13g2_dfrbpq_1)    0.35    1.09    0.73 (MET)
x_reg[4]$_SDFFE_PN0P_/D (sg13g2_dfrbpq_1)    0.35    1.09    0.73 (MET)
x_reg[4]$_SDFFE_PN0P_/D (sg13g2_dfrbpq_1)    0.35    1.09    0.73 (MET)
x_reg[4]$_SDFFE_PN0P_/D (sg13g2_dfrbpq_1)    0.35    1.09    0.73 (MET)
y_reg[3]$_SDFFE_PN0P_/D (sg13g2_dfrbpq_1)    0.31    1.05    0.73 (MET)
y_reg[3]$_SDFFE_PN0P_/D (sg13g2_dfrbpq_1)    0.31    1.05    0.73 (MET)
y_reg[3]$_SDFFE_PN0P_/D (sg13g2_dfrbpq_1)    0.31    1.05    0.73 (MET)
y_reg[3]$_SDFFE_PN0P_/D (sg13g2_dfrbpq_1)    0.31    1.05    0.73 (MET)
y_reg[1]$_SDFFE_PN0P_/D (sg13g2_dfrbpq_1)    0.31    1.05    0.74 (MET)
y_reg[1]$_SDFFE_PN0P_/D (sg13g2_dfrbpq_1)    0.31    1.05    0.74 (MET)
x_reg[4]$_SDFFE_PN0P_/D (sg13g2_dfrbpq_1)    0.35    1.09    0.74 (MET)
x_reg[4]$_SDFFE_PN0P_/D (sg13g2_dfrbpq_1)    0.35    1.09    0.74 (MET)
x_reg[4]$_SDFFE_PN0P_/D (sg13g2_dfrbpq_1)    0.35    1.09    0.74 (MET)
x_reg[4]$_SDFFE_PN0P_/D (sg13g2_dfrbpq_1)    0.35    1.09    0.74 (MET)
x_reg[1]$_SDFFE_PN0P_/D (sg13g2_dfrbpq_1)    0.35    1.08    0.74 (MET)
x_reg[1]$_SDFFE_PN0P_/D (sg13g2_dfrbpq_1)    0.35    1.08    0.74 (MET)
y_reg[3]$_SDFFE_PN0P_/D (sg13g2_dfrbpq_1)    0.31    1.05    0.74 (MET)
y_reg[3]$_SDFFE_PN0P_/D (sg13g2_dfrbpq_1)    0.31    1.05    0.74 (MET)
y_reg[1]$_SDFFE_PN0P_/D (sg13g2_dfrbpq_1)    0.31    1.05    0.74 (MET)
y_reg[1]$_SDFFE_PN0P_/D (sg13g2_dfrbpq_1)    0.31    1.05    0.74 (MET)
y_reg[1]$_SDFFE_PN0P_/D (sg13g2_dfrbpq_1)    0.31    1.05    0.74 (MET)
y_reg[1]$_SDFFE_PN0P_/D (sg13g2_dfrbpq_1)    0.31    1.05    0.74 (MET)
z_reg[9]$_SDFFE_PN0P_/D (sg13g2_dfrbpq_1)    0.32    1.05    0.74 (MET)
z_reg[9]$_SDFFE_PN0P_/D (sg13g2_dfrbpq_1)    0.32    1.05    0.74 (MET)
y_reg[3]$_SDFFE_PN0P_/D (sg13g2_dfrbpq_1)    0.31    1.05    0.74 (MET)
y_reg[3]$_SDFFE_PN0P_/D (sg13g2_dfrbpq_1)    0.31    1.05    0.74 (MET)
y_reg[3]$_SDFFE_PN0P_/D (sg13g2_dfrbpq_1)    0.31    1.05    0.74 (MET)
y_reg[3]$_SDFFE_PN0P_/D (sg13g2_dfrbpq_1)    0.31    1.05    0.74 (MET)
y_reg[3]$_SDFFE_PN0P_/D (sg13g2_dfrbpq_1)    0.31    1.05    0.74 (MET)
y_reg[3]$_SDFFE_PN0P_/D (sg13g2_dfrbpq_1)    0.31    1.05    0.74 (MET)
y_reg[3]$_SDFFE_PN0P_/D (sg13g2_dfrbpq_1)    0.31    1.05    0.74 (MET)
y_reg[3]$_SDFFE_PN0P_/D (sg13g2_dfrbpq_1)    0.31    1.05    0.74 (MET)
z_reg[9]$_SDFFE_PN0P_/D (sg13g2_dfrbpq_1)    0.32    1.05    0.74 (MET)
z_reg[9]$_SDFFE_PN0P_/D (sg13g2_dfrbpq_1)    0.32    1.05    0.74 (MET)
x_reg[1]$_SDFFE_PN0P_/D (sg13g2_dfrbpq_1)    0.35    1.09    0.74 (MET)
x_reg[1]$_SDFFE_PN0P_/D (sg13g2_dfrbpq_1)    0.35    1.09    0.74 (MET)
x_reg[1]$_SDFFE_PN0P_/D (sg13g2_dfrbpq_1)    0.35    1.09    0.74 (MET)
x_reg[1]$_SDFFE_PN0P_/D (sg13g2_dfrbpq_1)    0.35    1.09    0.74 (MET)
x_reg[5]$_SDFFE_PN0P_/D (sg13g2_dfrbpq_1)    0.34    1.08    0.74 (MET)
x_reg[5]$_SDFFE_PN0P_/D (sg13g2_dfrbpq_1)    0.34    1.08    0.74 (MET)
x_reg[5]$_SDFFE_PN0P_/D (sg13g2_dfrbpq_1)    0.34    1.08    0.74 (MET)
y_reg[3]$_SDFFE_PN0P_/D (sg13g2_dfrbpq_1)    0.31    1.05    0.74 (MET)
y_reg[3]$_SDFFE_PN0P_/D (sg13g2_dfrbpq_1)    0.31    1.05    0.74 (MET)
y_reg[3]$_SDFFE_PN0P_/D (sg13g2_dfrbpq_1)    0.31    1.05    0.74 (MET)
y_reg[3]$_SDFFE_PN0P_/D (sg13g2_dfrbpq_1)    0.31    1.05    0.74 (MET)
y_reg[3]$_SDFFE_PN0P_/D (sg13g2_dfrbpq_1)    0.31    1.05    0.74 (MET)
y_reg[3]$_SDFFE_PN0P_/D (sg13g2_dfrbpq_1)    0.31    1.05    0.74 (MET)
y_reg[3]$_SDFFE_PN0P_/D (sg13g2_dfrbpq_1)    0.31    1.05    0.74 (MET)
y_reg[3]$_SDFFE_PN0P_/D (sg13g2_dfrbpq_1)    0.31    1.05    0.74 (MET)
x_reg[4]$_SDFFE_PN0P_/D (sg13g2_dfrbpq_1)    0.35    1.09    0.74 (MET)
x_reg[4]$_SDFFE_PN0P_/D (sg13g2_dfrbpq_1)    0.35    1.09    0.74 (MET)
x_reg[4]$_SDFFE_PN0P_/D (sg13g2_dfrbpq_1)    0.35    1.09    0.74 (MET)
x_reg[4]$_SDFFE_PN0P_/D (sg13g2_dfrbpq_1)    0.35    1.09    0.74 (MET)
x_reg[4]$_SDFFE_PN0P_/D (sg13g2_dfrbpq_1)    0.35    1.09    0.74 (MET)
x_reg[4]$_SDFFE_PN0P_/D (sg13g2_dfrbpq_1)    0.35    1.09    0.74 (MET)
x_reg[4]$_SDFFE_PN0P_/D (sg13g2_dfrbpq_1)    0.35    1.09    0.74 (MET)
x_reg[4]$_SDFFE_PN0P_/D (sg13g2_dfrbpq_1)    0.35    1.09    0.74 (MET)
y_reg[3]$_SDFFE_PN0P_/D (sg13g2_dfrbpq_1)    0.31    1.05    0.74 (MET)
y_reg[3]$_SDFFE_PN0P_/D (sg13g2_dfrbpq_1)    0.31    1.05    0.74 (MET)
x_reg[1]$_SDFFE_PN0P_/D (sg13g2_dfrbpq_1)    0.32    1.06    0.74 (MET)
x_reg[1]$_SDFFE_PN0P_/D (sg13g2_dfrbpq_1)    0.32    1.06    0.74 (MET)
x_reg[4]$_SDFFE_PN0P_/D (sg13g2_dfrbpq_1)    0.35    1.09    0.74 (MET)
x_reg[4]$_SDFFE_PN0P_/D (sg13g2_dfrbpq_1)    0.35    1.09    0.74 (MET)
y_reg[3]$_SDFFE_PN0P_/D (sg13g2_dfrbpq_1)    0.34    1.08    0.74 (MET)
y_reg[3]$_SDFFE_PN0P_/D (sg13g2_dfrbpq_1)    0.34    1.08    0.74 (MET)
x_reg[5]$_SDFFE_PN0P_/D (sg13g2_dfrbpq_1)    0.34    1.08    0.74 (MET)
x_reg[5]$_SDFFE_PN0P_/D (sg13g2_dfrbpq_1)    0.34    1.08    0.74 (MET)
y_reg[3]$_SDFFE_PN0P_/D (sg13g2_dfrbpq_1)    0.31    1.05    0.74 (MET)
y_reg[3]$_SDFFE_PN0P_/D (sg13g2_dfrbpq_1)    0.31    1.05    0.74 (MET)
y_reg[3]$_SDFFE_PN0P_/D (sg13g2_dfrbpq_1)    0.31    1.05    0.74 (MET)
y_reg[3]$_SDFFE_PN0P_/D (sg13g2_dfrbpq_1)    0.31    1.05    0.74 (MET)
y_reg[3]$_SDFFE_PN0P_/D (sg13g2_dfrbpq_1)    0.31    1.05    0.74 (MET)
y_reg[3]$_SDFFE_PN0P_/D (sg13g2_dfrbpq_1)    0.31    1.05    0.74 (MET)
x_reg[4]$_SDFFE_PN0P_/D (sg13g2_dfrbpq_1)    0.35    1.09    0.74 (MET)
x_reg[4]$_SDFFE_PN0P_/D (sg13g2_dfrbpq_1)    0.35    1.09    0.74 (MET)
x_reg[4]$_SDFFE_PN0P_/D (sg13g2_dfrbpq_1)    0.35    1.09    0.74 (MET)
x_reg[4]$_SDFFE_PN0P_/D (sg13g2_dfrbpq_1)    0.35    1.09    0.74 (MET)
y_reg[3]$_SDFFE_PN0P_/D (sg13g2_dfrbpq_1)    0.34    1.08    0.74 (MET)
y_reg[3]$_SDFFE_PN0P_/D (sg13g2_dfrbpq_1)    0.34    1.08    0.74 (MET)
y_reg[3]$_SDFFE_PN0P_/D (sg13g2_dfrbpq_1)    0.34    1.08    0.74 (MET)
y_reg[3]$_SDFFE_PN0P_/D (sg13g2_dfrbpq_1)    0.34    1.08    0.74 (MET)
x_reg[1]$_SDFFE_PN0P_/D (sg13g2_dfrbpq_1)    0.32    1.06    0.74 (MET)
y_reg[3]$_SDFFE_PN0P_/D (sg13g2_dfrbpq_1)    0.31    1.05    0.74 (MET)
y_reg[3]$_SDFFE_PN0P_/D (sg13g2_dfrbpq_1)    0.31    1.05    0.74 (MET)
y_reg[3]$_SDFFE_PN0P_/D (sg13g2_dfrbpq_1)    0.31    1.05    0.74 (MET)
y_reg[3]$_SDFFE_PN0P_/D (sg13g2_dfrbpq_1)    0.31    1.05    0.74 (MET)
y_reg[3]$_SDFFE_PN0P_/D (sg13g2_dfrbpq_1)    0.31    1.05    0.74 (MET)
y_reg[3]$_SDFFE_PN0P_/D (sg13g2_dfrbpq_1)    0.31    1.05    0.74 (MET)
y_reg[3]$_SDFFE_PN0P_/D (sg13g2_dfrbpq_1)    0.31    1.05    0.74 (MET)
y_reg[3]$_SDFFE_PN0P_/D (sg13g2_dfrbpq_1)    0.31    1.05    0.74 (MET)
x_reg[1]$_SDFFE_PN0P_/D (sg13g2_dfrbpq_1)    0.35    1.09    0.74 (MET)
x_reg[4]$_SDFFE_PN0P_/D (sg13g2_dfrbpq_1)    0.35    1.09    0.74 (MET)
x_reg[4]$_SDFFE_PN0P_/D (sg13g2_dfrbpq_1)    0.35    1.09    0.74 (MET)
x_reg[4]$_SDFFE_PN0P_/D (sg13g2_dfrbpq_1)    0.35    1.09    0.74 (MET)
x_reg[4]$_SDFFE_PN0P_/D (sg13g2_dfrbpq_1)    0.35    1.09    0.74 (MET)
x_reg[1]$_SDFFE_PN0P_/D (sg13g2_dfrbpq_1)    0.32    1.06    0.74 (MET)
x_reg[1]$_SDFFE_PN0P_/D (sg13g2_dfrbpq_1)    0.32    1.06    0.74 (MET)
x_reg[4]$_SDFFE_PN0P_/D (sg13g2_dfrbpq_1)    0.35    1.09    0.74 (MET)
x_reg[4]$_SDFFE_PN0P_/D (sg13g2_dfrbpq_1)    0.35    1.09    0.74 (MET)
y_reg[3]$_SDFFE_PN0P_/D (sg13g2_dfrbpq_1)    0.31    1.05    0.74 (MET)
y_reg[3]$_SDFFE_PN0P_/D (sg13g2_dfrbpq_1)    0.31    1.05    0.74 (MET)
y_reg[3]$_SDFFE_PN0P_/D (sg13g2_dfrbpq_1)    0.31    1.05    0.74 (MET)
y_reg[3]$_SDFFE_PN0P_/D (sg13g2_dfrbpq_1)    0.31    1.05    0.74 (MET)
y_reg[3]$_SDFFE_PN0P_/D (sg13g2_dfrbpq_1)    0.31    1.05    0.74 (MET)
y_reg[3]$_SDFFE_PN0P_/D (sg13g2_dfrbpq_1)    0.31    1.05    0.74 (MET)
y_reg[3]$_SDFFE_PN0P_/D (sg13g2_dfrbpq_1)    0.31    1.05    0.74 (MET)
y_reg[3]$_SDFFE_PN0P_/D (sg13g2_dfrbpq_1)    0.31    1.05    0.74 (MET)
x_reg[6]$_SDFFE_PN0P_/D (sg13g2_dfrbpq_1)    0.31    1.05    0.74 (MET)
y_reg[3]$_SDFFE_PN0P_/D (sg13g2_dfrbpq_1)    0.31    1.05    0.74 (MET)
y_reg[3]$_SDFFE_PN0P_/D (sg13g2_dfrbpq_1)    0.31    1.05    0.74 (MET)
x_reg[4]$_SDFFE_PN0P_/D (sg13g2_dfrbpq_1)    0.35    1.09    0.74 (MET)
x_reg[4]$_SDFFE_PN0P_/D (sg13g2_dfrbpq_1)    0.35    1.09    0.74 (MET)
x_reg[4]$_SDFFE_PN0P_/D (sg13g2_dfrbpq_1)    0.35    1.09    0.74 (MET)
x_reg[4]$_SDFFE_PN0P_/D (sg13g2_dfrbpq_1)    0.35    1.09    0.74 (MET)
x_reg[4]$_SDFFE_PN0P_/D (sg13g2_dfrbpq_1)    0.35    1.09    0.74 (MET)
x_reg[6]$_SDFFE_PN0P_/D (sg13g2_dfrbpq_1)    0.31    1.05    0.74 (MET)
x_reg[6]$_SDFFE_PN0P_/D (sg13g2_dfrbpq_1)    0.31    1.05    0.74 (MET)
x_reg[6]$_SDFFE_PN0P_/D (sg13g2_dfrbpq_1)    0.31    1.05    0.74 (MET)
x_reg[6]$_SDFFE_PN0P_/D (sg13g2_dfrbpq_1)    0.31    1.05    0.74 (MET)
x_reg[5]$_SDFFE_PN0P_/D (sg13g2_dfrbpq_1)    0.34    1.08    0.74 (MET)
x_reg[5]$_SDFFE_PN0P_/D (sg13g2_dfrbpq_1)    0.34    1.08    0.74 (MET)
y_reg[3]$_SDFFE_PN0P_/D (sg13g2_dfrbpq_1)    0.31    1.05    0.74 (MET)
y_reg[3]$_SDFFE_PN0P_/D (sg13g2_dfrbpq_1)    0.31    1.05    0.74 (MET)
y_reg[3]$_SDFFE_PN0P_/D (sg13g2_dfrbpq_1)    0.31    1.05    0.74 (MET)
y_reg[3]$_SDFFE_PN0P_/D (sg13g2_dfrbpq_1)    0.31    1.05    0.74 (MET)
y_reg[6]$_SDFFE_PN0P_/D (sg13g2_dfrbpq_1)    0.34    1.08    0.74 (MET)
y_reg[6]$_SDFFE_PN0P_/D (sg13g2_dfrbpq_1)    0.34    1.08    0.74 (MET)
y_reg[2]$_SDFFE_PN0P_/D (sg13g2_dfrbpq_1)    0.34    1.08    0.74 (MET)
y_reg[2]$_SDFFE_PN0P_/D (sg13g2_dfrbpq_1)    0.34    1.08    0.74 (MET)
y_reg[6]$_SDFFE_PN0P_/D (sg13g2_dfrbpq_1)    0.34    1.08    0.74 (MET)
y_reg[6]$_SDFFE_PN0P_/D (sg13g2_dfrbpq_1)    0.34    1.08    0.74 (MET)
y_reg[3]$_SDFFE_PN0P_/D (sg13g2_dfrbpq_1)    0.34    1.08    0.74 (MET)
x_reg[4]$_SDFFE_PN0P_/D (sg13g2_dfrbpq_1)    0.35    1.09    0.74 (MET)
x_reg[4]$_SDFFE_PN0P_/D (sg13g2_dfrbpq_1)    0.35    1.09    0.74 (MET)
x_reg[4]$_SDFFE_PN0P_/D (sg13g2_dfrbpq_1)    0.35    1.09    0.74 (MET)
x_reg[4]$_SDFFE_PN0P_/D (sg13g2_dfrbpq_1)    0.35    1.09    0.74 (MET)
x_reg[4]$_SDFFE_PN0P_/D (sg13g2_dfrbpq_1)    0.35    1.09    0.74 (MET)
x_reg[4]$_SDFFE_PN0P_/D (sg13g2_dfrbpq_1)    0.35    1.09    0.74 (MET)
y_reg[6]$_SDFFE_PN0P_/D (sg13g2_dfrbpq_1)    0.34    1.08    0.74 (MET)
y_reg[6]$_SDFFE_PN0P_/D (sg13g2_dfrbpq_1)    0.34    1.08    0.74 (MET)
y_reg[6]$_SDFFE_PN0P_/D (sg13g2_dfrbpq_1)    0.34    1.08    0.74 (MET)
y_reg[6]$_SDFFE_PN0P_/D (sg13g2_dfrbpq_1)    0.34    1.08    0.74 (MET)
y_reg[3]$_SDFFE_PN0P_/D (sg13g2_dfrbpq_1)    0.34    1.08    0.74 (MET)
x_reg[5]$_SDFFE_PN0P_/D (sg13g2_dfrbpq_1)    0.34    1.08    0.74 (MET)
x_reg[5]$_SDFFE_PN0P_/D (sg13g2_dfrbpq_1)    0.34    1.08    0.74 (MET)
y_reg[1]$_SDFFE_PN0P_/D (sg13g2_dfrbpq_1)    0.34    1.08    0.74 (MET)
y_reg[1]$_SDFFE_PN0P_/D (sg13g2_dfrbpq_1)    0.34    1.08    0.74 (MET)
y_reg[3]$_SDFFE_PN0P_/D (sg13g2_dfrbpq_1)    0.34    1.08    0.74 (MET)
z_reg[9]$_SDFFE_PN0P_/D (sg13g2_dfrbpq_1)    0.34    1.08    0.74 (MET)
x_reg[5]$_SDFFE_PN0P_/D (sg13g2_dfrbpq_1)    0.34    1.08    0.74 (MET)
x_reg[5]$_SDFFE_PN0P_/D (sg13g2_dfrbpq_1)    0.34    1.08    0.74 (MET)
x_reg[4]$_SDFFE_PN0P_/D (sg13g2_dfrbpq_1)    0.35    1.09    0.74 (MET)
x_reg[4]$_SDFFE_PN0P_/D (sg13g2_dfrbpq_1)    0.35    1.09    0.74 (MET)
x_reg[4]$_SDFFE_PN0P_/D (sg13g2_dfrbpq_1)    0.35    1.09    0.74 (MET)
x_reg[4]$_SDFFE_PN0P_/D (sg13g2_dfrbpq_1)    0.35    1.09    0.74 (MET)
y_reg[3]$_SDFFE_PN0P_/D (sg13g2_dfrbpq_1)    0.34    1.08    0.74 (MET)
y_reg[3]$_SDFFE_PN0P_/D (sg13g2_dfrbpq_1)    0.34    1.08    0.74 (MET)
x_reg[4]$_SDFFE_PN0P_/D (sg13g2_dfrbpq_1)    0.35    1.09    0.74 (MET)
x_reg[4]$_SDFFE_PN0P_/D (sg13g2_dfrbpq_1)    0.35    1.09    0.74 (MET)
x_reg[4]$_SDFFE_PN0P_/D (sg13g2_dfrbpq_1)    0.35    1.09    0.74 (MET)
x_reg[4]$_SDFFE_PN0P_/D (sg13g2_dfrbpq_1)    0.35    1.09    0.74 (MET)
x_reg[4]$_SDFFE_PN0P_/D (sg13g2_dfrbpq_1)    0.35    1.09    0.74 (MET)
x_reg[4]$_SDFFE_PN0P_/D (sg13g2_dfrbpq_1)    0.35    1.09    0.74 (MET)
z_reg[9]$_SDFFE_PN0P_/D (sg13g2_dfrbpq_1)    0.34    1.08    0.74 (MET)
x_reg[4]$_SDFFE_PN0P_/D (sg13g2_dfrbpq_1)    0.35    1.09    0.74 (MET)
x_reg[4]$_SDFFE_PN0P_/D (sg13g2_dfrbpq_1)    0.35    1.09    0.74 (MET)
x_reg[4]$_SDFFE_PN0P_/D (sg13g2_dfrbpq_1)    0.35    1.09    0.74 (MET)
x_reg[4]$_SDFFE_PN0P_/D (sg13g2_dfrbpq_1)    0.35    1.09    0.74 (MET)
y_reg[2]$_SDFFE_PN0P_/D (sg13g2_dfrbpq_1)    0.31    1.05    0.74 (MET)
x_reg[5]$_SDFFE_PN0P_/D (sg13g2_dfrbpq_1)    0.31    1.05    0.74 (MET)
x_reg[5]$_SDFFE_PN0P_/D (sg13g2_dfrbpq_1)    0.31    1.05    0.74 (MET)
y_reg[2]$_SDFFE_PN0P_/D (sg13g2_dfrbpq_1)    0.34    1.08    0.74 (MET)
y_reg[2]$_SDFFE_PN0P_/D (sg13g2_dfrbpq_1)    0.34    1.08    0.74 (MET)
y_reg[3]$_SDFFE_PN0P_/D (sg13g2_dfrbpq_1)    0.34    1.08    0.74 (MET)
y_reg[3]$_SDFFE_PN0P_/D (sg13g2_dfrbpq_1)    0.34    1.08    0.74 (MET)
y_reg[3]$_SDFFE_PN0P_/D (sg13g2_dfrbpq_1)    0.34    1.08    0.74 (MET)
y_reg[3]$_SDFFE_PN0P_/D (sg13g2_dfrbpq_1)    0.34    1.08    0.74 (MET)
y_reg[2]$_SDFFE_PN0P_/D (sg13g2_dfrbpq_1)    0.34    1.08    0.74 (MET)
y_reg[2]$_SDFFE_PN0P_/D (sg13g2_dfrbpq_1)    0.34    1.08    0.74 (MET)
x_reg[4]$_SDFFE_PN0P_/D (sg13g2_dfrbpq_1)    0.32    1.06    0.74 (MET)
x_reg[4]$_SDFFE_PN0P_/D (sg13g2_dfrbpq_1)    0.32    1.06    0.74 (MET)
x_reg[4]$_SDFFE_PN0P_/D (sg13g2_dfrbpq_1)    0.32    1.06    0.74 (MET)
x_reg[4]$_SDFFE_PN0P_/D (sg13g2_dfrbpq_1)    0.32    1.06    0.74 (MET)
x_reg[4]$_SDFFE_PN0P_/D (sg13g2_dfrbpq_1)    0.32    1.06    0.74 (MET)
x_reg[4]$_SDFFE_PN0P_/D (sg13g2_dfrbpq_1)    0.32    1.06    0.74 (MET)
x_reg[4]$_SDFFE_PN0P_/D (sg13g2_dfrbpq_1)    0.32    1.06    0.74 (MET)
x_reg[4]$_SDFFE_PN0P_/D (sg13g2_dfrbpq_1)    0.32    1.06    0.74 (MET)
x_reg[5]$_SDFFE_PN0P_/D (sg13g2_dfrbpq_1)    0.31    1.05    0.74 (MET)
x_reg[5]$_SDFFE_PN0P_/D (sg13g2_dfrbpq_1)    0.31    1.05    0.74 (MET)
x_reg[5]$_SDFFE_PN0P_/D (sg13g2_dfrbpq_1)    0.31    1.05    0.74 (MET)
x_reg[5]$_SDFFE_PN0P_/D (sg13g2_dfrbpq_1)    0.31    1.05    0.74 (MET)
y_reg[2]$_SDFFE_PN0P_/D (sg13g2_dfrbpq_1)    0.31    1.05    0.74 (MET)
y_reg[2]$_SDFFE_PN0P_/D (sg13g2_dfrbpq_1)    0.31    1.05    0.74 (MET)
x_reg[5]$_SDFFE_PN0P_/D (sg13g2_dfrbpq_1)    0.31    1.05    0.74 (MET)
x_reg[5]$_SDFFE_PN0P_/D (sg13g2_dfrbpq_1)    0.31    1.05    0.74 (MET)
x_reg[5]$_SDFFE_PN0P_/D (sg13g2_dfrbpq_1)    0.34    1.08    0.74 (MET)
x_reg[5]$_SDFFE_PN0P_/D (sg13g2_dfrbpq_1)    0.34    1.08    0.74 (MET)
y_reg[3]$_SDFFE_PN0P_/D (sg13g2_dfrbpq_1)    0.34    1.08    0.74 (MET)
y_reg[3]$_SDFFE_PN0P_/D (sg13g2_dfrbpq_1)    0.34    1.08    0.74 (MET)
x_reg[5]$_SDFFE_PN0P_/D (sg13g2_dfrbpq_1)    0.31    1.05    0.74 (MET)
x_reg[5]$_SDFFE_PN0P_/D (sg13g2_dfrbpq_1)    0.31    1.05    0.74 (MET)
x_reg[5]$_SDFFE_PN0P_/D (sg13g2_dfrbpq_1)    0.31    1.05    0.74 (MET)
x_reg[5]$_SDFFE_PN0P_/D (sg13g2_dfrbpq_1)    0.31    1.05    0.74 (MET)
x_reg[1]$_SDFFE_PN0P_/D (sg13g2_dfrbpq_1)    0.35    1.09    0.74 (MET)
x_reg[1]$_SDFFE_PN0P_/D (sg13g2_dfrbpq_1)    0.35    1.09    0.74 (MET)
x_reg[4]$_SDFFE_PN0P_/D (sg13g2_dfrbpq_1)    0.32    1.07    0.74 (MET)
x_reg[4]$_SDFFE_PN0P_/D (sg13g2_dfrbpq_1)    0.32    1.07    0.74 (MET)
x_reg[4]$_SDFFE_PN0P_/D (sg13g2_dfrbpq_1)    0.32    1.07    0.74 (MET)
x_reg[4]$_SDFFE_PN0P_/D (sg13g2_dfrbpq_1)    0.32    1.07    0.74 (MET)
x_reg[4]$_SDFFE_PN0P_/D (sg13g2_dfrbpq_1)    0.32    1.07    0.74 (MET)
x_reg[4]$_SDFFE_PN0P_/D (sg13g2_dfrbpq_1)    0.32    1.07    0.74 (MET)
x_reg[4]$_SDFFE_PN0P_/D (sg13g2_dfrbpq_1)    0.32    1.07    0.74 (MET)
x_reg[4]$_SDFFE_PN0P_/D (sg13g2_dfrbpq_1)    0.32    1.07    0.74 (MET)
x_reg[4]$_SDFFE_PN0P_/D (sg13g2_dfrbpq_1)    0.32    1.07    0.74 (MET)
x_reg[4]$_SDFFE_PN0P_/D (sg13g2_dfrbpq_1)    0.32    1.07    0.74 (MET)
x_reg[4]$_SDFFE_PN0P_/D (sg13g2_dfrbpq_1)    0.32    1.07    0.74 (MET)
x_reg[4]$_SDFFE_PN0P_/D (sg13g2_dfrbpq_1)    0.32    1.07    0.74 (MET)
x_reg[4]$_SDFFE_PN0P_/D (sg13g2_dfrbpq_1)    0.32    1.07    0.74 (MET)
x_reg[4]$_SDFFE_PN0P_/D (sg13g2_dfrbpq_1)    0.32    1.07    0.74 (MET)
x_reg[4]$_SDFFE_PN0P_/D (sg13g2_dfrbpq_1)    0.32    1.07    0.74 (MET)
x_reg[4]$_SDFFE_PN0P_/D (sg13g2_dfrbpq_1)    0.32    1.07    0.74 (MET)
z_reg[9]$_SDFFE_PN0P_/D (sg13g2_dfrbpq_1)    0.34    1.09    0.74 (MET)
z_reg[9]$_SDFFE_PN0P_/D (sg13g2_dfrbpq_1)    0.34    1.09    0.74 (MET)
x_reg[6]$_SDFFE_PN0P_/D (sg13g2_dfrbpq_1)    0.31    1.05    0.74 (MET)
x_reg[6]$_SDFFE_PN0P_/D (sg13g2_dfrbpq_1)    0.31    1.05    0.74 (MET)
x_reg[4]$_SDFFE_PN0P_/D (sg13g2_dfrbpq_1)    0.35    1.10    0.74 (MET)
x_reg[4]$_SDFFE_PN0P_/D (sg13g2_dfrbpq_1)    0.35    1.10    0.74 (MET)
y_reg[3]$_SDFFE_PN0P_/D (sg13g2_dfrbpq_1)    0.34    1.09    0.74 (MET)
y_reg[3]$_SDFFE_PN0P_/D (sg13g2_dfrbpq_1)    0.34    1.09    0.74 (MET)
y_reg[3]$_SDFFE_PN0P_/D (sg13g2_dfrbpq_1)    0.34    1.09    0.74 (MET)
y_reg[3]$_SDFFE_PN0P_/D (sg13g2_dfrbpq_1)    0.34    1.09    0.74 (MET)
x_reg[4]$_SDFFE_PN0P_/D (sg13g2_dfrbpq_1)    0.35    1.10    0.74 (MET)
x_reg[4]$_SDFFE_PN0P_/D (sg13g2_dfrbpq_1)    0.35    1.10    0.74 (MET)
x_reg[4]$_SDFFE_PN0P_/D (sg13g2_dfrbpq_1)    0.35    1.10    0.74 (MET)
y_reg[1]$_SDFFE_PN0P_/D (sg13g2_dfrbpq_1)    0.34    1.09    0.74 (MET)
y_reg[3]$_SDFFE_PN0P_/D (sg13g2_dfrbpq_1)    0.34    1.09    0.74 (MET)
y_reg[3]$_SDFFE_PN0P_/D (sg13g2_dfrbpq_1)    0.34    1.09    0.74 (MET)
y_reg[3]$_SDFFE_PN0P_/D (sg13g2_dfrbpq_1)    0.34    1.09    0.74 (MET)
y_reg[3]$_SDFFE_PN0P_/D (sg13g2_dfrbpq_1)    0.34    1.09    0.74 (MET)
x_reg[4]$_SDFFE_PN0P_/D (sg13g2_dfrbpq_1)    0.35    1.10    0.74 (MET)
x_reg[4]$_SDFFE_PN0P_/D (sg13g2_dfrbpq_1)    0.35    1.10    0.74 (MET)
x_reg[4]$_SDFFE_PN0P_/D (sg13g2_dfrbpq_1)    0.35    1.10    0.74 (MET)
x_reg[4]$_SDFFE_PN0P_/D (sg13g2_dfrbpq_1)    0.35    1.10    0.74 (MET)
x_reg[4]$_SDFFE_PN0P_/D (sg13g2_dfrbpq_1)    0.35    1.10    0.74 (MET)
x_reg[4]$_SDFFE_PN0P_/D (sg13g2_dfrbpq_1)    0.35    1.10    0.74 (MET)
x_reg[4]$_SDFFE_PN0P_/D (sg13g2_dfrbpq_1)    0.35    1.10    0.74 (MET)
x_reg[4]$_SDFFE_PN0P_/D (sg13g2_dfrbpq_1)    0.35    1.10    0.74 (MET)
x_reg[5]$_SDFFE_PN0P_/D (sg13g2_dfrbpq_1)    0.34    1.09    0.74 (MET)
x_reg[5]$_SDFFE_PN0P_/D (sg13g2_dfrbpq_1)    0.34    1.09    0.74 (MET)
x_reg[4]$_SDFFE_PN0P_/D (sg13g2_dfrbpq_1)    0.32    1.07    0.74 (MET)
x_reg[4]$_SDFFE_PN0P_/D (sg13g2_dfrbpq_1)    0.32    1.07    0.74 (MET)
x_reg[4]$_SDFFE_PN0P_/D (sg13g2_dfrbpq_1)    0.32    1.07    0.74 (MET)
x_reg[4]$_SDFFE_PN0P_/D (sg13g2_dfrbpq_1)    0.32    1.07    0.74 (MET)
x_reg[5]$_SDFFE_PN0P_/D (sg13g2_dfrbpq_1)    0.34    1.09    0.74 (MET)
x_reg[5]$_SDFFE_PN0P_/D (sg13g2_dfrbpq_1)    0.34    1.09    0.74 (MET)
x_reg[5]$_SDFFE_PN0P_/D (sg13g2_dfrbpq_1)    0.34    1.09    0.74 (MET)
x_reg[5]$_SDFFE_PN0P_/D (sg13g2_dfrbpq_1)    0.34    1.09    0.74 (MET)
z_reg[9]$_SDFFE_PN0P_/D (sg13g2_dfrbpq_1)    0.34    1.09    0.74 (MET)
x_reg[2]$_SDFFE_PN0P_/D (sg13g2_dfrbpq_1)    0.31    1.06    0.74 (MET)
x_reg[2]$_SDFFE_PN0P_/D (sg13g2_dfrbpq_1)    0.31    1.06    0.74 (MET)
y_reg[3]$_SDFFE_PN0P_/D (sg13g2_dfrbpq_1)    0.34    1.09    0.75 (MET)
y_reg[3]$_SDFFE_PN0P_/D (sg13g2_dfrbpq_1)    0.34    1.09    0.75 (MET)
y_reg[3]$_SDFFE_PN0P_/D (sg13g2_dfrbpq_1)    0.34    1.09    0.75 (MET)
y_reg[3]$_SDFFE_PN0P_/D (sg13g2_dfrbpq_1)    0.34    1.09    0.75 (MET)
x_reg[6]$_SDFFE_PN0P_/D (sg13g2_dfrbpq_1)    0.34    1.08    0.75 (MET)
x_reg[6]$_SDFFE_PN0P_/D (sg13g2_dfrbpq_1)    0.34    1.08    0.75 (MET)
x_reg[2]$_SDFFE_PN0P_/D (sg13g2_dfrbpq_1)    0.31    1.06    0.75 (MET)
x_reg[2]$_SDFFE_PN0P_/D (sg13g2_dfrbpq_1)    0.31    1.06    0.75 (MET)
x_reg[4]$_SDFFE_PN0P_/D (sg13g2_dfrbpq_1)    0.35    1.10    0.75 (MET)
x_reg[4]$_SDFFE_PN0P_/D (sg13g2_dfrbpq_1)    0.35    1.10    0.75 (MET)
x_reg[4]$_SDFFE_PN0P_/D (sg13g2_dfrbpq_1)    0.35    1.10    0.75 (MET)
x_reg[4]$_SDFFE_PN0P_/D (sg13g2_dfrbpq_1)    0.35    1.10    0.75 (MET)
x_reg[5]$_SDFFE_PN0P_/D (sg13g2_dfrbpq_1)    0.31    1.06    0.75 (MET)
x_reg[5]$_SDFFE_PN0P_/D (sg13g2_dfrbpq_1)    0.31    1.06    0.75 (MET)
z_reg[9]$_SDFFE_PN0P_/D (sg13g2_dfrbpq_1)    0.34    1.09    0.75 (MET)
y_reg[1]$_SDFFE_PN0P_/D (sg13g2_dfrbpq_1)    0.34    1.09    0.75 (MET)
x_reg[4]$_SDFFE_PN0P_/D (sg13g2_dfrbpq_1)    0.35    1.10    0.75 (MET)
x_reg[4]$_SDFFE_PN0P_/D (sg13g2_dfrbpq_1)    0.35    1.10    0.75 (MET)
x_reg[4]$_SDFFE_PN0P_/D (sg13g2_dfrbpq_1)    0.35    1.10    0.75 (MET)
x_reg[4]$_SDFFE_PN0P_/D (sg13g2_dfrbpq_1)    0.32    1.07    0.75 (MET)
x_reg[4]$_SDFFE_PN0P_/D (sg13g2_dfrbpq_1)    0.32    1.07    0.75 (MET)
x_reg[4]$_SDFFE_PN0P_/D (sg13g2_dfrbpq_1)    0.32    1.07    0.75 (MET)
x_reg[4]$_SDFFE_PN0P_/D (sg13g2_dfrbpq_1)    0.32    1.07    0.75 (MET)
x_reg[4]$_SDFFE_PN0P_/D (sg13g2_dfrbpq_1)    0.32    1.07    0.75 (MET)
x_reg[4]$_SDFFE_PN0P_/D (sg13g2_dfrbpq_1)    0.32    1.07    0.75 (MET)
x_reg[4]$_SDFFE_PN0P_/D (sg13g2_dfrbpq_1)    0.32    1.07    0.75 (MET)
x_reg[4]$_SDFFE_PN0P_/D (sg13g2_dfrbpq_1)    0.32    1.07    0.75 (MET)
x_reg[6]$_SDFFE_PN0P_/D (sg13g2_dfrbpq_1)    0.31    1.05    0.75 (MET)
x_reg[6]$_SDFFE_PN0P_/D (sg13g2_dfrbpq_1)    0.31    1.05    0.75 (MET)
x_reg[5]$_SDFFE_PN0P_/D (sg13g2_dfrbpq_1)    0.31    1.06    0.75 (MET)
x_reg[5]$_SDFFE_PN0P_/D (sg13g2_dfrbpq_1)    0.31    1.06    0.75 (MET)
x_reg[5]$_SDFFE_PN0P_/D (sg13g2_dfrbpq_1)    0.31    1.06    0.75 (MET)
x_reg[5]$_SDFFE_PN0P_/D (sg13g2_dfrbpq_1)    0.31    1.06    0.75 (MET)
z_reg[9]$_SDFFE_PN0P_/D (sg13g2_dfrbpq_1)    0.34    1.09    0.75 (MET)
z_reg[9]$_SDFFE_PN0P_/D (sg13g2_dfrbpq_1)    0.34    1.09    0.75 (MET)
x_reg[5]$_SDFFE_PN0P_/D (sg13g2_dfrbpq_1)    0.34    1.09    0.75 (MET)
x_reg[5]$_SDFFE_PN0P_/D (sg13g2_dfrbpq_1)    0.34    1.09    0.75 (MET)
x_reg[5]$_SDFFE_PN0P_/D (sg13g2_dfrbpq_1)    0.34    1.09    0.75 (MET)
x_reg[4]$_SDFFE_PN0P_/D (sg13g2_dfrbpq_1)    0.35    1.10    0.75 (MET)
x_reg[4]$_SDFFE_PN0P_/D (sg13g2_dfrbpq_1)    0.35    1.10    0.75 (MET)
x_reg[4]$_SDFFE_PN0P_/D (sg13g2_dfrbpq_1)    0.35    1.10    0.75 (MET)
x_reg[4]$_SDFFE_PN0P_/D (sg13g2_dfrbpq_1)    0.35    1.10    0.75 (MET)
x_reg[5]$_SDFFE_PN0P_/D (sg13g2_dfrbpq_1)    0.34    1.09    0.75 (MET)
x_reg[4]$_SDFFE_PN0P_/D (sg13g2_dfrbpq_1)    0.35    1.10    0.75 (MET)
x_reg[4]$_SDFFE_PN0P_/D (sg13g2_dfrbpq_1)    0.35    1.10    0.75 (MET)
y_reg[3]$_SDFFE_PN0P_/D (sg13g2_dfrbpq_1)    0.34    1.09    0.75 (MET)
y_reg[3]$_SDFFE_PN0P_/D (sg13g2_dfrbpq_1)    0.34    1.09    0.75 (MET)
y_reg[3]$_SDFFE_PN0P_/D (sg13g2_dfrbpq_1)    0.34    1.09    0.75 (MET)
y_reg[3]$_SDFFE_PN0P_/D (sg13g2_dfrbpq_1)    0.34    1.09    0.75 (MET)
x_reg[4]$_SDFFE_PN0P_/D (sg13g2_dfrbpq_1)    0.35    1.10    0.75 (MET)
x_reg[4]$_SDFFE_PN0P_/D (sg13g2_dfrbpq_1)    0.35    1.10    0.75 (MET)
x_reg[4]$_SDFFE_PN0P_/D (sg13g2_dfrbpq_1)    0.35    1.10    0.75 (MET)
x_reg[4]$_SDFFE_PN0P_/D (sg13g2_dfrbpq_1)    0.35    1.10    0.75 (MET)
x_reg[4]$_SDFFE_PN0P_/D (sg13g2_dfrbpq_1)    0.35    1.10    0.75 (MET)
x_reg[4]$_SDFFE_PN0P_/D (sg13g2_dfrbpq_1)    0.35    1.10    0.75 (MET)
x_reg[4]$_SDFFE_PN0P_/D (sg13g2_dfrbpq_1)    0.35    1.10    0.75 (MET)
x_reg[4]$_SDFFE_PN0P_/D (sg13g2_dfrbpq_1)    0.35    1.10    0.75 (MET)
y_reg[1]$_SDFFE_PN0P_/D (sg13g2_dfrbpq_1)    0.34    1.09    0.75 (MET)
y_reg[3]$_SDFFE_PN0P_/D (sg13g2_dfrbpq_1)    0.31    1.06    0.75 (MET)
y_reg[3]$_SDFFE_PN0P_/D (sg13g2_dfrbpq_1)    0.31    1.06    0.75 (MET)
y_reg[3]$_SDFFE_PN0P_/D (sg13g2_dfrbpq_1)    0.31    1.06    0.75 (MET)
y_reg[3]$_SDFFE_PN0P_/D (sg13g2_dfrbpq_1)    0.31    1.06    0.75 (MET)
y_reg[3]$_SDFFE_PN0P_/D (sg13g2_dfrbpq_1)    0.34    1.09    0.75 (MET)
y_reg[3]$_SDFFE_PN0P_/D (sg13g2_dfrbpq_1)    0.34    1.09    0.75 (MET)
y_reg[3]$_SDFFE_PN0P_/D (sg13g2_dfrbpq_1)    0.34    1.09    0.75 (MET)
y_reg[3]$_SDFFE_PN0P_/D (sg13g2_dfrbpq_1)    0.34    1.09    0.75 (MET)
y_reg[3]$_SDFFE_PN0P_/D (sg13g2_dfrbpq_1)    0.34    1.09    0.75 (MET)
y_reg[3]$_SDFFE_PN0P_/D (sg13g2_dfrbpq_1)    0.34    1.09    0.75 (MET)
y_reg[3]$_SDFFE_PN0P_/D (sg13g2_dfrbpq_1)    0.34    1.09    0.75 (MET)
y_reg[3]$_SDFFE_PN0P_/D (sg13g2_dfrbpq_1)    0.34    1.09    0.75 (MET)
x_reg[1]$_SDFFE_PN0P_/D (sg13g2_dfrbpq_1)    0.35    1.10    0.75 (MET)
x_reg[1]$_SDFFE_PN0P_/D (sg13g2_dfrbpq_1)    0.35    1.10    0.75 (MET)
y_reg[3]$_SDFFE_PN0P_/D (sg13g2_dfrbpq_1)    0.31    1.06    0.75 (MET)
y_reg[1]$_SDFFE_PN0P_/D (sg13g2_dfrbpq_1)    0.34    1.09    0.75 (MET)
y_reg[3]$_SDFFE_PN0P_/D (sg13g2_dfrbpq_1)    0.31    1.06    0.75 (MET)
y_reg[3]$_SDFFE_PN0P_/D (sg13g2_dfrbpq_1)    0.31    1.06    0.75 (MET)
y_reg[3]$_SDFFE_PN0P_/D (sg13g2_dfrbpq_1)    0.31    1.06    0.75 (MET)
y_reg[3]$_SDFFE_PN0P_/D (sg13g2_dfrbpq_1)    0.31    1.06    0.75 (MET)
y_reg[3]$_SDFFE_PN0P_/D (sg13g2_dfrbpq_1)    0.31    1.06    0.75 (MET)
y_reg[3]$_SDFFE_PN0P_/D (sg13g2_dfrbpq_1)    0.31    1.06    0.75 (MET)
y_reg[3]$_SDFFE_PN0P_/D (sg13g2_dfrbpq_1)    0.31    1.06    0.75 (MET)
y_reg[3]$_SDFFE_PN0P_/D (sg13g2_dfrbpq_1)    0.31    1.06    0.75 (MET)
y_reg[3]$_SDFFE_PN0P_/D (sg13g2_dfrbpq_1)    0.34    1.09    0.75 (MET)
y_reg[3]$_SDFFE_PN0P_/D (sg13g2_dfrbpq_1)    0.31    1.06    0.75 (MET)
y_reg[3]$_SDFFE_PN0P_/D (sg13g2_dfrbpq_1)    0.31    1.06    0.75 (MET)
x_reg[4]$_SDFFE_PN0P_/D (sg13g2_dfrbpq_1)    0.35    1.10    0.75 (MET)
x_reg[4]$_SDFFE_PN0P_/D (sg13g2_dfrbpq_1)    0.35    1.10    0.75 (MET)
x_reg[6]$_SDFFE_PN0P_/D (sg13g2_dfrbpq_1)    0.34    1.09    0.75 (MET)
x_reg[6]$_SDFFE_PN0P_/D (sg13g2_dfrbpq_1)    0.34    1.09    0.75 (MET)
y_reg[3]$_SDFFE_PN0P_/D (sg13g2_dfrbpq_1)    0.34    1.09    0.75 (MET)
y_reg[3]$_SDFFE_PN0P_/D (sg13g2_dfrbpq_1)    0.34    1.09    0.75 (MET)
y_reg[3]$_SDFFE_PN0P_/D (sg13g2_dfrbpq_1)    0.34    1.09    0.75 (MET)
y_reg[3]$_SDFFE_PN0P_/D (sg13g2_dfrbpq_1)    0.34    1.09    0.75 (MET)
y_reg[1]$_SDFFE_PN0P_/D (sg13g2_dfrbpq_1)    0.34    1.09    0.75 (MET)
x_reg[5]$_SDFFE_PN0P_/D (sg13g2_dfrbpq_1)    0.34    1.09    0.75 (MET)
x_reg[5]$_SDFFE_PN0P_/D (sg13g2_dfrbpq_1)    0.34    1.09    0.75 (MET)
x_reg[5]$_SDFFE_PN0P_/D (sg13g2_dfrbpq_1)    0.34    1.09    0.75 (MET)
x_reg[5]$_SDFFE_PN0P_/D (sg13g2_dfrbpq_1)    0.34    1.09    0.75 (MET)
x_reg[5]$_SDFFE_PN0P_/D (sg13g2_dfrbpq_1)    0.34    1.09    0.75 (MET)
y_reg[3]$_SDFFE_PN0P_/D (sg13g2_dfrbpq_1)    0.31    1.06    0.75 (MET)
y_reg[3]$_SDFFE_PN0P_/D (sg13g2_dfrbpq_1)    0.31    1.06    0.75 (MET)
y_reg[3]$_SDFFE_PN0P_/D (sg13g2_dfrbpq_1)    0.31    1.06    0.75 (MET)
y_reg[3]$_SDFFE_PN0P_/D (sg13g2_dfrbpq_1)    0.31    1.06    0.75 (MET)
x_reg[6]$_SDFFE_PN0P_/D (sg13g2_dfrbpq_1)    0.34    1.09    0.75 (MET)
x_reg[6]$_SDFFE_PN0P_/D (sg13g2_dfrbpq_1)    0.34    1.09    0.75 (MET)
x_reg[5]$_SDFFE_PN0P_/D (sg13g2_dfrbpq_1)    0.31    1.06    0.75 (MET)
x_reg[5]$_SDFFE_PN0P_/D (sg13g2_dfrbpq_1)    0.31    1.06    0.75 (MET)
x_reg[5]$_SDFFE_PN0P_/D (sg13g2_dfrbpq_1)    0.31    1.06    0.75 (MET)
x_reg[5]$_SDFFE_PN0P_/D (sg13g2_dfrbpq_1)    0.31    1.06    0.75 (MET)
y_reg[3]$_SDFFE_PN0P_/D (sg13g2_dfrbpq_1)    0.31    1.06    0.75 (MET)
y_reg[3]$_SDFFE_PN0P_/D (sg13g2_dfrbpq_1)    0.31    1.06    0.75 (MET)
y_reg[3]$_SDFFE_PN0P_/D (sg13g2_dfrbpq_1)    0.31    1.06    0.75 (MET)
y_reg[3]$_SDFFE_PN0P_/D (sg13g2_dfrbpq_1)    0.31    1.06    0.75 (MET)
y_reg[3]$_SDFFE_PN0P_/D (sg13g2_dfrbpq_1)    0.31    1.06    0.75 (MET)
y_reg[3]$_SDFFE_PN0P_/D (sg13g2_dfrbpq_1)    0.31    1.06    0.75 (MET)
y_reg[3]$_SDFFE_PN0P_/D (sg13g2_dfrbpq_1)    0.31    1.06    0.75 (MET)
y_reg[3]$_SDFFE_PN0P_/D (sg13g2_dfrbpq_1)    0.31    1.06    0.75 (MET)
y_reg[3]$_SDFFE_PN0P_/D (sg13g2_dfrbpq_1)    0.31    1.06    0.75 (MET)
y_reg[3]$_SDFFE_PN0P_/D (sg13g2_dfrbpq_1)    0.34    1.09    0.75 (MET)
y_reg[3]$_SDFFE_PN0P_/D (sg13g2_dfrbpq_1)    0.34    1.09    0.75 (MET)
x_reg[5]$_SDFFE_PN0P_/D (sg13g2_dfrbpq_1)    0.31    1.06    0.75 (MET)
x_reg[5]$_SDFFE_PN0P_/D (sg13g2_dfrbpq_1)    0.31    1.06    0.75 (MET)
x_reg[5]$_SDFFE_PN0P_/D (sg13g2_dfrbpq_1)    0.31    1.06    0.75 (MET)
x_reg[5]$_SDFFE_PN0P_/D (sg13g2_dfrbpq_1)    0.31    1.06    0.75 (MET)
x_reg[5]$_SDFFE_PN0P_/D (sg13g2_dfrbpq_1)    0.31    1.06    0.75 (MET)
x_reg[5]$_SDFFE_PN0P_/D (sg13g2_dfrbpq_1)    0.31    1.06    0.75 (MET)
x_reg[5]$_SDFFE_PN0P_/D (sg13g2_dfrbpq_1)    0.31    1.06    0.75 (MET)
x_reg[5]$_SDFFE_PN0P_/D (sg13g2_dfrbpq_1)    0.31    1.06    0.75 (MET)
y_reg[3]$_SDFFE_PN0P_/D (sg13g2_dfrbpq_1)    0.34    1.09    0.75 (MET)
y_reg[3]$_SDFFE_PN0P_/D (sg13g2_dfrbpq_1)    0.34    1.09    0.75 (MET)
y_reg[3]$_SDFFE_PN0P_/D (sg13g2_dfrbpq_1)    0.31    1.06    0.75 (MET)
y_reg[3]$_SDFFE_PN0P_/D (sg13g2_dfrbpq_1)    0.31    1.06    0.75 (MET)
x_reg[4]$_SDFFE_PN0P_/D (sg13g2_dfrbpq_1)    0.35    1.10    0.75 (MET)
x_reg[4]$_SDFFE_PN0P_/D (sg13g2_dfrbpq_1)    0.35    1.10    0.75 (MET)
y_reg[3]$_SDFFE_PN0P_/D (sg13g2_dfrbpq_1)    0.34    1.09    0.75 (MET)
y_reg[3]$_SDFFE_PN0P_/D (sg13g2_dfrbpq_1)    0.34    1.09    0.75 (MET)
y_reg[2]$_SDFFE_PN0P_/D (sg13g2_dfrbpq_1)    0.31    1.06    0.75 (MET)
x_reg[5]$_SDFFE_PN0P_/D (sg13g2_dfrbpq_1)    0.34    1.09    0.75 (MET)
x_reg[5]$_SDFFE_PN0P_/D (sg13g2_dfrbpq_1)    0.34    1.09    0.75 (MET)
x_reg[5]$_SDFFE_PN0P_/D (sg13g2_dfrbpq_1)    0.34    1.09    0.75 (MET)
x_reg[5]$_SDFFE_PN0P_/D (sg13g2_dfrbpq_1)    0.34    1.09    0.75 (MET)
x_reg[5]$_SDFFE_PN0P_/D (sg13g2_dfrbpq_1)    0.34    1.09    0.75 (MET)
x_reg[4]$_SDFFE_PN0P_/D (sg13g2_dfrbpq_1)    0.35    1.10    0.75 (MET)
x_reg[4]$_SDFFE_PN0P_/D (sg13g2_dfrbpq_1)    0.35    1.10    0.75 (MET)
x_reg[4]$_SDFFE_PN0P_/D (sg13g2_dfrbpq_1)    0.35    1.10    0.75 (MET)
x_reg[4]$_SDFFE_PN0P_/D (sg13g2_dfrbpq_1)    0.35    1.10    0.75 (MET)
x_reg[4]$_SDFFE_PN0P_/D (sg13g2_dfrbpq_1)    0.35    1.10    0.75 (MET)
x_reg[4]$_SDFFE_PN0P_/D (sg13g2_dfrbpq_1)    0.35    1.10    0.75 (MET)
x_reg[4]$_SDFFE_PN0P_/D (sg13g2_dfrbpq_1)    0.35    1.10    0.75 (MET)
x_reg[4]$_SDFFE_PN0P_/D (sg13g2_dfrbpq_1)    0.35    1.10    0.75 (MET)
x_reg[2]$_SDFFE_PN0P_/D (sg13g2_dfrbpq_1)    0.31    1.06    0.75 (MET)
x_reg[2]$_SDFFE_PN0P_/D (sg13g2_dfrbpq_1)    0.31    1.06    0.75 (MET)
x_reg[2]$_SDFFE_PN0P_/D (sg13g2_dfrbpq_1)    0.31    1.06    0.75 (MET)
x_reg[2]$_SDFFE_PN0P_/D (sg13g2_dfrbpq_1)    0.31    1.06    0.75 (MET)
z_reg[9]$_SDFFE_PN0P_/D (sg13g2_dfrbpq_1)    0.32    1.07    0.75 (MET)
z_reg[9]$_SDFFE_PN0P_/D (sg13g2_dfrbpq_1)    0.32    1.07    0.75 (MET)
x_reg[5]$_SDFFE_PN0P_/D (sg13g2_dfrbpq_1)    0.34    1.09    0.75 (MET)
x_reg[5]$_SDFFE_PN0P_/D (sg13g2_dfrbpq_1)    0.34    1.09    0.75 (MET)
x_reg[5]$_SDFFE_PN0P_/D (sg13g2_dfrbpq_1)    0.34    1.09    0.75 (MET)
x_reg[5]$_SDFFE_PN0P_/D (sg13g2_dfrbpq_1)    0.34    1.09    0.75 (MET)
y_reg[2]$_SDFFE_PN0P_/D (sg13g2_dfrbpq_1)    0.31    1.06    0.75 (MET)
y_reg[4]$_SDFFE_PN0P_/D (sg13g2_dfrbpq_1)    0.34    1.10    0.75 (MET)
x_reg[4]$_SDFFE_PN0P_/D (sg13g2_dfrbpq_1)    0.35    1.10    0.75 (MET)
x_reg[4]$_SDFFE_PN0P_/D (sg13g2_dfrbpq_1)    0.35    1.10    0.75 (MET)
x_reg[4]$_SDFFE_PN0P_/D (sg13g2_dfrbpq_1)    0.35    1.10    0.75 (MET)
x_reg[4]$_SDFFE_PN0P_/D (sg13g2_dfrbpq_1)    0.35    1.10    0.75 (MET)
x_reg[4]$_SDFFE_PN0P_/D (sg13g2_dfrbpq_1)    0.35    1.10    0.75 (MET)
x_reg[4]$_SDFFE_PN0P_/D (sg13g2_dfrbpq_1)    0.35    1.10    0.75 (MET)
x_reg[4]$_SDFFE_PN0P_/D (sg13g2_dfrbpq_1)    0.35    1.10    0.75 (MET)
x_reg[4]$_SDFFE_PN0P_/D (sg13g2_dfrbpq_1)    0.35    1.10    0.75 (MET)
x_reg[4]$_SDFFE_PN0P_/D (sg13g2_dfrbpq_1)    0.35    1.10    0.75 (MET)
x_reg[4]$_SDFFE_PN0P_/D (sg13g2_dfrbpq_1)    0.35    1.10    0.75 (MET)
x_reg[4]$_SDFFE_PN0P_/D (sg13g2_dfrbpq_1)    0.35    1.10    0.75 (MET)
x_reg[4]$_SDFFE_PN0P_/D (sg13g2_dfrbpq_1)    0.35    1.10    0.75 (MET)
x_reg[4]$_SDFFE_PN0P_/D (sg13g2_dfrbpq_1)    0.35    1.10    0.75 (MET)
x_reg[4]$_SDFFE_PN0P_/D (sg13g2_dfrbpq_1)    0.35    1.10    0.75 (MET)
y_reg[3]$_SDFFE_PN0P_/D (sg13g2_dfrbpq_1)    0.34    1.09    0.75 (MET)
y_reg[3]$_SDFFE_PN0P_/D (sg13g2_dfrbpq_1)    0.34    1.09    0.75 (MET)
y_reg[3]$_SDFFE_PN0P_/D (sg13g2_dfrbpq_1)    0.34    1.09    0.75 (MET)
y_reg[3]$_SDFFE_PN0P_/D (sg13g2_dfrbpq_1)    0.34    1.09    0.75 (MET)
x_reg[4]$_SDFFE_PN0P_/D (sg13g2_dfrbpq_1)    0.35    1.10    0.75 (MET)
x_reg[4]$_SDFFE_PN0P_/D (sg13g2_dfrbpq_1)    0.35    1.10    0.75 (MET)
x_reg[4]$_SDFFE_PN0P_/D (sg13g2_dfrbpq_1)    0.35    1.10    0.75 (MET)
x_reg[4]$_SDFFE_PN0P_/D (sg13g2_dfrbpq_1)    0.35    1.10    0.75 (MET)
x_reg[4]$_SDFFE_PN0P_/D (sg13g2_dfrbpq_1)    0.35    1.10    0.75 (MET)
x_reg[4]$_SDFFE_PN0P_/D (sg13g2_dfrbpq_1)    0.35    1.10    0.75 (MET)
x_reg[4]$_SDFFE_PN0P_/D (sg13g2_dfrbpq_1)    0.35    1.10    0.75 (MET)
x_reg[4]$_SDFFE_PN0P_/D (sg13g2_dfrbpq_1)    0.35    1.10    0.75 (MET)
x_reg[4]$_SDFFE_PN0P_/D (sg13g2_dfrbpq_1)    0.35    1.10    0.75 (MET)
y_reg[2]$_SDFFE_PN0P_/D (sg13g2_dfrbpq_1)    0.31    1.06    0.75 (MET)
y_reg[2]$_SDFFE_PN0P_/D (sg13g2_dfrbpq_1)    0.31    1.06    0.75 (MET)
y_reg[3]$_SDFFE_PN0P_/D (sg13g2_dfrbpq_1)    0.34    1.09    0.75 (MET)
y_reg[3]$_SDFFE_PN0P_/D (sg13g2_dfrbpq_1)    0.34    1.09    0.75 (MET)
y_reg[2]$_SDFFE_PN0P_/D (sg13g2_dfrbpq_1)    0.31    1.06    0.75 (MET)
y_reg[2]$_SDFFE_PN0P_/D (sg13g2_dfrbpq_1)    0.31    1.06    0.75 (MET)
x_reg[1]$_SDFFE_PN0P_/D (sg13g2_dfrbpq_1)    0.35    1.10    0.75 (MET)
x_reg[6]$_SDFFE_PN0P_/D (sg13g2_dfrbpq_1)    0.31    1.06    0.75 (MET)
x_reg[6]$_SDFFE_PN0P_/D (sg13g2_dfrbpq_1)    0.31    1.06    0.75 (MET)
x_reg[5]$_SDFFE_PN0P_/D (sg13g2_dfrbpq_1)    0.34    1.09    0.75 (MET)
x_reg[5]$_SDFFE_PN0P_/D (sg13g2_dfrbpq_1)    0.34    1.09    0.75 (MET)
x_reg[9]$_SDFFE_PN0P_/D (sg13g2_dfrbpq_1)    0.34    1.09    0.75 (MET)
x_reg[5]$_SDFFE_PN0P_/D (sg13g2_dfrbpq_1)    0.34    1.09    0.75 (MET)
x_reg[5]$_SDFFE_PN0P_/D (sg13g2_dfrbpq_1)    0.34    1.09    0.75 (MET)
x_reg[5]$_SDFFE_PN0P_/D (sg13g2_dfrbpq_1)    0.34    1.09    0.75 (MET)
x_reg[5]$_SDFFE_PN0P_/D (sg13g2_dfrbpq_1)    0.34    1.09    0.75 (MET)
x_reg[6]$_SDFFE_PN0P_/D (sg13g2_dfrbpq_1)    0.31    1.06    0.75 (MET)
x_reg[6]$_SDFFE_PN0P_/D (sg13g2_dfrbpq_1)    0.31    1.06    0.75 (MET)
x_reg[9]$_SDFFE_PN0P_/D (sg13g2_dfrbpq_1)    0.34    1.09    0.75 (MET)
x_reg[5]$_SDFFE_PN0P_/D (sg13g2_dfrbpq_1)    0.34    1.09    0.75 (MET)
x_reg[5]$_SDFFE_PN0P_/D (sg13g2_dfrbpq_1)    0.34    1.09    0.75 (MET)
x_reg[5]$_SDFFE_PN0P_/D (sg13g2_dfrbpq_1)    0.34    1.09    0.75 (MET)
x_reg[5]$_SDFFE_PN0P_/D (sg13g2_dfrbpq_1)    0.34    1.09    0.75 (MET)
x_reg[5]$_SDFFE_PN0P_/D (sg13g2_dfrbpq_1)    0.34    1.09    0.75 (MET)
x_reg[5]$_SDFFE_PN0P_/D (sg13g2_dfrbpq_1)    0.34    1.09    0.75 (MET)
x_reg[4]$_SDFFE_PN0P_/D (sg13g2_dfrbpq_1)    0.35    1.11    0.75 (MET)
x_reg[4]$_SDFFE_PN0P_/D (sg13g2_dfrbpq_1)    0.35    1.11    0.75 (MET)
x_reg[4]$_SDFFE_PN0P_/D (sg13g2_dfrbpq_1)    0.35    1.11    0.75 (MET)
x_reg[4]$_SDFFE_PN0P_/D (sg13g2_dfrbpq_1)    0.35    1.11    0.75 (MET)
x_reg[4]$_SDFFE_PN0P_/D (sg13g2_dfrbpq_1)    0.35    1.11    0.75 (MET)
x_reg[4]$_SDFFE_PN0P_/D (sg13g2_dfrbpq_1)    0.35    1.11    0.75 (MET)
x_reg[6]$_SDFFE_PN0P_/D (sg13g2_dfrbpq_1)    0.31    1.06    0.75 (MET)
x_reg[6]$_SDFFE_PN0P_/D (sg13g2_dfrbpq_1)    0.31    1.06    0.75 (MET)
x_reg[6]$_SDFFE_PN0P_/D (sg13g2_dfrbpq_1)    0.31    1.06    0.75 (MET)
x_reg[6]$_SDFFE_PN0P_/D (sg13g2_dfrbpq_1)    0.31    1.06    0.75 (MET)
x_reg[9]$_SDFFE_PN0P_/D (sg13g2_dfrbpq_1)    0.34    1.09    0.75 (MET)
x_reg[9]$_SDFFE_PN0P_/D (sg13g2_dfrbpq_1)    0.34    1.09    0.75 (MET)
x_reg[5]$_SDFFE_PN0P_/D (sg13g2_dfrbpq_1)    0.34    1.09    0.75 (MET)
x_reg[5]$_SDFFE_PN0P_/D (sg13g2_dfrbpq_1)    0.34    1.09    0.75 (MET)
x_reg[5]$_SDFFE_PN0P_/D (sg13g2_dfrbpq_1)    0.34    1.09    0.75 (MET)
y_reg[3]$_SDFFE_PN0P_/D (sg13g2_dfrbpq_1)    0.34    1.09    0.75 (MET)
y_reg[3]$_SDFFE_PN0P_/D (sg13g2_dfrbpq_1)    0.34    1.09    0.75 (MET)
y_reg[3]$_SDFFE_PN0P_/D (sg13g2_dfrbpq_1)    0.34    1.09    0.75 (MET)
y_reg[3]$_SDFFE_PN0P_/D (sg13g2_dfrbpq_1)    0.34    1.09    0.75 (MET)
x_reg[9]$_SDFFE_PN0P_/D (sg13g2_dfrbpq_1)    0.32    1.07    0.75 (MET)
x_reg[5]$_SDFFE_PN0P_/D (sg13g2_dfrbpq_1)    0.34    1.09    0.75 (MET)
x_reg[5]$_SDFFE_PN0P_/D (sg13g2_dfrbpq_1)    0.34    1.09    0.75 (MET)
y_reg[6]$_SDFFE_PN0P_/D (sg13g2_dfrbpq_1)    0.34    1.10    0.75 (MET)
y_reg[6]$_SDFFE_PN0P_/D (sg13g2_dfrbpq_1)    0.34    1.10    0.75 (MET)
y_reg[6]$_SDFFE_PN0P_/D (sg13g2_dfrbpq_1)    0.34    1.10    0.75 (MET)
y_reg[6]$_SDFFE_PN0P_/D (sg13g2_dfrbpq_1)    0.34    1.10    0.75 (MET)
x_reg[1]$_SDFFE_PN0P_/D (sg13g2_dfrbpq_1)    0.32    1.08    0.75 (MET)
x_reg[1]$_SDFFE_PN0P_/D (sg13g2_dfrbpq_1)    0.32    1.08    0.75 (MET)
x_reg[2]$_SDFFE_PN0P_/D (sg13g2_dfrbpq_1)    0.31    1.06    0.75 (MET)
x_reg[2]$_SDFFE_PN0P_/D (sg13g2_dfrbpq_1)    0.31    1.06    0.75 (MET)
x_reg[2]$_SDFFE_PN0P_/D (sg13g2_dfrbpq_1)    0.31    1.06    0.75 (MET)
x_reg[2]$_SDFFE_PN0P_/D (sg13g2_dfrbpq_1)    0.31    1.06    0.75 (MET)
x_reg[5]$_SDFFE_PN0P_/D (sg13g2_dfrbpq_1)    0.34    1.10    0.75 (MET)
x_reg[5]$_SDFFE_PN0P_/D (sg13g2_dfrbpq_1)    0.34    1.10    0.75 (MET)
x_reg[5]$_SDFFE_PN0P_/D (sg13g2_dfrbpq_1)    0.34    1.10    0.75 (MET)
x_reg[5]$_SDFFE_PN0P_/D (sg13g2_dfrbpq_1)    0.34    1.10    0.75 (MET)
y_reg[6]$_SDFFE_PN0P_/D (sg13g2_dfrbpq_1)    0.34    1.10    0.75 (MET)
y_reg[6]$_SDFFE_PN0P_/D (sg13g2_dfrbpq_1)    0.34    1.10    0.75 (MET)
y_reg[6]$_SDFFE_PN0P_/D (sg13g2_dfrbpq_1)    0.34    1.10    0.75 (MET)
y_reg[6]$_SDFFE_PN0P_/D (sg13g2_dfrbpq_1)    0.34    1.10    0.75 (MET)
x_reg[4]$_SDFFE_PN0P_/D (sg13g2_dfrbpq_1)    0.35    1.11    0.75 (MET)
x_reg[4]$_SDFFE_PN0P_/D (sg13g2_dfrbpq_1)    0.35    1.11    0.75 (MET)
x_reg[4]$_SDFFE_PN0P_/D (sg13g2_dfrbpq_1)    0.35    1.11    0.75 (MET)
x_reg[4]$_SDFFE_PN0P_/D (sg13g2_dfrbpq_1)    0.35    1.11    0.75 (MET)
y_reg[6]$_SDFFE_PN0P_/D (sg13g2_dfrbpq_1)    0.34    1.10    0.75 (MET)
y_reg[6]$_SDFFE_PN0P_/D (sg13g2_dfrbpq_1)    0.34    1.10    0.75 (MET)
y_reg[6]$_SDFFE_PN0P_/D (sg13g2_dfrbpq_1)    0.34    1.10    0.75 (MET)
y_reg[6]$_SDFFE_PN0P_/D (sg13g2_dfrbpq_1)    0.34    1.10    0.75 (MET)
y_reg[6]$_SDFFE_PN0P_/D (sg13g2_dfrbpq_1)    0.34    1.10    0.75 (MET)
y_reg[6]$_SDFFE_PN0P_/D (sg13g2_dfrbpq_1)    0.34    1.10    0.75 (MET)
y_reg[6]$_SDFFE_PN0P_/D (sg13g2_dfrbpq_1)    0.34    1.10    0.75 (MET)
y_reg[6]$_SDFFE_PN0P_/D (sg13g2_dfrbpq_1)    0.34    1.10    0.75 (MET)
x_reg[4]$_SDFFE_PN0P_/D (sg13g2_dfrbpq_1)    0.35    1.11    0.75 (MET)
x_reg[4]$_SDFFE_PN0P_/D (sg13g2_dfrbpq_1)    0.35    1.11    0.75 (MET)
x_reg[4]$_SDFFE_PN0P_/D (sg13g2_dfrbpq_1)    0.35    1.11    0.75 (MET)
x_reg[4]$_SDFFE_PN0P_/D (sg13g2_dfrbpq_1)    0.35    1.11    0.75 (MET)
x_reg[4]$_SDFFE_PN0P_/D (sg13g2_dfrbpq_1)    0.35    1.11    0.75 (MET)
x_reg[4]$_SDFFE_PN0P_/D (sg13g2_dfrbpq_1)    0.35    1.11    0.75 (MET)
x_reg[2]$_SDFFE_PN0P_/D (sg13g2_dfrbpq_1)    0.31    1.06    0.75 (MET)
x_reg[2]$_SDFFE_PN0P_/D (sg13g2_dfrbpq_1)    0.31    1.06    0.75 (MET)
x_reg[2]$_SDFFE_PN0P_/D (sg13g2_dfrbpq_1)    0.31    1.06    0.75 (MET)
x_reg[2]$_SDFFE_PN0P_/D (sg13g2_dfrbpq_1)    0.31    1.06    0.75 (MET)
x_reg[2]$_SDFFE_PN0P_/D (sg13g2_dfrbpq_1)    0.31    1.06    0.75 (MET)
x_reg[2]$_SDFFE_PN0P_/D (sg13g2_dfrbpq_1)    0.31    1.06    0.75 (MET)
x_reg[2]$_SDFFE_PN0P_/D (sg13g2_dfrbpq_1)    0.31    1.06    0.75 (MET)
x_reg[2]$_SDFFE_PN0P_/D (sg13g2_dfrbpq_1)    0.31    1.06    0.75 (MET)
x_reg[1]$_SDFFE_PN0P_/D (sg13g2_dfrbpq_1)    0.32    1.08    0.75 (MET)
z_reg[9]$_SDFFE_PN0P_/D (sg13g2_dfrbpq_1)    0.32    1.07    0.75 (MET)
z_reg[9]$_SDFFE_PN0P_/D (sg13g2_dfrbpq_1)    0.32    1.07    0.75 (MET)
y_reg[3]$_SDFFE_PN0P_/D (sg13g2_dfrbpq_1)    0.34    1.10    0.75 (MET)
y_reg[3]$_SDFFE_PN0P_/D (sg13g2_dfrbpq_1)    0.34    1.10    0.75 (MET)
y_reg[1]$_SDFFE_PN0P_/D (sg13g2_dfrbpq_1)    0.34    1.10    0.75 (MET)
y_reg[1]$_SDFFE_PN0P_/D (sg13g2_dfrbpq_1)    0.34    1.10    0.75 (MET)
x_reg[4]$_SDFFE_PN0P_/D (sg13g2_dfrbpq_1)    0.35    1.11    0.75 (MET)
x_reg[4]$_SDFFE_PN0P_/D (sg13g2_dfrbpq_1)    0.35    1.11    0.75 (MET)
x_reg[4]$_SDFFE_PN0P_/D (sg13g2_dfrbpq_1)    0.35    1.11    0.75 (MET)
x_reg[4]$_SDFFE_PN0P_/D (sg13g2_dfrbpq_1)    0.35    1.11    0.75 (MET)
x_reg[5]$_SDFFE_PN0P_/D (sg13g2_dfrbpq_1)    0.34    1.10    0.75 (MET)
x_reg[5]$_SDFFE_PN0P_/D (sg13g2_dfrbpq_1)    0.34    1.10    0.75 (MET)
x_reg[5]$_SDFFE_PN0P_/D (sg13g2_dfrbpq_1)    0.34    1.10    0.75 (MET)
x_reg[5]$_SDFFE_PN0P_/D (sg13g2_dfrbpq_1)    0.34    1.10    0.75 (MET)
y_reg[3]$_SDFFE_PN0P_/D (sg13g2_dfrbpq_1)    0.34    1.10    0.75 (MET)
y_reg[3]$_SDFFE_PN0P_/D (sg13g2_dfrbpq_1)    0.34    1.10    0.75 (MET)
x_reg[1]$_SDFFE_PN0P_/D (sg13g2_dfrbpq_1)    0.32    1.08    0.75 (MET)
x_reg[1]$_SDFFE_PN0P_/D (sg13g2_dfrbpq_1)    0.32    1.08    0.75 (MET)
x_reg[5]$_SDFFE_PN0P_/D (sg13g2_dfrbpq_1)    0.31    1.07    0.76 (MET)
y_reg[6]$_SDFFE_PN0P_/D (sg13g2_dfrbpq_1)    0.34    1.10    0.76 (MET)
y_reg[6]$_SDFFE_PN0P_/D (sg13g2_dfrbpq_1)    0.34    1.10    0.76 (MET)
y_reg[1]$_SDFFE_PN0P_/D (sg13g2_dfrbpq_1)    0.31    1.07    0.76 (MET)
x_reg[5]$_SDFFE_PN0P_/D (sg13g2_dfrbpq_1)    0.31    1.07    0.76 (MET)
y_reg[4]$_SDFFE_PN0P_/D (sg13g2_dfrbpq_1)    0.31    1.07    0.76 (MET)
y_reg[3]$_SDFFE_PN0P_/D (sg13g2_dfrbpq_1)    0.34    1.10    0.76 (MET)
y_reg[3]$_SDFFE_PN0P_/D (sg13g2_dfrbpq_1)    0.34    1.10    0.76 (MET)
y_reg[3]$_SDFFE_PN0P_/D (sg13g2_dfrbpq_1)    0.34    1.10    0.76 (MET)
y_reg[3]$_SDFFE_PN0P_/D (sg13g2_dfrbpq_1)    0.34    1.10    0.76 (MET)
y_reg[3]$_SDFFE_PN0P_/D (sg13g2_dfrbpq_1)    0.34    1.10    0.76 (MET)
y_reg[3]$_SDFFE_PN0P_/D (sg13g2_dfrbpq_1)    0.34    1.10    0.76 (MET)
y_reg[3]$_SDFFE_PN0P_/D (sg13g2_dfrbpq_1)    0.34    1.10    0.76 (MET)
y_reg[3]$_SDFFE_PN0P_/D (sg13g2_dfrbpq_1)    0.34    1.10    0.76 (MET)
x_reg[4]$_SDFFE_PN0P_/D (sg13g2_dfrbpq_1)    0.35    1.11    0.76 (MET)
x_reg[4]$_SDFFE_PN0P_/D (sg13g2_dfrbpq_1)    0.35    1.11    0.76 (MET)
y_reg[6]$_SDFFE_PN0P_/D (sg13g2_dfrbpq_1)    0.34    1.10    0.76 (MET)
y_reg[6]$_SDFFE_PN0P_/D (sg13g2_dfrbpq_1)    0.34    1.10    0.76 (MET)
x_reg[4]$_SDFFE_PN0P_/D (sg13g2_dfrbpq_1)    0.35    1.11    0.76 (MET)
x_reg[4]$_SDFFE_PN0P_/D (sg13g2_dfrbpq_1)    0.35    1.11    0.76 (MET)
x_reg[4]$_SDFFE_PN0P_/D (sg13g2_dfrbpq_1)    0.35    1.11    0.76 (MET)
x_reg[4]$_SDFFE_PN0P_/D (sg13g2_dfrbpq_1)    0.35    1.11    0.76 (MET)
x_reg[4]$_SDFFE_PN0P_/D (sg13g2_dfrbpq_1)    0.35    1.11    0.76 (MET)
x_reg[4]$_SDFFE_PN0P_/D (sg13g2_dfrbpq_1)    0.35    1.11    0.76 (MET)
x_reg[4]$_SDFFE_PN0P_/D (sg13g2_dfrbpq_1)    0.35    1.11    0.76 (MET)
x_reg[4]$_SDFFE_PN0P_/D (sg13g2_dfrbpq_1)    0.35    1.11    0.76 (MET)
y_reg[1]$_SDFFE_PN0P_/D (sg13g2_dfrbpq_1)    0.34    1.10    0.76 (MET)
y_reg[1]$_SDFFE_PN0P_/D (sg13g2_dfrbpq_1)    0.34    1.10    0.76 (MET)
x_reg[5]$_SDFFE_PN0P_/D (sg13g2_dfrbpq_1)    0.31    1.07    0.76 (MET)
x_reg[5]$_SDFFE_PN0P_/D (sg13g2_dfrbpq_1)    0.31    1.07    0.76 (MET)
y_reg[1]$_SDFFE_PN0P_/D (sg13g2_dfrbpq_1)    0.31    1.07    0.76 (MET)
y_reg[1]$_SDFFE_PN0P_/D (sg13g2_dfrbpq_1)    0.31    1.07    0.76 (MET)
x_reg[5]$_SDFFE_PN0P_/D (sg13g2_dfrbpq_1)    0.31    1.07    0.76 (MET)
x_reg[5]$_SDFFE_PN0P_/D (sg13g2_dfrbpq_1)    0.31    1.07    0.76 (MET)
y_reg[6]$_SDFFE_PN0P_/D (sg13g2_dfrbpq_1)    0.34    1.10    0.76 (MET)
y_reg[6]$_SDFFE_PN0P_/D (sg13g2_dfrbpq_1)    0.34    1.10    0.76 (MET)
y_reg[6]$_SDFFE_PN0P_/D (sg13g2_dfrbpq_1)    0.34    1.10    0.76 (MET)
y_reg[6]$_SDFFE_PN0P_/D (sg13g2_dfrbpq_1)    0.34    1.10    0.76 (MET)
x_reg[5]$_SDFFE_PN0P_/D (sg13g2_dfrbpq_1)    0.31    1.07    0.76 (MET)
x_reg[5]$_SDFFE_PN0P_/D (sg13g2_dfrbpq_1)    0.31    1.07    0.76 (MET)
x_reg[5]$_SDFFE_PN0P_/D (sg13g2_dfrbpq_1)    0.31    1.07    0.76 (MET)
x_reg[5]$_SDFFE_PN0P_/D (sg13g2_dfrbpq_1)    0.31    1.07    0.76 (MET)
y_reg[4]$_SDFFE_PN0P_/D (sg13g2_dfrbpq_1)    0.31    1.07    0.76 (MET)
y_reg[4]$_SDFFE_PN0P_/D (sg13g2_dfrbpq_1)    0.31    1.07    0.76 (MET)
x_reg[6]$_SDFFE_PN0P_/D (sg13g2_dfrbpq_1)    0.34    1.09    0.76 (MET)
y_reg[5]$_SDFFE_PN0P_/D (sg13g2_dfrbpq_1)    0.34    1.10    0.76 (MET)
x_reg[5]$_SDFFE_PN0P_/D (sg13g2_dfrbpq_1)    0.34    1.10    0.76 (MET)
x_reg[5]$_SDFFE_PN0P_/D (sg13g2_dfrbpq_1)    0.34    1.10    0.76 (MET)
x_reg[6]$_SDFFE_PN0P_/D (sg13g2_dfrbpq_1)    0.34    1.09    0.76 (MET)
y_reg[5]$_SDFFE_PN0P_/D (sg13g2_dfrbpq_1)    0.34    1.10    0.76 (MET)
x_reg[5]$_SDFFE_PN0P_/D (sg13g2_dfrbpq_1)    0.34    1.10    0.76 (MET)
y_reg[5]$_SDFFE_PN0P_/D (sg13g2_dfrbpq_1)    0.34    1.10    0.76 (MET)
x_reg[5]$_SDFFE_PN0P_/D (sg13g2_dfrbpq_1)    0.31    1.07    0.76 (MET)
x_reg[5]$_SDFFE_PN0P_/D (sg13g2_dfrbpq_1)    0.31    1.07    0.76 (MET)
x_reg[5]$_SDFFE_PN0P_/D (sg13g2_dfrbpq_1)    0.31    1.07    0.76 (MET)
x_reg[5]$_SDFFE_PN0P_/D (sg13g2_dfrbpq_1)    0.31    1.07    0.76 (MET)
x_reg[5]$_SDFFE_PN0P_/D (sg13g2_dfrbpq_1)    0.31    1.07    0.76 (MET)
x_reg[5]$_SDFFE_PN0P_/D (sg13g2_dfrbpq_1)    0.31    1.07    0.76 (MET)
x_reg[5]$_SDFFE_PN0P_/D (sg13g2_dfrbpq_1)    0.31    1.07    0.76 (MET)
x_reg[5]$_SDFFE_PN0P_/D (sg13g2_dfrbpq_1)    0.31    1.07    0.76 (MET)
x_reg[4]$_SDFFE_PN0P_/D (sg13g2_dfrbpq_1)    0.35    1.11    0.76 (MET)
x_reg[5]$_SDFFE_PN0P_/D (sg13g2_dfrbpq_1)    0.34    1.10    0.76 (MET)
x_reg[5]$_SDFFE_PN0P_/D (sg13g2_dfrbpq_1)    0.34    1.10    0.76 (MET)
x_reg[5]$_SDFFE_PN0P_/D (sg13g2_dfrbpq_1)    0.34    1.10    0.76 (MET)
y_reg[5]$_SDFFE_PN0P_/D (sg13g2_dfrbpq_1)    0.34    1.10    0.76 (MET)
y_reg[5]$_SDFFE_PN0P_/D (sg13g2_dfrbpq_1)    0.34    1.10    0.76 (MET)
y_reg[5]$_SDFFE_PN0P_/D (sg13g2_dfrbpq_1)    0.34    1.10    0.76 (MET)
x_reg[4]$_SDFFE_PN0P_/D (sg13g2_dfrbpq_1)    0.35    1.11    0.76 (MET)
x_reg[4]$_SDFFE_PN0P_/D (sg13g2_dfrbpq_1)    0.35    1.11    0.76 (MET)
x_reg[4]$_SDFFE_PN0P_/D (sg13g2_dfrbpq_1)    0.35    1.11    0.76 (MET)
x_reg[4]$_SDFFE_PN0P_/D (sg13g2_dfrbpq_1)    0.35    1.11    0.76 (MET)
x_reg[6]$_SDFFE_PN0P_/D (sg13g2_dfrbpq_1)    0.34    1.09    0.76 (MET)
x_reg[6]$_SDFFE_PN0P_/D (sg13g2_dfrbpq_1)    0.34    1.09    0.76 (MET)
y_reg[5]$_SDFFE_PN0P_/D (sg13g2_dfrbpq_1)    0.34    1.10    0.76 (MET)
y_reg[5]$_SDFFE_PN0P_/D (sg13g2_dfrbpq_1)    0.34    1.10    0.76 (MET)
y_reg[5]$_SDFFE_PN0P_/D (sg13g2_dfrbpq_1)    0.34    1.10    0.76 (MET)
y_reg[5]$_SDFFE_PN0P_/D (sg13g2_dfrbpq_1)    0.34    1.10    0.76 (MET)
y_reg[5]$_SDFFE_PN0P_/D (sg13g2_dfrbpq_1)    0.34    1.10    0.76 (MET)
y_reg[5]$_SDFFE_PN0P_/D (sg13g2_dfrbpq_1)    0.34    1.10    0.76 (MET)
x_reg[4]$_SDFFE_PN0P_/D (sg13g2_dfrbpq_1)    0.35    1.11    0.76 (MET)
x_reg[4]$_SDFFE_PN0P_/D (sg13g2_dfrbpq_1)    0.35    1.11    0.76 (MET)
x_reg[4]$_SDFFE_PN0P_/D (sg13g2_dfrbpq_1)    0.35    1.11    0.76 (MET)
x_reg[4]$_SDFFE_PN0P_/D (sg13g2_dfrbpq_1)    0.35    1.11    0.76 (MET)
y_reg[1]$_SDFFE_PN0P_/D (sg13g2_dfrbpq_1)    0.34    1.10    0.76 (MET)
y_reg[1]$_SDFFE_PN0P_/D (sg13g2_dfrbpq_1)    0.34    1.10    0.76 (MET)
y_reg[2]$_SDFFE_PN0P_/D (sg13g2_dfrbpq_1)    0.34    1.10    0.76 (MET)
y_reg[5]$_SDFFE_PN0P_/D (sg13g2_dfrbpq_1)    0.34    1.10    0.76 (MET)
y_reg[5]$_SDFFE_PN0P_/D (sg13g2_dfrbpq_1)    0.34    1.10    0.76 (MET)
y_reg[5]$_SDFFE_PN0P_/D (sg13g2_dfrbpq_1)    0.34    1.10    0.76 (MET)
y_reg[5]$_SDFFE_PN0P_/D (sg13g2_dfrbpq_1)    0.34    1.10    0.76 (MET)
z_reg[9]$_SDFFE_PN0P_/D (sg13g2_dfrbpq_1)    0.32    1.08    0.76 (MET)
z_reg[9]$_SDFFE_PN0P_/D (sg13g2_dfrbpq_1)    0.32    1.08    0.76 (MET)
y_reg[1]$_SDFFE_PN0P_/D (sg13g2_dfrbpq_1)    0.31    1.07    0.76 (MET)
y_reg[1]$_SDFFE_PN0P_/D (sg13g2_dfrbpq_1)    0.34    1.10    0.76 (MET)
y_reg[1]$_SDFFE_PN0P_/D (sg13g2_dfrbpq_1)    0.34    1.10    0.76 (MET)
y_reg[1]$_SDFFE_PN0P_/D (sg13g2_dfrbpq_1)    0.34    1.10    0.76 (MET)
x_reg[4]$_SDFFE_PN0P_/D (sg13g2_dfrbpq_1)    0.35    1.11    0.76 (MET)
x_reg[5]$_SDFFE_PN0P_/D (sg13g2_dfrbpq_1)    0.34    1.10    0.76 (MET)
x_reg[5]$_SDFFE_PN0P_/D (sg13g2_dfrbpq_1)    0.34    1.10    0.76 (MET)
x_reg[5]$_SDFFE_PN0P_/D (sg13g2_dfrbpq_1)    0.34    1.10    0.76 (MET)
x_reg[5]$_SDFFE_PN0P_/D (sg13g2_dfrbpq_1)    0.34    1.10    0.76 (MET)
y_reg[3]$_SDFFE_PN0P_/D (sg13g2_dfrbpq_1)    0.34    1.10    0.76 (MET)
y_reg[3]$_SDFFE_PN0P_/D (sg13g2_dfrbpq_1)    0.34    1.10    0.76 (MET)
y_reg[1]$_SDFFE_PN0P_/D (sg13g2_dfrbpq_1)    0.31    1.07    0.76 (MET)
y_reg[1]$_SDFFE_PN0P_/D (sg13g2_dfrbpq_1)    0.31    1.07    0.76 (MET)
y_reg[3]$_SDFFE_PN0P_/D (sg13g2_dfrbpq_1)    0.34    1.10    0.76 (MET)
y_reg[3]$_SDFFE_PN0P_/D (sg13g2_dfrbpq_1)    0.34    1.10    0.76 (MET)
y_reg[3]$_SDFFE_PN0P_/D (sg13g2_dfrbpq_1)    0.34    1.10    0.76 (MET)
y_reg[3]$_SDFFE_PN0P_/D (sg13g2_dfrbpq_1)    0.34    1.10    0.76 (MET)
y_reg[3]$_SDFFE_PN0P_/D (sg13g2_dfrbpq_1)    0.34    1.10    0.76 (MET)
y_reg[3]$_SDFFE_PN0P_/D (sg13g2_dfrbpq_1)    0.34    1.10    0.76 (MET)
y_reg[3]$_SDFFE_PN0P_/D (sg13g2_dfrbpq_1)    0.34    1.10    0.76 (MET)
y_reg[3]$_SDFFE_PN0P_/D (sg13g2_dfrbpq_1)    0.34    1.10    0.76 (MET)
y_reg[1]$_SDFFE_PN0P_/D (sg13g2_dfrbpq_1)    0.34    1.10    0.76 (MET)
y_reg[1]$_SDFFE_PN0P_/D (sg13g2_dfrbpq_1)    0.34    1.10    0.76 (MET)
x_reg[5]$_SDFFE_PN0P_/D (sg13g2_dfrbpq_1)    0.34    1.10    0.76 (MET)
x_reg[5]$_SDFFE_PN0P_/D (sg13g2_dfrbpq_1)    0.34    1.10    0.76 (MET)
x_reg[4]$_SDFFE_PN0P_/D (sg13g2_dfrbpq_1)    0.35    1.11    0.76 (MET)
x_reg[4]$_SDFFE_PN0P_/D (sg13g2_dfrbpq_1)    0.35    1.11    0.76 (MET)
x_reg[5]$_SDFFE_PN0P_/D (sg13g2_dfrbpq_1)    0.34    1.10    0.76 (MET)
x_reg[5]$_SDFFE_PN0P_/D (sg13g2_dfrbpq_1)    0.34    1.10    0.76 (MET)
y_reg[3]$_SDFFE_PN0P_/D (sg13g2_dfrbpq_1)    0.34    1.10    0.76 (MET)
y_reg[3]$_SDFFE_PN0P_/D (sg13g2_dfrbpq_1)    0.34    1.10    0.76 (MET)
x_reg[9]$_SDFFE_PN0P_/D (sg13g2_dfrbpq_1)    0.34    1.10    0.76 (MET)
x_reg[4]$_SDFFE_PN0P_/D (sg13g2_dfrbpq_1)    0.35    1.11    0.76 (MET)
y_reg[1]$_SDFFE_PN0P_/D (sg13g2_dfrbpq_1)    0.31    1.07    0.76 (MET)
y_reg[1]$_SDFFE_PN0P_/D (sg13g2_dfrbpq_1)    0.31    1.07    0.76 (MET)
y_reg[3]$_SDFFE_PN0P_/D (sg13g2_dfrbpq_1)    0.34    1.10    0.76 (MET)
y_reg[3]$_SDFFE_PN0P_/D (sg13g2_dfrbpq_1)    0.34    1.10    0.76 (MET)
x_reg[5]$_SDFFE_PN0P_/D (sg13g2_dfrbpq_1)    0.34    1.10    0.76 (MET)
x_reg[5]$_SDFFE_PN0P_/D (sg13g2_dfrbpq_1)    0.34    1.10    0.76 (MET)
x_reg[5]$_SDFFE_PN0P_/D (sg13g2_dfrbpq_1)    0.31    1.07    0.76 (MET)
x_reg[5]$_SDFFE_PN0P_/D (sg13g2_dfrbpq_1)    0.31    1.07    0.76 (MET)
x_reg[5]$_SDFFE_PN0P_/D (sg13g2_dfrbpq_1)    0.31    1.07    0.76 (MET)
x_reg[5]$_SDFFE_PN0P_/D (sg13g2_dfrbpq_1)    0.31    1.07    0.76 (MET)
x_reg[4]$_SDFFE_PN0P_/D (sg13g2_dfrbpq_1)    0.35    1.11    0.76 (MET)
x_reg[4]$_SDFFE_PN0P_/D (sg13g2_dfrbpq_1)    0.35    1.11    0.76 (MET)
x_reg[4]$_SDFFE_PN0P_/D (sg13g2_dfrbpq_1)    0.35    1.11    0.76 (MET)
x_reg[4]$_SDFFE_PN0P_/D (sg13g2_dfrbpq_1)    0.35    1.11    0.76 (MET)
y_reg[1]$_SDFFE_PN0P_/D (sg13g2_dfrbpq_1)    0.31    1.07    0.76 (MET)
y_reg[1]$_SDFFE_PN0P_/D (sg13g2_dfrbpq_1)    0.31    1.07    0.76 (MET)
y_reg[1]$_SDFFE_PN0P_/D (sg13g2_dfrbpq_1)    0.31    1.07    0.76 (MET)
y_reg[1]$_SDFFE_PN0P_/D (sg13g2_dfrbpq_1)    0.31    1.07    0.76 (MET)
x_reg[4]$_SDFFE_PN0P_/D (sg13g2_dfrbpq_1)    0.35    1.11    0.76 (MET)
x_reg[4]$_SDFFE_PN0P_/D (sg13g2_dfrbpq_1)    0.35    1.11    0.76 (MET)
x_reg[5]$_SDFFE_PN0P_/D (sg13g2_dfrbpq_1)    0.34    1.10    0.76 (MET)
x_reg[5]$_SDFFE_PN0P_/D (sg13g2_dfrbpq_1)    0.34    1.10    0.76 (MET)
x_reg[4]$_SDFFE_PN0P_/D (sg13g2_dfrbpq_1)    0.35    1.11    0.76 (MET)
x_reg[4]$_SDFFE_PN0P_/D (sg13g2_dfrbpq_1)    0.35    1.11    0.76 (MET)
x_reg[4]$_SDFFE_PN0P_/D (sg13g2_dfrbpq_1)    0.35    1.11    0.76 (MET)
x_reg[4]$_SDFFE_PN0P_/D (sg13g2_dfrbpq_1)    0.35    1.11    0.76 (MET)
x_reg[4]$_SDFFE_PN0P_/D (sg13g2_dfrbpq_1)    0.35    1.11    0.76 (MET)
x_reg[4]$_SDFFE_PN0P_/D (sg13g2_dfrbpq_1)    0.35    1.11    0.76 (MET)
x_reg[6]$_SDFFE_PN0P_/D (sg13g2_dfrbpq_1)    0.31    1.07    0.76 (MET)
x_reg[5]$_SDFFE_PN0P_/D (sg13g2_dfrbpq_1)    0.34    1.10    0.76 (MET)
y_reg[4]$_SDFFE_PN0P_/D (sg13g2_dfrbpq_1)    0.34    1.11    0.76 (MET)
y_reg[4]$_SDFFE_PN0P_/D (sg13g2_dfrbpq_1)    0.34    1.11    0.76 (MET)
x_reg[5]$_SDFFE_PN0P_/D (sg13g2_dfrbpq_1)    0.31    1.07    0.76 (MET)
x_reg[5]$_SDFFE_PN0P_/D (sg13g2_dfrbpq_1)    0.31    1.07    0.76 (MET)
x_reg[5]$_SDFFE_PN0P_/D (sg13g2_dfrbpq_1)    0.31    1.07    0.76 (MET)
x_reg[5]$_SDFFE_PN0P_/D (sg13g2_dfrbpq_1)    0.31    1.07    0.76 (MET)
x_reg[5]$_SDFFE_PN0P_/D (sg13g2_dfrbpq_1)    0.31    1.07    0.76 (MET)
x_reg[5]$_SDFFE_PN0P_/D (sg13g2_dfrbpq_1)    0.31    1.07    0.76 (MET)
x_reg[5]$_SDFFE_PN0P_/D (sg13g2_dfrbpq_1)    0.31    1.07    0.76 (MET)
x_reg[5]$_SDFFE_PN0P_/D (sg13g2_dfrbpq_1)    0.31    1.07    0.76 (MET)
x_reg[5]$_SDFFE_PN0P_/D (sg13g2_dfrbpq_1)    0.34    1.10    0.76 (MET)
x_reg[5]$_SDFFE_PN0P_/D (sg13g2_dfrbpq_1)    0.34    1.10    0.76 (MET)
x_reg[5]$_SDFFE_PN0P_/D (sg13g2_dfrbpq_1)    0.34    1.10    0.76 (MET)
x_reg[5]$_SDFFE_PN0P_/D (sg13g2_dfrbpq_1)    0.34    1.10    0.76 (MET)
x_reg[9]$_SDFFE_PN0P_/D (sg13g2_dfrbpq_1)    0.34    1.10    0.76 (MET)
x_reg[5]$_SDFFE_PN0P_/D (sg13g2_dfrbpq_1)    0.34    1.10    0.76 (MET)
x_reg[4]$_SDFFE_PN0P_/D (sg13g2_dfrbpq_1)    0.35    1.11    0.76 (MET)
x_reg[4]$_SDFFE_PN0P_/D (sg13g2_dfrbpq_1)    0.35    1.11    0.76 (MET)
x_reg[4]$_SDFFE_PN0P_/D (sg13g2_dfrbpq_1)    0.35    1.11    0.76 (MET)
x_reg[4]$_SDFFE_PN0P_/D (sg13g2_dfrbpq_1)    0.35    1.11    0.76 (MET)
x_reg[5]$_SDFFE_PN0P_/D (sg13g2_dfrbpq_1)    0.34    1.10    0.76 (MET)
x_reg[5]$_SDFFE_PN0P_/D (sg13g2_dfrbpq_1)    0.34    1.10    0.76 (MET)
x_reg[5]$_SDFFE_PN0P_/D (sg13g2_dfrbpq_1)    0.34    1.10    0.76 (MET)
x_reg[5]$_SDFFE_PN0P_/D (sg13g2_dfrbpq_1)    0.34    1.10    0.76 (MET)
x_reg[5]$_SDFFE_PN0P_/D (sg13g2_dfrbpq_1)    0.34    1.10    0.76 (MET)
x_reg[5]$_SDFFE_PN0P_/D (sg13g2_dfrbpq_1)    0.34    1.10    0.76 (MET)
x_reg[5]$_SDFFE_PN0P_/D (sg13g2_dfrbpq_1)    0.34    1.10    0.76 (MET)
x_reg[5]$_SDFFE_PN0P_/D (sg13g2_dfrbpq_1)    0.34    1.10    0.76 (MET)
x_reg[5]$_SDFFE_PN0P_/D (sg13g2_dfrbpq_1)    0.34    1.10    0.76 (MET)
x_reg[5]$_SDFFE_PN0P_/D (sg13g2_dfrbpq_1)    0.34    1.10    0.76 (MET)
x_reg[5]$_SDFFE_PN0P_/D (sg13g2_dfrbpq_1)    0.34    1.10    0.76 (MET)
x_reg[4]$_SDFFE_PN0P_/D (sg13g2_dfrbpq_1)    0.32    1.08    0.76 (MET)
x_reg[4]$_SDFFE_PN0P_/D (sg13g2_dfrbpq_1)    0.32    1.08    0.76 (MET)
x_reg[4]$_SDFFE_PN0P_/D (sg13g2_dfrbpq_1)    0.35    1.11    0.76 (MET)
x_reg[4]$_SDFFE_PN0P_/D (sg13g2_dfrbpq_1)    0.35    1.11    0.76 (MET)
x_reg[2]$_SDFFE_PN0P_/D (sg13g2_dfrbpq_1)    0.31    1.07    0.76 (MET)
x_reg[2]$_SDFFE_PN0P_/D (sg13g2_dfrbpq_1)    0.31    1.07    0.76 (MET)
x_reg[4]$_SDFFE_PN0P_/D (sg13g2_dfrbpq_1)    0.32    1.08    0.76 (MET)
x_reg[4]$_SDFFE_PN0P_/D (sg13g2_dfrbpq_1)    0.32    1.08    0.76 (MET)
x_reg[4]$_SDFFE_PN0P_/D (sg13g2_dfrbpq_1)    0.32    1.08    0.76 (MET)
x_reg[4]$_SDFFE_PN0P_/D (sg13g2_dfrbpq_1)    0.32    1.08    0.76 (MET)
y_reg[3]$_SDFFE_PN0P_/D (sg13g2_dfrbpq_1)    0.34    1.10    0.76 (MET)
y_reg[1]$_SDFFE_PN0P_/D (sg13g2_dfrbpq_1)    0.31    1.08    0.76 (MET)
y_reg[1]$_SDFFE_PN0P_/D (sg13g2_dfrbpq_1)    0.31    1.08    0.76 (MET)
z_reg[9]$_SDFFE_PN0P_/D (sg13g2_dfrbpq_1)    0.32    1.08    0.76 (MET)
z_reg[9]$_SDFFE_PN0P_/D (sg13g2_dfrbpq_1)    0.32    1.08    0.76 (MET)
y_reg[1]$_SDFFE_PN0P_/D (sg13g2_dfrbpq_1)    0.34    1.11    0.76 (MET)
y_reg[1]$_SDFFE_PN0P_/D (sg13g2_dfrbpq_1)    0.34    1.11    0.76 (MET)
x_reg[5]$_SDFFE_PN0P_/D (sg13g2_dfrbpq_1)    0.31    1.07    0.76 (MET)
x_reg[5]$_SDFFE_PN0P_/D (sg13g2_dfrbpq_1)    0.31    1.07    0.76 (MET)
y_reg[2]$_SDFFE_PN0P_/D (sg13g2_dfrbpq_1)    0.34    1.10    0.76 (MET)
y_reg[3]$_SDFFE_PN0P_/D (sg13g2_dfrbpq_1)    0.34    1.10    0.76 (MET)
y_reg[3]$_SDFFE_PN0P_/D (sg13g2_dfrbpq_1)    0.34    1.10    0.76 (MET)
y_reg[3]$_SDFFE_PN0P_/D (sg13g2_dfrbpq_1)    0.34    1.10    0.76 (MET)
y_reg[3]$_SDFFE_PN0P_/D (sg13g2_dfrbpq_1)    0.34    1.10    0.76 (MET)
y_reg[3]$_SDFFE_PN0P_/D (sg13g2_dfrbpq_1)    0.34    1.10    0.76 (MET)
x_reg[6]$_SDFFE_PN0P_/D (sg13g2_dfrbpq_1)    0.31    1.07    0.76 (MET)
x_reg[6]$_SDFFE_PN0P_/D (sg13g2_dfrbpq_1)    0.31    1.07    0.76 (MET)
x_reg[4]$_SDFFE_PN0P_/D (sg13g2_dfrbpq_1)    0.32    1.08    0.76 (MET)
x_reg[4]$_SDFFE_PN0P_/D (sg13g2_dfrbpq_1)    0.32    1.08    0.76 (MET)
x_reg[4]$_SDFFE_PN0P_/D (sg13g2_dfrbpq_1)    0.32    1.08    0.76 (MET)
x_reg[4]$_SDFFE_PN0P_/D (sg13g2_dfrbpq_1)    0.32    1.08    0.76 (MET)
x_reg[4]$_SDFFE_PN0P_/D (sg13g2_dfrbpq_1)    0.32    1.08    0.76 (MET)
x_reg[4]$_SDFFE_PN0P_/D (sg13g2_dfrbpq_1)    0.32    1.08    0.76 (MET)
x_reg[4]$_SDFFE_PN0P_/D (sg13g2_dfrbpq_1)    0.32    1.08    0.76 (MET)
x_reg[4]$_SDFFE_PN0P_/D (sg13g2_dfrbpq_1)    0.32    1.08    0.76 (MET)
x_reg[4]$_SDFFE_PN0P_/D (sg13g2_dfrbpq_1)    0.32    1.08    0.76 (MET)
x_reg[4]$_SDFFE_PN0P_/D (sg13g2_dfrbpq_1)    0.32    1.08    0.76 (MET)
x_reg[5]$_SDFFE_PN0P_/D (sg13g2_dfrbpq_1)    0.34    1.10    0.76 (MET)
x_reg[5]$_SDFFE_PN0P_/D (sg13g2_dfrbpq_1)    0.34    1.10    0.76 (MET)
x_reg[5]$_SDFFE_PN0P_/D (sg13g2_dfrbpq_1)    0.34    1.10    0.76 (MET)
x_reg[5]$_SDFFE_PN0P_/D (sg13g2_dfrbpq_1)    0.34    1.10    0.76 (MET)
y_reg[1]$_SDFFE_PN0P_/D (sg13g2_dfrbpq_1)    0.31    1.08    0.76 (MET)
y_reg[1]$_SDFFE_PN0P_/D (sg13g2_dfrbpq_1)    0.31    1.08    0.76 (MET)
y_reg[1]$_SDFFE_PN0P_/D (sg13g2_dfrbpq_1)    0.31    1.08    0.76 (MET)
y_reg[1]$_SDFFE_PN0P_/D (sg13g2_dfrbpq_1)    0.31    1.08    0.76 (MET)
x_reg[4]$_SDFFE_PN0P_/D (sg13g2_dfrbpq_1)    0.32    1.08    0.76 (MET)
x_reg[4]$_SDFFE_PN0P_/D (sg13g2_dfrbpq_1)    0.32    1.08    0.76 (MET)
x_reg[4]$_SDFFE_PN0P_/D (sg13g2_dfrbpq_1)    0.32    1.08    0.76 (MET)
x_reg[4]$_SDFFE_PN0P_/D (sg13g2_dfrbpq_1)    0.32    1.08    0.76 (MET)
x_reg[4]$_SDFFE_PN0P_/D (sg13g2_dfrbpq_1)    0.32    1.08    0.76 (MET)
x_reg[4]$_SDFFE_PN0P_/D (sg13g2_dfrbpq_1)    0.32    1.08    0.76 (MET)
x_reg[4]$_SDFFE_PN0P_/D (sg13g2_dfrbpq_1)    0.32    1.08    0.76 (MET)
x_reg[4]$_SDFFE_PN0P_/D (sg13g2_dfrbpq_1)    0.32    1.08    0.76 (MET)
x_reg[5]$_SDFFE_PN0P_/D (sg13g2_dfrbpq_1)    0.34    1.10    0.76 (MET)
x_reg[5]$_SDFFE_PN0P_/D (sg13g2_dfrbpq_1)    0.34    1.10    0.76 (MET)
x_reg[5]$_SDFFE_PN0P_/D (sg13g2_dfrbpq_1)    0.34    1.10    0.76 (MET)
x_reg[5]$_SDFFE_PN0P_/D (sg13g2_dfrbpq_1)    0.34    1.10    0.76 (MET)
x_reg[5]$_SDFFE_PN0P_/D (sg13g2_dfrbpq_1)    0.34    1.10    0.76 (MET)
x_reg[5]$_SDFFE_PN0P_/D (sg13g2_dfrbpq_1)    0.34    1.10    0.76 (MET)
x_reg[5]$_SDFFE_PN0P_/D (sg13g2_dfrbpq_1)    0.34    1.10    0.76 (MET)
x_reg[5]$_SDFFE_PN0P_/D (sg13g2_dfrbpq_1)    0.34    1.10    0.76 (MET)
x_reg[5]$_SDFFE_PN0P_/D (sg13g2_dfrbpq_1)    0.31    1.07    0.76 (MET)
x_reg[5]$_SDFFE_PN0P_/D (sg13g2_dfrbpq_1)    0.31    1.07    0.76 (MET)
x_reg[5]$_SDFFE_PN0P_/D (sg13g2_dfrbpq_1)    0.31    1.07    0.76 (MET)
x_reg[5]$_SDFFE_PN0P_/D (sg13g2_dfrbpq_1)    0.31    1.07    0.76 (MET)
y_reg[3]$_SDFFE_PN0P_/D (sg13g2_dfrbpq_1)    0.34    1.10    0.76 (MET)
y_reg[3]$_SDFFE_PN0P_/D (sg13g2_dfrbpq_1)    0.34    1.10    0.76 (MET)
iter_cnt[2]$_SDFFE_PN0P_/D (sg13g2_dfrbpq_1)    0.34    1.10    0.76 (MET)
iter_cnt[2]$_SDFFE_PN0P_/D (sg13g2_dfrbpq_1)    0.34    1.10    0.76 (MET)
y_reg[5]$_SDFFE_PN0P_/D (sg13g2_dfrbpq_1)    0.34    1.10    0.76 (MET)
y_reg[5]$_SDFFE_PN0P_/D (sg13g2_dfrbpq_1)    0.34    1.10    0.76 (MET)
y_reg[1]$_SDFFE_PN0P_/D (sg13g2_dfrbpq_1)    0.31    1.08    0.76 (MET)
y_reg[1]$_SDFFE_PN0P_/D (sg13g2_dfrbpq_1)    0.31    1.08    0.76 (MET)
x_reg[4]$_SDFFE_PN0P_/D (sg13g2_dfrbpq_1)    0.35    1.12    0.76 (MET)
x_reg[4]$_SDFFE_PN0P_/D (sg13g2_dfrbpq_1)    0.35    1.12    0.76 (MET)
x_reg[4]$_SDFFE_PN0P_/D (sg13g2_dfrbpq_1)    0.35    1.12    0.76 (MET)
x_reg[4]$_SDFFE_PN0P_/D (sg13g2_dfrbpq_1)    0.35    1.12    0.76 (MET)
x_reg[5]$_SDFFE_PN0P_/D (sg13g2_dfrbpq_1)    0.34    1.10    0.76 (MET)
x_reg[5]$_SDFFE_PN0P_/D (sg13g2_dfrbpq_1)    0.34    1.10    0.76 (MET)
x_reg[5]$_SDFFE_PN0P_/D (sg13g2_dfrbpq_1)    0.34    1.10    0.76 (MET)
x_reg[5]$_SDFFE_PN0P_/D (sg13g2_dfrbpq_1)    0.34    1.10    0.76 (MET)
x_reg[5]$_SDFFE_PN0P_/D (sg13g2_dfrbpq_1)    0.34    1.10    0.76 (MET)
x_reg[5]$_SDFFE_PN0P_/D (sg13g2_dfrbpq_1)    0.34    1.10    0.76 (MET)
x_reg[5]$_SDFFE_PN0P_/D (sg13g2_dfrbpq_1)    0.34    1.10    0.76 (MET)
x_reg[5]$_SDFFE_PN0P_/D (sg13g2_dfrbpq_1)    0.34    1.10    0.76 (MET)
x_reg[4]$_SDFFE_PN0P_/D (sg13g2_dfrbpq_1)    0.35    1.12    0.76 (MET)
x_reg[4]$_SDFFE_PN0P_/D (sg13g2_dfrbpq_1)    0.35    1.12    0.76 (MET)
x_reg[4]$_SDFFE_PN0P_/D (sg13g2_dfrbpq_1)    0.35    1.12    0.76 (MET)
x_reg[4]$_SDFFE_PN0P_/D (sg13g2_dfrbpq_1)    0.35    1.12    0.76 (MET)
x_reg[4]$_SDFFE_PN0P_/D (sg13g2_dfrbpq_1)    0.35    1.12    0.76 (MET)
x_reg[4]$_SDFFE_PN0P_/D (sg13g2_dfrbpq_1)    0.35    1.12    0.76 (MET)
x_reg[4]$_SDFFE_PN0P_/D (sg13g2_dfrbpq_1)    0.35    1.12    0.76 (MET)
x_reg[4]$_SDFFE_PN0P_/D (sg13g2_dfrbpq_1)    0.35    1.12    0.76 (MET)
x_reg[5]$_SDFFE_PN0P_/D (sg13g2_dfrbpq_1)    0.34    1.10    0.76 (MET)
x_reg[5]$_SDFFE_PN0P_/D (sg13g2_dfrbpq_1)    0.34    1.10    0.76 (MET)
x_reg[5]$_SDFFE_PN0P_/D (sg13g2_dfrbpq_1)    0.34    1.10    0.76 (MET)
x_reg[5]$_SDFFE_PN0P_/D (sg13g2_dfrbpq_1)    0.34    1.10    0.76 (MET)
y_reg[5]$_SDFFE_PN0P_/D (sg13g2_dfrbpq_1)    0.34    1.10    0.76 (MET)
y_reg[5]$_SDFFE_PN0P_/D (sg13g2_dfrbpq_1)    0.34    1.10    0.76 (MET)
x_reg[4]$_SDFFE_PN0P_/D (sg13g2_dfrbpq_1)    0.32    1.09    0.76 (MET)
x_reg[4]$_SDFFE_PN0P_/D (sg13g2_dfrbpq_1)    0.32    1.09    0.76 (MET)
x_reg[4]$_SDFFE_PN0P_/D (sg13g2_dfrbpq_1)    0.32    1.09    0.76 (MET)
x_reg[4]$_SDFFE_PN0P_/D (sg13g2_dfrbpq_1)    0.32    1.09    0.76 (MET)
x_reg[4]$_SDFFE_PN0P_/D (sg13g2_dfrbpq_1)    0.32    1.09    0.76 (MET)
x_reg[4]$_SDFFE_PN0P_/D (sg13g2_dfrbpq_1)    0.32    1.09    0.76 (MET)
x_reg[4]$_SDFFE_PN0P_/D (sg13g2_dfrbpq_1)    0.32    1.09    0.76 (MET)
x_reg[4]$_SDFFE_PN0P_/D (sg13g2_dfrbpq_1)    0.32    1.09    0.76 (MET)
x_reg[4]$_SDFFE_PN0P_/D (sg13g2_dfrbpq_1)    0.32    1.09    0.76 (MET)
x_reg[4]$_SDFFE_PN0P_/D (sg13g2_dfrbpq_1)    0.32    1.09    0.76 (MET)
x_reg[4]$_SDFFE_PN0P_/D (sg13g2_dfrbpq_1)    0.32    1.09    0.76 (MET)
x_reg[4]$_SDFFE_PN0P_/D (sg13g2_dfrbpq_1)    0.32    1.09    0.76 (MET)
y_reg[2]$_SDFFE_PN0P_/D (sg13g2_dfrbpq_1)    0.31    1.07    0.76 (MET)
x_reg[4]$_SDFFE_PN0P_/D (sg13g2_dfrbpq_1)    0.35    1.12    0.76 (MET)
x_reg[4]$_SDFFE_PN0P_/D (sg13g2_dfrbpq_1)    0.35    1.12    0.76 (MET)
x_reg[4]$_SDFFE_PN0P_/D (sg13g2_dfrbpq_1)    0.35    1.12    0.76 (MET)
x_reg[4]$_SDFFE_PN0P_/D (sg13g2_dfrbpq_1)    0.35    1.12    0.76 (MET)
x_reg[5]$_SDFFE_PN0P_/D (sg13g2_dfrbpq_1)    0.34    1.10    0.76 (MET)
x_reg[5]$_SDFFE_PN0P_/D (sg13g2_dfrbpq_1)    0.34    1.10    0.76 (MET)
x_reg[5]$_SDFFE_PN0P_/D (sg13g2_dfrbpq_1)    0.34    1.10    0.76 (MET)
x_reg[5]$_SDFFE_PN0P_/D (sg13g2_dfrbpq_1)    0.34    1.10    0.76 (MET)
x_reg[5]$_SDFFE_PN0P_/D (sg13g2_dfrbpq_1)    0.34    1.10    0.76 (MET)
x_reg[5]$_SDFFE_PN0P_/D (sg13g2_dfrbpq_1)    0.34    1.10    0.76 (MET)
x_reg[5]$_SDFFE_PN0P_/D (sg13g2_dfrbpq_1)    0.34    1.10    0.76 (MET)
x_reg[5]$_SDFFE_PN0P_/D (sg13g2_dfrbpq_1)    0.34    1.10    0.76 (MET)
y_reg[1]$_SDFFE_PN0P_/D (sg13g2_dfrbpq_1)    0.31    1.08    0.76 (MET)
y_reg[1]$_SDFFE_PN0P_/D (sg13g2_dfrbpq_1)    0.31    1.08    0.76 (MET)
y_reg[1]$_SDFFE_PN0P_/D (sg13g2_dfrbpq_1)    0.31    1.08    0.76 (MET)
y_reg[1]$_SDFFE_PN0P_/D (sg13g2_dfrbpq_1)    0.31    1.08    0.76 (MET)
y_reg[1]$_SDFFE_PN0P_/D (sg13g2_dfrbpq_1)    0.31    1.08    0.76 (MET)
y_reg[1]$_SDFFE_PN0P_/D (sg13g2_dfrbpq_1)    0.31    1.08    0.76 (MET)
y_reg[3]$_SDFFE_PN0P_/D (sg13g2_dfrbpq_1)    0.31    1.07    0.76 (MET)
y_reg[3]$_SDFFE_PN0P_/D (sg13g2_dfrbpq_1)    0.31    1.07    0.76 (MET)
y_reg[5]$_SDFFE_PN0P_/D (sg13g2_dfrbpq_1)    0.34    1.10    0.76 (MET)
y_reg[5]$_SDFFE_PN0P_/D (sg13g2_dfrbpq_1)    0.34    1.10    0.76 (MET)
y_reg[5]$_SDFFE_PN0P_/D (sg13g2_dfrbpq_1)    0.34    1.10    0.76 (MET)
y_reg[5]$_SDFFE_PN0P_/D (sg13g2_dfrbpq_1)    0.34    1.10    0.76 (MET)
x_reg[5]$_SDFFE_PN0P_/D (sg13g2_dfrbpq_1)    0.34    1.11    0.76 (MET)
x_reg[5]$_SDFFE_PN0P_/D (sg13g2_dfrbpq_1)    0.34    1.11    0.76 (MET)
x_reg[5]$_SDFFE_PN0P_/D (sg13g2_dfrbpq_1)    0.34    1.11    0.76 (MET)
x_reg[5]$_SDFFE_PN0P_/D (sg13g2_dfrbpq_1)    0.34    1.11    0.76 (MET)
y_reg[2]$_SDFFE_PN0P_/D (sg13g2_dfrbpq_1)    0.31    1.07    0.76 (MET)
y_reg[2]$_SDFFE_PN0P_/D (sg13g2_dfrbpq_1)    0.31    1.07    0.76 (MET)
y_reg[1]$_SDFFE_PN0P_/D (sg13g2_dfrbpq_1)    0.31    1.08    0.76 (MET)
y_reg[1]$_SDFFE_PN0P_/D (sg13g2_dfrbpq_1)    0.31    1.08    0.76 (MET)
y_reg[1]$_SDFFE_PN0P_/D (sg13g2_dfrbpq_1)    0.31    1.08    0.76 (MET)
y_reg[1]$_SDFFE_PN0P_/D (sg13g2_dfrbpq_1)    0.31    1.08    0.76 (MET)
y_reg[3]$_SDFFE_PN0P_/D (sg13g2_dfrbpq_1)    0.31    1.08    0.76 (MET)
y_reg[3]$_SDFFE_PN0P_/D (sg13g2_dfrbpq_1)    0.31    1.08    0.76 (MET)
y_reg[3]$_SDFFE_PN0P_/D (sg13g2_dfrbpq_1)    0.31    1.08    0.76 (MET)
y_reg[3]$_SDFFE_PN0P_/D (sg13g2_dfrbpq_1)    0.31    1.08    0.76 (MET)
x_reg[5]$_SDFFE_PN0P_/D (sg13g2_dfrbpq_1)    0.34    1.11    0.76 (MET)
x_reg[5]$_SDFFE_PN0P_/D (sg13g2_dfrbpq_1)    0.34    1.11    0.76 (MET)
x_reg[5]$_SDFFE_PN0P_/D (sg13g2_dfrbpq_1)    0.34    1.11    0.76 (MET)
x_reg[5]$_SDFFE_PN0P_/D (sg13g2_dfrbpq_1)    0.34    1.11    0.76 (MET)
x_reg[5]$_SDFFE_PN0P_/D (sg13g2_dfrbpq_1)    0.34    1.11    0.76 (MET)
x_reg[5]$_SDFFE_PN0P_/D (sg13g2_dfrbpq_1)    0.34    1.11    0.76 (MET)
x_reg[5]$_SDFFE_PN0P_/D (sg13g2_dfrbpq_1)    0.34    1.11    0.76 (MET)
x_reg[5]$_SDFFE_PN0P_/D (sg13g2_dfrbpq_1)    0.34    1.11    0.76 (MET)
x_reg[4]$_SDFFE_PN0P_/D (sg13g2_dfrbpq_1)    0.35    1.12    0.76 (MET)
x_reg[4]$_SDFFE_PN0P_/D (sg13g2_dfrbpq_1)    0.35    1.12    0.76 (MET)
x_reg[4]$_SDFFE_PN0P_/D (sg13g2_dfrbpq_1)    0.35    1.12    0.76 (MET)
x_reg[4]$_SDFFE_PN0P_/D (sg13g2_dfrbpq_1)    0.35    1.12    0.76 (MET)
x_reg[4]$_SDFFE_PN0P_/D (sg13g2_dfrbpq_1)    0.35    1.12    0.76 (MET)
x_reg[4]$_SDFFE_PN0P_/D (sg13g2_dfrbpq_1)    0.35    1.12    0.76 (MET)
x_reg[4]$_SDFFE_PN0P_/D (sg13g2_dfrbpq_1)    0.35    1.12    0.76 (MET)
x_reg[4]$_SDFFE_PN0P_/D (sg13g2_dfrbpq_1)    0.35    1.12    0.76 (MET)
x_reg[5]$_SDFFE_PN0P_/D (sg13g2_dfrbpq_1)    0.34    1.11    0.76 (MET)
y_reg[3]$_SDFFE_PN0P_/D (sg13g2_dfrbpq_1)    0.34    1.11    0.76 (MET)
y_reg[3]$_SDFFE_PN0P_/D (sg13g2_dfrbpq_1)    0.34    1.11    0.76 (MET)
y_reg[3]$_SDFFE_PN0P_/D (sg13g2_dfrbpq_1)    0.34    1.11    0.76 (MET)
y_reg[3]$_SDFFE_PN0P_/D (sg13g2_dfrbpq_1)    0.34    1.11    0.76 (MET)
y_reg[1]$_SDFFE_PN0P_/D (sg13g2_dfrbpq_1)    0.31    1.08    0.76 (MET)
y_reg[3]$_SDFFE_PN0P_/D (sg13g2_dfrbpq_1)    0.34    1.11    0.77 (MET)
y_reg[3]$_SDFFE_PN0P_/D (sg13g2_dfrbpq_1)    0.34    1.11    0.77 (MET)
y_reg[3]$_SDFFE_PN0P_/D (sg13g2_dfrbpq_1)    0.34    1.11    0.77 (MET)
y_reg[3]$_SDFFE_PN0P_/D (sg13g2_dfrbpq_1)    0.34    1.11    0.77 (MET)
x_reg[4]$_SDFFE_PN0P_/D (sg13g2_dfrbpq_1)    0.35    1.12    0.77 (MET)
x_reg[4]$_SDFFE_PN0P_/D (sg13g2_dfrbpq_1)    0.35    1.12    0.77 (MET)
x_reg[4]$_SDFFE_PN0P_/D (sg13g2_dfrbpq_1)    0.35    1.12    0.77 (MET)
x_reg[4]$_SDFFE_PN0P_/D (sg13g2_dfrbpq_1)    0.35    1.12    0.77 (MET)
x_reg[4]$_SDFFE_PN0P_/D (sg13g2_dfrbpq_1)    0.35    1.12    0.77 (MET)
x_reg[4]$_SDFFE_PN0P_/D (sg13g2_dfrbpq_1)    0.35    1.12    0.77 (MET)
x_reg[4]$_SDFFE_PN0P_/D (sg13g2_dfrbpq_1)    0.35    1.12    0.77 (MET)
x_reg[4]$_SDFFE_PN0P_/D (sg13g2_dfrbpq_1)    0.35    1.12    0.77 (MET)
x_reg[4]$_SDFFE_PN0P_/D (sg13g2_dfrbpq_1)    0.35    1.12    0.77 (MET)
x_reg[4]$_SDFFE_PN0P_/D (sg13g2_dfrbpq_1)    0.35    1.12    0.77 (MET)
x_reg[4]$_SDFFE_PN0P_/D (sg13g2_dfrbpq_1)    0.35    1.12    0.77 (MET)
x_reg[4]$_SDFFE_PN0P_/D (sg13g2_dfrbpq_1)    0.35    1.12    0.77 (MET)
z_reg[9]$_SDFFE_PN0P_/D (sg13g2_dfrbpq_1)    0.32    1.08    0.77 (MET)
z_reg[9]$_SDFFE_PN0P_/D (sg13g2_dfrbpq_1)    0.32    1.08    0.77 (MET)
z_reg[9]$_SDFFE_PN0P_/D (sg13g2_dfrbpq_1)    0.32    1.08    0.77 (MET)
z_reg[9]$_SDFFE_PN0P_/D (sg13g2_dfrbpq_1)    0.32    1.08    0.77 (MET)
x_reg[1]$_SDFFE_PN0P_/D (sg13g2_dfrbpq_1)    0.32    1.09    0.77 (MET)
x_reg[1]$_SDFFE_PN0P_/D (sg13g2_dfrbpq_1)    0.32    1.09    0.77 (MET)
y_reg[1]$_SDFFE_PN0P_/D (sg13g2_dfrbpq_1)    0.31    1.08    0.77 (MET)
y_reg[1]$_SDFFE_PN0P_/D (sg13g2_dfrbpq_1)    0.31    1.08    0.77 (MET)
y_reg[6]$_SDFFE_PN0P_/D (sg13g2_dfrbpq_1)    0.34    1.11    0.77 (MET)
y_reg[6]$_SDFFE_PN0P_/D (sg13g2_dfrbpq_1)    0.34    1.11    0.77 (MET)
y_reg[1]$_SDFFE_PN0P_/D (sg13g2_dfrbpq_1)    0.31    1.08    0.77 (MET)
y_reg[6]$_SDFFE_PN0P_/D (sg13g2_dfrbpq_1)    0.34    1.11    0.77 (MET)
y_reg[6]$_SDFFE_PN0P_/D (sg13g2_dfrbpq_1)    0.34    1.11    0.77 (MET)
y_reg[1]$_SDFFE_PN0P_/D (sg13g2_dfrbpq_1)    0.31    1.08    0.77 (MET)
y_reg[1]$_SDFFE_PN0P_/D (sg13g2_dfrbpq_1)    0.31    1.08    0.77 (MET)
y_reg[6]$_SDFFE_PN0P_/D (sg13g2_dfrbpq_1)    0.34    1.11    0.77 (MET)
y_reg[6]$_SDFFE_PN0P_/D (sg13g2_dfrbpq_1)    0.34    1.11    0.77 (MET)
y_reg[6]$_SDFFE_PN0P_/D (sg13g2_dfrbpq_1)    0.34    1.11    0.77 (MET)
y_reg[6]$_SDFFE_PN0P_/D (sg13g2_dfrbpq_1)    0.34    1.11    0.77 (MET)
y_reg[5]$_SDFFE_PN0P_/D (sg13g2_dfrbpq_1)    0.34    1.11    0.77 (MET)
y_reg[5]$_SDFFE_PN0P_/D (sg13g2_dfrbpq_1)    0.34    1.11    0.77 (MET)
y_reg[5]$_SDFFE_PN0P_/D (sg13g2_dfrbpq_1)    0.34    1.11    0.77 (MET)
y_reg[5]$_SDFFE_PN0P_/D (sg13g2_dfrbpq_1)    0.34    1.11    0.77 (MET)
y_reg[5]$_SDFFE_PN0P_/D (sg13g2_dfrbpq_1)    0.34    1.11    0.77 (MET)
y_reg[5]$_SDFFE_PN0P_/D (sg13g2_dfrbpq_1)    0.34    1.11    0.77 (MET)
x_reg[4]$_SDFFE_PN0P_/D (sg13g2_dfrbpq_1)    0.35    1.12    0.77 (MET)
x_reg[4]$_SDFFE_PN0P_/D (sg13g2_dfrbpq_1)    0.35    1.12    0.77 (MET)
x_reg[5]$_SDFFE_PN0P_/D (sg13g2_dfrbpq_1)    0.34    1.11    0.77 (MET)
x_reg[5]$_SDFFE_PN0P_/D (sg13g2_dfrbpq_1)    0.34    1.11    0.77 (MET)
y_reg[1]$_SDFFE_PN0P_/D (sg13g2_dfrbpq_1)    0.31    1.08    0.77 (MET)
y_reg[3]$_SDFFE_PN0P_/D (sg13g2_dfrbpq_1)    0.31    1.08    0.77 (MET)
y_reg[5]$_SDFFE_PN0P_/D (sg13g2_dfrbpq_1)    0.34    1.11    0.77 (MET)
y_reg[5]$_SDFFE_PN0P_/D (sg13g2_dfrbpq_1)    0.34    1.11    0.77 (MET)
x_reg[4]$_SDFFE_PN0P_/D (sg13g2_dfrbpq_1)    0.35    1.12    0.77 (MET)
y_reg[5]$_SDFFE_PN0P_/D (sg13g2_dfrbpq_1)    0.34    1.11    0.77 (MET)
y_reg[5]$_SDFFE_PN0P_/D (sg13g2_dfrbpq_1)    0.34    1.11    0.77 (MET)
y_reg[5]$_SDFFE_PN0P_/D (sg13g2_dfrbpq_1)    0.34    1.11    0.77 (MET)
y_reg[5]$_SDFFE_PN0P_/D (sg13g2_dfrbpq_1)    0.34    1.11    0.77 (MET)
x_reg[5]$_SDFFE_PN0P_/D (sg13g2_dfrbpq_1)    0.34    1.11    0.77 (MET)
x_reg[5]$_SDFFE_PN0P_/D (sg13g2_dfrbpq_1)    0.34    1.11    0.77 (MET)
x_reg[6]$_SDFFE_PN0P_/D (sg13g2_dfrbpq_1)    0.34    1.10    0.77 (MET)
x_reg[5]$_SDFFE_PN0P_/D (sg13g2_dfrbpq_1)    0.34    1.11    0.77 (MET)
x_reg[5]$_SDFFE_PN0P_/D (sg13g2_dfrbpq_1)    0.34    1.11    0.77 (MET)
y_reg[5]$_SDFFE_PN0P_/D (sg13g2_dfrbpq_1)    0.34    1.11    0.77 (MET)
y_reg[5]$_SDFFE_PN0P_/D (sg13g2_dfrbpq_1)    0.34    1.11    0.77 (MET)
y_reg[5]$_SDFFE_PN0P_/D (sg13g2_dfrbpq_1)    0.34    1.11    0.77 (MET)
y_reg[5]$_SDFFE_PN0P_/D (sg13g2_dfrbpq_1)    0.34    1.11    0.77 (MET)
x_reg[7]$_SDFFE_PN0P_/D (sg13g2_dfrbpq_1)    0.35    1.11    0.77 (MET)
y_reg[5]$_SDFFE_PN0P_/D (sg13g2_dfrbpq_1)    0.34    1.11    0.77 (MET)
y_reg[5]$_SDFFE_PN0P_/D (sg13g2_dfrbpq_1)    0.34    1.11    0.77 (MET)
y_reg[5]$_SDFFE_PN0P_/D (sg13g2_dfrbpq_1)    0.34    1.11    0.77 (MET)
y_reg[5]$_SDFFE_PN0P_/D (sg13g2_dfrbpq_1)    0.34    1.11    0.77 (MET)
y_reg[2]$_SDFFE_PN0P_/D (sg13g2_dfrbpq_1)    0.34    1.11    0.77 (MET)
y_reg[2]$_SDFFE_PN0P_/D (sg13g2_dfrbpq_1)    0.34    1.11    0.77 (MET)
x_reg[4]$_SDFFE_PN0P_/D (sg13g2_dfrbpq_1)    0.35    1.12    0.77 (MET)
x_reg[4]$_SDFFE_PN0P_/D (sg13g2_dfrbpq_1)    0.35    1.12    0.77 (MET)
x_reg[4]$_SDFFE_PN0P_/D (sg13g2_dfrbpq_1)    0.35    1.12    0.77 (MET)
x_reg[4]$_SDFFE_PN0P_/D (sg13g2_dfrbpq_1)    0.35    1.12    0.77 (MET)
x_reg[4]$_SDFFE_PN0P_/D (sg13g2_dfrbpq_1)    0.35    1.12    0.77 (MET)
x_reg[4]$_SDFFE_PN0P_/D (sg13g2_dfrbpq_1)    0.35    1.12    0.77 (MET)
x_reg[4]$_SDFFE_PN0P_/D (sg13g2_dfrbpq_1)    0.35    1.12    0.77 (MET)
x_reg[4]$_SDFFE_PN0P_/D (sg13g2_dfrbpq_1)    0.35    1.12    0.77 (MET)
z_reg[9]$_SDFFE_PN0P_/D (sg13g2_dfrbpq_1)    0.32    1.08    0.77 (MET)
y_reg[1]$_SDFFE_PN0P_/D (sg13g2_dfrbpq_1)    0.31    1.08    0.77 (MET)
y_reg[1]$_SDFFE_PN0P_/D (sg13g2_dfrbpq_1)    0.31    1.08    0.77 (MET)
y_reg[3]$_SDFFE_PN0P_/D (sg13g2_dfrbpq_1)    0.31    1.08    0.77 (MET)
y_reg[3]$_SDFFE_PN0P_/D (sg13g2_dfrbpq_1)    0.31    1.08    0.77 (MET)
y_reg[5]$_SDFFE_PN0P_/D (sg13g2_dfrbpq_1)    0.34    1.11    0.77 (MET)
y_reg[5]$_SDFFE_PN0P_/D (sg13g2_dfrbpq_1)    0.34    1.11    0.77 (MET)
y_reg[5]$_SDFFE_PN0P_/D (sg13g2_dfrbpq_1)    0.34    1.11    0.77 (MET)
y_reg[5]$_SDFFE_PN0P_/D (sg13g2_dfrbpq_1)    0.34    1.11    0.77 (MET)
x_reg[4]$_SDFFE_PN0P_/D (sg13g2_dfrbpq_1)    0.35    1.12    0.77 (MET)
x_reg[4]$_SDFFE_PN0P_/D (sg13g2_dfrbpq_1)    0.35    1.12    0.77 (MET)
x_reg[4]$_SDFFE_PN0P_/D (sg13g2_dfrbpq_1)    0.35    1.12    0.77 (MET)
x_reg[4]$_SDFFE_PN0P_/D (sg13g2_dfrbpq_1)    0.35    1.12    0.77 (MET)
x_reg[4]$_SDFFE_PN0P_/D (sg13g2_dfrbpq_1)    0.35    1.12    0.77 (MET)
x_reg[4]$_SDFFE_PN0P_/D (sg13g2_dfrbpq_1)    0.35    1.12    0.77 (MET)
x_reg[4]$_SDFFE_PN0P_/D (sg13g2_dfrbpq_1)    0.35    1.12    0.77 (MET)
x_reg[4]$_SDFFE_PN0P_/D (sg13g2_dfrbpq_1)    0.35    1.12    0.77 (MET)
y_reg[3]$_SDFFE_PN0P_/D (sg13g2_dfrbpq_1)    0.34    1.11    0.77 (MET)
y_reg[3]$_SDFFE_PN0P_/D (sg13g2_dfrbpq_1)    0.34    1.11    0.77 (MET)
y_reg[5]$_SDFFE_PN0P_/D (sg13g2_dfrbpq_1)    0.34    1.11    0.77 (MET)
y_reg[5]$_SDFFE_PN0P_/D (sg13g2_dfrbpq_1)    0.34    1.11    0.77 (MET)
y_reg[5]$_SDFFE_PN0P_/D (sg13g2_dfrbpq_1)    0.34    1.11    0.77 (MET)
y_reg[5]$_SDFFE_PN0P_/D (sg13g2_dfrbpq_1)    0.34    1.11    0.77 (MET)
y_reg[5]$_SDFFE_PN0P_/D (sg13g2_dfrbpq_1)    0.34    1.11    0.77 (MET)
y_reg[5]$_SDFFE_PN0P_/D (sg13g2_dfrbpq_1)    0.34    1.11    0.77 (MET)
y_reg[5]$_SDFFE_PN0P_/D (sg13g2_dfrbpq_1)    0.34    1.11    0.77 (MET)
y_reg[5]$_SDFFE_PN0P_/D (sg13g2_dfrbpq_1)    0.34    1.11    0.77 (MET)
y_reg[3]$_SDFFE_PN0P_/D (sg13g2_dfrbpq_1)    0.34    1.11    0.77 (MET)
y_reg[3]$_SDFFE_PN0P_/D (sg13g2_dfrbpq_1)    0.34    1.11    0.77 (MET)
y_reg[1]$_SDFFE_PN0P_/D (sg13g2_dfrbpq_1)    0.31    1.08    0.77 (MET)
x_reg[4]$_SDFFE_PN0P_/D (sg13g2_dfrbpq_1)    0.35    1.12    0.77 (MET)
x_reg[4]$_SDFFE_PN0P_/D (sg13g2_dfrbpq_1)    0.35    1.12    0.77 (MET)
y_reg[1]$_SDFFE_PN0P_/D (sg13g2_dfrbpq_1)    0.34    1.11    0.77 (MET)
y_reg[1]$_SDFFE_PN0P_/D (sg13g2_dfrbpq_1)    0.34    1.11    0.77 (MET)
y_reg[1]$_SDFFE_PN0P_/D (sg13g2_dfrbpq_1)    0.31    1.08    0.77 (MET)
y_reg[1]$_SDFFE_PN0P_/D (sg13g2_dfrbpq_1)    0.31    1.08    0.77 (MET)
y_reg[1]$_SDFFE_PN0P_/D (sg13g2_dfrbpq_1)    0.31    1.08    0.77 (MET)
x_reg[5]$_SDFFE_PN0P_/D (sg13g2_dfrbpq_1)    0.34    1.11    0.77 (MET)
x_reg[5]$_SDFFE_PN0P_/D (sg13g2_dfrbpq_1)    0.34    1.11    0.77 (MET)
x_reg[5]$_SDFFE_PN0P_/D (sg13g2_dfrbpq_1)    0.34    1.11    0.77 (MET)
x_reg[5]$_SDFFE_PN0P_/D (sg13g2_dfrbpq_1)    0.34    1.11    0.77 (MET)
x_reg[5]$_SDFFE_PN0P_/D (sg13g2_dfrbpq_1)    0.34    1.11    0.77 (MET)
x_reg[5]$_SDFFE_PN0P_/D (sg13g2_dfrbpq_1)    0.34    1.11    0.77 (MET)
x_reg[5]$_SDFFE_PN0P_/D (sg13g2_dfrbpq_1)    0.34    1.11    0.77 (MET)
x_reg[5]$_SDFFE_PN0P_/D (sg13g2_dfrbpq_1)    0.34    1.11    0.77 (MET)
y_reg[3]$_SDFFE_PN0P_/D (sg13g2_dfrbpq_1)    0.31    1.08    0.77 (MET)
x_reg[6]$_SDFFE_PN0P_/D (sg13g2_dfrbpq_1)    0.34    1.11    0.77 (MET)
x_reg[4]$_SDFFE_PN0P_/D (sg13g2_dfrbpq_1)    0.35    1.12    0.77 (MET)
x_reg[4]$_SDFFE_PN0P_/D (sg13g2_dfrbpq_1)    0.35    1.12    0.77 (MET)
x_reg[4]$_SDFFE_PN0P_/D (sg13g2_dfrbpq_1)    0.35    1.12    0.77 (MET)
x_reg[4]$_SDFFE_PN0P_/D (sg13g2_dfrbpq_1)    0.35    1.12    0.77 (MET)
x_reg[4]$_SDFFE_PN0P_/D (sg13g2_dfrbpq_1)    0.35    1.12    0.77 (MET)
x_reg[4]$_SDFFE_PN0P_/D (sg13g2_dfrbpq_1)    0.35    1.12    0.77 (MET)
z_reg[9]$_SDFFE_PN0P_/D (sg13g2_dfrbpq_1)    0.32    1.09    0.77 (MET)
z_reg[9]$_SDFFE_PN0P_/D (sg13g2_dfrbpq_1)    0.32    1.09    0.77 (MET)
z_reg[9]$_SDFFE_PN0P_/D (sg13g2_dfrbpq_1)    0.32    1.09    0.77 (MET)
z_reg[9]$_SDFFE_PN0P_/D (sg13g2_dfrbpq_1)    0.32    1.09    0.77 (MET)
y_reg[1]$_SDFFE_PN0P_/D (sg13g2_dfrbpq_1)    0.31    1.08    0.77 (MET)
y_reg[1]$_SDFFE_PN0P_/D (sg13g2_dfrbpq_1)    0.31    1.08    0.77 (MET)
x_reg[7]$_SDFFE_PN0P_/D (sg13g2_dfrbpq_1)    0.35    1.11    0.77 (MET)
x_reg[4]$_SDFFE_PN0P_/D (sg13g2_dfrbpq_1)    0.35    1.12    0.77 (MET)
y_reg[3]$_SDFFE_PN0P_/D (sg13g2_dfrbpq_1)    0.31    1.08    0.77 (MET)
y_reg[3]$_SDFFE_PN0P_/D (sg13g2_dfrbpq_1)    0.31    1.08    0.77 (MET)
x_reg[4]$_SDFFE_PN0P_/D (sg13g2_dfrbpq_1)    0.35    1.12    0.77 (MET)
x_reg[4]$_SDFFE_PN0P_/D (sg13g2_dfrbpq_1)    0.35    1.12    0.77 (MET)
x_reg[4]$_SDFFE_PN0P_/D (sg13g2_dfrbpq_1)    0.35    1.12    0.77 (MET)
x_reg[4]$_SDFFE_PN0P_/D (sg13g2_dfrbpq_1)    0.35    1.12    0.77 (MET)
x_reg[5]$_SDFFE_PN0P_/D (sg13g2_dfrbpq_1)    0.34    1.11    0.77 (MET)
x_reg[5]$_SDFFE_PN0P_/D (sg13g2_dfrbpq_1)    0.34    1.11    0.77 (MET)
x_reg[5]$_SDFFE_PN0P_/D (sg13g2_dfrbpq_1)    0.34    1.11    0.77 (MET)
x_reg[5]$_SDFFE_PN0P_/D (sg13g2_dfrbpq_1)    0.34    1.11    0.77 (MET)
x_reg[1]$_SDFFE_PN0P_/D (sg13g2_dfrbpq_1)    0.35    1.12    0.77 (MET)
y_reg[3]$_SDFFE_PN0P_/D (sg13g2_dfrbpq_1)    0.34    1.11    0.77 (MET)
y_reg[3]$_SDFFE_PN0P_/D (sg13g2_dfrbpq_1)    0.34    1.11    0.77 (MET)
y_reg[3]$_SDFFE_PN0P_/D (sg13g2_dfrbpq_1)    0.34    1.11    0.77 (MET)
y_reg[3]$_SDFFE_PN0P_/D (sg13g2_dfrbpq_1)    0.34    1.11    0.77 (MET)
x_reg[4]$_SDFFE_PN0P_/D (sg13g2_dfrbpq_1)    0.35    1.12    0.77 (MET)
x_reg[4]$_SDFFE_PN0P_/D (sg13g2_dfrbpq_1)    0.35    1.12    0.77 (MET)
y_reg[3]$_SDFFE_PN0P_/D (sg13g2_dfrbpq_1)    0.34    1.11    0.77 (MET)
y_reg[1]$_SDFFE_PN0P_/D (sg13g2_dfrbpq_1)    0.31    1.08    0.77 (MET)
y_reg[2]$_SDFFE_PN0P_/D (sg13g2_dfrbpq_1)    0.34    1.11    0.77 (MET)
y_reg[2]$_SDFFE_PN0P_/D (sg13g2_dfrbpq_1)    0.34    1.11    0.77 (MET)
x_reg[4]$_SDFFE_PN0P_/D (sg13g2_dfrbpq_1)    0.35    1.12    0.77 (MET)
x_reg[4]$_SDFFE_PN0P_/D (sg13g2_dfrbpq_1)    0.35    1.12    0.77 (MET)
x_reg[4]$_SDFFE_PN0P_/D (sg13g2_dfrbpq_1)    0.35    1.12    0.77 (MET)
x_reg[4]$_SDFFE_PN0P_/D (sg13g2_dfrbpq_1)    0.35    1.12    0.77 (MET)
x_reg[4]$_SDFFE_PN0P_/D (sg13g2_dfrbpq_1)    0.35    1.12    0.77 (MET)
x_reg[4]$_SDFFE_PN0P_/D (sg13g2_dfrbpq_1)    0.35    1.12    0.77 (MET)
x_reg[4]$_SDFFE_PN0P_/D (sg13g2_dfrbpq_1)    0.35    1.12    0.77 (MET)
x_reg[4]$_SDFFE_PN0P_/D (sg13g2_dfrbpq_1)    0.35    1.12    0.77 (MET)
x_reg[5]$_SDFFE_PN0P_/D (sg13g2_dfrbpq_1)    0.34    1.11    0.77 (MET)
x_reg[5]$_SDFFE_PN0P_/D (sg13g2_dfrbpq_1)    0.34    1.11    0.77 (MET)
x_reg[5]$_SDFFE_PN0P_/D (sg13g2_dfrbpq_1)    0.34    1.11    0.77 (MET)
x_reg[5]$_SDFFE_PN0P_/D (sg13g2_dfrbpq_1)    0.34    1.11    0.77 (MET)
y_reg[3]$_SDFFE_PN0P_/D (sg13g2_dfrbpq_1)    0.34    1.11    0.77 (MET)
y_reg[4]$_SDFFE_PN0P_/D (sg13g2_dfrbpq_1)    0.31    1.08    0.77 (MET)
y_reg[4]$_SDFFE_PN0P_/D (sg13g2_dfrbpq_1)    0.31    1.08    0.77 (MET)
x_reg[4]$_SDFFE_PN0P_/D (sg13g2_dfrbpq_1)    0.35    1.12    0.77 (MET)
x_reg[4]$_SDFFE_PN0P_/D (sg13g2_dfrbpq_1)    0.35    1.12    0.77 (MET)
x_reg[4]$_SDFFE_PN0P_/D (sg13g2_dfrbpq_1)    0.35    1.12    0.77 (MET)
x_reg[4]$_SDFFE_PN0P_/D (sg13g2_dfrbpq_1)    0.35    1.12    0.77 (MET)
y_reg[3]$_SDFFE_PN0P_/D (sg13g2_dfrbpq_1)    0.34    1.11    0.77 (MET)
y_reg[3]$_SDFFE_PN0P_/D (sg13g2_dfrbpq_1)    0.34    1.11    0.77 (MET)
y_reg[3]$_SDFFE_PN0P_/D (sg13g2_dfrbpq_1)    0.34    1.11    0.77 (MET)
y_reg[3]$_SDFFE_PN0P_/D (sg13g2_dfrbpq_1)    0.34    1.11    0.77 (MET)
x_reg[4]$_SDFFE_PN0P_/D (sg13g2_dfrbpq_1)    0.35    1.12    0.77 (MET)
x_reg[4]$_SDFFE_PN0P_/D (sg13g2_dfrbpq_1)    0.35    1.12    0.77 (MET)
x_reg[4]$_SDFFE_PN0P_/D (sg13g2_dfrbpq_1)    0.35    1.12    0.77 (MET)
x_reg[4]$_SDFFE_PN0P_/D (sg13g2_dfrbpq_1)    0.35    1.12    0.77 (MET)
y_reg[1]$_SDFFE_PN0P_/D (sg13g2_dfrbpq_1)    0.31    1.08    0.77 (MET)
y_reg[1]$_SDFFE_PN0P_/D (sg13g2_dfrbpq_1)    0.31    1.08    0.77 (MET)
x_reg[2]$_SDFFE_PN0P_/D (sg13g2_dfrbpq_1)    0.31    1.08    0.77 (MET)
x_reg[2]$_SDFFE_PN0P_/D (sg13g2_dfrbpq_1)    0.31    1.08    0.77 (MET)
x_reg[2]$_SDFFE_PN0P_/D (sg13g2_dfrbpq_1)    0.31    1.08    0.77 (MET)
x_reg[2]$_SDFFE_PN0P_/D (sg13g2_dfrbpq_1)    0.31    1.08    0.77 (MET)
x_reg[5]$_SDFFE_PN0P_/D (sg13g2_dfrbpq_1)    0.34    1.11    0.77 (MET)
x_reg[5]$_SDFFE_PN0P_/D (sg13g2_dfrbpq_1)    0.34    1.11    0.77 (MET)
x_reg[5]$_SDFFE_PN0P_/D (sg13g2_dfrbpq_1)    0.34    1.11    0.77 (MET)
x_reg[5]$_SDFFE_PN0P_/D (sg13g2_dfrbpq_1)    0.34    1.11    0.77 (MET)
y_reg[3]$_SDFFE_PN0P_/D (sg13g2_dfrbpq_1)    0.34    1.11    0.77 (MET)
x_reg[5]$_SDFFE_PN0P_/D (sg13g2_dfrbpq_1)    0.34    1.11    0.77 (MET)
x_reg[5]$_SDFFE_PN0P_/D (sg13g2_dfrbpq_1)    0.34    1.11    0.77 (MET)
x_reg[5]$_SDFFE_PN0P_/D (sg13g2_dfrbpq_1)    0.34    1.11    0.77 (MET)
x_reg[5]$_SDFFE_PN0P_/D (sg13g2_dfrbpq_1)    0.34    1.11    0.77 (MET)
x_reg[5]$_SDFFE_PN0P_/D (sg13g2_dfrbpq_1)    0.34    1.11    0.77 (MET)
x_reg[5]$_SDFFE_PN0P_/D (sg13g2_dfrbpq_1)    0.34    1.11    0.77 (MET)
x_reg[5]$_SDFFE_PN0P_/D (sg13g2_dfrbpq_1)    0.34    1.11    0.77 (MET)
x_reg[5]$_SDFFE_PN0P_/D (sg13g2_dfrbpq_1)    0.34    1.11    0.77 (MET)
x_reg[5]$_SDFFE_PN0P_/D (sg13g2_dfrbpq_1)    0.34    1.11    0.77 (MET)
x_reg[5]$_SDFFE_PN0P_/D (sg13g2_dfrbpq_1)    0.34    1.11    0.77 (MET)
y_reg[5]$_SDFFE_PN0P_/D (sg13g2_dfrbpq_1)    0.34    1.11    0.77 (MET)
y_reg[4]$_SDFFE_PN0P_/D (sg13g2_dfrbpq_1)    0.31    1.08    0.77 (MET)
y_reg[4]$_SDFFE_PN0P_/D (sg13g2_dfrbpq_1)    0.31    1.08    0.77 (MET)
y_reg[4]$_SDFFE_PN0P_/D (sg13g2_dfrbpq_1)    0.31    1.08    0.77 (MET)
y_reg[4]$_SDFFE_PN0P_/D (sg13g2_dfrbpq_1)    0.31    1.08    0.77 (MET)
x_reg[5]$_SDFFE_PN0P_/D (sg13g2_dfrbpq_1)    0.34    1.11    0.77 (MET)
x_reg[5]$_SDFFE_PN0P_/D (sg13g2_dfrbpq_1)    0.34    1.11    0.77 (MET)
x_reg[5]$_SDFFE_PN0P_/D (sg13g2_dfrbpq_1)    0.34    1.11    0.77 (MET)
x_reg[5]$_SDFFE_PN0P_/D (sg13g2_dfrbpq_1)    0.34    1.11    0.77 (MET)
x_reg[5]$_SDFFE_PN0P_/D (sg13g2_dfrbpq_1)    0.34    1.11    0.77 (MET)
y_reg[3]$_SDFFE_PN0P_/D (sg13g2_dfrbpq_1)    0.34    1.11    0.77 (MET)
y_reg[3]$_SDFFE_PN0P_/D (sg13g2_dfrbpq_1)    0.34    1.11    0.77 (MET)
x_reg[5]$_SDFFE_PN0P_/D (sg13g2_dfrbpq_1)    0.34    1.11    0.77 (MET)
x_reg[5]$_SDFFE_PN0P_/D (sg13g2_dfrbpq_1)    0.34    1.11    0.77 (MET)
y_reg[5]$_SDFFE_PN0P_/D (sg13g2_dfrbpq_1)    0.34    1.11    0.77 (MET)
y_reg[5]$_SDFFE_PN0P_/D (sg13g2_dfrbpq_1)    0.34    1.11    0.77 (MET)
x_reg[5]$_SDFFE_PN0P_/D (sg13g2_dfrbpq_1)    0.34    1.11    0.77 (MET)
x_reg[2]$_SDFFE_PN0P_/D (sg13g2_dfrbpq_1)    0.31    1.08    0.77 (MET)
x_reg[2]$_SDFFE_PN0P_/D (sg13g2_dfrbpq_1)    0.31    1.08    0.77 (MET)
y_reg[2]$_SDFFE_PN0P_/D (sg13g2_dfrbpq_1)    0.34    1.11    0.77 (MET)
y_reg[2]$_SDFFE_PN0P_/D (sg13g2_dfrbpq_1)    0.34    1.11    0.77 (MET)
y_reg[5]$_SDFFE_PN0P_/D (sg13g2_dfrbpq_1)    0.34    1.11    0.77 (MET)
y_reg[5]$_SDFFE_PN0P_/D (sg13g2_dfrbpq_1)    0.34    1.11    0.77 (MET)
y_reg[5]$_SDFFE_PN0P_/D (sg13g2_dfrbpq_1)    0.34    1.11    0.77 (MET)
y_reg[3]$_SDFFE_PN0P_/D (sg13g2_dfrbpq_1)    0.34    1.11    0.77 (MET)
y_reg[3]$_SDFFE_PN0P_/D (sg13g2_dfrbpq_1)    0.34    1.11    0.77 (MET)
y_reg[5]$_SDFFE_PN0P_/D (sg13g2_dfrbpq_1)    0.34    1.11    0.77 (MET)
y_reg[5]$_SDFFE_PN0P_/D (sg13g2_dfrbpq_1)    0.34    1.11    0.77 (MET)
y_reg[5]$_SDFFE_PN0P_/D (sg13g2_dfrbpq_1)    0.34    1.11    0.77 (MET)
y_reg[5]$_SDFFE_PN0P_/D (sg13g2_dfrbpq_1)    0.34    1.11    0.77 (MET)
y_reg[1]$_SDFFE_PN0P_/D (sg13g2_dfrbpq_1)    0.34    1.12    0.77 (MET)
y_reg[1]$_SDFFE_PN0P_/D (sg13g2_dfrbpq_1)    0.34    1.12    0.77 (MET)
y_reg[1]$_SDFFE_PN0P_/D (sg13g2_dfrbpq_1)    0.34    1.12    0.77 (MET)
y_reg[1]$_SDFFE_PN0P_/D (sg13g2_dfrbpq_1)    0.34    1.12    0.77 (MET)
y_reg[5]$_SDFFE_PN0P_/D (sg13g2_dfrbpq_1)    0.34    1.11    0.77 (MET)
y_reg[5]$_SDFFE_PN0P_/D (sg13g2_dfrbpq_1)    0.34    1.11    0.77 (MET)
iter_cnt[2]$_SDFFE_PN0P_/D (sg13g2_dfrbpq_1)    0.34    1.11    0.77 (MET)
iter_cnt[2]$_SDFFE_PN0P_/D (sg13g2_dfrbpq_1)    0.34    1.11    0.77 (MET)
iter_cnt[2]$_SDFFE_PN0P_/D (sg13g2_dfrbpq_1)    0.34    1.11    0.77 (MET)
iter_cnt[2]$_SDFFE_PN0P_/D (sg13g2_dfrbpq_1)    0.34    1.11    0.77 (MET)
y_reg[3]$_SDFFE_PN0P_/D (sg13g2_dfrbpq_1)    0.34    1.11    0.77 (MET)
y_reg[3]$_SDFFE_PN0P_/D (sg13g2_dfrbpq_1)    0.34    1.11    0.77 (MET)
x_reg[6]$_SDFFE_PN0P_/D (sg13g2_dfrbpq_1)    0.34    1.11    0.77 (MET)
x_reg[5]$_SDFFE_PN0P_/D (sg13g2_dfrbpq_1)    0.31    1.08    0.77 (MET)
x_reg[5]$_SDFFE_PN0P_/D (sg13g2_dfrbpq_1)    0.31    1.08    0.77 (MET)
y_reg[2]$_SDFFE_PN0P_/D (sg13g2_dfrbpq_1)    0.34    1.11    0.77 (MET)
y_reg[5]$_SDFFE_PN0P_/D (sg13g2_dfrbpq_1)    0.34    1.11    0.77 (MET)
y_reg[5]$_SDFFE_PN0P_/D (sg13g2_dfrbpq_1)    0.34    1.11    0.77 (MET)
y_reg[5]$_SDFFE_PN0P_/D (sg13g2_dfrbpq_1)    0.34    1.11    0.77 (MET)
y_reg[5]$_SDFFE_PN0P_/D (sg13g2_dfrbpq_1)    0.34    1.11    0.77 (MET)
x_reg[6]$_SDFFE_PN0P_/D (sg13g2_dfrbpq_1)    0.34    1.11    0.77 (MET)
y_reg[5]$_SDFFE_PN0P_/D (sg13g2_dfrbpq_1)    0.34    1.11    0.77 (MET)
y_reg[5]$_SDFFE_PN0P_/D (sg13g2_dfrbpq_1)    0.34    1.11    0.77 (MET)
y_reg[5]$_SDFFE_PN0P_/D (sg13g2_dfrbpq_1)    0.34    1.11    0.77 (MET)
y_reg[5]$_SDFFE_PN0P_/D (sg13g2_dfrbpq_1)    0.34    1.11    0.77 (MET)
x_reg[4]$_SDFFE_PN0P_/D (sg13g2_dfrbpq_1)    0.35    1.13    0.77 (MET)
x_reg[9]$_SDFFE_PN0P_/D (sg13g2_dfrbpq_1)    0.34    1.11    0.77 (MET)
z_reg[9]$_SDFFE_PN0P_/D (sg13g2_dfrbpq_1)    0.32    1.09    0.77 (MET)
z_reg[9]$_SDFFE_PN0P_/D (sg13g2_dfrbpq_1)    0.32    1.09    0.77 (MET)
z_reg[9]$_SDFFE_PN0P_/D (sg13g2_dfrbpq_1)    0.32    1.09    0.77 (MET)
z_reg[9]$_SDFFE_PN0P_/D (sg13g2_dfrbpq_1)    0.32    1.09    0.77 (MET)
y_reg[3]$_SDFFE_PN0P_/D (sg13g2_dfrbpq_1)    0.34    1.11    0.77 (MET)
y_reg[3]$_SDFFE_PN0P_/D (sg13g2_dfrbpq_1)    0.34    1.11    0.77 (MET)
y_reg[3]$_SDFFE_PN0P_/D (sg13g2_dfrbpq_1)    0.34    1.11    0.77 (MET)
y_reg[3]$_SDFFE_PN0P_/D (sg13g2_dfrbpq_1)    0.34    1.11    0.77 (MET)
y_reg[5]$_SDFFE_PN0P_/D (sg13g2_dfrbpq_1)    0.34    1.11    0.77 (MET)
y_reg[5]$_SDFFE_PN0P_/D (sg13g2_dfrbpq_1)    0.34    1.11    0.77 (MET)
y_reg[5]$_SDFFE_PN0P_/D (sg13g2_dfrbpq_1)    0.34    1.11    0.77 (MET)
y_reg[5]$_SDFFE_PN0P_/D (sg13g2_dfrbpq_1)    0.34    1.11    0.77 (MET)
x_reg[4]$_SDFFE_PN0P_/D (sg13g2_dfrbpq_1)    0.35    1.13    0.77 (MET)
x_reg[4]$_SDFFE_PN0P_/D (sg13g2_dfrbpq_1)    0.35    1.13    0.77 (MET)
x_reg[4]$_SDFFE_PN0P_/D (sg13g2_dfrbpq_1)    0.35    1.13    0.77 (MET)
x_reg[4]$_SDFFE_PN0P_/D (sg13g2_dfrbpq_1)    0.35    1.13    0.77 (MET)
x_reg[4]$_SDFFE_PN0P_/D (sg13g2_dfrbpq_1)    0.35    1.13    0.77 (MET)
x_reg[4]$_SDFFE_PN0P_/D (sg13g2_dfrbpq_1)    0.35    1.13    0.77 (MET)
x_reg[4]$_SDFFE_PN0P_/D (sg13g2_dfrbpq_1)    0.35    1.13    0.77 (MET)
x_reg[4]$_SDFFE_PN0P_/D (sg13g2_dfrbpq_1)    0.35    1.13    0.77 (MET)
x_reg[5]$_SDFFE_PN0P_/D (sg13g2_dfrbpq_1)    0.31    1.08    0.77 (MET)
x_reg[5]$_SDFFE_PN0P_/D (sg13g2_dfrbpq_1)    0.31    1.08    0.77 (MET)
x_reg[5]$_SDFFE_PN0P_/D (sg13g2_dfrbpq_1)    0.31    1.08    0.77 (MET)
x_reg[5]$_SDFFE_PN0P_/D (sg13g2_dfrbpq_1)    0.31    1.08    0.77 (MET)
x_reg[6]$_SDFFE_PN0P_/D (sg13g2_dfrbpq_1)    0.34    1.11    0.77 (MET)
x_reg[6]$_SDFFE_PN0P_/D (sg13g2_dfrbpq_1)    0.34    1.11    0.77 (MET)
x_reg[4]$_SDFFE_PN0P_/D (sg13g2_dfrbpq_1)    0.35    1.13    0.77 (MET)
x_reg[4]$_SDFFE_PN0P_/D (sg13g2_dfrbpq_1)    0.35    1.13    0.77 (MET)
x_reg[4]$_SDFFE_PN0P_/D (sg13g2_dfrbpq_1)    0.35    1.13    0.77 (MET)
x_reg[4]$_SDFFE_PN0P_/D (sg13g2_dfrbpq_1)    0.35    1.13    0.77 (MET)
x_reg[4]$_SDFFE_PN0P_/D (sg13g2_dfrbpq_1)    0.35    1.13    0.77 (MET)
x_reg[4]$_SDFFE_PN0P_/D (sg13g2_dfrbpq_1)    0.35    1.13    0.77 (MET)
x_reg[4]$_SDFFE_PN0P_/D (sg13g2_dfrbpq_1)    0.35    1.13    0.77 (MET)
x_reg[4]$_SDFFE_PN0P_/D (sg13g2_dfrbpq_1)    0.35    1.13    0.77 (MET)
x_reg[4]$_SDFFE_PN0P_/D (sg13g2_dfrbpq_1)    0.35    1.13    0.77 (MET)
x_reg[4]$_SDFFE_PN0P_/D (sg13g2_dfrbpq_1)    0.35    1.13    0.77 (MET)
x_reg[4]$_SDFFE_PN0P_/D (sg13g2_dfrbpq_1)    0.35    1.13    0.77 (MET)
x_reg[4]$_SDFFE_PN0P_/D (sg13g2_dfrbpq_1)    0.35    1.13    0.77 (MET)
x_reg[4]$_SDFFE_PN0P_/D (sg13g2_dfrbpq_1)    0.35    1.13    0.77 (MET)
x_reg[4]$_SDFFE_PN0P_/D (sg13g2_dfrbpq_1)    0.35    1.13    0.77 (MET)
x_reg[4]$_SDFFE_PN0P_/D (sg13g2_dfrbpq_1)    0.35    1.13    0.77 (MET)
x_reg[4]$_SDFFE_PN0P_/D (sg13g2_dfrbpq_1)    0.35    1.13    0.77 (MET)
x_reg[5]$_SDFFE_PN0P_/D (sg13g2_dfrbpq_1)    0.34    1.11    0.77 (MET)
x_reg[5]$_SDFFE_PN0P_/D (sg13g2_dfrbpq_1)    0.34    1.11    0.77 (MET)
x_reg[5]$_SDFFE_PN0P_/D (sg13g2_dfrbpq_1)    0.34    1.11    0.77 (MET)
x_reg[5]$_SDFFE_PN0P_/D (sg13g2_dfrbpq_1)    0.34    1.11    0.77 (MET)
x_reg[5]$_SDFFE_PN0P_/D (sg13g2_dfrbpq_1)    0.34    1.11    0.77 (MET)
y_reg[5]$_SDFFE_PN0P_/D (sg13g2_dfrbpq_1)    0.34    1.11    0.77 (MET)
y_reg[5]$_SDFFE_PN0P_/D (sg13g2_dfrbpq_1)    0.34    1.11    0.77 (MET)
y_reg[5]$_SDFFE_PN0P_/D (sg13g2_dfrbpq_1)    0.34    1.11    0.77 (MET)
y_reg[5]$_SDFFE_PN0P_/D (sg13g2_dfrbpq_1)    0.34    1.11    0.77 (MET)
y_reg[5]$_SDFFE_PN0P_/D (sg13g2_dfrbpq_1)    0.34    1.11    0.77 (MET)
y_reg[5]$_SDFFE_PN0P_/D (sg13g2_dfrbpq_1)    0.34    1.11    0.77 (MET)
y_reg[5]$_SDFFE_PN0P_/D (sg13g2_dfrbpq_1)    0.34    1.11    0.77 (MET)
y_reg[5]$_SDFFE_PN0P_/D (sg13g2_dfrbpq_1)    0.34    1.11    0.77 (MET)
y_reg[1]$_SDFFE_PN0P_/D (sg13g2_dfrbpq_1)    0.31    1.09    0.77 (MET)
y_reg[1]$_SDFFE_PN0P_/D (sg13g2_dfrbpq_1)    0.31    1.09    0.77 (MET)
x_reg[4]$_SDFFE_PN0P_/D (sg13g2_dfrbpq_1)    0.35    1.13    0.77 (MET)
x_reg[4]$_SDFFE_PN0P_/D (sg13g2_dfrbpq_1)    0.35    1.13    0.77 (MET)
x_reg[4]$_SDFFE_PN0P_/D (sg13g2_dfrbpq_1)    0.35    1.13    0.77 (MET)
x_reg[4]$_SDFFE_PN0P_/D (sg13g2_dfrbpq_1)    0.35    1.13    0.77 (MET)
x_reg[4]$_SDFFE_PN0P_/D (sg13g2_dfrbpq_1)    0.35    1.13    0.77 (MET)
x_reg[4]$_SDFFE_PN0P_/D (sg13g2_dfrbpq_1)    0.35    1.13    0.77 (MET)
x_reg[4]$_SDFFE_PN0P_/D (sg13g2_dfrbpq_1)    0.35    1.13    0.77 (MET)
x_reg[4]$_SDFFE_PN0P_/D (sg13g2_dfrbpq_1)    0.35    1.13    0.77 (MET)
x_reg[4]$_SDFFE_PN0P_/D (sg13g2_dfrbpq_1)    0.35    1.13    0.77 (MET)
x_reg[4]$_SDFFE_PN0P_/D (sg13g2_dfrbpq_1)    0.35    1.13    0.77 (MET)
x_reg[4]$_SDFFE_PN0P_/D (sg13g2_dfrbpq_1)    0.35    1.13    0.77 (MET)
x_reg[4]$_SDFFE_PN0P_/D (sg13g2_dfrbpq_1)    0.35    1.13    0.77 (MET)
x_reg[4]$_SDFFE_PN0P_/D (sg13g2_dfrbpq_1)    0.35    1.13    0.77 (MET)
x_reg[4]$_SDFFE_PN0P_/D (sg13g2_dfrbpq_1)    0.35    1.13    0.77 (MET)
x_reg[4]$_SDFFE_PN0P_/D (sg13g2_dfrbpq_1)    0.35    1.13    0.77 (MET)
x_reg[4]$_SDFFE_PN0P_/D (sg13g2_dfrbpq_1)    0.35    1.13    0.77 (MET)
x_reg[5]$_SDFFE_PN0P_/D (sg13g2_dfrbpq_1)    0.34    1.12    0.77 (MET)
x_reg[4]$_SDFFE_PN0P_/D (sg13g2_dfrbpq_1)    0.35    1.13    0.77 (MET)
x_reg[4]$_SDFFE_PN0P_/D (sg13g2_dfrbpq_1)    0.35    1.13    0.77 (MET)
x_reg[1]$_SDFFE_PN0P_/D (sg13g2_dfrbpq_1)    0.35    1.12    0.77 (MET)
x_reg[1]$_SDFFE_PN0P_/D (sg13g2_dfrbpq_1)    0.35    1.12    0.77 (MET)
x_reg[6]$_SDFFE_PN0P_/D (sg13g2_dfrbpq_1)    0.31    1.08    0.77 (MET)
x_reg[6]$_SDFFE_PN0P_/D (sg13g2_dfrbpq_1)    0.31    1.08    0.77 (MET)
y_reg[1]$_SDFFE_PN0P_/D (sg13g2_dfrbpq_1)    0.31    1.09    0.77 (MET)
y_reg[1]$_SDFFE_PN0P_/D (sg13g2_dfrbpq_1)    0.31    1.09    0.77 (MET)
y_reg[1]$_SDFFE_PN0P_/D (sg13g2_dfrbpq_1)    0.31    1.09    0.77 (MET)
y_reg[1]$_SDFFE_PN0P_/D (sg13g2_dfrbpq_1)    0.31    1.09    0.77 (MET)
y_reg[5]$_SDFFE_PN0P_/D (sg13g2_dfrbpq_1)    0.34    1.11    0.77 (MET)
x_reg[6]$_SDFFE_PN0P_/D (sg13g2_dfrbpq_1)    0.31    1.08    0.77 (MET)
x_reg[1]$_SDFFE_PN0P_/D (sg13g2_dfrbpq_1)    0.35    1.12    0.77 (MET)
x_reg[1]$_SDFFE_PN0P_/D (sg13g2_dfrbpq_1)    0.35    1.12    0.77 (MET)
y_reg[5]$_SDFFE_PN0P_/D (sg13g2_dfrbpq_1)    0.34    1.11    0.77 (MET)
y_reg[5]$_SDFFE_PN0P_/D (sg13g2_dfrbpq_1)    0.34    1.11    0.77 (MET)
x_reg[5]$_SDFFE_PN0P_/D (sg13g2_dfrbpq_1)    0.31    1.09    0.77 (MET)
x_reg[5]$_SDFFE_PN0P_/D (sg13g2_dfrbpq_1)    0.31    1.09    0.77 (MET)
x_reg[5]$_SDFFE_PN0P_/D (sg13g2_dfrbpq_1)    0.31    1.09    0.77 (MET)
x_reg[5]$_SDFFE_PN0P_/D (sg13g2_dfrbpq_1)    0.31    1.09    0.77 (MET)
x_reg[6]$_SDFFE_PN0P_/D (sg13g2_dfrbpq_1)    0.34    1.11    0.77 (MET)
x_reg[6]$_SDFFE_PN0P_/D (sg13g2_dfrbpq_1)    0.34    1.11    0.77 (MET)
y_reg[3]$_SDFFE_PN0P_/D (sg13g2_dfrbpq_1)    0.34    1.12    0.77 (MET)
y_reg[5]$_SDFFE_PN0P_/D (sg13g2_dfrbpq_1)    0.34    1.12    0.77 (MET)
y_reg[5]$_SDFFE_PN0P_/D (sg13g2_dfrbpq_1)    0.34    1.12    0.77 (MET)
y_reg[5]$_SDFFE_PN0P_/D (sg13g2_dfrbpq_1)    0.34    1.12    0.77 (MET)
x_reg[4]$_SDFFE_PN0P_/D (sg13g2_dfrbpq_1)    0.35    1.13    0.77 (MET)
x_reg[4]$_SDFFE_PN0P_/D (sg13g2_dfrbpq_1)    0.35    1.13    0.77 (MET)
x_reg[4]$_SDFFE_PN0P_/D (sg13g2_dfrbpq_1)    0.35    1.13    0.77 (MET)
x_reg[4]$_SDFFE_PN0P_/D (sg13g2_dfrbpq_1)    0.35    1.13    0.77 (MET)
x_reg[1]$_SDFFE_PN0P_/D (sg13g2_dfrbpq_1)    0.35    1.12    0.77 (MET)
x_reg[1]$_SDFFE_PN0P_/D (sg13g2_dfrbpq_1)    0.35    1.12    0.77 (MET)
x_reg[5]$_SDFFE_PN0P_/D (sg13g2_dfrbpq_1)    0.34    1.12    0.77 (MET)
x_reg[5]$_SDFFE_PN0P_/D (sg13g2_dfrbpq_1)    0.34    1.12    0.77 (MET)
x_reg[5]$_SDFFE_PN0P_/D (sg13g2_dfrbpq_1)    0.34    1.12    0.77 (MET)
y_reg[5]$_SDFFE_PN0P_/D (sg13g2_dfrbpq_1)    0.34    1.12    0.77 (MET)
y_reg[5]$_SDFFE_PN0P_/D (sg13g2_dfrbpq_1)    0.34    1.12    0.77 (MET)
y_reg[5]$_SDFFE_PN0P_/D (sg13g2_dfrbpq_1)    0.34    1.12    0.77 (MET)
y_reg[5]$_SDFFE_PN0P_/D (sg13g2_dfrbpq_1)    0.34    1.12    0.77 (MET)
x_reg[5]$_SDFFE_PN0P_/D (sg13g2_dfrbpq_1)    0.34    1.12    0.77 (MET)
x_reg[5]$_SDFFE_PN0P_/D (sg13g2_dfrbpq_1)    0.34    1.12    0.77 (MET)
x_reg[5]$_SDFFE_PN0P_/D (sg13g2_dfrbpq_1)    0.31    1.09    0.78 (MET)
x_reg[5]$_SDFFE_PN0P_/D (sg13g2_dfrbpq_1)    0.31    1.09    0.78 (MET)
x_reg[5]$_SDFFE_PN0P_/D (sg13g2_dfrbpq_1)    0.31    1.09    0.78 (MET)
x_reg[5]$_SDFFE_PN0P_/D (sg13g2_dfrbpq_1)    0.31    1.09    0.78 (MET)
x_reg[5]$_SDFFE_PN0P_/D (sg13g2_dfrbpq_1)    0.31    1.09    0.78 (MET)
x_reg[5]$_SDFFE_PN0P_/D (sg13g2_dfrbpq_1)    0.31    1.09    0.78 (MET)
x_reg[5]$_SDFFE_PN0P_/D (sg13g2_dfrbpq_1)    0.31    1.09    0.78 (MET)
x_reg[5]$_SDFFE_PN0P_/D (sg13g2_dfrbpq_1)    0.31    1.09    0.78 (MET)
y_reg[5]$_SDFFE_PN0P_/D (sg13g2_dfrbpq_1)    0.34    1.12    0.78 (MET)
y_reg[5]$_SDFFE_PN0P_/D (sg13g2_dfrbpq_1)    0.34    1.12    0.78 (MET)
x_reg[9]$_SDFFE_PN0P_/D (sg13g2_dfrbpq_1)    0.34    1.12    0.78 (MET)
x_reg[5]$_SDFFE_PN0P_/D (sg13g2_dfrbpq_1)    0.34    1.12    0.78 (MET)
x_reg[4]$_SDFFE_PN0P_/D (sg13g2_dfrbpq_1)    0.35    1.13    0.78 (MET)
x_reg[4]$_SDFFE_PN0P_/D (sg13g2_dfrbpq_1)    0.35    1.13    0.78 (MET)
x_reg[4]$_SDFFE_PN0P_/D (sg13g2_dfrbpq_1)    0.35    1.13    0.78 (MET)
x_reg[4]$_SDFFE_PN0P_/D (sg13g2_dfrbpq_1)    0.35    1.13    0.78 (MET)
x_reg[4]$_SDFFE_PN0P_/D (sg13g2_dfrbpq_1)    0.35    1.13    0.78 (MET)
x_reg[4]$_SDFFE_PN0P_/D (sg13g2_dfrbpq_1)    0.35    1.13    0.78 (MET)
x_reg[4]$_SDFFE_PN0P_/D (sg13g2_dfrbpq_1)    0.35    1.13    0.78 (MET)
x_reg[4]$_SDFFE_PN0P_/D (sg13g2_dfrbpq_1)    0.35    1.13    0.78 (MET)
x_reg[6]$_SDFFE_PN0P_/D (sg13g2_dfrbpq_1)    0.34    1.11    0.78 (MET)
x_reg[6]$_SDFFE_PN0P_/D (sg13g2_dfrbpq_1)    0.34    1.11    0.78 (MET)
x_reg[4]$_SDFFE_PN0P_/D (sg13g2_dfrbpq_1)    0.35    1.13    0.78 (MET)
x_reg[6]$_SDFFE_PN0P_/D (sg13g2_dfrbpq_1)    0.34    1.11    0.78 (MET)
x_reg[6]$_SDFFE_PN0P_/D (sg13g2_dfrbpq_1)    0.34    1.11    0.78 (MET)
x_reg[9]$_SDFFE_PN0P_/D (sg13g2_dfrbpq_1)    0.34    1.12    0.78 (MET)
x_reg[4]$_SDFFE_PN0P_/D (sg13g2_dfrbpq_1)    0.32    1.10    0.78 (MET)
x_reg[4]$_SDFFE_PN0P_/D (sg13g2_dfrbpq_1)    0.32    1.10    0.78 (MET)
y_reg[5]$_SDFFE_PN0P_/D (sg13g2_dfrbpq_1)    0.34    1.12    0.78 (MET)
y_reg[5]$_SDFFE_PN0P_/D (sg13g2_dfrbpq_1)    0.34    1.12    0.78 (MET)
y_reg[5]$_SDFFE_PN0P_/D (sg13g2_dfrbpq_1)    0.34    1.12    0.78 (MET)
y_reg[5]$_SDFFE_PN0P_/D (sg13g2_dfrbpq_1)    0.34    1.12    0.78 (MET)
x_reg[6]$_SDFFE_PN0P_/D (sg13g2_dfrbpq_1)    0.34    1.11    0.78 (MET)
x_reg[9]$_SDFFE_PN0P_/D (sg13g2_dfrbpq_1)    0.34    1.12    0.78 (MET)
x_reg[9]$_SDFFE_PN0P_/D (sg13g2_dfrbpq_1)    0.34    1.12    0.78 (MET)
x_reg[5]$_SDFFE_PN0P_/D (sg13g2_dfrbpq_1)    0.31    1.09    0.78 (MET)
x_reg[5]$_SDFFE_PN0P_/D (sg13g2_dfrbpq_1)    0.31    1.09    0.78 (MET)
z_reg[9]$_SDFFE_PN0P_/D (sg13g2_dfrbpq_1)    0.32    1.09    0.78 (MET)
z_reg[9]$_SDFFE_PN0P_/D (sg13g2_dfrbpq_1)    0.32    1.09    0.78 (MET)
z_reg[9]$_SDFFE_PN0P_/D (sg13g2_dfrbpq_1)    0.32    1.09    0.78 (MET)
z_reg[9]$_SDFFE_PN0P_/D (sg13g2_dfrbpq_1)    0.32    1.09    0.78 (MET)
x_reg[4]$_SDFFE_PN0P_/D (sg13g2_dfrbpq_1)    0.32    1.10    0.78 (MET)
x_reg[4]$_SDFFE_PN0P_/D (sg13g2_dfrbpq_1)    0.32    1.10    0.78 (MET)
x_reg[4]$_SDFFE_PN0P_/D (sg13g2_dfrbpq_1)    0.32    1.10    0.78 (MET)
x_reg[4]$_SDFFE_PN0P_/D (sg13g2_dfrbpq_1)    0.32    1.10    0.78 (MET)
x_reg[2]$_SDFFE_PN0P_/D (sg13g2_dfrbpq_1)    0.31    1.09    0.78 (MET)
x_reg[2]$_SDFFE_PN0P_/D (sg13g2_dfrbpq_1)    0.31    1.09    0.78 (MET)
x_reg[4]$_SDFFE_PN0P_/D (sg13g2_dfrbpq_1)    0.35    1.13    0.78 (MET)
x_reg[4]$_SDFFE_PN0P_/D (sg13g2_dfrbpq_1)    0.35    1.13    0.78 (MET)
x_reg[5]$_SDFFE_PN0P_/D (sg13g2_dfrbpq_1)    0.31    1.09    0.78 (MET)
x_reg[5]$_SDFFE_PN0P_/D (sg13g2_dfrbpq_1)    0.31    1.09    0.78 (MET)
x_reg[5]$_SDFFE_PN0P_/D (sg13g2_dfrbpq_1)    0.31    1.09    0.78 (MET)
x_reg[5]$_SDFFE_PN0P_/D (sg13g2_dfrbpq_1)    0.31    1.09    0.78 (MET)
y_reg[3]$_SDFFE_PN0P_/D (sg13g2_dfrbpq_1)    0.31    1.09    0.78 (MET)
y_reg[1]$_SDFFE_PN0P_/D (sg13g2_dfrbpq_1)    0.34    1.12    0.78 (MET)
x_reg[5]$_SDFFE_PN0P_/D (sg13g2_dfrbpq_1)    0.34    1.12    0.78 (MET)
x_reg[5]$_SDFFE_PN0P_/D (sg13g2_dfrbpq_1)    0.34    1.12    0.78 (MET)
x_reg[5]$_SDFFE_PN0P_/D (sg13g2_dfrbpq_1)    0.34    1.12    0.78 (MET)
x_reg[5]$_SDFFE_PN0P_/D (sg13g2_dfrbpq_1)    0.34    1.12    0.78 (MET)
x_reg[5]$_SDFFE_PN0P_/D (sg13g2_dfrbpq_1)    0.34    1.12    0.78 (MET)
x_reg[6]$_SDFFE_PN0P_/D (sg13g2_dfrbpq_1)    0.34    1.11    0.78 (MET)
x_reg[6]$_SDFFE_PN0P_/D (sg13g2_dfrbpq_1)    0.34    1.11    0.78 (MET)
x_reg[6]$_SDFFE_PN0P_/D (sg13g2_dfrbpq_1)    0.34    1.11    0.78 (MET)
x_reg[6]$_SDFFE_PN0P_/D (sg13g2_dfrbpq_1)    0.34    1.11    0.78 (MET)
x_reg[4]$_SDFFE_PN0P_/D (sg13g2_dfrbpq_1)    0.35    1.13    0.78 (MET)
x_reg[4]$_SDFFE_PN0P_/D (sg13g2_dfrbpq_1)    0.35    1.13    0.78 (MET)
x_reg[4]$_SDFFE_PN0P_/D (sg13g2_dfrbpq_1)    0.35    1.13    0.78 (MET)
x_reg[4]$_SDFFE_PN0P_/D (sg13g2_dfrbpq_1)    0.35    1.13    0.78 (MET)
x_reg[4]$_SDFFE_PN0P_/D (sg13g2_dfrbpq_1)    0.35    1.13    0.78 (MET)
x_reg[4]$_SDFFE_PN0P_/D (sg13g2_dfrbpq_1)    0.35    1.13    0.78 (MET)
x_reg[4]$_SDFFE_PN0P_/D (sg13g2_dfrbpq_1)    0.35    1.13    0.78 (MET)
x_reg[4]$_SDFFE_PN0P_/D (sg13g2_dfrbpq_1)    0.35    1.13    0.78 (MET)
x_reg[4]$_SDFFE_PN0P_/D (sg13g2_dfrbpq_1)    0.35    1.13    0.78 (MET)
x_reg[4]$_SDFFE_PN0P_/D (sg13g2_dfrbpq_1)    0.35    1.13    0.78 (MET)
x_reg[4]$_SDFFE_PN0P_/D (sg13g2_dfrbpq_1)    0.35    1.13    0.78 (MET)
x_reg[4]$_SDFFE_PN0P_/D (sg13g2_dfrbpq_1)    0.35    1.13    0.78 (MET)
x_reg[4]$_SDFFE_PN0P_/D (sg13g2_dfrbpq_1)    0.35    1.13    0.78 (MET)
x_reg[4]$_SDFFE_PN0P_/D (sg13g2_dfrbpq_1)    0.35    1.13    0.78 (MET)
x_reg[4]$_SDFFE_PN0P_/D (sg13g2_dfrbpq_1)    0.35    1.13    0.78 (MET)
x_reg[4]$_SDFFE_PN0P_/D (sg13g2_dfrbpq_1)    0.35    1.13    0.78 (MET)
y_reg[3]$_SDFFE_PN0P_/D (sg13g2_dfrbpq_1)    0.34    1.12    0.78 (MET)
x_reg[9]$_SDFFE_PN0P_/D (sg13g2_dfrbpq_1)    0.32    1.10    0.78 (MET)
x_reg[9]$_SDFFE_PN0P_/D (sg13g2_dfrbpq_1)    0.32    1.10    0.78 (MET)
x_reg[5]$_SDFFE_PN0P_/D (sg13g2_dfrbpq_1)    0.34    1.12    0.78 (MET)
x_reg[4]$_SDFFE_PN0P_/D (sg13g2_dfrbpq_1)    0.35    1.13    0.78 (MET)
x_reg[4]$_SDFFE_PN0P_/D (sg13g2_dfrbpq_1)    0.35    1.13    0.78 (MET)
y_reg[3]$_SDFFE_PN0P_/D (sg13g2_dfrbpq_1)    0.31    1.09    0.78 (MET)
y_reg[3]$_SDFFE_PN0P_/D (sg13g2_dfrbpq_1)    0.31    1.09    0.78 (MET)
y_reg[3]$_SDFFE_PN0P_/D (sg13g2_dfrbpq_1)    0.34    1.12    0.78 (MET)
y_reg[3]$_SDFFE_PN0P_/D (sg13g2_dfrbpq_1)    0.34    1.12    0.78 (MET)
y_reg[3]$_SDFFE_PN0P_/D (sg13g2_dfrbpq_1)    0.34    1.12    0.78 (MET)
y_reg[3]$_SDFFE_PN0P_/D (sg13g2_dfrbpq_1)    0.34    1.12    0.78 (MET)
x_reg[4]$_SDFFE_PN0P_/D (sg13g2_dfrbpq_1)    0.35    1.13    0.78 (MET)
x_reg[4]$_SDFFE_PN0P_/D (sg13g2_dfrbpq_1)    0.35    1.13    0.78 (MET)
x_reg[4]$_SDFFE_PN0P_/D (sg13g2_dfrbpq_1)    0.35    1.13    0.78 (MET)
x_reg[4]$_SDFFE_PN0P_/D (sg13g2_dfrbpq_1)    0.35    1.13    0.78 (MET)
x_reg[4]$_SDFFE_PN0P_/D (sg13g2_dfrbpq_1)    0.35    1.13    0.78 (MET)
x_reg[4]$_SDFFE_PN0P_/D (sg13g2_dfrbpq_1)    0.35    1.13    0.78 (MET)
x_reg[4]$_SDFFE_PN0P_/D (sg13g2_dfrbpq_1)    0.35    1.13    0.78 (MET)
x_reg[4]$_SDFFE_PN0P_/D (sg13g2_dfrbpq_1)    0.35    1.13    0.78 (MET)
y_reg[3]$_SDFFE_PN0P_/D (sg13g2_dfrbpq_1)    0.34    1.12    0.78 (MET)
y_reg[3]$_SDFFE_PN0P_/D (sg13g2_dfrbpq_1)    0.34    1.12    0.78 (MET)
y_reg[3]$_SDFFE_PN0P_/D (sg13g2_dfrbpq_1)    0.34    1.12    0.78 (MET)
y_reg[3]$_SDFFE_PN0P_/D (sg13g2_dfrbpq_1)    0.34    1.12    0.78 (MET)
x_reg[4]$_SDFFE_PN0P_/D (sg13g2_dfrbpq_1)    0.32    1.10    0.78 (MET)
x_reg[4]$_SDFFE_PN0P_/D (sg13g2_dfrbpq_1)    0.32    1.10    0.78 (MET)
x_reg[4]$_SDFFE_PN0P_/D (sg13g2_dfrbpq_1)    0.32    1.10    0.78 (MET)
x_reg[4]$_SDFFE_PN0P_/D (sg13g2_dfrbpq_1)    0.32    1.10    0.78 (MET)
y_reg[3]$_SDFFE_PN0P_/D (sg13g2_dfrbpq_1)    0.34    1.12    0.78 (MET)
y_reg[3]$_SDFFE_PN0P_/D (sg13g2_dfrbpq_1)    0.34    1.12    0.78 (MET)
y_reg[3]$_SDFFE_PN0P_/D (sg13g2_dfrbpq_1)    0.34    1.12    0.78 (MET)
y_reg[3]$_SDFFE_PN0P_/D (sg13g2_dfrbpq_1)    0.34    1.12    0.78 (MET)
x_reg[4]$_SDFFE_PN0P_/D (sg13g2_dfrbpq_1)    0.35    1.13    0.78 (MET)
x_reg[4]$_SDFFE_PN0P_/D (sg13g2_dfrbpq_1)    0.35    1.13    0.78 (MET)
x_reg[4]$_SDFFE_PN0P_/D (sg13g2_dfrbpq_1)    0.35    1.13    0.78 (MET)
x_reg[4]$_SDFFE_PN0P_/D (sg13g2_dfrbpq_1)    0.35    1.13    0.78 (MET)
y_reg[3]$_SDFFE_PN0P_/D (sg13g2_dfrbpq_1)    0.34    1.12    0.78 (MET)
y_reg[3]$_SDFFE_PN0P_/D (sg13g2_dfrbpq_1)    0.34    1.12    0.78 (MET)
y_reg[3]$_SDFFE_PN0P_/D (sg13g2_dfrbpq_1)    0.34    1.12    0.78 (MET)
y_reg[3]$_SDFFE_PN0P_/D (sg13g2_dfrbpq_1)    0.34    1.12    0.78 (MET)
x_reg[9]$_SDFFE_PN0P_/D (sg13g2_dfrbpq_1)    0.32    1.10    0.78 (MET)
y_reg[3]$_SDFFE_PN0P_/D (sg13g2_dfrbpq_1)    0.31    1.09    0.78 (MET)
x_reg[4]$_SDFFE_PN0P_/D (sg13g2_dfrbpq_1)    0.32    1.10    0.78 (MET)
x_reg[4]$_SDFFE_PN0P_/D (sg13g2_dfrbpq_1)    0.32    1.10    0.78 (MET)
x_reg[4]$_SDFFE_PN0P_/D (sg13g2_dfrbpq_1)    0.32    1.10    0.78 (MET)
x_reg[4]$_SDFFE_PN0P_/D (sg13g2_dfrbpq_1)    0.32    1.10    0.78 (MET)
y_reg[5]$_SDFFE_PN0P_/D (sg13g2_dfrbpq_1)    0.34    1.12    0.78 (MET)
x_reg[4]$_SDFFE_PN0P_/D (sg13g2_dfrbpq_1)    0.35    1.13    0.78 (MET)
x_reg[4]$_SDFFE_PN0P_/D (sg13g2_dfrbpq_1)    0.35    1.13    0.78 (MET)
x_reg[4]$_SDFFE_PN0P_/D (sg13g2_dfrbpq_1)    0.35    1.13    0.78 (MET)
x_reg[4]$_SDFFE_PN0P_/D (sg13g2_dfrbpq_1)    0.35    1.13    0.78 (MET)
x_reg[4]$_SDFFE_PN0P_/D (sg13g2_dfrbpq_1)    0.35    1.13    0.78 (MET)
x_reg[4]$_SDFFE_PN0P_/D (sg13g2_dfrbpq_1)    0.35    1.13    0.78 (MET)
x_reg[4]$_SDFFE_PN0P_/D (sg13g2_dfrbpq_1)    0.35    1.13    0.78 (MET)
x_reg[4]$_SDFFE_PN0P_/D (sg13g2_dfrbpq_1)    0.35    1.13    0.78 (MET)
x_reg[4]$_SDFFE_PN0P_/D (sg13g2_dfrbpq_1)    0.35    1.13    0.78 (MET)
x_reg[4]$_SDFFE_PN0P_/D (sg13g2_dfrbpq_1)    0.35    1.13    0.78 (MET)
x_reg[4]$_SDFFE_PN0P_/D (sg13g2_dfrbpq_1)    0.35    1.13    0.78 (MET)
x_reg[4]$_SDFFE_PN0P_/D (sg13g2_dfrbpq_1)    0.35    1.13    0.78 (MET)
x_reg[4]$_SDFFE_PN0P_/D (sg13g2_dfrbpq_1)    0.35    1.13    0.78 (MET)
x_reg[4]$_SDFFE_PN0P_/D (sg13g2_dfrbpq_1)    0.35    1.13    0.78 (MET)
x_reg[4]$_SDFFE_PN0P_/D (sg13g2_dfrbpq_1)    0.35    1.13    0.78 (MET)
x_reg[4]$_SDFFE_PN0P_/D (sg13g2_dfrbpq_1)    0.35    1.13    0.78 (MET)
x_reg[4]$_SDFFE_PN0P_/D (sg13g2_dfrbpq_1)    0.35    1.13    0.78 (MET)
x_reg[4]$_SDFFE_PN0P_/D (sg13g2_dfrbpq_1)    0.35    1.13    0.78 (MET)
x_reg[4]$_SDFFE_PN0P_/D (sg13g2_dfrbpq_1)    0.35    1.13    0.78 (MET)
x_reg[4]$_SDFFE_PN0P_/D (sg13g2_dfrbpq_1)    0.35    1.13    0.78 (MET)
x_reg[4]$_SDFFE_PN0P_/D (sg13g2_dfrbpq_1)    0.35    1.13    0.78 (MET)
x_reg[4]$_SDFFE_PN0P_/D (sg13g2_dfrbpq_1)    0.35    1.13    0.78 (MET)
x_reg[4]$_SDFFE_PN0P_/D (sg13g2_dfrbpq_1)    0.35    1.13    0.78 (MET)
x_reg[4]$_SDFFE_PN0P_/D (sg13g2_dfrbpq_1)    0.35    1.13    0.78 (MET)
x_reg[4]$_SDFFE_PN0P_/D (sg13g2_dfrbpq_1)    0.35    1.13    0.78 (MET)
x_reg[4]$_SDFFE_PN0P_/D (sg13g2_dfrbpq_1)    0.35    1.13    0.78 (MET)
x_reg[4]$_SDFFE_PN0P_/D (sg13g2_dfrbpq_1)    0.35    1.13    0.78 (MET)
x_reg[4]$_SDFFE_PN0P_/D (sg13g2_dfrbpq_1)    0.35    1.13    0.78 (MET)
x_reg[4]$_SDFFE_PN0P_/D (sg13g2_dfrbpq_1)    0.35    1.13    0.78 (MET)
x_reg[4]$_SDFFE_PN0P_/D (sg13g2_dfrbpq_1)    0.35    1.13    0.78 (MET)
x_reg[4]$_SDFFE_PN0P_/D (sg13g2_dfrbpq_1)    0.35    1.13    0.78 (MET)
x_reg[4]$_SDFFE_PN0P_/D (sg13g2_dfrbpq_1)    0.35    1.13    0.78 (MET)
x_reg[4]$_SDFFE_PN0P_/D (sg13g2_dfrbpq_1)    0.35    1.13    0.78 (MET)
x_reg[4]$_SDFFE_PN0P_/D (sg13g2_dfrbpq_1)    0.35    1.13    0.78 (MET)
x_reg[4]$_SDFFE_PN0P_/D (sg13g2_dfrbpq_1)    0.35    1.13    0.78 (MET)
x_reg[4]$_SDFFE_PN0P_/D (sg13g2_dfrbpq_1)    0.35    1.13    0.78 (MET)
x_reg[4]$_SDFFE_PN0P_/D (sg13g2_dfrbpq_1)    0.35    1.13    0.78 (MET)
x_reg[4]$_SDFFE_PN0P_/D (sg13g2_dfrbpq_1)    0.35    1.13    0.78 (MET)
x_reg[4]$_SDFFE_PN0P_/D (sg13g2_dfrbpq_1)    0.35    1.13    0.78 (MET)
x_reg[4]$_SDFFE_PN0P_/D (sg13g2_dfrbpq_1)    0.35    1.13    0.78 (MET)
x_reg[4]$_SDFFE_PN0P_/D (sg13g2_dfrbpq_1)    0.32    1.10    0.78 (MET)
x_reg[4]$_SDFFE_PN0P_/D (sg13g2_dfrbpq_1)    0.32    1.10    0.78 (MET)
x_reg[4]$_SDFFE_PN0P_/D (sg13g2_dfrbpq_1)    0.32    1.10    0.78 (MET)
x_reg[4]$_SDFFE_PN0P_/D (sg13g2_dfrbpq_1)    0.32    1.10    0.78 (MET)
x_reg[4]$_SDFFE_PN0P_/D (sg13g2_dfrbpq_1)    0.32    1.10    0.78 (MET)
x_reg[4]$_SDFFE_PN0P_/D (sg13g2_dfrbpq_1)    0.32    1.10    0.78 (MET)
x_reg[4]$_SDFFE_PN0P_/D (sg13g2_dfrbpq_1)    0.32    1.10    0.78 (MET)
x_reg[4]$_SDFFE_PN0P_/D (sg13g2_dfrbpq_1)    0.32    1.10    0.78 (MET)
x_reg[4]$_SDFFE_PN0P_/D (sg13g2_dfrbpq_1)    0.35    1.13    0.78 (MET)
x_reg[4]$_SDFFE_PN0P_/D (sg13g2_dfrbpq_1)    0.35    1.13    0.78 (MET)
x_reg[4]$_SDFFE_PN0P_/D (sg13g2_dfrbpq_1)    0.35    1.13    0.78 (MET)
x_reg[4]$_SDFFE_PN0P_/D (sg13g2_dfrbpq_1)    0.35    1.13    0.78 (MET)
x_reg[4]$_SDFFE_PN0P_/D (sg13g2_dfrbpq_1)    0.35    1.13    0.78 (MET)
x_reg[4]$_SDFFE_PN0P_/D (sg13g2_dfrbpq_1)    0.35    1.13    0.78 (MET)
x_reg[4]$_SDFFE_PN0P_/D (sg13g2_dfrbpq_1)    0.35    1.13    0.78 (MET)
x_reg[4]$_SDFFE_PN0P_/D (sg13g2_dfrbpq_1)    0.35    1.13    0.78 (MET)
x_reg[4]$_SDFFE_PN0P_/D (sg13g2_dfrbpq_1)    0.35    1.13    0.78 (MET)
x_reg[4]$_SDFFE_PN0P_/D (sg13g2_dfrbpq_1)    0.35    1.13    0.78 (MET)
x_reg[4]$_SDFFE_PN0P_/D (sg13g2_dfrbpq_1)    0.35    1.13    0.78 (MET)
x_reg[4]$_SDFFE_PN0P_/D (sg13g2_dfrbpq_1)    0.35    1.13    0.78 (MET)
x_reg[1]$_SDFFE_PN0P_/D (sg13g2_dfrbpq_1)    0.35    1.13    0.78 (MET)
x_reg[1]$_SDFFE_PN0P_/D (sg13g2_dfrbpq_1)    0.35    1.13    0.78 (MET)
y_reg[3]$_SDFFE_PN0P_/D (sg13g2_dfrbpq_1)    0.31    1.09    0.78 (MET)
y_reg[3]$_SDFFE_PN0P_/D (sg13g2_dfrbpq_1)    0.31    1.09    0.78 (MET)
y_reg[3]$_SDFFE_PN0P_/D (sg13g2_dfrbpq_1)    0.31    1.09    0.78 (MET)
y_reg[2]$_SDFFE_PN0P_/D (sg13g2_dfrbpq_1)    0.34    1.12    0.78 (MET)
y_reg[2]$_SDFFE_PN0P_/D (sg13g2_dfrbpq_1)    0.34    1.12    0.78 (MET)
y_reg[2]$_SDFFE_PN0P_/D (sg13g2_dfrbpq_1)    0.34    1.12    0.78 (MET)
y_reg[2]$_SDFFE_PN0P_/D (sg13g2_dfrbpq_1)    0.34    1.12    0.78 (MET)
x_reg[4]$_SDFFE_PN0P_/D (sg13g2_dfrbpq_1)    0.32    1.10    0.78 (MET)
x_reg[4]$_SDFFE_PN0P_/D (sg13g2_dfrbpq_1)    0.32    1.10    0.78 (MET)
x_reg[4]$_SDFFE_PN0P_/D (sg13g2_dfrbpq_1)    0.32    1.10    0.78 (MET)
x_reg[4]$_SDFFE_PN0P_/D (sg13g2_dfrbpq_1)    0.32    1.10    0.78 (MET)
x_reg[4]$_SDFFE_PN0P_/D (sg13g2_dfrbpq_1)    0.32    1.10    0.78 (MET)
x_reg[4]$_SDFFE_PN0P_/D (sg13g2_dfrbpq_1)    0.32    1.10    0.78 (MET)
x_reg[4]$_SDFFE_PN0P_/D (sg13g2_dfrbpq_1)    0.32    1.10    0.78 (MET)
x_reg[4]$_SDFFE_PN0P_/D (sg13g2_dfrbpq_1)    0.32    1.10    0.78 (MET)
x_reg[4]$_SDFFE_PN0P_/D (sg13g2_dfrbpq_1)    0.32    1.10    0.78 (MET)
x_reg[4]$_SDFFE_PN0P_/D (sg13g2_dfrbpq_1)    0.32    1.10    0.78 (MET)
x_reg[4]$_SDFFE_PN0P_/D (sg13g2_dfrbpq_1)    0.32    1.10    0.78 (MET)
x_reg[4]$_SDFFE_PN0P_/D (sg13g2_dfrbpq_1)    0.32    1.10    0.78 (MET)
y_reg[6]$_SDFFE_PN0P_/D (sg13g2_dfrbpq_1)    0.34    1.12    0.78 (MET)
y_reg[6]$_SDFFE_PN0P_/D (sg13g2_dfrbpq_1)    0.34    1.12    0.78 (MET)
y_reg[6]$_SDFFE_PN0P_/D (sg13g2_dfrbpq_1)    0.34    1.12    0.78 (MET)
y_reg[6]$_SDFFE_PN0P_/D (sg13g2_dfrbpq_1)    0.34    1.12    0.78 (MET)
y_reg[3]$_SDFFE_PN0P_/D (sg13g2_dfrbpq_1)    0.31    1.09    0.78 (MET)
y_reg[3]$_SDFFE_PN0P_/D (sg13g2_dfrbpq_1)    0.31    1.09    0.78 (MET)
y_reg[3]$_SDFFE_PN0P_/D (sg13g2_dfrbpq_1)    0.31    1.09    0.78 (MET)
y_reg[3]$_SDFFE_PN0P_/D (sg13g2_dfrbpq_1)    0.34    1.12    0.78 (MET)
y_reg[3]$_SDFFE_PN0P_/D (sg13g2_dfrbpq_1)    0.34    1.12    0.78 (MET)
y_reg[3]$_SDFFE_PN0P_/D (sg13g2_dfrbpq_1)    0.34    1.12    0.78 (MET)
y_reg[3]$_SDFFE_PN0P_/D (sg13g2_dfrbpq_1)    0.34    1.12    0.78 (MET)
y_reg[6]$_SDFFE_PN0P_/D (sg13g2_dfrbpq_1)    0.34    1.12    0.78 (MET)
y_reg[6]$_SDFFE_PN0P_/D (sg13g2_dfrbpq_1)    0.34    1.12    0.78 (MET)
y_reg[6]$_SDFFE_PN0P_/D (sg13g2_dfrbpq_1)    0.34    1.12    0.78 (MET)
y_reg[6]$_SDFFE_PN0P_/D (sg13g2_dfrbpq_1)    0.34    1.12    0.78 (MET)
y_reg[5]$_SDFFE_PN0P_/D (sg13g2_dfrbpq_1)    0.34    1.12    0.78 (MET)
y_reg[5]$_SDFFE_PN0P_/D (sg13g2_dfrbpq_1)    0.34    1.12    0.78 (MET)
y_reg[3]$_SDFFE_PN0P_/D (sg13g2_dfrbpq_1)    0.31    1.09    0.78 (MET)
y_reg[3]$_SDFFE_PN0P_/D (sg13g2_dfrbpq_1)    0.31    1.09    0.78 (MET)
y_reg[3]$_SDFFE_PN0P_/D (sg13g2_dfrbpq_1)    0.34    1.12    0.78 (MET)
y_reg[3]$_SDFFE_PN0P_/D (sg13g2_dfrbpq_1)    0.34    1.12    0.78 (MET)
y_reg[6]$_SDFFE_PN0P_/D (sg13g2_dfrbpq_1)    0.34    1.13    0.78 (MET)
y_reg[6]$_SDFFE_PN0P_/D (sg13g2_dfrbpq_1)    0.34    1.13    0.78 (MET)
y_reg[6]$_SDFFE_PN0P_/D (sg13g2_dfrbpq_1)    0.34    1.13    0.78 (MET)
y_reg[6]$_SDFFE_PN0P_/D (sg13g2_dfrbpq_1)    0.34    1.13    0.78 (MET)
y_reg[6]$_SDFFE_PN0P_/D (sg13g2_dfrbpq_1)    0.34    1.13    0.78 (MET)
y_reg[6]$_SDFFE_PN0P_/D (sg13g2_dfrbpq_1)    0.34    1.13    0.78 (MET)
y_reg[6]$_SDFFE_PN0P_/D (sg13g2_dfrbpq_1)    0.34    1.13    0.78 (MET)
y_reg[6]$_SDFFE_PN0P_/D (sg13g2_dfrbpq_1)    0.34    1.13    0.78 (MET)
y_reg[5]$_SDFFE_PN0P_/D (sg13g2_dfrbpq_1)    0.34    1.12    0.78 (MET)
y_reg[5]$_SDFFE_PN0P_/D (sg13g2_dfrbpq_1)    0.34    1.12    0.78 (MET)
x_reg[1]$_SDFFE_PN0P_/D (sg13g2_dfrbpq_1)    0.35    1.13    0.78 (MET)
x_reg[1]$_SDFFE_PN0P_/D (sg13g2_dfrbpq_1)    0.35    1.13    0.78 (MET)
x_reg[4]$_SDFFE_PN0P_/D (sg13g2_dfrbpq_1)    0.32    1.10    0.78 (MET)
x_reg[4]$_SDFFE_PN0P_/D (sg13g2_dfrbpq_1)    0.32    1.10    0.78 (MET)
x_reg[4]$_SDFFE_PN0P_/D (sg13g2_dfrbpq_1)    0.32    1.10    0.78 (MET)
x_reg[4]$_SDFFE_PN0P_/D (sg13g2_dfrbpq_1)    0.32    1.10    0.78 (MET)
x_reg[4]$_SDFFE_PN0P_/D (sg13g2_dfrbpq_1)    0.32    1.10    0.78 (MET)
x_reg[4]$_SDFFE_PN0P_/D (sg13g2_dfrbpq_1)    0.32    1.10    0.78 (MET)
x_reg[4]$_SDFFE_PN0P_/D (sg13g2_dfrbpq_1)    0.32    1.10    0.78 (MET)
x_reg[4]$_SDFFE_PN0P_/D (sg13g2_dfrbpq_1)    0.32    1.10    0.78 (MET)
x_reg[2]$_SDFFE_PN0P_/D (sg13g2_dfrbpq_1)    0.31    1.09    0.78 (MET)
x_reg[2]$_SDFFE_PN0P_/D (sg13g2_dfrbpq_1)    0.31    1.09    0.78 (MET)
x_reg[2]$_SDFFE_PN0P_/D (sg13g2_dfrbpq_1)    0.31    1.09    0.78 (MET)
x_reg[2]$_SDFFE_PN0P_/D (sg13g2_dfrbpq_1)    0.31    1.09    0.78 (MET)
y_reg[3]$_SDFFE_PN0P_/D (sg13g2_dfrbpq_1)    0.34    1.12    0.78 (MET)
y_reg[3]$_SDFFE_PN0P_/D (sg13g2_dfrbpq_1)    0.34    1.12    0.78 (MET)
x_reg[4]$_SDFFE_PN0P_/D (sg13g2_dfrbpq_1)    0.35    1.13    0.78 (MET)
x_reg[4]$_SDFFE_PN0P_/D (sg13g2_dfrbpq_1)    0.35    1.13    0.78 (MET)
x_reg[4]$_SDFFE_PN0P_/D (sg13g2_dfrbpq_1)    0.35    1.13    0.78 (MET)
x_reg[4]$_SDFFE_PN0P_/D (sg13g2_dfrbpq_1)    0.35    1.13    0.78 (MET)
y_reg[5]$_SDFFE_PN0P_/D (sg13g2_dfrbpq_1)    0.34    1.12    0.78 (MET)
y_reg[5]$_SDFFE_PN0P_/D (sg13g2_dfrbpq_1)    0.34    1.12    0.78 (MET)
x_reg[4]$_SDFFE_PN0P_/D (sg13g2_dfrbpq_1)    0.35    1.13    0.78 (MET)
x_reg[4]$_SDFFE_PN0P_/D (sg13g2_dfrbpq_1)    0.35    1.13    0.78 (MET)
y_reg[5]$_SDFFE_PN0P_/D (sg13g2_dfrbpq_1)    0.34    1.12    0.78 (MET)
y_reg[5]$_SDFFE_PN0P_/D (sg13g2_dfrbpq_1)    0.34    1.12    0.78 (MET)
y_reg[5]$_SDFFE_PN0P_/D (sg13g2_dfrbpq_1)    0.34    1.12    0.78 (MET)
y_reg[5]$_SDFFE_PN0P_/D (sg13g2_dfrbpq_1)    0.34    1.12    0.78 (MET)
y_reg[3]$_SDFFE_PN0P_/D (sg13g2_dfrbpq_1)    0.31    1.09    0.78 (MET)
x_reg[5]$_SDFFE_PN0P_/D (sg13g2_dfrbpq_1)    0.34    1.12    0.78 (MET)
x_reg[5]$_SDFFE_PN0P_/D (sg13g2_dfrbpq_1)    0.34    1.12    0.78 (MET)
x_reg[5]$_SDFFE_PN0P_/D (sg13g2_dfrbpq_1)    0.34    1.12    0.78 (MET)
y_reg[5]$_SDFFE_PN0P_/D (sg13g2_dfrbpq_1)    0.34    1.12    0.78 (MET)
y_reg[5]$_SDFFE_PN0P_/D (sg13g2_dfrbpq_1)    0.34    1.12    0.78 (MET)
y_reg[5]$_SDFFE_PN0P_/D (sg13g2_dfrbpq_1)    0.34    1.12    0.78 (MET)
y_reg[5]$_SDFFE_PN0P_/D (sg13g2_dfrbpq_1)    0.34    1.12    0.78 (MET)
x_reg[5]$_SDFFE_PN0P_/D (sg13g2_dfrbpq_1)    0.34    1.12    0.78 (MET)
x_reg[5]$_SDFFE_PN0P_/D (sg13g2_dfrbpq_1)    0.34    1.12    0.78 (MET)
x_reg[5]$_SDFFE_PN0P_/D (sg13g2_dfrbpq_1)    0.34    1.12    0.78 (MET)
x_reg[5]$_SDFFE_PN0P_/D (sg13g2_dfrbpq_1)    0.34    1.12    0.78 (MET)
y_reg[3]$_SDFFE_PN0P_/D (sg13g2_dfrbpq_1)    0.34    1.12    0.78 (MET)
y_reg[3]$_SDFFE_PN0P_/D (sg13g2_dfrbpq_1)    0.34    1.12    0.78 (MET)
y_reg[3]$_SDFFE_PN0P_/D (sg13g2_dfrbpq_1)    0.34    1.12    0.78 (MET)
y_reg[3]$_SDFFE_PN0P_/D (sg13g2_dfrbpq_1)    0.34    1.12    0.78 (MET)
x_reg[5]$_SDFFE_PN0P_/D (sg13g2_dfrbpq_1)    0.34    1.12    0.78 (MET)
x_reg[5]$_SDFFE_PN0P_/D (sg13g2_dfrbpq_1)    0.34    1.12    0.78 (MET)
x_reg[5]$_SDFFE_PN0P_/D (sg13g2_dfrbpq_1)    0.34    1.12    0.78 (MET)
x_reg[5]$_SDFFE_PN0P_/D (sg13g2_dfrbpq_1)    0.34    1.12    0.78 (MET)
y_reg[5]$_SDFFE_PN0P_/D (sg13g2_dfrbpq_1)    0.34    1.12    0.78 (MET)
y_reg[5]$_SDFFE_PN0P_/D (sg13g2_dfrbpq_1)    0.34    1.12    0.78 (MET)
y_reg[5]$_SDFFE_PN0P_/D (sg13g2_dfrbpq_1)    0.34    1.12    0.78 (MET)
y_reg[5]$_SDFFE_PN0P_/D (sg13g2_dfrbpq_1)    0.34    1.12    0.78 (MET)
y_reg[5]$_SDFFE_PN0P_/D (sg13g2_dfrbpq_1)    0.34    1.12    0.78 (MET)
y_reg[5]$_SDFFE_PN0P_/D (sg13g2_dfrbpq_1)    0.34    1.12    0.78 (MET)
x_reg[2]$_SDFFE_PN0P_/D (sg13g2_dfrbpq_1)    0.31    1.09    0.78 (MET)
x_reg[2]$_SDFFE_PN0P_/D (sg13g2_dfrbpq_1)    0.31    1.09    0.78 (MET)
x_reg[2]$_SDFFE_PN0P_/D (sg13g2_dfrbpq_1)    0.31    1.09    0.78 (MET)
x_reg[2]$_SDFFE_PN0P_/D (sg13g2_dfrbpq_1)    0.31    1.09    0.78 (MET)
y_reg[3]$_SDFFE_PN0P_/D (sg13g2_dfrbpq_1)    0.31    1.09    0.78 (MET)
y_reg[3]$_SDFFE_PN0P_/D (sg13g2_dfrbpq_1)    0.31    1.09    0.78 (MET)
y_reg[3]$_SDFFE_PN0P_/D (sg13g2_dfrbpq_1)    0.31    1.09    0.78 (MET)
y_reg[5]$_SDFFE_PN0P_/D (sg13g2_dfrbpq_1)    0.34    1.12    0.78 (MET)
y_reg[5]$_SDFFE_PN0P_/D (sg13g2_dfrbpq_1)    0.34    1.12    0.78 (MET)
y_reg[5]$_SDFFE_PN0P_/D (sg13g2_dfrbpq_1)    0.34    1.12    0.78 (MET)
y_reg[5]$_SDFFE_PN0P_/D (sg13g2_dfrbpq_1)    0.34    1.12    0.78 (MET)
x_reg[5]$_SDFFE_PN0P_/D (sg13g2_dfrbpq_1)    0.34    1.12    0.78 (MET)
x_reg[5]$_SDFFE_PN0P_/D (sg13g2_dfrbpq_1)    0.34    1.12    0.78 (MET)
y_reg[5]$_SDFFE_PN0P_/D (sg13g2_dfrbpq_1)    0.34    1.12    0.78 (MET)
y_reg[5]$_SDFFE_PN0P_/D (sg13g2_dfrbpq_1)    0.34    1.12    0.78 (MET)
y_reg[5]$_SDFFE_PN0P_/D (sg13g2_dfrbpq_1)    0.34    1.12    0.78 (MET)
y_reg[5]$_SDFFE_PN0P_/D (sg13g2_dfrbpq_1)    0.34    1.12    0.78 (MET)
x_reg[9]$_SDFFE_PN0P_/D (sg13g2_dfrbpq_1)    0.34    1.12    0.78 (MET)
y_reg[3]$_SDFFE_PN0P_/D (sg13g2_dfrbpq_1)    0.34    1.12    0.78 (MET)
y_reg[3]$_SDFFE_PN0P_/D (sg13g2_dfrbpq_1)    0.34    1.12    0.78 (MET)
y_reg[2]$_SDFFE_PN0P_/D (sg13g2_dfrbpq_1)    0.34    1.12    0.78 (MET)
y_reg[2]$_SDFFE_PN0P_/D (sg13g2_dfrbpq_1)    0.34    1.12    0.78 (MET)
y_reg[5]$_SDFFE_PN0P_/D (sg13g2_dfrbpq_1)    0.34    1.12    0.78 (MET)
y_reg[5]$_SDFFE_PN0P_/D (sg13g2_dfrbpq_1)    0.34    1.12    0.78 (MET)
y_reg[5]$_SDFFE_PN0P_/D (sg13g2_dfrbpq_1)    0.34    1.12    0.78 (MET)
y_reg[5]$_SDFFE_PN0P_/D (sg13g2_dfrbpq_1)    0.34    1.12    0.78 (MET)
y_reg[2]$_SDFFE_PN0P_/D (sg13g2_dfrbpq_1)    0.34    1.12    0.78 (MET)
y_reg[2]$_SDFFE_PN0P_/D (sg13g2_dfrbpq_1)    0.34    1.12    0.78 (MET)
y_reg[3]$_SDFFE_PN0P_/D (sg13g2_dfrbpq_1)    0.31    1.09    0.78 (MET)
y_reg[3]$_SDFFE_PN0P_/D (sg13g2_dfrbpq_1)    0.31    1.09    0.78 (MET)
x_reg[1]$_SDFFE_PN0P_/D (sg13g2_dfrbpq_1)    0.32    1.10    0.78 (MET)
x_reg[1]$_SDFFE_PN0P_/D (sg13g2_dfrbpq_1)    0.32    1.10    0.78 (MET)
x_reg[9]$_SDFFE_PN0P_/D (sg13g2_dfrbpq_1)    0.34    1.12    0.78 (MET)
y_reg[3]$_SDFFE_PN0P_/D (sg13g2_dfrbpq_1)    0.31    1.09    0.78 (MET)
y_reg[3]$_SDFFE_PN0P_/D (sg13g2_dfrbpq_1)    0.34    1.12    0.78 (MET)
y_reg[3]$_SDFFE_PN0P_/D (sg13g2_dfrbpq_1)    0.34    1.12    0.78 (MET)
x_reg[6]$_SDFFE_PN0P_/D (sg13g2_dfrbpq_1)    0.34    1.12    0.78 (MET)
y_reg[5]$_SDFFE_PN0P_/D (sg13g2_dfrbpq_1)    0.34    1.12    0.78 (MET)
y_reg[5]$_SDFFE_PN0P_/D (sg13g2_dfrbpq_1)    0.34    1.12    0.78 (MET)
y_reg[5]$_SDFFE_PN0P_/D (sg13g2_dfrbpq_1)    0.34    1.12    0.78 (MET)
y_reg[5]$_SDFFE_PN0P_/D (sg13g2_dfrbpq_1)    0.34    1.12    0.78 (MET)
y_reg[5]$_SDFFE_PN0P_/D (sg13g2_dfrbpq_1)    0.34    1.12    0.78 (MET)
y_reg[5]$_SDFFE_PN0P_/D (sg13g2_dfrbpq_1)    0.34    1.12    0.78 (MET)
y_reg[5]$_SDFFE_PN0P_/D (sg13g2_dfrbpq_1)    0.34    1.12    0.78 (MET)
y_reg[5]$_SDFFE_PN0P_/D (sg13g2_dfrbpq_1)    0.34    1.12    0.78 (MET)
x_reg[1]$_SDFFE_PN0P_/D (sg13g2_dfrbpq_1)    0.35    1.13    0.78 (MET)
x_reg[4]$_SDFFE_PN0P_/D (sg13g2_dfrbpq_1)    0.35    1.14    0.78 (MET)
x_reg[4]$_SDFFE_PN0P_/D (sg13g2_dfrbpq_1)    0.35    1.14    0.78 (MET)
x_reg[5]$_SDFFE_PN0P_/D (sg13g2_dfrbpq_1)    0.34    1.12    0.78 (MET)
x_reg[5]$_SDFFE_PN0P_/D (sg13g2_dfrbpq_1)    0.34    1.12    0.78 (MET)
x_reg[5]$_SDFFE_PN0P_/D (sg13g2_dfrbpq_1)    0.34    1.12    0.78 (MET)
x_reg[5]$_SDFFE_PN0P_/D (sg13g2_dfrbpq_1)    0.34    1.12    0.78 (MET)
y_reg[2]$_SDFFE_PN0P_/D (sg13g2_dfrbpq_1)    0.31    1.09    0.78 (MET)
y_reg[2]$_SDFFE_PN0P_/D (sg13g2_dfrbpq_1)    0.31    1.09    0.78 (MET)
x_reg[6]$_SDFFE_PN0P_/D (sg13g2_dfrbpq_1)    0.34    1.12    0.78 (MET)
x_reg[9]$_SDFFE_PN0P_/D (sg13g2_dfrbpq_1)    0.34    1.12    0.78 (MET)
x_reg[9]$_SDFFE_PN0P_/D (sg13g2_dfrbpq_1)    0.34    1.12    0.78 (MET)
y_reg[3]$_SDFFE_PN0P_/D (sg13g2_dfrbpq_1)    0.31    1.09    0.78 (MET)
y_reg[3]$_SDFFE_PN0P_/D (sg13g2_dfrbpq_1)    0.31    1.09    0.78 (MET)
y_reg[3]$_SDFFE_PN0P_/D (sg13g2_dfrbpq_1)    0.31    1.09    0.78 (MET)
y_reg[3]$_SDFFE_PN0P_/D (sg13g2_dfrbpq_1)    0.31    1.09    0.78 (MET)
y_reg[3]$_SDFFE_PN0P_/D (sg13g2_dfrbpq_1)    0.34    1.12    0.78 (MET)
y_reg[3]$_SDFFE_PN0P_/D (sg13g2_dfrbpq_1)    0.34    1.12    0.78 (MET)
y_reg[3]$_SDFFE_PN0P_/D (sg13g2_dfrbpq_1)    0.34    1.12    0.78 (MET)
y_reg[3]$_SDFFE_PN0P_/D (sg13g2_dfrbpq_1)    0.34    1.12    0.78 (MET)
x_reg[4]$_SDFFE_PN0P_/D (sg13g2_dfrbpq_1)    0.35    1.14    0.78 (MET)
x_reg[4]$_SDFFE_PN0P_/D (sg13g2_dfrbpq_1)    0.35    1.14    0.78 (MET)
x_reg[4]$_SDFFE_PN0P_/D (sg13g2_dfrbpq_1)    0.35    1.14    0.78 (MET)
x_reg[4]$_SDFFE_PN0P_/D (sg13g2_dfrbpq_1)    0.35    1.14    0.78 (MET)
x_reg[4]$_SDFFE_PN0P_/D (sg13g2_dfrbpq_1)    0.35    1.14    0.78 (MET)
x_reg[4]$_SDFFE_PN0P_/D (sg13g2_dfrbpq_1)    0.35    1.14    0.78 (MET)
x_reg[4]$_SDFFE_PN0P_/D (sg13g2_dfrbpq_1)    0.35    1.14    0.78 (MET)
x_reg[4]$_SDFFE_PN0P_/D (sg13g2_dfrbpq_1)    0.35    1.14    0.78 (MET)
x_reg[4]$_SDFFE_PN0P_/D (sg13g2_dfrbpq_1)    0.35    1.14    0.78 (MET)
x_reg[4]$_SDFFE_PN0P_/D (sg13g2_dfrbpq_1)    0.35    1.14    0.78 (MET)
x_reg[4]$_SDFFE_PN0P_/D (sg13g2_dfrbpq_1)    0.35    1.14    0.78 (MET)
x_reg[4]$_SDFFE_PN0P_/D (sg13g2_dfrbpq_1)    0.35    1.14    0.78 (MET)
x_reg[4]$_SDFFE_PN0P_/D (sg13g2_dfrbpq_1)    0.35    1.14    0.78 (MET)
x_reg[4]$_SDFFE_PN0P_/D (sg13g2_dfrbpq_1)    0.35    1.14    0.78 (MET)
x_reg[4]$_SDFFE_PN0P_/D (sg13g2_dfrbpq_1)    0.35    1.14    0.78 (MET)
x_reg[4]$_SDFFE_PN0P_/D (sg13g2_dfrbpq_1)    0.35    1.14    0.78 (MET)
x_reg[4]$_SDFFE_PN0P_/D (sg13g2_dfrbpq_1)    0.35    1.14    0.78 (MET)
x_reg[4]$_SDFFE_PN0P_/D (sg13g2_dfrbpq_1)    0.35    1.14    0.78 (MET)
x_reg[4]$_SDFFE_PN0P_/D (sg13g2_dfrbpq_1)    0.35    1.14    0.78 (MET)
x_reg[4]$_SDFFE_PN0P_/D (sg13g2_dfrbpq_1)    0.35    1.14    0.78 (MET)
x_reg[4]$_SDFFE_PN0P_/D (sg13g2_dfrbpq_1)    0.35    1.14    0.78 (MET)
x_reg[4]$_SDFFE_PN0P_/D (sg13g2_dfrbpq_1)    0.35    1.14    0.78 (MET)
x_reg[4]$_SDFFE_PN0P_/D (sg13g2_dfrbpq_1)    0.35    1.14    0.78 (MET)
x_reg[4]$_SDFFE_PN0P_/D (sg13g2_dfrbpq_1)    0.35    1.14    0.78 (MET)
x_reg[4]$_SDFFE_PN0P_/D (sg13g2_dfrbpq_1)    0.35    1.14    0.78 (MET)
x_reg[4]$_SDFFE_PN0P_/D (sg13g2_dfrbpq_1)    0.35    1.14    0.78 (MET)
x_reg[4]$_SDFFE_PN0P_/D (sg13g2_dfrbpq_1)    0.35    1.14    0.78 (MET)
x_reg[4]$_SDFFE_PN0P_/D (sg13g2_dfrbpq_1)    0.35    1.14    0.78 (MET)
x_reg[4]$_SDFFE_PN0P_/D (sg13g2_dfrbpq_1)    0.35    1.14    0.78 (MET)
x_reg[4]$_SDFFE_PN0P_/D (sg13g2_dfrbpq_1)    0.35    1.14    0.78 (MET)
x_reg[4]$_SDFFE_PN0P_/D (sg13g2_dfrbpq_1)    0.35    1.14    0.78 (MET)
x_reg[4]$_SDFFE_PN0P_/D (sg13g2_dfrbpq_1)    0.35    1.14    0.78 (MET)
x_reg[6]$_SDFFE_PN0P_/D (sg13g2_dfrbpq_1)    0.34    1.12    0.78 (MET)
x_reg[6]$_SDFFE_PN0P_/D (sg13g2_dfrbpq_1)    0.34    1.12    0.78 (MET)
x_reg[1]$_SDFFE_PN0P_/D (sg13g2_dfrbpq_1)    0.35    1.13    0.78 (MET)
x_reg[5]$_SDFFE_PN0P_/D (sg13g2_dfrbpq_1)    0.34    1.12    0.78 (MET)
x_reg[5]$_SDFFE_PN0P_/D (sg13g2_dfrbpq_1)    0.34    1.12    0.78 (MET)
x_reg[4]$_SDFFE_PN0P_/D (sg13g2_dfrbpq_1)    0.35    1.14    0.78 (MET)
x_reg[4]$_SDFFE_PN0P_/D (sg13g2_dfrbpq_1)    0.35    1.14    0.78 (MET)
x_reg[4]$_SDFFE_PN0P_/D (sg13g2_dfrbpq_1)    0.35    1.14    0.78 (MET)
x_reg[4]$_SDFFE_PN0P_/D (sg13g2_dfrbpq_1)    0.35    1.14    0.78 (MET)
x_reg[4]$_SDFFE_PN0P_/D (sg13g2_dfrbpq_1)    0.35    1.14    0.78 (MET)
x_reg[4]$_SDFFE_PN0P_/D (sg13g2_dfrbpq_1)    0.35    1.14    0.78 (MET)
x_reg[4]$_SDFFE_PN0P_/D (sg13g2_dfrbpq_1)    0.35    1.14    0.78 (MET)
x_reg[4]$_SDFFE_PN0P_/D (sg13g2_dfrbpq_1)    0.35    1.14    0.78 (MET)
x_reg[4]$_SDFFE_PN0P_/D (sg13g2_dfrbpq_1)    0.35    1.14    0.78 (MET)
x_reg[4]$_SDFFE_PN0P_/D (sg13g2_dfrbpq_1)    0.35    1.14    0.78 (MET)
x_reg[4]$_SDFFE_PN0P_/D (sg13g2_dfrbpq_1)    0.35    1.14    0.78 (MET)
x_reg[4]$_SDFFE_PN0P_/D (sg13g2_dfrbpq_1)    0.35    1.14    0.78 (MET)
x_reg[4]$_SDFFE_PN0P_/D (sg13g2_dfrbpq_1)    0.35    1.14    0.78 (MET)
x_reg[4]$_SDFFE_PN0P_/D (sg13g2_dfrbpq_1)    0.35    1.14    0.78 (MET)
x_reg[4]$_SDFFE_PN0P_/D (sg13g2_dfrbpq_1)    0.35    1.14    0.78 (MET)
x_reg[4]$_SDFFE_PN0P_/D (sg13g2_dfrbpq_1)    0.35    1.14    0.78 (MET)
x_reg[4]$_SDFFE_PN0P_/D (sg13g2_dfrbpq_1)    0.35    1.14    0.78 (MET)
x_reg[4]$_SDFFE_PN0P_/D (sg13g2_dfrbpq_1)    0.35    1.14    0.78 (MET)
x_reg[4]$_SDFFE_PN0P_/D (sg13g2_dfrbpq_1)    0.35    1.14    0.78 (MET)
x_reg[4]$_SDFFE_PN0P_/D (sg13g2_dfrbpq_1)    0.35    1.14    0.78 (MET)
x_reg[4]$_SDFFE_PN0P_/D (sg13g2_dfrbpq_1)    0.35    1.14    0.78 (MET)
x_reg[4]$_SDFFE_PN0P_/D (sg13g2_dfrbpq_1)    0.35    1.14    0.78 (MET)
x_reg[4]$_SDFFE_PN0P_/D (sg13g2_dfrbpq_1)    0.35    1.14    0.78 (MET)
x_reg[4]$_SDFFE_PN0P_/D (sg13g2_dfrbpq_1)    0.35    1.14    0.78 (MET)
x_reg[4]$_SDFFE_PN0P_/D (sg13g2_dfrbpq_1)    0.35    1.14    0.78 (MET)
x_reg[4]$_SDFFE_PN0P_/D (sg13g2_dfrbpq_1)    0.35    1.14    0.78 (MET)
x_reg[4]$_SDFFE_PN0P_/D (sg13g2_dfrbpq_1)    0.35    1.14    0.78 (MET)
x_reg[4]$_SDFFE_PN0P_/D (sg13g2_dfrbpq_1)    0.35    1.14    0.78 (MET)
x_reg[4]$_SDFFE_PN0P_/D (sg13g2_dfrbpq_1)    0.35    1.14    0.78 (MET)
x_reg[4]$_SDFFE_PN0P_/D (sg13g2_dfrbpq_1)    0.35    1.14    0.78 (MET)
x_reg[4]$_SDFFE_PN0P_/D (sg13g2_dfrbpq_1)    0.35    1.14    0.78 (MET)
x_reg[4]$_SDFFE_PN0P_/D (sg13g2_dfrbpq_1)    0.35    1.14    0.78 (MET)
y_reg[2]$_SDFFE_PN0P_/D (sg13g2_dfrbpq_1)    0.31    1.09    0.78 (MET)
y_reg[2]$_SDFFE_PN0P_/D (sg13g2_dfrbpq_1)    0.31    1.09    0.78 (MET)
y_reg[3]$_SDFFE_PN0P_/D (sg13g2_dfrbpq_1)    0.31    1.10    0.78 (MET)
y_reg[3]$_SDFFE_PN0P_/D (sg13g2_dfrbpq_1)    0.31    1.10    0.78 (MET)
y_reg[3]$_SDFFE_PN0P_/D (sg13g2_dfrbpq_1)    0.31    1.10    0.78 (MET)
y_reg[3]$_SDFFE_PN0P_/D (sg13g2_dfrbpq_1)    0.31    1.10    0.78 (MET)
x_reg[5]$_SDFFE_PN0P_/D (sg13g2_dfrbpq_1)    0.34    1.13    0.78 (MET)
x_reg[5]$_SDFFE_PN0P_/D (sg13g2_dfrbpq_1)    0.34    1.13    0.78 (MET)
y_reg[2]$_SDFFE_PN0P_/D (sg13g2_dfrbpq_1)    0.31    1.09    0.78 (MET)
y_reg[2]$_SDFFE_PN0P_/D (sg13g2_dfrbpq_1)    0.31    1.09    0.78 (MET)
y_reg[2]$_SDFFE_PN0P_/D (sg13g2_dfrbpq_1)    0.31    1.09    0.78 (MET)
y_reg[2]$_SDFFE_PN0P_/D (sg13g2_dfrbpq_1)    0.31    1.09    0.78 (MET)
x_reg[5]$_SDFFE_PN0P_/D (sg13g2_dfrbpq_1)    0.34    1.13    0.78 (MET)
x_reg[5]$_SDFFE_PN0P_/D (sg13g2_dfrbpq_1)    0.34    1.13    0.78 (MET)
x_reg[4]$_SDFFE_PN0P_/D (sg13g2_dfrbpq_1)    0.35    1.14    0.78 (MET)
x_reg[4]$_SDFFE_PN0P_/D (sg13g2_dfrbpq_1)    0.35    1.14    0.78 (MET)
x_reg[4]$_SDFFE_PN0P_/D (sg13g2_dfrbpq_1)    0.35    1.14    0.78 (MET)
x_reg[4]$_SDFFE_PN0P_/D (sg13g2_dfrbpq_1)    0.35    1.14    0.78 (MET)
x_reg[4]$_SDFFE_PN0P_/D (sg13g2_dfrbpq_1)    0.35    1.14    0.78 (MET)
x_reg[4]$_SDFFE_PN0P_/D (sg13g2_dfrbpq_1)    0.35    1.14    0.78 (MET)
x_reg[4]$_SDFFE_PN0P_/D (sg13g2_dfrbpq_1)    0.35    1.14    0.78 (MET)
x_reg[4]$_SDFFE_PN0P_/D (sg13g2_dfrbpq_1)    0.35    1.14    0.78 (MET)
x_reg[5]$_SDFFE_PN0P_/D (sg13g2_dfrbpq_1)    0.34    1.13    0.78 (MET)
x_reg[5]$_SDFFE_PN0P_/D (sg13g2_dfrbpq_1)    0.34    1.13    0.78 (MET)
x_reg[5]$_SDFFE_PN0P_/D (sg13g2_dfrbpq_1)    0.34    1.13    0.78 (MET)
x_reg[5]$_SDFFE_PN0P_/D (sg13g2_dfrbpq_1)    0.34    1.13    0.78 (MET)
x_reg[5]$_SDFFE_PN0P_/D (sg13g2_dfrbpq_1)    0.34    1.13    0.78 (MET)
x_reg[5]$_SDFFE_PN0P_/D (sg13g2_dfrbpq_1)    0.34    1.13    0.78 (MET)
x_reg[5]$_SDFFE_PN0P_/D (sg13g2_dfrbpq_1)    0.34    1.13    0.78 (MET)
x_reg[5]$_SDFFE_PN0P_/D (sg13g2_dfrbpq_1)    0.34    1.13    0.78 (MET)
x_reg[5]$_SDFFE_PN0P_/D (sg13g2_dfrbpq_1)    0.34    1.13    0.78 (MET)
x_reg[5]$_SDFFE_PN0P_/D (sg13g2_dfrbpq_1)    0.34    1.13    0.78 (MET)
x_reg[4]$_SDFFE_PN0P_/D (sg13g2_dfrbpq_1)    0.35    1.14    0.78 (MET)
x_reg[4]$_SDFFE_PN0P_/D (sg13g2_dfrbpq_1)    0.35    1.14    0.78 (MET)
x_reg[4]$_SDFFE_PN0P_/D (sg13g2_dfrbpq_1)    0.35    1.14    0.78 (MET)
x_reg[4]$_SDFFE_PN0P_/D (sg13g2_dfrbpq_1)    0.35    1.14    0.78 (MET)
x_reg[4]$_SDFFE_PN0P_/D (sg13g2_dfrbpq_1)    0.35    1.14    0.78 (MET)
x_reg[4]$_SDFFE_PN0P_/D (sg13g2_dfrbpq_1)    0.35    1.14    0.78 (MET)
x_reg[4]$_SDFFE_PN0P_/D (sg13g2_dfrbpq_1)    0.35    1.14    0.78 (MET)
x_reg[4]$_SDFFE_PN0P_/D (sg13g2_dfrbpq_1)    0.35    1.14    0.78 (MET)
y_reg[3]$_SDFFE_PN0P_/D (sg13g2_dfrbpq_1)    0.31    1.10    0.78 (MET)
y_reg[2]$_SDFFE_PN0P_/D (sg13g2_dfrbpq_1)    0.31    1.09    0.78 (MET)
y_reg[2]$_SDFFE_PN0P_/D (sg13g2_dfrbpq_1)    0.31    1.09    0.78 (MET)
y_reg[2]$_SDFFE_PN0P_/D (sg13g2_dfrbpq_1)    0.31    1.09    0.78 (MET)
y_reg[2]$_SDFFE_PN0P_/D (sg13g2_dfrbpq_1)    0.31    1.09    0.78 (MET)
y_reg[5]$_SDFFE_PN0P_/D (sg13g2_dfrbpq_1)    0.34    1.12    0.78 (MET)
y_reg[5]$_SDFFE_PN0P_/D (sg13g2_dfrbpq_1)    0.34    1.12    0.78 (MET)
x_reg[2]$_SDFFE_PN0P_/D (sg13g2_dfrbpq_1)    0.31    1.09    0.78 (MET)
x_reg[2]$_SDFFE_PN0P_/D (sg13g2_dfrbpq_1)    0.31    1.09    0.78 (MET)
x_reg[2]$_SDFFE_PN0P_/D (sg13g2_dfrbpq_1)    0.31    1.09    0.78 (MET)
x_reg[2]$_SDFFE_PN0P_/D (sg13g2_dfrbpq_1)    0.31    1.09    0.78 (MET)
y_reg[5]$_SDFFE_PN0P_/D (sg13g2_dfrbpq_1)    0.34    1.12    0.78 (MET)
y_reg[5]$_SDFFE_PN0P_/D (sg13g2_dfrbpq_1)    0.34    1.12    0.78 (MET)
y_reg[5]$_SDFFE_PN0P_/D (sg13g2_dfrbpq_1)    0.34    1.12    0.78 (MET)
y_reg[5]$_SDFFE_PN0P_/D (sg13g2_dfrbpq_1)    0.34    1.12    0.78 (MET)
x_reg[4]$_SDFFE_PN0P_/D (sg13g2_dfrbpq_1)    0.32    1.11    0.78 (MET)
x_reg[4]$_SDFFE_PN0P_/D (sg13g2_dfrbpq_1)    0.32    1.11    0.78 (MET)
x_reg[4]$_SDFFE_PN0P_/D (sg13g2_dfrbpq_1)    0.32    1.11    0.78 (MET)
x_reg[4]$_SDFFE_PN0P_/D (sg13g2_dfrbpq_1)    0.32    1.11    0.78 (MET)
y_reg[3]$_SDFFE_PN0P_/D (sg13g2_dfrbpq_1)    0.31    1.10    0.78 (MET)
y_reg[3]$_SDFFE_PN0P_/D (sg13g2_dfrbpq_1)    0.31    1.10    0.78 (MET)
y_reg[3]$_SDFFE_PN0P_/D (sg13g2_dfrbpq_1)    0.31    1.10    0.78 (MET)
y_reg[3]$_SDFFE_PN0P_/D (sg13g2_dfrbpq_1)    0.31    1.10    0.78 (MET)
y_reg[3]$_SDFFE_PN0P_/D (sg13g2_dfrbpq_1)    0.31    1.10    0.78 (MET)
y_reg[3]$_SDFFE_PN0P_/D (sg13g2_dfrbpq_1)    0.31    1.10    0.78 (MET)
y_reg[5]$_SDFFE_PN0P_/D (sg13g2_dfrbpq_1)    0.34    1.13    0.78 (MET)
y_reg[5]$_SDFFE_PN0P_/D (sg13g2_dfrbpq_1)    0.34    1.13    0.78 (MET)
x_reg[4]$_SDFFE_PN0P_/D (sg13g2_dfrbpq_1)    0.35    1.14    0.78 (MET)
x_reg[4]$_SDFFE_PN0P_/D (sg13g2_dfrbpq_1)    0.35    1.14    0.78 (MET)
x_reg[4]$_SDFFE_PN0P_/D (sg13g2_dfrbpq_1)    0.35    1.14    0.78 (MET)
x_reg[4]$_SDFFE_PN0P_/D (sg13g2_dfrbpq_1)    0.35    1.14    0.78 (MET)
x_reg[4]$_SDFFE_PN0P_/D (sg13g2_dfrbpq_1)    0.35    1.14    0.78 (MET)
x_reg[4]$_SDFFE_PN0P_/D (sg13g2_dfrbpq_1)    0.35    1.14    0.78 (MET)
x_reg[4]$_SDFFE_PN0P_/D (sg13g2_dfrbpq_1)    0.35    1.14    0.78 (MET)
x_reg[4]$_SDFFE_PN0P_/D (sg13g2_dfrbpq_1)    0.35    1.14    0.78 (MET)
y_reg[5]$_SDFFE_PN0P_/D (sg13g2_dfrbpq_1)    0.34    1.13    0.78 (MET)
y_reg[5]$_SDFFE_PN0P_/D (sg13g2_dfrbpq_1)    0.34    1.13    0.78 (MET)
y_reg[5]$_SDFFE_PN0P_/D (sg13g2_dfrbpq_1)    0.34    1.13    0.78 (MET)
y_reg[5]$_SDFFE_PN0P_/D (sg13g2_dfrbpq_1)    0.34    1.13    0.78 (MET)
x_reg[1]$_SDFFE_PN0P_/D (sg13g2_dfrbpq_1)    0.32    1.11    0.78 (MET)
y_reg[5]$_SDFFE_PN0P_/D (sg13g2_dfrbpq_1)    0.34    1.13    0.78 (MET)
y_reg[5]$_SDFFE_PN0P_/D (sg13g2_dfrbpq_1)    0.34    1.13    0.78 (MET)
y_reg[5]$_SDFFE_PN0P_/D (sg13g2_dfrbpq_1)    0.34    1.13    0.78 (MET)
y_reg[5]$_SDFFE_PN0P_/D (sg13g2_dfrbpq_1)    0.34    1.13    0.78 (MET)
y_reg[3]$_SDFFE_PN0P_/D (sg13g2_dfrbpq_1)    0.34    1.13    0.78 (MET)
y_reg[3]$_SDFFE_PN0P_/D (sg13g2_dfrbpq_1)    0.34    1.13    0.78 (MET)
x_reg[5]$_SDFFE_PN0P_/D (sg13g2_dfrbpq_1)    0.34    1.13    0.78 (MET)
x_reg[5]$_SDFFE_PN0P_/D (sg13g2_dfrbpq_1)    0.34    1.13    0.78 (MET)
x_reg[5]$_SDFFE_PN0P_/D (sg13g2_dfrbpq_1)    0.34    1.13    0.78 (MET)
y_reg[5]$_SDFFE_PN0P_/D (sg13g2_dfrbpq_1)    0.34    1.13    0.78 (MET)
y_reg[5]$_SDFFE_PN0P_/D (sg13g2_dfrbpq_1)    0.34    1.13    0.78 (MET)
y_reg[5]$_SDFFE_PN0P_/D (sg13g2_dfrbpq_1)    0.34    1.13    0.78 (MET)
y_reg[5]$_SDFFE_PN0P_/D (sg13g2_dfrbpq_1)    0.34    1.13    0.78 (MET)
y_reg[3]$_SDFFE_PN0P_/D (sg13g2_dfrbpq_1)    0.31    1.10    0.78 (MET)
y_reg[3]$_SDFFE_PN0P_/D (sg13g2_dfrbpq_1)    0.31    1.10    0.78 (MET)
x_reg[5]$_SDFFE_PN0P_/D (sg13g2_dfrbpq_1)    0.34    1.13    0.78 (MET)
y_reg[3]$_SDFFE_PN0P_/D (sg13g2_dfrbpq_1)    0.31    1.10    0.78 (MET)
y_reg[3]$_SDFFE_PN0P_/D (sg13g2_dfrbpq_1)    0.31    1.10    0.78 (MET)
y_reg[3]$_SDFFE_PN0P_/D (sg13g2_dfrbpq_1)    0.31    1.10    0.78 (MET)
y_reg[3]$_SDFFE_PN0P_/D (sg13g2_dfrbpq_1)    0.31    1.10    0.78 (MET)
x_reg[5]$_SDFFE_PN0P_/D (sg13g2_dfrbpq_1)    0.34    1.13    0.79 (MET)
x_reg[5]$_SDFFE_PN0P_/D (sg13g2_dfrbpq_1)    0.34    1.13    0.79 (MET)
x_reg[5]$_SDFFE_PN0P_/D (sg13g2_dfrbpq_1)    0.34    1.13    0.79 (MET)
x_reg[5]$_SDFFE_PN0P_/D (sg13g2_dfrbpq_1)    0.34    1.13    0.79 (MET)
y_reg[5]$_SDFFE_PN0P_/D (sg13g2_dfrbpq_1)    0.34    1.13    0.79 (MET)
y_reg[5]$_SDFFE_PN0P_/D (sg13g2_dfrbpq_1)    0.34    1.13    0.79 (MET)
y_reg[5]$_SDFFE_PN0P_/D (sg13g2_dfrbpq_1)    0.34    1.13    0.79 (MET)
y_reg[5]$_SDFFE_PN0P_/D (sg13g2_dfrbpq_1)    0.34    1.13    0.79 (MET)
y_reg[3]$_SDFFE_PN0P_/D (sg13g2_dfrbpq_1)    0.31    1.10    0.79 (MET)
y_reg[3]$_SDFFE_PN0P_/D (sg13g2_dfrbpq_1)    0.31    1.10    0.79 (MET)
y_reg[3]$_SDFFE_PN0P_/D (sg13g2_dfrbpq_1)    0.31    1.10    0.79 (MET)
y_reg[3]$_SDFFE_PN0P_/D (sg13g2_dfrbpq_1)    0.31    1.10    0.79 (MET)
y_reg[3]$_SDFFE_PN0P_/D (sg13g2_dfrbpq_1)    0.31    1.10    0.79 (MET)
x_reg[4]$_SDFFE_PN0P_/D (sg13g2_dfrbpq_1)    0.35    1.14    0.79 (MET)
x_reg[4]$_SDFFE_PN0P_/D (sg13g2_dfrbpq_1)    0.35    1.14    0.79 (MET)
x_reg[4]$_SDFFE_PN0P_/D (sg13g2_dfrbpq_1)    0.32    1.11    0.79 (MET)
x_reg[4]$_SDFFE_PN0P_/D (sg13g2_dfrbpq_1)    0.32    1.11    0.79 (MET)
x_reg[4]$_SDFFE_PN0P_/D (sg13g2_dfrbpq_1)    0.32    1.11    0.79 (MET)
x_reg[4]$_SDFFE_PN0P_/D (sg13g2_dfrbpq_1)    0.32    1.11    0.79 (MET)
x_reg[4]$_SDFFE_PN0P_/D (sg13g2_dfrbpq_1)    0.32    1.11    0.79 (MET)
x_reg[4]$_SDFFE_PN0P_/D (sg13g2_dfrbpq_1)    0.32    1.11    0.79 (MET)
x_reg[4]$_SDFFE_PN0P_/D (sg13g2_dfrbpq_1)    0.32    1.11    0.79 (MET)
x_reg[4]$_SDFFE_PN0P_/D (sg13g2_dfrbpq_1)    0.32    1.11    0.79 (MET)
x_reg[5]$_SDFFE_PN0P_/D (sg13g2_dfrbpq_1)    0.34    1.13    0.79 (MET)
x_reg[5]$_SDFFE_PN0P_/D (sg13g2_dfrbpq_1)    0.34    1.13    0.79 (MET)
x_reg[5]$_SDFFE_PN0P_/D (sg13g2_dfrbpq_1)    0.34    1.13    0.79 (MET)
y_reg[3]$_SDFFE_PN0P_/D (sg13g2_dfrbpq_1)    0.31    1.10    0.79 (MET)
y_reg[3]$_SDFFE_PN0P_/D (sg13g2_dfrbpq_1)    0.31    1.10    0.79 (MET)
x_reg[5]$_SDFFE_PN0P_/D (sg13g2_dfrbpq_1)    0.34    1.13    0.79 (MET)
x_reg[5]$_SDFFE_PN0P_/D (sg13g2_dfrbpq_1)    0.34    1.13    0.79 (MET)
y_reg[5]$_SDFFE_PN0P_/D (sg13g2_dfrbpq_1)    0.34    1.13    0.79 (MET)
y_reg[5]$_SDFFE_PN0P_/D (sg13g2_dfrbpq_1)    0.34    1.13    0.79 (MET)
y_reg[5]$_SDFFE_PN0P_/D (sg13g2_dfrbpq_1)    0.34    1.13    0.79 (MET)
y_reg[5]$_SDFFE_PN0P_/D (sg13g2_dfrbpq_1)    0.34    1.13    0.79 (MET)
y_reg[5]$_SDFFE_PN0P_/D (sg13g2_dfrbpq_1)    0.34    1.13    0.79 (MET)
y_reg[5]$_SDFFE_PN0P_/D (sg13g2_dfrbpq_1)    0.34    1.13    0.79 (MET)
y_reg[5]$_SDFFE_PN0P_/D (sg13g2_dfrbpq_1)    0.34    1.13    0.79 (MET)
y_reg[5]$_SDFFE_PN0P_/D (sg13g2_dfrbpq_1)    0.34    1.13    0.79 (MET)
x_reg[1]$_SDFFE_PN0P_/D (sg13g2_dfrbpq_1)    0.32    1.11    0.79 (MET)
x_reg[1]$_SDFFE_PN0P_/D (sg13g2_dfrbpq_1)    0.32    1.11    0.79 (MET)
y_reg[3]$_SDFFE_PN0P_/D (sg13g2_dfrbpq_1)    0.31    1.10    0.79 (MET)
y_reg[3]$_SDFFE_PN0P_/D (sg13g2_dfrbpq_1)    0.31    1.10    0.79 (MET)
y_reg[3]$_SDFFE_PN0P_/D (sg13g2_dfrbpq_1)    0.31    1.10    0.79 (MET)
y_reg[3]$_SDFFE_PN0P_/D (sg13g2_dfrbpq_1)    0.31    1.10    0.79 (MET)
y_reg[2]$_SDFFE_PN0P_/D (sg13g2_dfrbpq_1)    0.34    1.13    0.79 (MET)
y_reg[5]$_SDFFE_PN0P_/D (sg13g2_dfrbpq_1)    0.34    1.13    0.79 (MET)
y_reg[5]$_SDFFE_PN0P_/D (sg13g2_dfrbpq_1)    0.34    1.13    0.79 (MET)
y_reg[3]$_SDFFE_PN0P_/D (sg13g2_dfrbpq_1)    0.31    1.10    0.79 (MET)
y_reg[3]$_SDFFE_PN0P_/D (sg13g2_dfrbpq_1)    0.31    1.10    0.79 (MET)
x_reg[4]$_SDFFE_PN0P_/D (sg13g2_dfrbpq_1)    0.32    1.11    0.79 (MET)
x_reg[4]$_SDFFE_PN0P_/D (sg13g2_dfrbpq_1)    0.32    1.11    0.79 (MET)
y_reg[5]$_SDFFE_PN0P_/D (sg13g2_dfrbpq_1)    0.34    1.13    0.79 (MET)
y_reg[5]$_SDFFE_PN0P_/D (sg13g2_dfrbpq_1)    0.34    1.13    0.79 (MET)
x_reg[1]$_SDFFE_PN0P_/D (sg13g2_dfrbpq_1)    0.35    1.14    0.79 (MET)
y_reg[3]$_SDFFE_PN0P_/D (sg13g2_dfrbpq_1)    0.31    1.10    0.79 (MET)
y_reg[3]$_SDFFE_PN0P_/D (sg13g2_dfrbpq_1)    0.31    1.10    0.79 (MET)
y_reg[3]$_SDFFE_PN0P_/D (sg13g2_dfrbpq_1)    0.31    1.10    0.79 (MET)
y_reg[3]$_SDFFE_PN0P_/D (sg13g2_dfrbpq_1)    0.31    1.10    0.79 (MET)
y_reg[3]$_SDFFE_PN0P_/D (sg13g2_dfrbpq_1)    0.31    1.10    0.79 (MET)
y_reg[3]$_SDFFE_PN0P_/D (sg13g2_dfrbpq_1)    0.31    1.10    0.79 (MET)
y_reg[3]$_SDFFE_PN0P_/D (sg13g2_dfrbpq_1)    0.31    1.10    0.79 (MET)
y_reg[3]$_SDFFE_PN0P_/D (sg13g2_dfrbpq_1)    0.31    1.10    0.79 (MET)
y_reg[5]$_SDFFE_PN0P_/D (sg13g2_dfrbpq_1)    0.34    1.13    0.79 (MET)
y_reg[5]$_SDFFE_PN0P_/D (sg13g2_dfrbpq_1)    0.34    1.13    0.79 (MET)
x_reg[6]$_SDFFE_PN0P_/D (sg13g2_dfrbpq_1)    0.34    1.12    0.79 (MET)
x_reg[6]$_SDFFE_PN0P_/D (sg13g2_dfrbpq_1)    0.34    1.12    0.79 (MET)
x_reg[6]$_SDFFE_PN0P_/D (sg13g2_dfrbpq_1)    0.34    1.12    0.79 (MET)
x_reg[6]$_SDFFE_PN0P_/D (sg13g2_dfrbpq_1)    0.34    1.12    0.79 (MET)
x_reg[4]$_SDFFE_PN0P_/D (sg13g2_dfrbpq_1)    0.32    1.11    0.79 (MET)
x_reg[4]$_SDFFE_PN0P_/D (sg13g2_dfrbpq_1)    0.32    1.11    0.79 (MET)
x_reg[4]$_SDFFE_PN0P_/D (sg13g2_dfrbpq_1)    0.32    1.11    0.79 (MET)
x_reg[4]$_SDFFE_PN0P_/D (sg13g2_dfrbpq_1)    0.32    1.11    0.79 (MET)
y_reg[5]$_SDFFE_PN0P_/D (sg13g2_dfrbpq_1)    0.34    1.13    0.79 (MET)
y_reg[5]$_SDFFE_PN0P_/D (sg13g2_dfrbpq_1)    0.34    1.13    0.79 (MET)
y_reg[5]$_SDFFE_PN0P_/D (sg13g2_dfrbpq_1)    0.34    1.13    0.79 (MET)
y_reg[5]$_SDFFE_PN0P_/D (sg13g2_dfrbpq_1)    0.34    1.13    0.79 (MET)
y_reg[5]$_SDFFE_PN0P_/D (sg13g2_dfrbpq_1)    0.34    1.13    0.79 (MET)
y_reg[5]$_SDFFE_PN0P_/D (sg13g2_dfrbpq_1)    0.34    1.13    0.79 (MET)
x_reg[2]$_SDFFE_PN0P_/D (sg13g2_dfrbpq_1)    0.31    1.10    0.79 (MET)
x_reg[2]$_SDFFE_PN0P_/D (sg13g2_dfrbpq_1)    0.31    1.10    0.79 (MET)
x_reg[2]$_SDFFE_PN0P_/D (sg13g2_dfrbpq_1)    0.31    1.10    0.79 (MET)
x_reg[2]$_SDFFE_PN0P_/D (sg13g2_dfrbpq_1)    0.31    1.10    0.79 (MET)
y_reg[5]$_SDFFE_PN0P_/D (sg13g2_dfrbpq_1)    0.34    1.13    0.79 (MET)
y_reg[5]$_SDFFE_PN0P_/D (sg13g2_dfrbpq_1)    0.34    1.13    0.79 (MET)
y_reg[5]$_SDFFE_PN0P_/D (sg13g2_dfrbpq_1)    0.34    1.13    0.79 (MET)
y_reg[5]$_SDFFE_PN0P_/D (sg13g2_dfrbpq_1)    0.34    1.13    0.79 (MET)
y_reg[3]$_SDFFE_PN0P_/D (sg13g2_dfrbpq_1)    0.31    1.10    0.79 (MET)
y_reg[3]$_SDFFE_PN0P_/D (sg13g2_dfrbpq_1)    0.31    1.10    0.79 (MET)
y_reg[3]$_SDFFE_PN0P_/D (sg13g2_dfrbpq_1)    0.31    1.10    0.79 (MET)
y_reg[3]$_SDFFE_PN0P_/D (sg13g2_dfrbpq_1)    0.31    1.10    0.79 (MET)
y_reg[3]$_SDFFE_PN0P_/D (sg13g2_dfrbpq_1)    0.31    1.10    0.79 (MET)
y_reg[3]$_SDFFE_PN0P_/D (sg13g2_dfrbpq_1)    0.31    1.10    0.79 (MET)
y_reg[3]$_SDFFE_PN0P_/D (sg13g2_dfrbpq_1)    0.31    1.10    0.79 (MET)
y_reg[3]$_SDFFE_PN0P_/D (sg13g2_dfrbpq_1)    0.31    1.10    0.79 (MET)
x_reg[5]$_SDFFE_PN0P_/D (sg13g2_dfrbpq_1)    0.31    1.10    0.79 (MET)
x_reg[5]$_SDFFE_PN0P_/D (sg13g2_dfrbpq_1)    0.31    1.10    0.79 (MET)
y_reg[5]$_SDFFE_PN0P_/D (sg13g2_dfrbpq_1)    0.34    1.13    0.79 (MET)
y_reg[5]$_SDFFE_PN0P_/D (sg13g2_dfrbpq_1)    0.34    1.13    0.79 (MET)
y_reg[5]$_SDFFE_PN0P_/D (sg13g2_dfrbpq_1)    0.34    1.13    0.79 (MET)
y_reg[5]$_SDFFE_PN0P_/D (sg13g2_dfrbpq_1)    0.34    1.13    0.79 (MET)
x_reg[4]$_SDFFE_PN0P_/D (sg13g2_dfrbpq_1)    0.32    1.11    0.79 (MET)
x_reg[4]$_SDFFE_PN0P_/D (sg13g2_dfrbpq_1)    0.32    1.11    0.79 (MET)
x_reg[4]$_SDFFE_PN0P_/D (sg13g2_dfrbpq_1)    0.32    1.11    0.79 (MET)
x_reg[4]$_SDFFE_PN0P_/D (sg13g2_dfrbpq_1)    0.32    1.11    0.79 (MET)
y_reg[5]$_SDFFE_PN0P_/D (sg13g2_dfrbpq_1)    0.34    1.13    0.79 (MET)
y_reg[5]$_SDFFE_PN0P_/D (sg13g2_dfrbpq_1)    0.34    1.13    0.79 (MET)
y_reg[5]$_SDFFE_PN0P_/D (sg13g2_dfrbpq_1)    0.34    1.13    0.79 (MET)
y_reg[5]$_SDFFE_PN0P_/D (sg13g2_dfrbpq_1)    0.34    1.13    0.79 (MET)
x_reg[4]$_SDFFE_PN0P_/D (sg13g2_dfrbpq_1)    0.32    1.11    0.79 (MET)
x_reg[4]$_SDFFE_PN0P_/D (sg13g2_dfrbpq_1)    0.32    1.11    0.79 (MET)
x_reg[4]$_SDFFE_PN0P_/D (sg13g2_dfrbpq_1)    0.32    1.11    0.79 (MET)
x_reg[4]$_SDFFE_PN0P_/D (sg13g2_dfrbpq_1)    0.32    1.11    0.79 (MET)
x_reg[4]$_SDFFE_PN0P_/D (sg13g2_dfrbpq_1)    0.32    1.11    0.79 (MET)
x_reg[4]$_SDFFE_PN0P_/D (sg13g2_dfrbpq_1)    0.32    1.11    0.79 (MET)
z_reg[9]$_SDFFE_PN0P_/D (sg13g2_dfrbpq_1)    0.32    1.10    0.79 (MET)
z_reg[9]$_SDFFE_PN0P_/D (sg13g2_dfrbpq_1)    0.32    1.10    0.79 (MET)
z_reg[9]$_SDFFE_PN0P_/D (sg13g2_dfrbpq_1)    0.32    1.10    0.79 (MET)
z_reg[9]$_SDFFE_PN0P_/D (sg13g2_dfrbpq_1)    0.32    1.10    0.79 (MET)
y_reg[3]$_SDFFE_PN0P_/D (sg13g2_dfrbpq_1)    0.31    1.10    0.79 (MET)
x_reg[4]$_SDFFE_PN0P_/D (sg13g2_dfrbpq_1)    0.32    1.11    0.79 (MET)
x_reg[4]$_SDFFE_PN0P_/D (sg13g2_dfrbpq_1)    0.32    1.11    0.79 (MET)
x_reg[4]$_SDFFE_PN0P_/D (sg13g2_dfrbpq_1)    0.32    1.11    0.79 (MET)
x_reg[4]$_SDFFE_PN0P_/D (sg13g2_dfrbpq_1)    0.32    1.11    0.79 (MET)
x_reg[4]$_SDFFE_PN0P_/D (sg13g2_dfrbpq_1)    0.32    1.11    0.79 (MET)
x_reg[4]$_SDFFE_PN0P_/D (sg13g2_dfrbpq_1)    0.32    1.11    0.79 (MET)
x_reg[4]$_SDFFE_PN0P_/D (sg13g2_dfrbpq_1)    0.32    1.11    0.79 (MET)
x_reg[4]$_SDFFE_PN0P_/D (sg13g2_dfrbpq_1)    0.32    1.11    0.79 (MET)
y_reg[2]$_SDFFE_PN0P_/D (sg13g2_dfrbpq_1)    0.34    1.13    0.79 (MET)
y_reg[2]$_SDFFE_PN0P_/D (sg13g2_dfrbpq_1)    0.34    1.13    0.79 (MET)
y_reg[5]$_SDFFE_PN0P_/D (sg13g2_dfrbpq_1)    0.34    1.13    0.79 (MET)
y_reg[5]$_SDFFE_PN0P_/D (sg13g2_dfrbpq_1)    0.34    1.13    0.79 (MET)
y_reg[5]$_SDFFE_PN0P_/D (sg13g2_dfrbpq_1)    0.34    1.13    0.79 (MET)
y_reg[5]$_SDFFE_PN0P_/D (sg13g2_dfrbpq_1)    0.34    1.13    0.79 (MET)
y_reg[5]$_SDFFE_PN0P_/D (sg13g2_dfrbpq_1)    0.34    1.13    0.79 (MET)
y_reg[5]$_SDFFE_PN0P_/D (sg13g2_dfrbpq_1)    0.34    1.13    0.79 (MET)
y_reg[5]$_SDFFE_PN0P_/D (sg13g2_dfrbpq_1)    0.34    1.13    0.79 (MET)
y_reg[5]$_SDFFE_PN0P_/D (sg13g2_dfrbpq_1)    0.34    1.13    0.79 (MET)
x_reg[5]$_SDFFE_PN0P_/D (sg13g2_dfrbpq_1)    0.34    1.13    0.79 (MET)
x_reg[5]$_SDFFE_PN0P_/D (sg13g2_dfrbpq_1)    0.34    1.13    0.79 (MET)
x_reg[5]$_SDFFE_PN0P_/D (sg13g2_dfrbpq_1)    0.34    1.13    0.79 (MET)
x_reg[5]$_SDFFE_PN0P_/D (sg13g2_dfrbpq_1)    0.34    1.13    0.79 (MET)
x_reg[5]$_SDFFE_PN0P_/D (sg13g2_dfrbpq_1)    0.31    1.10    0.79 (MET)
x_reg[5]$_SDFFE_PN0P_/D (sg13g2_dfrbpq_1)    0.31    1.10    0.79 (MET)
x_reg[5]$_SDFFE_PN0P_/D (sg13g2_dfrbpq_1)    0.31    1.10    0.79 (MET)
x_reg[5]$_SDFFE_PN0P_/D (sg13g2_dfrbpq_1)    0.31    1.10    0.79 (MET)
y_reg[1]$_SDFFE_PN0P_/D (sg13g2_dfrbpq_1)    0.34    1.13    0.79 (MET)
y_reg[1]$_SDFFE_PN0P_/D (sg13g2_dfrbpq_1)    0.34    1.13    0.79 (MET)
x_reg[1]$_SDFFE_PN0P_/D (sg13g2_dfrbpq_1)    0.32    1.11    0.79 (MET)
x_reg[1]$_SDFFE_PN0P_/D (sg13g2_dfrbpq_1)    0.32    1.11    0.79 (MET)
x_reg[5]$_SDFFE_PN0P_/D (sg13g2_dfrbpq_1)    0.34    1.13    0.79 (MET)
x_reg[5]$_SDFFE_PN0P_/D (sg13g2_dfrbpq_1)    0.34    1.13    0.79 (MET)
x_reg[4]$_SDFFE_PN0P_/D (sg13g2_dfrbpq_1)    0.35    1.14    0.79 (MET)
x_reg[4]$_SDFFE_PN0P_/D (sg13g2_dfrbpq_1)    0.35    1.14    0.79 (MET)
x_reg[4]$_SDFFE_PN0P_/D (sg13g2_dfrbpq_1)    0.35    1.14    0.79 (MET)
x_reg[4]$_SDFFE_PN0P_/D (sg13g2_dfrbpq_1)    0.35    1.14    0.79 (MET)
y_reg[3]$_SDFFE_PN0P_/D (sg13g2_dfrbpq_1)    0.34    1.13    0.79 (MET)
y_reg[3]$_SDFFE_PN0P_/D (sg13g2_dfrbpq_1)    0.34    1.13    0.79 (MET)
x_reg[5]$_SDFFE_PN0P_/D (sg13g2_dfrbpq_1)    0.34    1.13    0.79 (MET)
x_reg[5]$_SDFFE_PN0P_/D (sg13g2_dfrbpq_1)    0.34    1.13    0.79 (MET)
y_reg[3]$_SDFFE_PN0P_/D (sg13g2_dfrbpq_1)    0.31    1.10    0.79 (MET)
y_reg[3]$_SDFFE_PN0P_/D (sg13g2_dfrbpq_1)    0.31    1.10    0.79 (MET)
x_reg[5]$_SDFFE_PN0P_/D (sg13g2_dfrbpq_1)    0.34    1.13    0.79 (MET)
x_reg[5]$_SDFFE_PN0P_/D (sg13g2_dfrbpq_1)    0.34    1.13    0.79 (MET)
y_reg[2]$_SDFFE_PN0P_/D (sg13g2_dfrbpq_1)    0.34    1.13    0.79 (MET)
x_reg[4]$_SDFFE_PN0P_/D (sg13g2_dfrbpq_1)    0.32    1.11    0.79 (MET)
x_reg[4]$_SDFFE_PN0P_/D (sg13g2_dfrbpq_1)    0.32    1.11    0.79 (MET)
x_reg[4]$_SDFFE_PN0P_/D (sg13g2_dfrbpq_1)    0.32    1.11    0.79 (MET)
x_reg[4]$_SDFFE_PN0P_/D (sg13g2_dfrbpq_1)    0.32    1.11    0.79 (MET)
x_reg[4]$_SDFFE_PN0P_/D (sg13g2_dfrbpq_1)    0.32    1.11    0.79 (MET)
x_reg[4]$_SDFFE_PN0P_/D (sg13g2_dfrbpq_1)    0.32    1.11    0.79 (MET)
x_reg[4]$_SDFFE_PN0P_/D (sg13g2_dfrbpq_1)    0.32    1.11    0.79 (MET)
x_reg[4]$_SDFFE_PN0P_/D (sg13g2_dfrbpq_1)    0.32    1.11    0.79 (MET)
x_reg[4]$_SDFFE_PN0P_/D (sg13g2_dfrbpq_1)    0.32    1.11    0.79 (MET)
x_reg[4]$_SDFFE_PN0P_/D (sg13g2_dfrbpq_1)    0.32    1.11    0.79 (MET)
x_reg[4]$_SDFFE_PN0P_/D (sg13g2_dfrbpq_1)    0.32    1.11    0.79 (MET)
x_reg[4]$_SDFFE_PN0P_/D (sg13g2_dfrbpq_1)    0.32    1.11    0.79 (MET)
x_reg[5]$_SDFFE_PN0P_/D (sg13g2_dfrbpq_1)    0.34    1.13    0.79 (MET)
x_reg[5]$_SDFFE_PN0P_/D (sg13g2_dfrbpq_1)    0.34    1.13    0.79 (MET)
x_reg[2]$_SDFFE_PN0P_/D (sg13g2_dfrbpq_1)    0.31    1.10    0.79 (MET)
x_reg[2]$_SDFFE_PN0P_/D (sg13g2_dfrbpq_1)    0.31    1.10    0.79 (MET)
x_reg[2]$_SDFFE_PN0P_/D (sg13g2_dfrbpq_1)    0.31    1.10    0.79 (MET)
x_reg[2]$_SDFFE_PN0P_/D (sg13g2_dfrbpq_1)    0.31    1.10    0.79 (MET)
x_reg[2]$_SDFFE_PN0P_/D (sg13g2_dfrbpq_1)    0.31    1.10    0.79 (MET)
x_reg[2]$_SDFFE_PN0P_/D (sg13g2_dfrbpq_1)    0.31    1.10    0.79 (MET)
x_reg[2]$_SDFFE_PN0P_/D (sg13g2_dfrbpq_1)    0.31    1.10    0.79 (MET)
x_reg[2]$_SDFFE_PN0P_/D (sg13g2_dfrbpq_1)    0.31    1.10    0.79 (MET)
x_reg[4]$_SDFFE_PN0P_/D (sg13g2_dfrbpq_1)    0.35    1.14    0.79 (MET)
x_reg[4]$_SDFFE_PN0P_/D (sg13g2_dfrbpq_1)    0.35    1.14    0.79 (MET)
x_reg[4]$_SDFFE_PN0P_/D (sg13g2_dfrbpq_1)    0.35    1.14    0.79 (MET)
x_reg[4]$_SDFFE_PN0P_/D (sg13g2_dfrbpq_1)    0.35    1.14    0.79 (MET)
x_reg[4]$_SDFFE_PN0P_/D (sg13g2_dfrbpq_1)    0.35    1.14    0.79 (MET)
x_reg[4]$_SDFFE_PN0P_/D (sg13g2_dfrbpq_1)    0.35    1.14    0.79 (MET)
x_reg[4]$_SDFFE_PN0P_/D (sg13g2_dfrbpq_1)    0.35    1.14    0.79 (MET)
x_reg[4]$_SDFFE_PN0P_/D (sg13g2_dfrbpq_1)    0.35    1.14    0.79 (MET)
x_reg[4]$_SDFFE_PN0P_/D (sg13g2_dfrbpq_1)    0.35    1.14    0.79 (MET)
x_reg[4]$_SDFFE_PN0P_/D (sg13g2_dfrbpq_1)    0.35    1.14    0.79 (MET)
x_reg[4]$_SDFFE_PN0P_/D (sg13g2_dfrbpq_1)    0.35    1.14    0.79 (MET)
x_reg[4]$_SDFFE_PN0P_/D (sg13g2_dfrbpq_1)    0.35    1.14    0.79 (MET)
x_reg[4]$_SDFFE_PN0P_/D (sg13g2_dfrbpq_1)    0.35    1.14    0.79 (MET)
x_reg[4]$_SDFFE_PN0P_/D (sg13g2_dfrbpq_1)    0.35    1.14    0.79 (MET)
x_reg[4]$_SDFFE_PN0P_/D (sg13g2_dfrbpq_1)    0.35    1.14    0.79 (MET)
x_reg[4]$_SDFFE_PN0P_/D (sg13g2_dfrbpq_1)    0.35    1.14    0.79 (MET)
x_reg[4]$_SDFFE_PN0P_/D (sg13g2_dfrbpq_1)    0.35    1.14    0.79 (MET)
x_reg[4]$_SDFFE_PN0P_/D (sg13g2_dfrbpq_1)    0.35    1.14    0.79 (MET)
x_reg[4]$_SDFFE_PN0P_/D (sg13g2_dfrbpq_1)    0.35    1.14    0.79 (MET)
x_reg[4]$_SDFFE_PN0P_/D (sg13g2_dfrbpq_1)    0.35    1.14    0.79 (MET)
x_reg[4]$_SDFFE_PN0P_/D (sg13g2_dfrbpq_1)    0.35    1.14    0.79 (MET)
x_reg[4]$_SDFFE_PN0P_/D (sg13g2_dfrbpq_1)    0.35    1.14    0.79 (MET)
x_reg[4]$_SDFFE_PN0P_/D (sg13g2_dfrbpq_1)    0.35    1.14    0.79 (MET)
x_reg[4]$_SDFFE_PN0P_/D (sg13g2_dfrbpq_1)    0.32    1.11    0.79 (MET)
x_reg[4]$_SDFFE_PN0P_/D (sg13g2_dfrbpq_1)    0.35    1.14    0.79 (MET)
x_reg[4]$_SDFFE_PN0P_/D (sg13g2_dfrbpq_1)    0.35    1.14    0.79 (MET)
x_reg[4]$_SDFFE_PN0P_/D (sg13g2_dfrbpq_1)    0.35    1.14    0.79 (MET)
x_reg[4]$_SDFFE_PN0P_/D (sg13g2_dfrbpq_1)    0.35    1.14    0.79 (MET)
y_reg[2]$_SDFFE_PN0P_/D (sg13g2_dfrbpq_1)    0.31    1.10    0.79 (MET)
y_reg[2]$_SDFFE_PN0P_/D (sg13g2_dfrbpq_1)    0.31    1.10    0.79 (MET)
y_reg[3]$_SDFFE_PN0P_/D (sg13g2_dfrbpq_1)    0.34    1.13    0.79 (MET)
y_reg[3]$_SDFFE_PN0P_/D (sg13g2_dfrbpq_1)    0.34    1.13    0.79 (MET)
y_reg[3]$_SDFFE_PN0P_/D (sg13g2_dfrbpq_1)    0.34    1.13    0.79 (MET)
y_reg[3]$_SDFFE_PN0P_/D (sg13g2_dfrbpq_1)    0.34    1.13    0.79 (MET)
y_reg[3]$_SDFFE_PN0P_/D (sg13g2_dfrbpq_1)    0.34    1.13    0.79 (MET)
y_reg[3]$_SDFFE_PN0P_/D (sg13g2_dfrbpq_1)    0.34    1.13    0.79 (MET)
y_reg[3]$_SDFFE_PN0P_/D (sg13g2_dfrbpq_1)    0.34    1.13    0.79 (MET)
y_reg[3]$_SDFFE_PN0P_/D (sg13g2_dfrbpq_1)    0.34    1.13    0.79 (MET)
x_reg[5]$_SDFFE_PN0P_/D (sg13g2_dfrbpq_1)    0.31    1.10    0.79 (MET)
x_reg[9]$_SDFFE_PN0P_/D (sg13g2_dfrbpq_1)    0.32    1.11    0.79 (MET)
x_reg[4]$_SDFFE_PN0P_/D (sg13g2_dfrbpq_1)    0.32    1.11    0.79 (MET)
x_reg[4]$_SDFFE_PN0P_/D (sg13g2_dfrbpq_1)    0.32    1.11    0.79 (MET)
x_reg[4]$_SDFFE_PN0P_/D (sg13g2_dfrbpq_1)    0.32    1.11    0.79 (MET)
x_reg[4]$_SDFFE_PN0P_/D (sg13g2_dfrbpq_1)    0.32    1.11    0.79 (MET)
x_reg[5]$_SDFFE_PN0P_/D (sg13g2_dfrbpq_1)    0.31    1.10    0.79 (MET)
y_reg[5]$_SDFFE_PN0P_/D (sg13g2_dfrbpq_1)    0.34    1.13    0.79 (MET)
y_reg[5]$_SDFFE_PN0P_/D (sg13g2_dfrbpq_1)    0.34    1.13    0.79 (MET)
x_reg[4]$_SDFFE_PN0P_/D (sg13g2_dfrbpq_1)    0.35    1.14    0.79 (MET)
x_reg[4]$_SDFFE_PN0P_/D (sg13g2_dfrbpq_1)    0.35    1.14    0.79 (MET)
y_reg[5]$_SDFFE_PN0P_/D (sg13g2_dfrbpq_1)    0.34    1.13    0.79 (MET)
x_reg[5]$_SDFFE_PN0P_/D (sg13g2_dfrbpq_1)    0.31    1.10    0.79 (MET)
y_reg[3]$_SDFFE_PN0P_/D (sg13g2_dfrbpq_1)    0.34    1.13    0.79 (MET)
y_reg[3]$_SDFFE_PN0P_/D (sg13g2_dfrbpq_1)    0.34    1.13    0.79 (MET)
y_reg[3]$_SDFFE_PN0P_/D (sg13g2_dfrbpq_1)    0.34    1.13    0.79 (MET)
y_reg[3]$_SDFFE_PN0P_/D (sg13g2_dfrbpq_1)    0.34    1.13    0.79 (MET)
y_reg[3]$_SDFFE_PN0P_/D (sg13g2_dfrbpq_1)    0.34    1.13    0.79 (MET)
y_reg[3]$_SDFFE_PN0P_/D (sg13g2_dfrbpq_1)    0.34    1.13    0.79 (MET)
y_reg[3]$_SDFFE_PN0P_/D (sg13g2_dfrbpq_1)    0.34    1.13    0.79 (MET)
y_reg[3]$_SDFFE_PN0P_/D (sg13g2_dfrbpq_1)    0.34    1.13    0.79 (MET)
x_reg[5]$_SDFFE_PN0P_/D (sg13g2_dfrbpq_1)    0.31    1.10    0.79 (MET)
y_reg[5]$_SDFFE_PN0P_/D (sg13g2_dfrbpq_1)    0.34    1.13    0.79 (MET)
y_reg[5]$_SDFFE_PN0P_/D (sg13g2_dfrbpq_1)    0.34    1.13    0.79 (MET)
x_reg[5]$_SDFFE_PN0P_/D (sg13g2_dfrbpq_1)    0.31    1.10    0.79 (MET)
x_reg[5]$_SDFFE_PN0P_/D (sg13g2_dfrbpq_1)    0.31    1.10    0.79 (MET)
x_reg[4]$_SDFFE_PN0P_/D (sg13g2_dfrbpq_1)    0.35    1.14    0.79 (MET)
x_reg[4]$_SDFFE_PN0P_/D (sg13g2_dfrbpq_1)    0.35    1.14    0.79 (MET)
x_reg[4]$_SDFFE_PN0P_/D (sg13g2_dfrbpq_1)    0.35    1.14    0.79 (MET)
x_reg[4]$_SDFFE_PN0P_/D (sg13g2_dfrbpq_1)    0.35    1.14    0.79 (MET)
x_reg[4]$_SDFFE_PN0P_/D (sg13g2_dfrbpq_1)    0.35    1.14    0.79 (MET)
x_reg[4]$_SDFFE_PN0P_/D (sg13g2_dfrbpq_1)    0.35    1.14    0.79 (MET)
x_reg[4]$_SDFFE_PN0P_/D (sg13g2_dfrbpq_1)    0.35    1.14    0.79 (MET)
x_reg[4]$_SDFFE_PN0P_/D (sg13g2_dfrbpq_1)    0.35    1.14    0.79 (MET)
x_reg[4]$_SDFFE_PN0P_/D (sg13g2_dfrbpq_1)    0.35    1.14    0.79 (MET)
x_reg[4]$_SDFFE_PN0P_/D (sg13g2_dfrbpq_1)    0.35    1.14    0.79 (MET)
x_reg[4]$_SDFFE_PN0P_/D (sg13g2_dfrbpq_1)    0.35    1.14    0.79 (MET)
x_reg[4]$_SDFFE_PN0P_/D (sg13g2_dfrbpq_1)    0.35    1.14    0.79 (MET)
x_reg[4]$_SDFFE_PN0P_/D (sg13g2_dfrbpq_1)    0.35    1.14    0.79 (MET)
x_reg[4]$_SDFFE_PN0P_/D (sg13g2_dfrbpq_1)    0.35    1.14    0.79 (MET)
x_reg[4]$_SDFFE_PN0P_/D (sg13g2_dfrbpq_1)    0.35    1.14    0.79 (MET)
x_reg[4]$_SDFFE_PN0P_/D (sg13g2_dfrbpq_1)    0.35    1.14    0.79 (MET)
x_reg[4]$_SDFFE_PN0P_/D (sg13g2_dfrbpq_1)    0.35    1.14    0.79 (MET)
x_reg[4]$_SDFFE_PN0P_/D (sg13g2_dfrbpq_1)    0.35    1.14    0.79 (MET)
x_reg[4]$_SDFFE_PN0P_/D (sg13g2_dfrbpq_1)    0.35    1.14    0.79 (MET)
x_reg[4]$_SDFFE_PN0P_/D (sg13g2_dfrbpq_1)    0.35    1.14    0.79 (MET)
x_reg[4]$_SDFFE_PN0P_/D (sg13g2_dfrbpq_1)    0.35    1.14    0.79 (MET)
x_reg[4]$_SDFFE_PN0P_/D (sg13g2_dfrbpq_1)    0.35    1.14    0.79 (MET)
x_reg[4]$_SDFFE_PN0P_/D (sg13g2_dfrbpq_1)    0.35    1.14    0.79 (MET)
x_reg[4]$_SDFFE_PN0P_/D (sg13g2_dfrbpq_1)    0.35    1.14    0.79 (MET)
x_reg[4]$_SDFFE_PN0P_/D (sg13g2_dfrbpq_1)    0.35    1.14    0.79 (MET)
x_reg[4]$_SDFFE_PN0P_/D (sg13g2_dfrbpq_1)    0.35    1.14    0.79 (MET)
x_reg[4]$_SDFFE_PN0P_/D (sg13g2_dfrbpq_1)    0.35    1.14    0.79 (MET)
x_reg[4]$_SDFFE_PN0P_/D (sg13g2_dfrbpq_1)    0.35    1.14    0.79 (MET)
x_reg[4]$_SDFFE_PN0P_/D (sg13g2_dfrbpq_1)    0.35    1.14    0.79 (MET)
x_reg[4]$_SDFFE_PN0P_/D (sg13g2_dfrbpq_1)    0.35    1.14    0.79 (MET)
x_reg[4]$_SDFFE_PN0P_/D (sg13g2_dfrbpq_1)    0.35    1.14    0.79 (MET)
x_reg[4]$_SDFFE_PN0P_/D (sg13g2_dfrbpq_1)    0.35    1.14    0.79 (MET)
x_reg[4]$_SDFFE_PN0P_/D (sg13g2_dfrbpq_1)    0.35    1.14    0.79 (MET)
x_reg[4]$_SDFFE_PN0P_/D (sg13g2_dfrbpq_1)    0.35    1.14    0.79 (MET)
x_reg[4]$_SDFFE_PN0P_/D (sg13g2_dfrbpq_1)    0.35    1.14    0.79 (MET)
x_reg[4]$_SDFFE_PN0P_/D (sg13g2_dfrbpq_1)    0.35    1.14    0.79 (MET)
x_reg[4]$_SDFFE_PN0P_/D (sg13g2_dfrbpq_1)    0.35    1.14    0.79 (MET)
x_reg[4]$_SDFFE_PN0P_/D (sg13g2_dfrbpq_1)    0.35    1.14    0.79 (MET)
x_reg[4]$_SDFFE_PN0P_/D (sg13g2_dfrbpq_1)    0.35    1.14    0.79 (MET)
x_reg[4]$_SDFFE_PN0P_/D (sg13g2_dfrbpq_1)    0.35    1.14    0.79 (MET)
x_reg[4]$_SDFFE_PN0P_/D (sg13g2_dfrbpq_1)    0.35    1.14    0.79 (MET)
x_reg[4]$_SDFFE_PN0P_/D (sg13g2_dfrbpq_1)    0.35    1.14    0.79 (MET)
x_reg[4]$_SDFFE_PN0P_/D (sg13g2_dfrbpq_1)    0.35    1.14    0.79 (MET)
x_reg[4]$_SDFFE_PN0P_/D (sg13g2_dfrbpq_1)    0.35    1.14    0.79 (MET)
x_reg[4]$_SDFFE_PN0P_/D (sg13g2_dfrbpq_1)    0.35    1.14    0.79 (MET)
x_reg[4]$_SDFFE_PN0P_/D (sg13g2_dfrbpq_1)    0.35    1.14    0.79 (MET)
x_reg[4]$_SDFFE_PN0P_/D (sg13g2_dfrbpq_1)    0.35    1.14    0.79 (MET)
x_reg[4]$_SDFFE_PN0P_/D (sg13g2_dfrbpq_1)    0.35    1.14    0.79 (MET)
x_reg[4]$_SDFFE_PN0P_/D (sg13g2_dfrbpq_1)    0.35    1.14    0.79 (MET)
x_reg[4]$_SDFFE_PN0P_/D (sg13g2_dfrbpq_1)    0.35    1.14    0.79 (MET)
x_reg[4]$_SDFFE_PN0P_/D (sg13g2_dfrbpq_1)    0.35    1.14    0.79 (MET)
x_reg[4]$_SDFFE_PN0P_/D (sg13g2_dfrbpq_1)    0.35    1.14    0.79 (MET)
x_reg[4]$_SDFFE_PN0P_/D (sg13g2_dfrbpq_1)    0.35    1.14    0.79 (MET)
x_reg[4]$_SDFFE_PN0P_/D (sg13g2_dfrbpq_1)    0.35    1.14    0.79 (MET)
x_reg[4]$_SDFFE_PN0P_/D (sg13g2_dfrbpq_1)    0.35    1.14    0.79 (MET)
x_reg[4]$_SDFFE_PN0P_/D (sg13g2_dfrbpq_1)    0.35    1.14    0.79 (MET)
x_reg[4]$_SDFFE_PN0P_/D (sg13g2_dfrbpq_1)    0.35    1.14    0.79 (MET)
x_reg[4]$_SDFFE_PN0P_/D (sg13g2_dfrbpq_1)    0.35    1.14    0.79 (MET)
x_reg[4]$_SDFFE_PN0P_/D (sg13g2_dfrbpq_1)    0.35    1.14    0.79 (MET)
x_reg[4]$_SDFFE_PN0P_/D (sg13g2_dfrbpq_1)    0.35    1.14    0.79 (MET)
x_reg[4]$_SDFFE_PN0P_/D (sg13g2_dfrbpq_1)    0.35    1.14    0.79 (MET)
x_reg[4]$_SDFFE_PN0P_/D (sg13g2_dfrbpq_1)    0.35    1.14    0.79 (MET)
x_reg[4]$_SDFFE_PN0P_/D (sg13g2_dfrbpq_1)    0.35    1.14    0.79 (MET)
x_reg[4]$_SDFFE_PN0P_/D (sg13g2_dfrbpq_1)    0.35    1.14    0.79 (MET)
x_reg[5]$_SDFFE_PN0P_/D (sg13g2_dfrbpq_1)    0.31    1.10    0.79 (MET)
x_reg[5]$_SDFFE_PN0P_/D (sg13g2_dfrbpq_1)    0.31    1.10    0.79 (MET)
x_reg[4]$_SDFFE_PN0P_/D (sg13g2_dfrbpq_1)    0.35    1.14    0.79 (MET)
x_reg[4]$_SDFFE_PN0P_/D (sg13g2_dfrbpq_1)    0.35    1.14    0.79 (MET)
x_reg[4]$_SDFFE_PN0P_/D (sg13g2_dfrbpq_1)    0.35    1.14    0.79 (MET)
x_reg[4]$_SDFFE_PN0P_/D (sg13g2_dfrbpq_1)    0.35    1.14    0.79 (MET)
x_reg[7]$_SDFFE_PN0P_/D (sg13g2_dfrbpq_1)    0.35    1.13    0.79 (MET)
x_reg[7]$_SDFFE_PN0P_/D (sg13g2_dfrbpq_1)    0.35    1.13    0.79 (MET)
y_reg[5]$_SDFFE_PN0P_/D (sg13g2_dfrbpq_1)    0.34    1.13    0.79 (MET)
y_reg[5]$_SDFFE_PN0P_/D (sg13g2_dfrbpq_1)    0.34    1.13    0.79 (MET)
y_reg[5]$_SDFFE_PN0P_/D (sg13g2_dfrbpq_1)    0.31    1.10    0.79 (MET)
y_reg[5]$_SDFFE_PN0P_/D (sg13g2_dfrbpq_1)    0.34    1.13    0.79 (MET)
x_reg[5]$_SDFFE_PN0P_/D (sg13g2_dfrbpq_1)    0.34    1.13    0.79 (MET)
x_reg[4]$_SDFFE_PN0P_/D (sg13g2_dfrbpq_1)    0.35    1.14    0.79 (MET)
x_reg[4]$_SDFFE_PN0P_/D (sg13g2_dfrbpq_1)    0.35    1.14    0.79 (MET)
x_reg[4]$_SDFFE_PN0P_/D (sg13g2_dfrbpq_1)    0.35    1.14    0.79 (MET)
x_reg[4]$_SDFFE_PN0P_/D (sg13g2_dfrbpq_1)    0.35    1.14    0.79 (MET)
x_reg[4]$_SDFFE_PN0P_/D (sg13g2_dfrbpq_1)    0.35    1.14    0.79 (MET)
x_reg[4]$_SDFFE_PN0P_/D (sg13g2_dfrbpq_1)    0.35    1.14    0.79 (MET)
x_reg[4]$_SDFFE_PN0P_/D (sg13g2_dfrbpq_1)    0.35    1.14    0.79 (MET)
x_reg[4]$_SDFFE_PN0P_/D (sg13g2_dfrbpq_1)    0.35    1.14    0.79 (MET)
y_reg[5]$_SDFFE_PN0P_/D (sg13g2_dfrbpq_1)    0.34    1.13    0.79 (MET)
x_reg[4]$_SDFFE_PN0P_/D (sg13g2_dfrbpq_1)    0.32    1.11    0.79 (MET)
x_reg[4]$_SDFFE_PN0P_/D (sg13g2_dfrbpq_1)    0.32    1.11    0.79 (MET)
x_reg[5]$_SDFFE_PN0P_/D (sg13g2_dfrbpq_1)    0.31    1.10    0.79 (MET)
x_reg[5]$_SDFFE_PN0P_/D (sg13g2_dfrbpq_1)    0.31    1.10    0.79 (MET)
y_reg[2]$_SDFFE_PN0P_/D (sg13g2_dfrbpq_1)    0.31    1.10    0.79 (MET)
y_reg[2]$_SDFFE_PN0P_/D (sg13g2_dfrbpq_1)    0.31    1.10    0.79 (MET)
y_reg[2]$_SDFFE_PN0P_/D (sg13g2_dfrbpq_1)    0.31    1.10    0.79 (MET)
y_reg[2]$_SDFFE_PN0P_/D (sg13g2_dfrbpq_1)    0.31    1.10    0.79 (MET)
x_reg[5]$_SDFFE_PN0P_/D (sg13g2_dfrbpq_1)    0.31    1.10    0.79 (MET)
x_reg[5]$_SDFFE_PN0P_/D (sg13g2_dfrbpq_1)    0.31    1.10    0.79 (MET)
x_reg[5]$_SDFFE_PN0P_/D (sg13g2_dfrbpq_1)    0.31    1.10    0.79 (MET)
x_reg[5]$_SDFFE_PN0P_/D (sg13g2_dfrbpq_1)    0.31    1.10    0.79 (MET)
x_reg[5]$_SDFFE_PN0P_/D (sg13g2_dfrbpq_1)    0.31    1.10    0.79 (MET)
y_reg[5]$_SDFFE_PN0P_/D (sg13g2_dfrbpq_1)    0.34    1.13    0.79 (MET)
y_reg[5]$_SDFFE_PN0P_/D (sg13g2_dfrbpq_1)    0.34    1.13    0.79 (MET)
y_reg[5]$_SDFFE_PN0P_/D (sg13g2_dfrbpq_1)    0.34    1.13    0.79 (MET)
x_reg[5]$_SDFFE_PN0P_/D (sg13g2_dfrbpq_1)    0.31    1.10    0.79 (MET)
x_reg[5]$_SDFFE_PN0P_/D (sg13g2_dfrbpq_1)    0.31    1.10    0.79 (MET)
x_reg[5]$_SDFFE_PN0P_/D (sg13g2_dfrbpq_1)    0.34    1.13    0.79 (MET)
x_reg[2]$_SDFFE_PN0P_/D (sg13g2_dfrbpq_1)    0.31    1.10    0.79 (MET)
x_reg[2]$_SDFFE_PN0P_/D (sg13g2_dfrbpq_1)    0.31    1.10    0.79 (MET)
x_reg[2]$_SDFFE_PN0P_/D (sg13g2_dfrbpq_1)    0.31    1.10    0.79 (MET)
x_reg[2]$_SDFFE_PN0P_/D (sg13g2_dfrbpq_1)    0.31    1.10    0.79 (MET)
x_reg[2]$_SDFFE_PN0P_/D (sg13g2_dfrbpq_1)    0.31    1.10    0.79 (MET)
x_reg[2]$_SDFFE_PN0P_/D (sg13g2_dfrbpq_1)    0.31    1.10    0.79 (MET)
x_reg[2]$_SDFFE_PN0P_/D (sg13g2_dfrbpq_1)    0.31    1.10    0.79 (MET)
x_reg[2]$_SDFFE_PN0P_/D (sg13g2_dfrbpq_1)    0.31    1.10    0.79 (MET)
x_reg[5]$_SDFFE_PN0P_/D (sg13g2_dfrbpq_1)    0.31    1.10    0.79 (MET)
x_reg[5]$_SDFFE_PN0P_/D (sg13g2_dfrbpq_1)    0.31    1.10    0.79 (MET)
x_reg[5]$_SDFFE_PN0P_/D (sg13g2_dfrbpq_1)    0.31    1.10    0.79 (MET)
x_reg[6]$_SDFFE_PN0P_/D (sg13g2_dfrbpq_1)    0.34    1.13    0.79 (MET)
x_reg[5]$_SDFFE_PN0P_/D (sg13g2_dfrbpq_1)    0.31    1.10    0.79 (MET)
x_reg[5]$_SDFFE_PN0P_/D (sg13g2_dfrbpq_1)    0.31    1.10    0.79 (MET)
x_reg[5]$_SDFFE_PN0P_/D (sg13g2_dfrbpq_1)    0.31    1.10    0.79 (MET)
x_reg[5]$_SDFFE_PN0P_/D (sg13g2_dfrbpq_1)    0.31    1.10    0.79 (MET)
x_reg[5]$_SDFFE_PN0P_/D (sg13g2_dfrbpq_1)    0.31    1.10    0.79 (MET)
x_reg[5]$_SDFFE_PN0P_/D (sg13g2_dfrbpq_1)    0.31    1.10    0.79 (MET)
x_reg[4]$_SDFFE_PN0P_/D (sg13g2_dfrbpq_1)    0.32    1.11    0.79 (MET)
x_reg[4]$_SDFFE_PN0P_/D (sg13g2_dfrbpq_1)    0.32    1.11    0.79 (MET)
x_reg[4]$_SDFFE_PN0P_/D (sg13g2_dfrbpq_1)    0.32    1.11    0.79 (MET)
x_reg[4]$_SDFFE_PN0P_/D (sg13g2_dfrbpq_1)    0.32    1.11    0.79 (MET)
x_reg[4]$_SDFFE_PN0P_/D (sg13g2_dfrbpq_1)    0.32    1.11    0.79 (MET)
x_reg[4]$_SDFFE_PN0P_/D (sg13g2_dfrbpq_1)    0.32    1.11    0.79 (MET)
x_reg[4]$_SDFFE_PN0P_/D (sg13g2_dfrbpq_1)    0.32    1.11    0.79 (MET)
x_reg[4]$_SDFFE_PN0P_/D (sg13g2_dfrbpq_1)    0.32    1.11    0.79 (MET)
x_reg[5]$_SDFFE_PN0P_/D (sg13g2_dfrbpq_1)    0.34    1.13    0.79 (MET)
x_reg[5]$_SDFFE_PN0P_/D (sg13g2_dfrbpq_1)    0.34    1.13    0.79 (MET)
y_reg[5]$_SDFFE_PN0P_/D (sg13g2_dfrbpq_1)    0.34    1.13    0.79 (MET)
y_reg[5]$_SDFFE_PN0P_/D (sg13g2_dfrbpq_1)    0.34    1.13    0.79 (MET)
y_reg[5]$_SDFFE_PN0P_/D (sg13g2_dfrbpq_1)    0.34    1.13    0.79 (MET)
y_reg[5]$_SDFFE_PN0P_/D (sg13g2_dfrbpq_1)    0.34    1.13    0.79 (MET)
x_reg[5]$_SDFFE_PN0P_/D (sg13g2_dfrbpq_1)    0.31    1.10    0.79 (MET)
x_reg[5]$_SDFFE_PN0P_/D (sg13g2_dfrbpq_1)    0.31    1.10    0.79 (MET)
x_reg[5]$_SDFFE_PN0P_/D (sg13g2_dfrbpq_1)    0.31    1.10    0.79 (MET)
x_reg[5]$_SDFFE_PN0P_/D (sg13g2_dfrbpq_1)    0.31    1.10    0.79 (MET)
y_reg[3]$_SDFFE_PN0P_/D (sg13g2_dfrbpq_1)    0.34    1.13    0.79 (MET)
y_reg[3]$_SDFFE_PN0P_/D (sg13g2_dfrbpq_1)    0.34    1.13    0.79 (MET)
y_reg[5]$_SDFFE_PN0P_/D (sg13g2_dfrbpq_1)    0.34    1.13    0.79 (MET)
y_reg[5]$_SDFFE_PN0P_/D (sg13g2_dfrbpq_1)    0.34    1.13    0.79 (MET)
x_reg[2]$_SDFFE_PN0P_/D (sg13g2_dfrbpq_1)    0.31    1.10    0.79 (MET)
x_reg[2]$_SDFFE_PN0P_/D (sg13g2_dfrbpq_1)    0.31    1.10    0.79 (MET)
x_reg[2]$_SDFFE_PN0P_/D (sg13g2_dfrbpq_1)    0.31    1.10    0.79 (MET)
x_reg[2]$_SDFFE_PN0P_/D (sg13g2_dfrbpq_1)    0.31    1.10    0.79 (MET)
x_reg[2]$_SDFFE_PN0P_/D (sg13g2_dfrbpq_1)    0.31    1.10    0.79 (MET)
x_reg[2]$_SDFFE_PN0P_/D (sg13g2_dfrbpq_1)    0.31    1.10    0.79 (MET)
x_reg[2]$_SDFFE_PN0P_/D (sg13g2_dfrbpq_1)    0.31    1.10    0.79 (MET)
x_reg[2]$_SDFFE_PN0P_/D (sg13g2_dfrbpq_1)    0.31    1.10    0.79 (MET)
y_reg[5]$_SDFFE_PN0P_/D (sg13g2_dfrbpq_1)    0.34    1.13    0.79 (MET)
y_reg[5]$_SDFFE_PN0P_/D (sg13g2_dfrbpq_1)    0.34    1.13    0.79 (MET)
y_reg[3]$_SDFFE_PN0P_/D (sg13g2_dfrbpq_1)    0.34    1.13    0.79 (MET)
y_reg[3]$_SDFFE_PN0P_/D (sg13g2_dfrbpq_1)    0.34    1.13    0.79 (MET)
x_reg[4]$_SDFFE_PN0P_/D (sg13g2_dfrbpq_1)    0.35    1.14    0.79 (MET)
x_reg[4]$_SDFFE_PN0P_/D (sg13g2_dfrbpq_1)    0.35    1.14    0.79 (MET)
x_reg[4]$_SDFFE_PN0P_/D (sg13g2_dfrbpq_1)    0.35    1.14    0.79 (MET)
x_reg[4]$_SDFFE_PN0P_/D (sg13g2_dfrbpq_1)    0.35    1.14    0.79 (MET)
y_reg[5]$_SDFFE_PN0P_/D (sg13g2_dfrbpq_1)    0.31    1.10    0.79 (MET)
y_reg[5]$_SDFFE_PN0P_/D (sg13g2_dfrbpq_1)    0.31    1.10    0.79 (MET)
x_reg[6]$_SDFFE_PN0P_/D (sg13g2_dfrbpq_1)    0.31    1.10    0.79 (MET)
x_reg[6]$_SDFFE_PN0P_/D (sg13g2_dfrbpq_1)    0.31    1.10    0.79 (MET)
y_reg[5]$_SDFFE_PN0P_/D (sg13g2_dfrbpq_1)    0.34    1.13    0.79 (MET)
y_reg[5]$_SDFFE_PN0P_/D (sg13g2_dfrbpq_1)    0.34    1.13    0.79 (MET)
x_reg[5]$_SDFFE_PN0P_/D (sg13g2_dfrbpq_1)    0.31    1.10    0.79 (MET)
x_reg[5]$_SDFFE_PN0P_/D (sg13g2_dfrbpq_1)    0.31    1.10    0.79 (MET)
x_reg[5]$_SDFFE_PN0P_/D (sg13g2_dfrbpq_1)    0.31    1.10    0.79 (MET)
x_reg[5]$_SDFFE_PN0P_/D (sg13g2_dfrbpq_1)    0.31    1.10    0.79 (MET)
x_reg[5]$_SDFFE_PN0P_/D (sg13g2_dfrbpq_1)    0.34    1.13    0.79 (MET)
x_reg[5]$_SDFFE_PN0P_/D (sg13g2_dfrbpq_1)    0.31    1.10    0.79 (MET)
x_reg[5]$_SDFFE_PN0P_/D (sg13g2_dfrbpq_1)    0.31    1.10    0.79 (MET)
x_reg[5]$_SDFFE_PN0P_/D (sg13g2_dfrbpq_1)    0.31    1.10    0.79 (MET)
x_reg[5]$_SDFFE_PN0P_/D (sg13g2_dfrbpq_1)    0.31    1.10    0.79 (MET)
x_reg[5]$_SDFFE_PN0P_/D (sg13g2_dfrbpq_1)    0.31    1.10    0.79 (MET)
x_reg[5]$_SDFFE_PN0P_/D (sg13g2_dfrbpq_1)    0.31    1.10    0.79 (MET)
x_reg[2]$_SDFFE_PN0P_/D (sg13g2_dfrbpq_1)    0.31    1.10    0.79 (MET)
x_reg[2]$_SDFFE_PN0P_/D (sg13g2_dfrbpq_1)    0.31    1.10    0.79 (MET)
x_reg[5]$_SDFFE_PN0P_/D (sg13g2_dfrbpq_1)    0.31    1.10    0.79 (MET)
x_reg[5]$_SDFFE_PN0P_/D (sg13g2_dfrbpq_1)    0.31    1.10    0.79 (MET)
x_reg[6]$_SDFFE_PN0P_/D (sg13g2_dfrbpq_1)    0.31    1.10    0.79 (MET)
y_reg[5]$_SDFFE_PN0P_/D (sg13g2_dfrbpq_1)    0.34    1.13    0.79 (MET)
y_reg[5]$_SDFFE_PN0P_/D (sg13g2_dfrbpq_1)    0.34    1.13    0.79 (MET)
y_reg[5]$_SDFFE_PN0P_/D (sg13g2_dfrbpq_1)    0.34    1.13    0.79 (MET)
y_reg[5]$_SDFFE_PN0P_/D (sg13g2_dfrbpq_1)    0.34    1.13    0.79 (MET)
y_reg[3]$_SDFFE_PN0P_/D (sg13g2_dfrbpq_1)    0.34    1.13    0.79 (MET)
y_reg[3]$_SDFFE_PN0P_/D (sg13g2_dfrbpq_1)    0.34    1.13    0.79 (MET)
y_reg[3]$_SDFFE_PN0P_/D (sg13g2_dfrbpq_1)    0.34    1.13    0.79 (MET)
y_reg[3]$_SDFFE_PN0P_/D (sg13g2_dfrbpq_1)    0.34    1.13    0.79 (MET)
y_reg[3]$_SDFFE_PN0P_/D (sg13g2_dfrbpq_1)    0.34    1.13    0.79 (MET)
y_reg[3]$_SDFFE_PN0P_/D (sg13g2_dfrbpq_1)    0.34    1.13    0.79 (MET)
y_reg[5]$_SDFFE_PN0P_/D (sg13g2_dfrbpq_1)    0.34    1.13    0.79 (MET)
y_reg[5]$_SDFFE_PN0P_/D (sg13g2_dfrbpq_1)    0.34    1.13    0.79 (MET)
y_reg[5]$_SDFFE_PN0P_/D (sg13g2_dfrbpq_1)    0.34    1.13    0.79 (MET)
y_reg[5]$_SDFFE_PN0P_/D (sg13g2_dfrbpq_1)    0.34    1.13    0.79 (MET)
x_reg[4]$_SDFFE_PN0P_/D (sg13g2_dfrbpq_1)    0.35    1.14    0.79 (MET)
x_reg[4]$_SDFFE_PN0P_/D (sg13g2_dfrbpq_1)    0.35    1.14    0.79 (MET)
y_reg[3]$_SDFFE_PN0P_/D (sg13g2_dfrbpq_1)    0.31    1.10    0.79 (MET)
y_reg[3]$_SDFFE_PN0P_/D (sg13g2_dfrbpq_1)    0.31    1.10    0.79 (MET)
y_reg[5]$_SDFFE_PN0P_/D (sg13g2_dfrbpq_1)    0.34    1.13    0.79 (MET)
y_reg[5]$_SDFFE_PN0P_/D (sg13g2_dfrbpq_1)    0.34    1.13    0.79 (MET)
y_reg[5]$_SDFFE_PN0P_/D (sg13g2_dfrbpq_1)    0.34    1.13    0.79 (MET)
y_reg[5]$_SDFFE_PN0P_/D (sg13g2_dfrbpq_1)    0.34    1.13    0.79 (MET)
x_reg[2]$_SDFFE_PN0P_/D (sg13g2_dfrbpq_1)    0.31    1.10    0.79 (MET)
x_reg[2]$_SDFFE_PN0P_/D (sg13g2_dfrbpq_1)    0.31    1.10    0.79 (MET)
x_reg[2]$_SDFFE_PN0P_/D (sg13g2_dfrbpq_1)    0.31    1.10    0.79 (MET)
x_reg[2]$_SDFFE_PN0P_/D (sg13g2_dfrbpq_1)    0.31    1.10    0.79 (MET)
x_reg[5]$_SDFFE_PN0P_/D (sg13g2_dfrbpq_1)    0.31    1.10    0.79 (MET)
x_reg[5]$_SDFFE_PN0P_/D (sg13g2_dfrbpq_1)    0.31    1.10    0.79 (MET)
x_reg[4]$_SDFFE_PN0P_/D (sg13g2_dfrbpq_1)    0.35    1.14    0.79 (MET)
x_reg[4]$_SDFFE_PN0P_/D (sg13g2_dfrbpq_1)    0.35    1.14    0.79 (MET)
x_reg[4]$_SDFFE_PN0P_/D (sg13g2_dfrbpq_1)    0.35    1.14    0.79 (MET)
x_reg[4]$_SDFFE_PN0P_/D (sg13g2_dfrbpq_1)    0.35    1.14    0.79 (MET)
x_reg[4]$_SDFFE_PN0P_/D (sg13g2_dfrbpq_1)    0.35    1.14    0.79 (MET)
x_reg[4]$_SDFFE_PN0P_/D (sg13g2_dfrbpq_1)    0.35    1.14    0.79 (MET)
x_reg[4]$_SDFFE_PN0P_/D (sg13g2_dfrbpq_1)    0.35    1.14    0.79 (MET)
x_reg[4]$_SDFFE_PN0P_/D (sg13g2_dfrbpq_1)    0.35    1.14    0.79 (MET)
x_reg[2]$_SDFFE_PN0P_/D (sg13g2_dfrbpq_1)    0.31    1.10    0.79 (MET)
x_reg[2]$_SDFFE_PN0P_/D (sg13g2_dfrbpq_1)    0.31    1.10    0.79 (MET)
x_reg[2]$_SDFFE_PN0P_/D (sg13g2_dfrbpq_1)    0.31    1.10    0.79 (MET)
x_reg[2]$_SDFFE_PN0P_/D (sg13g2_dfrbpq_1)    0.31    1.10    0.79 (MET)
x_reg[2]$_SDFFE_PN0P_/D (sg13g2_dfrbpq_1)    0.31    1.10    0.79 (MET)
x_reg[2]$_SDFFE_PN0P_/D (sg13g2_dfrbpq_1)    0.31    1.10    0.79 (MET)
x_reg[2]$_SDFFE_PN0P_/D (sg13g2_dfrbpq_1)    0.31    1.10    0.79 (MET)
x_reg[2]$_SDFFE_PN0P_/D (sg13g2_dfrbpq_1)    0.31    1.10    0.79 (MET)
x_reg[9]$_SDFFE_PN0P_/D (sg13g2_dfrbpq_1)    0.32    1.11    0.79 (MET)
x_reg[9]$_SDFFE_PN0P_/D (sg13g2_dfrbpq_1)    0.32    1.11    0.79 (MET)
x_reg[4]$_SDFFE_PN0P_/D (sg13g2_dfrbpq_1)    0.35    1.14    0.79 (MET)
x_reg[4]$_SDFFE_PN0P_/D (sg13g2_dfrbpq_1)    0.35    1.14    0.79 (MET)
x_reg[4]$_SDFFE_PN0P_/D (sg13g2_dfrbpq_1)    0.35    1.14    0.79 (MET)
x_reg[4]$_SDFFE_PN0P_/D (sg13g2_dfrbpq_1)    0.35    1.14    0.79 (MET)
x_reg[5]$_SDFFE_PN0P_/D (sg13g2_dfrbpq_1)    0.31    1.10    0.79 (MET)
x_reg[5]$_SDFFE_PN0P_/D (sg13g2_dfrbpq_1)    0.31    1.10    0.79 (MET)
y_reg[5]$_SDFFE_PN0P_/D (sg13g2_dfrbpq_1)    0.34    1.13    0.79 (MET)
y_reg[5]$_SDFFE_PN0P_/D (sg13g2_dfrbpq_1)    0.34    1.13    0.79 (MET)
y_reg[5]$_SDFFE_PN0P_/D (sg13g2_dfrbpq_1)    0.34    1.13    0.79 (MET)
y_reg[5]$_SDFFE_PN0P_/D (sg13g2_dfrbpq_1)    0.34    1.13    0.79 (MET)
y_reg[5]$_SDFFE_PN0P_/D (sg13g2_dfrbpq_1)    0.34    1.13    0.79 (MET)
y_reg[5]$_SDFFE_PN0P_/D (sg13g2_dfrbpq_1)    0.34    1.13    0.79 (MET)
y_reg[5]$_SDFFE_PN0P_/D (sg13g2_dfrbpq_1)    0.34    1.13    0.79 (MET)
y_reg[5]$_SDFFE_PN0P_/D (sg13g2_dfrbpq_1)    0.34    1.13    0.79 (MET)
y_reg[3]$_SDFFE_PN0P_/D (sg13g2_dfrbpq_1)    0.31    1.10    0.79 (MET)
y_reg[3]$_SDFFE_PN0P_/D (sg13g2_dfrbpq_1)    0.31    1.10    0.79 (MET)
y_reg[3]$_SDFFE_PN0P_/D (sg13g2_dfrbpq_1)    0.31    1.10    0.79 (MET)
y_reg[3]$_SDFFE_PN0P_/D (sg13g2_dfrbpq_1)    0.31    1.10    0.79 (MET)
x_reg[4]$_SDFFE_PN0P_/D (sg13g2_dfrbpq_1)    0.35    1.14    0.79 (MET)
x_reg[4]$_SDFFE_PN0P_/D (sg13g2_dfrbpq_1)    0.35    1.14    0.79 (MET)
x_reg[5]$_SDFFE_PN0P_/D (sg13g2_dfrbpq_1)    0.34    1.13    0.79 (MET)
x_reg[5]$_SDFFE_PN0P_/D (sg13g2_dfrbpq_1)    0.34    1.13    0.79 (MET)
x_reg[6]$_SDFFE_PN0P_/D (sg13g2_dfrbpq_1)    0.31    1.10    0.79 (MET)
x_reg[6]$_SDFFE_PN0P_/D (sg13g2_dfrbpq_1)    0.31    1.10    0.79 (MET)
x_reg[6]$_SDFFE_PN0P_/D (sg13g2_dfrbpq_1)    0.31    1.10    0.79 (MET)
x_reg[6]$_SDFFE_PN0P_/D (sg13g2_dfrbpq_1)    0.31    1.10    0.79 (MET)
x_reg[5]$_SDFFE_PN0P_/D (sg13g2_dfrbpq_1)    0.31    1.10    0.79 (MET)
x_reg[5]$_SDFFE_PN0P_/D (sg13g2_dfrbpq_1)    0.31    1.10    0.79 (MET)
x_reg[5]$_SDFFE_PN0P_/D (sg13g2_dfrbpq_1)    0.31    1.10    0.79 (MET)
x_reg[5]$_SDFFE_PN0P_/D (sg13g2_dfrbpq_1)    0.31    1.10    0.79 (MET)
x_reg[5]$_SDFFE_PN0P_/D (sg13g2_dfrbpq_1)    0.34    1.13    0.79 (MET)
x_reg[5]$_SDFFE_PN0P_/D (sg13g2_dfrbpq_1)    0.34    1.13    0.79 (MET)
x_reg[4]$_SDFFE_PN0P_/D (sg13g2_dfrbpq_1)    0.32    1.11    0.79 (MET)
x_reg[4]$_SDFFE_PN0P_/D (sg13g2_dfrbpq_1)    0.32    1.11    0.79 (MET)
x_reg[5]$_SDFFE_PN0P_/D (sg13g2_dfrbpq_1)    0.34    1.13    0.79 (MET)
x_reg[5]$_SDFFE_PN0P_/D (sg13g2_dfrbpq_1)    0.34    1.13    0.79 (MET)
x_reg[5]$_SDFFE_PN0P_/D (sg13g2_dfrbpq_1)    0.34    1.13    0.79 (MET)
x_reg[5]$_SDFFE_PN0P_/D (sg13g2_dfrbpq_1)    0.34    1.13    0.79 (MET)
x_reg[5]$_SDFFE_PN0P_/D (sg13g2_dfrbpq_1)    0.34    1.13    0.79 (MET)
x_reg[5]$_SDFFE_PN0P_/D (sg13g2_dfrbpq_1)    0.34    1.13    0.79 (MET)
y_reg[3]$_SDFFE_PN0P_/D (sg13g2_dfrbpq_1)    0.34    1.13    0.79 (MET)
x_reg[9]$_SDFFE_PN0P_/D (sg13g2_dfrbpq_1)    0.34    1.13    0.79 (MET)
x_reg[9]$_SDFFE_PN0P_/D (sg13g2_dfrbpq_1)    0.34    1.13    0.79 (MET)
x_reg[5]$_SDFFE_PN0P_/D (sg13g2_dfrbpq_1)    0.31    1.10    0.79 (MET)
x_reg[5]$_SDFFE_PN0P_/D (sg13g2_dfrbpq_1)    0.31    1.10    0.79 (MET)
y_reg[3]$_SDFFE_PN0P_/D (sg13g2_dfrbpq_1)    0.34    1.13    0.79 (MET)
x_reg[5]$_SDFFE_PN0P_/D (sg13g2_dfrbpq_1)    0.34    1.13    0.79 (MET)
x_reg[5]$_SDFFE_PN0P_/D (sg13g2_dfrbpq_1)    0.34    1.13    0.79 (MET)
x_reg[5]$_SDFFE_PN0P_/D (sg13g2_dfrbpq_1)    0.31    1.10    0.79 (MET)
x_reg[5]$_SDFFE_PN0P_/D (sg13g2_dfrbpq_1)    0.31    1.10    0.79 (MET)
x_reg[5]$_SDFFE_PN0P_/D (sg13g2_dfrbpq_1)    0.31    1.10    0.79 (MET)
x_reg[5]$_SDFFE_PN0P_/D (sg13g2_dfrbpq_1)    0.31    1.10    0.79 (MET)
y_reg[2]$_SDFFE_PN0P_/D (sg13g2_dfrbpq_1)    0.34    1.13    0.79 (MET)
y_reg[2]$_SDFFE_PN0P_/D (sg13g2_dfrbpq_1)    0.34    1.13    0.79 (MET)
y_reg[2]$_SDFFE_PN0P_/D (sg13g2_dfrbpq_1)    0.34    1.13    0.79 (MET)
y_reg[2]$_SDFFE_PN0P_/D (sg13g2_dfrbpq_1)    0.34    1.13    0.79 (MET)
y_reg[5]$_SDFFE_PN0P_/D (sg13g2_dfrbpq_1)    0.34    1.13    0.79 (MET)
y_reg[5]$_SDFFE_PN0P_/D (sg13g2_dfrbpq_1)    0.34    1.13    0.79 (MET)
y_reg[5]$_SDFFE_PN0P_/D (sg13g2_dfrbpq_1)    0.34    1.13    0.79 (MET)
y_reg[5]$_SDFFE_PN0P_/D (sg13g2_dfrbpq_1)    0.34    1.13    0.79 (MET)
y_reg[3]$_SDFFE_PN0P_/D (sg13g2_dfrbpq_1)    0.34    1.13    0.79 (MET)
y_reg[3]$_SDFFE_PN0P_/D (sg13g2_dfrbpq_1)    0.34    1.13    0.79 (MET)
x_reg[5]$_SDFFE_PN0P_/D (sg13g2_dfrbpq_1)    0.34    1.13    0.79 (MET)
x_reg[5]$_SDFFE_PN0P_/D (sg13g2_dfrbpq_1)    0.34    1.13    0.79 (MET)
x_reg[5]$_SDFFE_PN0P_/D (sg13g2_dfrbpq_1)    0.34    1.13    0.79 (MET)
x_reg[5]$_SDFFE_PN0P_/D (sg13g2_dfrbpq_1)    0.34    1.13    0.79 (MET)
y_reg[3]$_SDFFE_PN0P_/D (sg13g2_dfrbpq_1)    0.34    1.13    0.79 (MET)
x_reg[6]$_SDFFE_PN0P_/D (sg13g2_dfrbpq_1)    0.31    1.10    0.79 (MET)
x_reg[6]$_SDFFE_PN0P_/D (sg13g2_dfrbpq_1)    0.31    1.10    0.79 (MET)
x_reg[6]$_SDFFE_PN0P_/D (sg13g2_dfrbpq_1)    0.31    1.10    0.79 (MET)
x_reg[6]$_SDFFE_PN0P_/D (sg13g2_dfrbpq_1)    0.31    1.10    0.79 (MET)
x_reg[2]$_SDFFE_PN0P_/D (sg13g2_dfrbpq_1)    0.31    1.10    0.79 (MET)
x_reg[2]$_SDFFE_PN0P_/D (sg13g2_dfrbpq_1)    0.31    1.10    0.79 (MET)
x_reg[6]$_SDFFE_PN0P_/D (sg13g2_dfrbpq_1)    0.34    1.13    0.79 (MET)
y_reg[5]$_SDFFE_PN0P_/D (sg13g2_dfrbpq_1)    0.34    1.13    0.79 (MET)
y_reg[5]$_SDFFE_PN0P_/D (sg13g2_dfrbpq_1)    0.34    1.13    0.79 (MET)
y_reg[5]$_SDFFE_PN0P_/D (sg13g2_dfrbpq_1)    0.34    1.13    0.79 (MET)
y_reg[5]$_SDFFE_PN0P_/D (sg13g2_dfrbpq_1)    0.34    1.13    0.79 (MET)
x_reg[4]$_SDFFE_PN0P_/D (sg13g2_dfrbpq_1)    0.32    1.11    0.79 (MET)
x_reg[4]$_SDFFE_PN0P_/D (sg13g2_dfrbpq_1)    0.32    1.11    0.79 (MET)
x_reg[4]$_SDFFE_PN0P_/D (sg13g2_dfrbpq_1)    0.32    1.11    0.79 (MET)
x_reg[4]$_SDFFE_PN0P_/D (sg13g2_dfrbpq_1)    0.32    1.11    0.79 (MET)
y_reg[3]$_SDFFE_PN0P_/D (sg13g2_dfrbpq_1)    0.34    1.13    0.79 (MET)
y_reg[3]$_SDFFE_PN0P_/D (sg13g2_dfrbpq_1)    0.34    1.13    0.79 (MET)
y_reg[3]$_SDFFE_PN0P_/D (sg13g2_dfrbpq_1)    0.34    1.13    0.79 (MET)
y_reg[3]$_SDFFE_PN0P_/D (sg13g2_dfrbpq_1)    0.34    1.13    0.79 (MET)
x_reg[1]$_SDFFE_PN0P_/D (sg13g2_dfrbpq_1)    0.35    1.14    0.79 (MET)
x_reg[1]$_SDFFE_PN0P_/D (sg13g2_dfrbpq_1)    0.35    1.14    0.79 (MET)
x_reg[1]$_SDFFE_PN0P_/D (sg13g2_dfrbpq_1)    0.32    1.11    0.79 (MET)
x_reg[1]$_SDFFE_PN0P_/D (sg13g2_dfrbpq_1)    0.32    1.11    0.79 (MET)
x_reg[1]$_SDFFE_PN0P_/D (sg13g2_dfrbpq_1)    0.32    1.11    0.79 (MET)
x_reg[1]$_SDFFE_PN0P_/D (sg13g2_dfrbpq_1)    0.32    1.11    0.79 (MET)
x_reg[5]$_SDFFE_PN0P_/D (sg13g2_dfrbpq_1)    0.31    1.10    0.79 (MET)
x_reg[5]$_SDFFE_PN0P_/D (sg13g2_dfrbpq_1)    0.31    1.10    0.79 (MET)
x_reg[5]$_SDFFE_PN0P_/D (sg13g2_dfrbpq_1)    0.31    1.10    0.79 (MET)
x_reg[5]$_SDFFE_PN0P_/D (sg13g2_dfrbpq_1)    0.31    1.10    0.79 (MET)
y_reg[1]$_SDFFE_PN0P_/D (sg13g2_dfrbpq_1)    0.31    1.11    0.79 (MET)
y_reg[1]$_SDFFE_PN0P_/D (sg13g2_dfrbpq_1)    0.31    1.11    0.79 (MET)
y_reg[3]$_SDFFE_PN0P_/D (sg13g2_dfrbpq_1)    0.31    1.10    0.79 (MET)
y_reg[3]$_SDFFE_PN0P_/D (sg13g2_dfrbpq_1)    0.31    1.10    0.79 (MET)
y_reg[5]$_SDFFE_PN0P_/D (sg13g2_dfrbpq_1)    0.31    1.10    0.79 (MET)
y_reg[3]$_SDFFE_PN0P_/D (sg13g2_dfrbpq_1)    0.34    1.13    0.79 (MET)
y_reg[3]$_SDFFE_PN0P_/D (sg13g2_dfrbpq_1)    0.34    1.13    0.79 (MET)
y_reg[3]$_SDFFE_PN0P_/D (sg13g2_dfrbpq_1)    0.34    1.13    0.79 (MET)
y_reg[3]$_SDFFE_PN0P_/D (sg13g2_dfrbpq_1)    0.34    1.13    0.79 (MET)
y_reg[3]$_SDFFE_PN0P_/D (sg13g2_dfrbpq_1)    0.34    1.13    0.79 (MET)
y_reg[3]$_SDFFE_PN0P_/D (sg13g2_dfrbpq_1)    0.34    1.13    0.79 (MET)
y_reg[3]$_SDFFE_PN0P_/D (sg13g2_dfrbpq_1)    0.34    1.13    0.79 (MET)
y_reg[3]$_SDFFE_PN0P_/D (sg13g2_dfrbpq_1)    0.34    1.13    0.79 (MET)
y_reg[3]$_SDFFE_PN0P_/D (sg13g2_dfrbpq_1)    0.34    1.13    0.79 (MET)
y_reg[3]$_SDFFE_PN0P_/D (sg13g2_dfrbpq_1)    0.34    1.13    0.79 (MET)
y_reg[5]$_SDFFE_PN0P_/D (sg13g2_dfrbpq_1)    0.34    1.13    0.79 (MET)
y_reg[5]$_SDFFE_PN0P_/D (sg13g2_dfrbpq_1)    0.34    1.13    0.79 (MET)
y_reg[5]$_SDFFE_PN0P_/D (sg13g2_dfrbpq_1)    0.34    1.13    0.79 (MET)
y_reg[5]$_SDFFE_PN0P_/D (sg13g2_dfrbpq_1)    0.34    1.13    0.79 (MET)
y_reg[5]$_SDFFE_PN0P_/D (sg13g2_dfrbpq_1)    0.34    1.13    0.79 (MET)
y_reg[5]$_SDFFE_PN0P_/D (sg13g2_dfrbpq_1)    0.34    1.13    0.79 (MET)
y_reg[5]$_SDFFE_PN0P_/D (sg13g2_dfrbpq_1)    0.34    1.13    0.79 (MET)
y_reg[5]$_SDFFE_PN0P_/D (sg13g2_dfrbpq_1)    0.34    1.13    0.79 (MET)
x_reg[5]$_SDFFE_PN0P_/D (sg13g2_dfrbpq_1)    0.34    1.13    0.79 (MET)
x_reg[5]$_SDFFE_PN0P_/D (sg13g2_dfrbpq_1)    0.34    1.13    0.79 (MET)
x_reg[5]$_SDFFE_PN0P_/D (sg13g2_dfrbpq_1)    0.34    1.13    0.79 (MET)
x_reg[5]$_SDFFE_PN0P_/D (sg13g2_dfrbpq_1)    0.34    1.13    0.79 (MET)
x_reg[5]$_SDFFE_PN0P_/D (sg13g2_dfrbpq_1)    0.34    1.13    0.79 (MET)
x_reg[5]$_SDFFE_PN0P_/D (sg13g2_dfrbpq_1)    0.34    1.13    0.79 (MET)
x_reg[5]$_SDFFE_PN0P_/D (sg13g2_dfrbpq_1)    0.34    1.13    0.79 (MET)
x_reg[5]$_SDFFE_PN0P_/D (sg13g2_dfrbpq_1)    0.34    1.13    0.79 (MET)
x_reg[5]$_SDFFE_PN0P_/D (sg13g2_dfrbpq_1)    0.31    1.10    0.79 (MET)
x_reg[5]$_SDFFE_PN0P_/D (sg13g2_dfrbpq_1)    0.31    1.10    0.79 (MET)
y_reg[1]$_SDFFE_PN0P_/D (sg13g2_dfrbpq_1)    0.31    1.11    0.79 (MET)
y_reg[1]$_SDFFE_PN0P_/D (sg13g2_dfrbpq_1)    0.31    1.11    0.79 (MET)
y_reg[1]$_SDFFE_PN0P_/D (sg13g2_dfrbpq_1)    0.31    1.11    0.79 (MET)
y_reg[1]$_SDFFE_PN0P_/D (sg13g2_dfrbpq_1)    0.31    1.11    0.79 (MET)
y_reg[3]$_SDFFE_PN0P_/D (sg13g2_dfrbpq_1)    0.31    1.10    0.79 (MET)
y_reg[3]$_SDFFE_PN0P_/D (sg13g2_dfrbpq_1)    0.31    1.10    0.79 (MET)
y_reg[3]$_SDFFE_PN0P_/D (sg13g2_dfrbpq_1)    0.31    1.10    0.79 (MET)
y_reg[3]$_SDFFE_PN0P_/D (sg13g2_dfrbpq_1)    0.31    1.10    0.79 (MET)
y_reg[3]$_SDFFE_PN0P_/D (sg13g2_dfrbpq_1)    0.31    1.10    0.79 (MET)
y_reg[3]$_SDFFE_PN0P_/D (sg13g2_dfrbpq_1)    0.31    1.10    0.79 (MET)
y_reg[3]$_SDFFE_PN0P_/D (sg13g2_dfrbpq_1)    0.31    1.10    0.79 (MET)
y_reg[3]$_SDFFE_PN0P_/D (sg13g2_dfrbpq_1)    0.31    1.10    0.79 (MET)
y_reg[3]$_SDFFE_PN0P_/D (sg13g2_dfrbpq_1)    0.34    1.13    0.79 (MET)
y_reg[3]$_SDFFE_PN0P_/D (sg13g2_dfrbpq_1)    0.34    1.13    0.79 (MET)
y_reg[3]$_SDFFE_PN0P_/D (sg13g2_dfrbpq_1)    0.34    1.13    0.79 (MET)
y_reg[3]$_SDFFE_PN0P_/D (sg13g2_dfrbpq_1)    0.34    1.13    0.79 (MET)
y_reg[3]$_SDFFE_PN0P_/D (sg13g2_dfrbpq_1)    0.34    1.13    0.79 (MET)
y_reg[3]$_SDFFE_PN0P_/D (sg13g2_dfrbpq_1)    0.34    1.13    0.79 (MET)
y_reg[3]$_SDFFE_PN0P_/D (sg13g2_dfrbpq_1)    0.34    1.13    0.79 (MET)
y_reg[3]$_SDFFE_PN0P_/D (sg13g2_dfrbpq_1)    0.34    1.13    0.79 (MET)
y_reg[5]$_SDFFE_PN0P_/D (sg13g2_dfrbpq_1)    0.31    1.10    0.79 (MET)
y_reg[5]$_SDFFE_PN0P_/D (sg13g2_dfrbpq_1)    0.31    1.10    0.79 (MET)
x_reg[5]$_SDFFE_PN0P_/D (sg13g2_dfrbpq_1)    0.34    1.14    0.79 (MET)
x_reg[5]$_SDFFE_PN0P_/D (sg13g2_dfrbpq_1)    0.34    1.14    0.79 (MET)
x_reg[5]$_SDFFE_PN0P_/D (sg13g2_dfrbpq_1)    0.34    1.14    0.79 (MET)
x_reg[5]$_SDFFE_PN0P_/D (sg13g2_dfrbpq_1)    0.34    1.14    0.79 (MET)
x_reg[5]$_SDFFE_PN0P_/D (sg13g2_dfrbpq_1)    0.31    1.11    0.79 (MET)
x_reg[5]$_SDFFE_PN0P_/D (sg13g2_dfrbpq_1)    0.31    1.11    0.79 (MET)
x_reg[5]$_SDFFE_PN0P_/D (sg13g2_dfrbpq_1)    0.31    1.11    0.79 (MET)
x_reg[5]$_SDFFE_PN0P_/D (sg13g2_dfrbpq_1)    0.31    1.11    0.79 (MET)
x_reg[4]$_SDFFE_PN0P_/D (sg13g2_dfrbpq_1)    0.35    1.15    0.79 (MET)
x_reg[4]$_SDFFE_PN0P_/D (sg13g2_dfrbpq_1)    0.35    1.15    0.79 (MET)
x_reg[4]$_SDFFE_PN0P_/D (sg13g2_dfrbpq_1)    0.35    1.15    0.79 (MET)
x_reg[4]$_SDFFE_PN0P_/D (sg13g2_dfrbpq_1)    0.35    1.15    0.79 (MET)
x_reg[4]$_SDFFE_PN0P_/D (sg13g2_dfrbpq_1)    0.35    1.15    0.79 (MET)
x_reg[4]$_SDFFE_PN0P_/D (sg13g2_dfrbpq_1)    0.35    1.15    0.79 (MET)
x_reg[4]$_SDFFE_PN0P_/D (sg13g2_dfrbpq_1)    0.35    1.15    0.79 (MET)
x_reg[4]$_SDFFE_PN0P_/D (sg13g2_dfrbpq_1)    0.35    1.15    0.79 (MET)
x_reg[5]$_SDFFE_PN0P_/D (sg13g2_dfrbpq_1)    0.34    1.14    0.79 (MET)
x_reg[5]$_SDFFE_PN0P_/D (sg13g2_dfrbpq_1)    0.34    1.14    0.79 (MET)
x_reg[5]$_SDFFE_PN0P_/D (sg13g2_dfrbpq_1)    0.34    1.14    0.79 (MET)
x_reg[5]$_SDFFE_PN0P_/D (sg13g2_dfrbpq_1)    0.34    1.14    0.79 (MET)
y_reg[3]$_SDFFE_PN0P_/D (sg13g2_dfrbpq_1)    0.31    1.11    0.79 (MET)
y_reg[3]$_SDFFE_PN0P_/D (sg13g2_dfrbpq_1)    0.31    1.11    0.79 (MET)
y_reg[3]$_SDFFE_PN0P_/D (sg13g2_dfrbpq_1)    0.31    1.11    0.79 (MET)
y_reg[3]$_SDFFE_PN0P_/D (sg13g2_dfrbpq_1)    0.31    1.11    0.79 (MET)
y_reg[3]$_SDFFE_PN0P_/D (sg13g2_dfrbpq_1)    0.31    1.11    0.79 (MET)
y_reg[3]$_SDFFE_PN0P_/D (sg13g2_dfrbpq_1)    0.31    1.11    0.79 (MET)
y_reg[3]$_SDFFE_PN0P_/D (sg13g2_dfrbpq_1)    0.31    1.11    0.79 (MET)
y_reg[3]$_SDFFE_PN0P_/D (sg13g2_dfrbpq_1)    0.31    1.11    0.79 (MET)
y_reg[3]$_SDFFE_PN0P_/D (sg13g2_dfrbpq_1)    0.34    1.13    0.79 (MET)
y_reg[3]$_SDFFE_PN0P_/D (sg13g2_dfrbpq_1)    0.34    1.13    0.79 (MET)
x_reg[4]$_SDFFE_PN0P_/D (sg13g2_dfrbpq_1)    0.35    1.15    0.79 (MET)
x_reg[4]$_SDFFE_PN0P_/D (sg13g2_dfrbpq_1)    0.35    1.15    0.79 (MET)
x_reg[5]$_SDFFE_PN0P_/D (sg13g2_dfrbpq_1)    0.31    1.11    0.79 (MET)
x_reg[5]$_SDFFE_PN0P_/D (sg13g2_dfrbpq_1)    0.31    1.11    0.79 (MET)
x_reg[5]$_SDFFE_PN0P_/D (sg13g2_dfrbpq_1)    0.31    1.11    0.79 (MET)
x_reg[5]$_SDFFE_PN0P_/D (sg13g2_dfrbpq_1)    0.31    1.11    0.79 (MET)
x_reg[4]$_SDFFE_PN0P_/D (sg13g2_dfrbpq_1)    0.35    1.15    0.79 (MET)
x_reg[4]$_SDFFE_PN0P_/D (sg13g2_dfrbpq_1)    0.35    1.15    0.79 (MET)
x_reg[4]$_SDFFE_PN0P_/D (sg13g2_dfrbpq_1)    0.35    1.15    0.79 (MET)
x_reg[4]$_SDFFE_PN0P_/D (sg13g2_dfrbpq_1)    0.35    1.15    0.79 (MET)
x_reg[4]$_SDFFE_PN0P_/D (sg13g2_dfrbpq_1)    0.35    1.15    0.79 (MET)
x_reg[4]$_SDFFE_PN0P_/D (sg13g2_dfrbpq_1)    0.35    1.15    0.79 (MET)
x_reg[4]$_SDFFE_PN0P_/D (sg13g2_dfrbpq_1)    0.35    1.15    0.79 (MET)
x_reg[4]$_SDFFE_PN0P_/D (sg13g2_dfrbpq_1)    0.35    1.15    0.79 (MET)
x_reg[4]$_SDFFE_PN0P_/D (sg13g2_dfrbpq_1)    0.35    1.15    0.79 (MET)
x_reg[4]$_SDFFE_PN0P_/D (sg13g2_dfrbpq_1)    0.35    1.15    0.79 (MET)
x_reg[4]$_SDFFE_PN0P_/D (sg13g2_dfrbpq_1)    0.35    1.15    0.79 (MET)
x_reg[4]$_SDFFE_PN0P_/D (sg13g2_dfrbpq_1)    0.35    1.15    0.79 (MET)
x_reg[4]$_SDFFE_PN0P_/D (sg13g2_dfrbpq_1)    0.35    1.15    0.79 (MET)
x_reg[4]$_SDFFE_PN0P_/D (sg13g2_dfrbpq_1)    0.35    1.15    0.79 (MET)
x_reg[4]$_SDFFE_PN0P_/D (sg13g2_dfrbpq_1)    0.35    1.15    0.79 (MET)
x_reg[4]$_SDFFE_PN0P_/D (sg13g2_dfrbpq_1)    0.35    1.15    0.79 (MET)
y_reg[3]$_SDFFE_PN0P_/D (sg13g2_dfrbpq_1)    0.34    1.14    0.79 (MET)
y_reg[3]$_SDFFE_PN0P_/D (sg13g2_dfrbpq_1)    0.34    1.14    0.79 (MET)
x_reg[5]$_SDFFE_PN0P_/D (sg13g2_dfrbpq_1)    0.34    1.14    0.79 (MET)
x_reg[5]$_SDFFE_PN0P_/D (sg13g2_dfrbpq_1)    0.34    1.14    0.79 (MET)
x_reg[5]$_SDFFE_PN0P_/D (sg13g2_dfrbpq_1)    0.34    1.14    0.79 (MET)
x_reg[5]$_SDFFE_PN0P_/D (sg13g2_dfrbpq_1)    0.34    1.14    0.79 (MET)
x_reg[5]$_SDFFE_PN0P_/D (sg13g2_dfrbpq_1)    0.34    1.14    0.79 (MET)
x_reg[5]$_SDFFE_PN0P_/D (sg13g2_dfrbpq_1)    0.34    1.14    0.79 (MET)
x_reg[5]$_SDFFE_PN0P_/D (sg13g2_dfrbpq_1)    0.34    1.14    0.79 (MET)
x_reg[5]$_SDFFE_PN0P_/D (sg13g2_dfrbpq_1)    0.34    1.14    0.79 (MET)
x_reg[5]$_SDFFE_PN0P_/D (sg13g2_dfrbpq_1)    0.34    1.14    0.79 (MET)
x_reg[5]$_SDFFE_PN0P_/D (sg13g2_dfrbpq_1)    0.34    1.14    0.79 (MET)
x_reg[5]$_SDFFE_PN0P_/D (sg13g2_dfrbpq_1)    0.34    1.14    0.79 (MET)
x_reg[5]$_SDFFE_PN0P_/D (sg13g2_dfrbpq_1)    0.34    1.14    0.79 (MET)
x_reg[5]$_SDFFE_PN0P_/D (sg13g2_dfrbpq_1)    0.34    1.14    0.79 (MET)
x_reg[5]$_SDFFE_PN0P_/D (sg13g2_dfrbpq_1)    0.34    1.14    0.79 (MET)
x_reg[5]$_SDFFE_PN0P_/D (sg13g2_dfrbpq_1)    0.34    1.14    0.79 (MET)
x_reg[5]$_SDFFE_PN0P_/D (sg13g2_dfrbpq_1)    0.34    1.14    0.79 (MET)
y_reg[3]$_SDFFE_PN0P_/D (sg13g2_dfrbpq_1)    0.31    1.11    0.79 (MET)
y_reg[3]$_SDFFE_PN0P_/D (sg13g2_dfrbpq_1)    0.31    1.11    0.79 (MET)
x_reg[5]$_SDFFE_PN0P_/D (sg13g2_dfrbpq_1)    0.31    1.11    0.79 (MET)
x_reg[5]$_SDFFE_PN0P_/D (sg13g2_dfrbpq_1)    0.31    1.11    0.79 (MET)
x_reg[5]$_SDFFE_PN0P_/D (sg13g2_dfrbpq_1)    0.31    1.11    0.79 (MET)
x_reg[5]$_SDFFE_PN0P_/D (sg13g2_dfrbpq_1)    0.31    1.11    0.79 (MET)
x_reg[9]$_SDFFE_PN0P_/D (sg13g2_dfrbpq_1)    0.34    1.13    0.79 (MET)
x_reg[5]$_SDFFE_PN0P_/D (sg13g2_dfrbpq_1)    0.34    1.14    0.79 (MET)
x_reg[5]$_SDFFE_PN0P_/D (sg13g2_dfrbpq_1)    0.34    1.14    0.79 (MET)
x_reg[5]$_SDFFE_PN0P_/D (sg13g2_dfrbpq_1)    0.34    1.14    0.79 (MET)
x_reg[5]$_SDFFE_PN0P_/D (sg13g2_dfrbpq_1)    0.34    1.14    0.79 (MET)
x_reg[5]$_SDFFE_PN0P_/D (sg13g2_dfrbpq_1)    0.34    1.14    0.79 (MET)
x_reg[5]$_SDFFE_PN0P_/D (sg13g2_dfrbpq_1)    0.34    1.14    0.79 (MET)
x_reg[5]$_SDFFE_PN0P_/D (sg13g2_dfrbpq_1)    0.34    1.14    0.79 (MET)
x_reg[5]$_SDFFE_PN0P_/D (sg13g2_dfrbpq_1)    0.34    1.14    0.79 (MET)
x_reg[5]$_SDFFE_PN0P_/D (sg13g2_dfrbpq_1)    0.31    1.11    0.79 (MET)
x_reg[5]$_SDFFE_PN0P_/D (sg13g2_dfrbpq_1)    0.31    1.11    0.79 (MET)
x_reg[5]$_SDFFE_PN0P_/D (sg13g2_dfrbpq_1)    0.31    1.11    0.79 (MET)
x_reg[5]$_SDFFE_PN0P_/D (sg13g2_dfrbpq_1)    0.31    1.11    0.79 (MET)
x_reg[5]$_SDFFE_PN0P_/D (sg13g2_dfrbpq_1)    0.31    1.11    0.79 (MET)
x_reg[5]$_SDFFE_PN0P_/D (sg13g2_dfrbpq_1)    0.31    1.11    0.79 (MET)
x_reg[5]$_SDFFE_PN0P_/D (sg13g2_dfrbpq_1)    0.31    1.11    0.79 (MET)
x_reg[5]$_SDFFE_PN0P_/D (sg13g2_dfrbpq_1)    0.31    1.11    0.79 (MET)
x_reg[4]$_SDFFE_PN0P_/D (sg13g2_dfrbpq_1)    0.32    1.12    0.79 (MET)
x_reg[4]$_SDFFE_PN0P_/D (sg13g2_dfrbpq_1)    0.32    1.12    0.79 (MET)
x_reg[4]$_SDFFE_PN0P_/D (sg13g2_dfrbpq_1)    0.32    1.12    0.79 (MET)
x_reg[4]$_SDFFE_PN0P_/D (sg13g2_dfrbpq_1)    0.32    1.12    0.79 (MET)
x_reg[5]$_SDFFE_PN0P_/D (sg13g2_dfrbpq_1)    0.31    1.11    0.79 (MET)
x_reg[5]$_SDFFE_PN0P_/D (sg13g2_dfrbpq_1)    0.31    1.11    0.79 (MET)
x_reg[5]$_SDFFE_PN0P_/D (sg13g2_dfrbpq_1)    0.31    1.11    0.79 (MET)
x_reg[5]$_SDFFE_PN0P_/D (sg13g2_dfrbpq_1)    0.31    1.11    0.79 (MET)
x_reg[5]$_SDFFE_PN0P_/D (sg13g2_dfrbpq_1)    0.31    1.11    0.79 (MET)
x_reg[5]$_SDFFE_PN0P_/D (sg13g2_dfrbpq_1)    0.31    1.11    0.79 (MET)
x_reg[5]$_SDFFE_PN0P_/D (sg13g2_dfrbpq_1)    0.31    1.11    0.79 (MET)
x_reg[5]$_SDFFE_PN0P_/D (sg13g2_dfrbpq_1)    0.31    1.11    0.79 (MET)
y_reg[3]$_SDFFE_PN0P_/D (sg13g2_dfrbpq_1)    0.34    1.14    0.79 (MET)
y_reg[3]$_SDFFE_PN0P_/D (sg13g2_dfrbpq_1)    0.34    1.14    0.79 (MET)
y_reg[3]$_SDFFE_PN0P_/D (sg13g2_dfrbpq_1)    0.34    1.14    0.79 (MET)
y_reg[3]$_SDFFE_PN0P_/D (sg13g2_dfrbpq_1)    0.34    1.14    0.79 (MET)
y_reg[3]$_SDFFE_PN0P_/D (sg13g2_dfrbpq_1)    0.31    1.11    0.79 (MET)
y_reg[3]$_SDFFE_PN0P_/D (sg13g2_dfrbpq_1)    0.31    1.11    0.79 (MET)
y_reg[3]$_SDFFE_PN0P_/D (sg13g2_dfrbpq_1)    0.31    1.11    0.79 (MET)
y_reg[3]$_SDFFE_PN0P_/D (sg13g2_dfrbpq_1)    0.31    1.11    0.79 (MET)
x_reg[5]$_SDFFE_PN0P_/D (sg13g2_dfrbpq_1)    0.31    1.11    0.79 (MET)
x_reg[5]$_SDFFE_PN0P_/D (sg13g2_dfrbpq_1)    0.31    1.11    0.79 (MET)
x_reg[5]$_SDFFE_PN0P_/D (sg13g2_dfrbpq_1)    0.31    1.11    0.79 (MET)
x_reg[5]$_SDFFE_PN0P_/D (sg13g2_dfrbpq_1)    0.31    1.11    0.79 (MET)
x_reg[5]$_SDFFE_PN0P_/D (sg13g2_dfrbpq_1)    0.31    1.11    0.79 (MET)
x_reg[5]$_SDFFE_PN0P_/D (sg13g2_dfrbpq_1)    0.31    1.11    0.79 (MET)
x_reg[5]$_SDFFE_PN0P_/D (sg13g2_dfrbpq_1)    0.31    1.11    0.79 (MET)
x_reg[5]$_SDFFE_PN0P_/D (sg13g2_dfrbpq_1)    0.31    1.11    0.79 (MET)
x_reg[2]$_SDFFE_PN0P_/D (sg13g2_dfrbpq_1)    0.31    1.11    0.80 (MET)
x_reg[2]$_SDFFE_PN0P_/D (sg13g2_dfrbpq_1)    0.31    1.11    0.80 (MET)
x_reg[2]$_SDFFE_PN0P_/D (sg13g2_dfrbpq_1)    0.31    1.11    0.80 (MET)
x_reg[2]$_SDFFE_PN0P_/D (sg13g2_dfrbpq_1)    0.31    1.11    0.80 (MET)
x_reg[2]$_SDFFE_PN0P_/D (sg13g2_dfrbpq_1)    0.31    1.11    0.80 (MET)
x_reg[2]$_SDFFE_PN0P_/D (sg13g2_dfrbpq_1)    0.31    1.11    0.80 (MET)
x_reg[2]$_SDFFE_PN0P_/D (sg13g2_dfrbpq_1)    0.31    1.11    0.80 (MET)
x_reg[2]$_SDFFE_PN0P_/D (sg13g2_dfrbpq_1)    0.31    1.11    0.80 (MET)
x_reg[2]$_SDFFE_PN0P_/D (sg13g2_dfrbpq_1)    0.31    1.11    0.80 (MET)
x_reg[2]$_SDFFE_PN0P_/D (sg13g2_dfrbpq_1)    0.31    1.11    0.80 (MET)
x_reg[2]$_SDFFE_PN0P_/D (sg13g2_dfrbpq_1)    0.31    1.11    0.80 (MET)
x_reg[2]$_SDFFE_PN0P_/D (sg13g2_dfrbpq_1)    0.31    1.11    0.80 (MET)
x_reg[2]$_SDFFE_PN0P_/D (sg13g2_dfrbpq_1)    0.31    1.11    0.80 (MET)
x_reg[2]$_SDFFE_PN0P_/D (sg13g2_dfrbpq_1)    0.31    1.11    0.80 (MET)
x_reg[2]$_SDFFE_PN0P_/D (sg13g2_dfrbpq_1)    0.31    1.11    0.80 (MET)
x_reg[2]$_SDFFE_PN0P_/D (sg13g2_dfrbpq_1)    0.31    1.11    0.80 (MET)
x_reg[5]$_SDFFE_PN0P_/D (sg13g2_dfrbpq_1)    0.34    1.14    0.80 (MET)
x_reg[5]$_SDFFE_PN0P_/D (sg13g2_dfrbpq_1)    0.34    1.14    0.80 (MET)
x_reg[5]$_SDFFE_PN0P_/D (sg13g2_dfrbpq_1)    0.31    1.11    0.80 (MET)
x_reg[5]$_SDFFE_PN0P_/D (sg13g2_dfrbpq_1)    0.31    1.11    0.80 (MET)
x_reg[5]$_SDFFE_PN0P_/D (sg13g2_dfrbpq_1)    0.31    1.11    0.80 (MET)
x_reg[5]$_SDFFE_PN0P_/D (sg13g2_dfrbpq_1)    0.31    1.11    0.80 (MET)
x_reg[5]$_SDFFE_PN0P_/D (sg13g2_dfrbpq_1)    0.31    1.11    0.80 (MET)
x_reg[5]$_SDFFE_PN0P_/D (sg13g2_dfrbpq_1)    0.31    1.11    0.80 (MET)
x_reg[5]$_SDFFE_PN0P_/D (sg13g2_dfrbpq_1)    0.31    1.11    0.80 (MET)
x_reg[5]$_SDFFE_PN0P_/D (sg13g2_dfrbpq_1)    0.31    1.11    0.80 (MET)
x_reg[5]$_SDFFE_PN0P_/D (sg13g2_dfrbpq_1)    0.31    1.11    0.80 (MET)
x_reg[5]$_SDFFE_PN0P_/D (sg13g2_dfrbpq_1)    0.31    1.11    0.80 (MET)
x_reg[5]$_SDFFE_PN0P_/D (sg13g2_dfrbpq_1)    0.31    1.11    0.80 (MET)
x_reg[5]$_SDFFE_PN0P_/D (sg13g2_dfrbpq_1)    0.31    1.11    0.80 (MET)
x_reg[5]$_SDFFE_PN0P_/D (sg13g2_dfrbpq_1)    0.31    1.11    0.80 (MET)
x_reg[5]$_SDFFE_PN0P_/D (sg13g2_dfrbpq_1)    0.31    1.11    0.80 (MET)
x_reg[5]$_SDFFE_PN0P_/D (sg13g2_dfrbpq_1)    0.31    1.11    0.80 (MET)
x_reg[5]$_SDFFE_PN0P_/D (sg13g2_dfrbpq_1)    0.31    1.11    0.80 (MET)
y_reg[2]$_SDFFE_PN0P_/D (sg13g2_dfrbpq_1)    0.34    1.14    0.80 (MET)
x_reg[5]$_SDFFE_PN0P_/D (sg13g2_dfrbpq_1)    0.34    1.14    0.80 (MET)
x_reg[5]$_SDFFE_PN0P_/D (sg13g2_dfrbpq_1)    0.34    1.14    0.80 (MET)
x_reg[4]$_SDFFE_PN0P_/D (sg13g2_dfrbpq_1)    0.35    1.15    0.80 (MET)
x_reg[4]$_SDFFE_PN0P_/D (sg13g2_dfrbpq_1)    0.35    1.15    0.80 (MET)
y_reg[2]$_SDFFE_PN0P_/D (sg13g2_dfrbpq_1)    0.34    1.14    0.80 (MET)
y_reg[2]$_SDFFE_PN0P_/D (sg13g2_dfrbpq_1)    0.34    1.14    0.80 (MET)
x_reg[4]$_SDFFE_PN0P_/D (sg13g2_dfrbpq_1)    0.32    1.12    0.80 (MET)
x_reg[4]$_SDFFE_PN0P_/D (sg13g2_dfrbpq_1)    0.32    1.12    0.80 (MET)
x_reg[4]$_SDFFE_PN0P_/D (sg13g2_dfrbpq_1)    0.32    1.12    0.80 (MET)
x_reg[4]$_SDFFE_PN0P_/D (sg13g2_dfrbpq_1)    0.32    1.12    0.80 (MET)
x_reg[4]$_SDFFE_PN0P_/D (sg13g2_dfrbpq_1)    0.32    1.12    0.80 (MET)
x_reg[4]$_SDFFE_PN0P_/D (sg13g2_dfrbpq_1)    0.32    1.12    0.80 (MET)
x_reg[4]$_SDFFE_PN0P_/D (sg13g2_dfrbpq_1)    0.32    1.12    0.80 (MET)
x_reg[4]$_SDFFE_PN0P_/D (sg13g2_dfrbpq_1)    0.32    1.12    0.80 (MET)
x_reg[4]$_SDFFE_PN0P_/D (sg13g2_dfrbpq_1)    0.35    1.15    0.80 (MET)
x_reg[4]$_SDFFE_PN0P_/D (sg13g2_dfrbpq_1)    0.35    1.15    0.80 (MET)
x_reg[4]$_SDFFE_PN0P_/D (sg13g2_dfrbpq_1)    0.35    1.15    0.80 (MET)
x_reg[4]$_SDFFE_PN0P_/D (sg13g2_dfrbpq_1)    0.35    1.15    0.80 (MET)
x_reg[4]$_SDFFE_PN0P_/D (sg13g2_dfrbpq_1)    0.35    1.15    0.80 (MET)
x_reg[4]$_SDFFE_PN0P_/D (sg13g2_dfrbpq_1)    0.35    1.15    0.80 (MET)
x_reg[4]$_SDFFE_PN0P_/D (sg13g2_dfrbpq_1)    0.35    1.15    0.80 (MET)
x_reg[4]$_SDFFE_PN0P_/D (sg13g2_dfrbpq_1)    0.35    1.15    0.80 (MET)
x_reg[5]$_SDFFE_PN0P_/D (sg13g2_dfrbpq_1)    0.34    1.14    0.80 (MET)
x_reg[5]$_SDFFE_PN0P_/D (sg13g2_dfrbpq_1)    0.34    1.14    0.80 (MET)
x_reg[5]$_SDFFE_PN0P_/D (sg13g2_dfrbpq_1)    0.34    1.14    0.80 (MET)
x_reg[4]$_SDFFE_PN0P_/D (sg13g2_dfrbpq_1)    0.32    1.12    0.80 (MET)
x_reg[4]$_SDFFE_PN0P_/D (sg13g2_dfrbpq_1)    0.32    1.12    0.80 (MET)
x_reg[5]$_SDFFE_PN0P_/D (sg13g2_dfrbpq_1)    0.34    1.14    0.80 (MET)
x_reg[5]$_SDFFE_PN0P_/D (sg13g2_dfrbpq_1)    0.34    1.14    0.80 (MET)
x_reg[5]$_SDFFE_PN0P_/D (sg13g2_dfrbpq_1)    0.34    1.14    0.80 (MET)
x_reg[5]$_SDFFE_PN0P_/D (sg13g2_dfrbpq_1)    0.34    1.14    0.80 (MET)
x_reg[5]$_SDFFE_PN0P_/D (sg13g2_dfrbpq_1)    0.34    1.14    0.80 (MET)
x_reg[5]$_SDFFE_PN0P_/D (sg13g2_dfrbpq_1)    0.34    1.14    0.80 (MET)
y_reg[5]$_SDFFE_PN0P_/D (sg13g2_dfrbpq_1)    0.34    1.14    0.80 (MET)
y_reg[5]$_SDFFE_PN0P_/D (sg13g2_dfrbpq_1)    0.34    1.14    0.80 (MET)
y_reg[5]$_SDFFE_PN0P_/D (sg13g2_dfrbpq_1)    0.34    1.14    0.80 (MET)
y_reg[5]$_SDFFE_PN0P_/D (sg13g2_dfrbpq_1)    0.34    1.14    0.80 (MET)
y_reg[3]$_SDFFE_PN0P_/D (sg13g2_dfrbpq_1)    0.31    1.11    0.80 (MET)
y_reg[3]$_SDFFE_PN0P_/D (sg13g2_dfrbpq_1)    0.31    1.11    0.80 (MET)
y_reg[5]$_SDFFE_PN0P_/D (sg13g2_dfrbpq_1)    0.34    1.14    0.80 (MET)
y_reg[5]$_SDFFE_PN0P_/D (sg13g2_dfrbpq_1)    0.34    1.14    0.80 (MET)
y_reg[5]$_SDFFE_PN0P_/D (sg13g2_dfrbpq_1)    0.34    1.14    0.80 (MET)
y_reg[5]$_SDFFE_PN0P_/D (sg13g2_dfrbpq_1)    0.34    1.14    0.80 (MET)
y_reg[4]$_SDFFE_PN0P_/D (sg13g2_dfrbpq_1)    0.34    1.14    0.80 (MET)
y_reg[5]$_SDFFE_PN0P_/D (sg13g2_dfrbpq_1)    0.34    1.14    0.80 (MET)
y_reg[5]$_SDFFE_PN0P_/D (sg13g2_dfrbpq_1)    0.34    1.14    0.80 (MET)
y_reg[5]$_SDFFE_PN0P_/D (sg13g2_dfrbpq_1)    0.34    1.14    0.80 (MET)
y_reg[5]$_SDFFE_PN0P_/D (sg13g2_dfrbpq_1)    0.34    1.14    0.80 (MET)
y_reg[5]$_SDFFE_PN0P_/D (sg13g2_dfrbpq_1)    0.34    1.14    0.80 (MET)
y_reg[5]$_SDFFE_PN0P_/D (sg13g2_dfrbpq_1)    0.34    1.14    0.80 (MET)
y_reg[5]$_SDFFE_PN0P_/D (sg13g2_dfrbpq_1)    0.34    1.14    0.80 (MET)
y_reg[5]$_SDFFE_PN0P_/D (sg13g2_dfrbpq_1)    0.34    1.14    0.80 (MET)
y_reg[5]$_SDFFE_PN0P_/D (sg13g2_dfrbpq_1)    0.34    1.14    0.80 (MET)
y_reg[5]$_SDFFE_PN0P_/D (sg13g2_dfrbpq_1)    0.34    1.14    0.80 (MET)
y_reg[5]$_SDFFE_PN0P_/D (sg13g2_dfrbpq_1)    0.34    1.14    0.80 (MET)
y_reg[5]$_SDFFE_PN0P_/D (sg13g2_dfrbpq_1)    0.34    1.14    0.80 (MET)
y_reg[5]$_SDFFE_PN0P_/D (sg13g2_dfrbpq_1)    0.34    1.14    0.80 (MET)
y_reg[5]$_SDFFE_PN0P_/D (sg13g2_dfrbpq_1)    0.34    1.14    0.80 (MET)
y_reg[5]$_SDFFE_PN0P_/D (sg13g2_dfrbpq_1)    0.34    1.14    0.80 (MET)
y_reg[5]$_SDFFE_PN0P_/D (sg13g2_dfrbpq_1)    0.34    1.14    0.80 (MET)
x_reg[4]$_SDFFE_PN0P_/D (sg13g2_dfrbpq_1)    0.32    1.12    0.80 (MET)
x_reg[4]$_SDFFE_PN0P_/D (sg13g2_dfrbpq_1)    0.32    1.12    0.80 (MET)
x_reg[4]$_SDFFE_PN0P_/D (sg13g2_dfrbpq_1)    0.32    1.12    0.80 (MET)
x_reg[4]$_SDFFE_PN0P_/D (sg13g2_dfrbpq_1)    0.32    1.12    0.80 (MET)
y_reg[3]$_SDFFE_PN0P_/D (sg13g2_dfrbpq_1)    0.31    1.11    0.80 (MET)
y_reg[3]$_SDFFE_PN0P_/D (sg13g2_dfrbpq_1)    0.31    1.11    0.80 (MET)
y_reg[3]$_SDFFE_PN0P_/D (sg13g2_dfrbpq_1)    0.31    1.11    0.80 (MET)
y_reg[3]$_SDFFE_PN0P_/D (sg13g2_dfrbpq_1)    0.31    1.11    0.80 (MET)
x_reg[5]$_SDFFE_PN0P_/D (sg13g2_dfrbpq_1)    0.31    1.11    0.80 (MET)
x_reg[5]$_SDFFE_PN0P_/D (sg13g2_dfrbpq_1)    0.31    1.11    0.80 (MET)
y_reg[5]$_SDFFE_PN0P_/D (sg13g2_dfrbpq_1)    0.34    1.14    0.80 (MET)
y_reg[5]$_SDFFE_PN0P_/D (sg13g2_dfrbpq_1)    0.34    1.14    0.80 (MET)
y_reg[5]$_SDFFE_PN0P_/D (sg13g2_dfrbpq_1)    0.34    1.14    0.80 (MET)
y_reg[5]$_SDFFE_PN0P_/D (sg13g2_dfrbpq_1)    0.34    1.14    0.80 (MET)
y_reg[5]$_SDFFE_PN0P_/D (sg13g2_dfrbpq_1)    0.34    1.14    0.80 (MET)
y_reg[5]$_SDFFE_PN0P_/D (sg13g2_dfrbpq_1)    0.34    1.14    0.80 (MET)
y_reg[5]$_SDFFE_PN0P_/D (sg13g2_dfrbpq_1)    0.34    1.14    0.80 (MET)
y_reg[5]$_SDFFE_PN0P_/D (sg13g2_dfrbpq_1)    0.34    1.14    0.80 (MET)
y_reg[5]$_SDFFE_PN0P_/D (sg13g2_dfrbpq_1)    0.34    1.14    0.80 (MET)
y_reg[5]$_SDFFE_PN0P_/D (sg13g2_dfrbpq_1)    0.34    1.14    0.80 (MET)
y_reg[5]$_SDFFE_PN0P_/D (sg13g2_dfrbpq_1)    0.34    1.14    0.80 (MET)
y_reg[5]$_SDFFE_PN0P_/D (sg13g2_dfrbpq_1)    0.34    1.14    0.80 (MET)
y_reg[5]$_SDFFE_PN0P_/D (sg13g2_dfrbpq_1)    0.34    1.14    0.80 (MET)
y_reg[5]$_SDFFE_PN0P_/D (sg13g2_dfrbpq_1)    0.34    1.14    0.80 (MET)
y_reg[5]$_SDFFE_PN0P_/D (sg13g2_dfrbpq_1)    0.34    1.14    0.80 (MET)
y_reg[5]$_SDFFE_PN0P_/D (sg13g2_dfrbpq_1)    0.34    1.14    0.80 (MET)
y_reg[2]$_SDFFE_PN0P_/D (sg13g2_dfrbpq_1)    0.34    1.14    0.80 (MET)
y_reg[2]$_SDFFE_PN0P_/D (sg13g2_dfrbpq_1)    0.34    1.14    0.80 (MET)
y_reg[2]$_SDFFE_PN0P_/D (sg13g2_dfrbpq_1)    0.34    1.14    0.80 (MET)
y_reg[2]$_SDFFE_PN0P_/D (sg13g2_dfrbpq_1)    0.34    1.14    0.80 (MET)
x_reg[5]$_SDFFE_PN0P_/D (sg13g2_dfrbpq_1)    0.31    1.11    0.80 (MET)
y_reg[3]$_SDFFE_PN0P_/D (sg13g2_dfrbpq_1)    0.34    1.14    0.80 (MET)
y_reg[5]$_SDFFE_PN0P_/D (sg13g2_dfrbpq_1)    0.34    1.14    0.80 (MET)
y_reg[5]$_SDFFE_PN0P_/D (sg13g2_dfrbpq_1)    0.34    1.14    0.80 (MET)
y_reg[5]$_SDFFE_PN0P_/D (sg13g2_dfrbpq_1)    0.34    1.14    0.80 (MET)
y_reg[5]$_SDFFE_PN0P_/D (sg13g2_dfrbpq_1)    0.34    1.14    0.80 (MET)
y_reg[5]$_SDFFE_PN0P_/D (sg13g2_dfrbpq_1)    0.34    1.14    0.80 (MET)
y_reg[5]$_SDFFE_PN0P_/D (sg13g2_dfrbpq_1)    0.34    1.14    0.80 (MET)
y_reg[5]$_SDFFE_PN0P_/D (sg13g2_dfrbpq_1)    0.34    1.14    0.80 (MET)
y_reg[5]$_SDFFE_PN0P_/D (sg13g2_dfrbpq_1)    0.34    1.14    0.80 (MET)
x_reg[5]$_SDFFE_PN0P_/D (sg13g2_dfrbpq_1)    0.31    1.11    0.80 (MET)
x_reg[5]$_SDFFE_PN0P_/D (sg13g2_dfrbpq_1)    0.31    1.11    0.80 (MET)
y_reg[5]$_SDFFE_PN0P_/D (sg13g2_dfrbpq_1)    0.34    1.14    0.80 (MET)
y_reg[5]$_SDFFE_PN0P_/D (sg13g2_dfrbpq_1)    0.34    1.14    0.80 (MET)
y_reg[5]$_SDFFE_PN0P_/D (sg13g2_dfrbpq_1)    0.34    1.14    0.80 (MET)
y_reg[5]$_SDFFE_PN0P_/D (sg13g2_dfrbpq_1)    0.34    1.14    0.80 (MET)
y_reg[5]$_SDFFE_PN0P_/D (sg13g2_dfrbpq_1)    0.34    1.14    0.80 (MET)
y_reg[5]$_SDFFE_PN0P_/D (sg13g2_dfrbpq_1)    0.34    1.14    0.80 (MET)
y_reg[5]$_SDFFE_PN0P_/D (sg13g2_dfrbpq_1)    0.34    1.14    0.80 (MET)
y_reg[5]$_SDFFE_PN0P_/D (sg13g2_dfrbpq_1)    0.34    1.14    0.80 (MET)
y_reg[5]$_SDFFE_PN0P_/D (sg13g2_dfrbpq_1)    0.34    1.14    0.80 (MET)
y_reg[5]$_SDFFE_PN0P_/D (sg13g2_dfrbpq_1)    0.34    1.14    0.80 (MET)
y_reg[5]$_SDFFE_PN0P_/D (sg13g2_dfrbpq_1)    0.34    1.14    0.80 (MET)
y_reg[5]$_SDFFE_PN0P_/D (sg13g2_dfrbpq_1)    0.34    1.14    0.80 (MET)
y_reg[5]$_SDFFE_PN0P_/D (sg13g2_dfrbpq_1)    0.34    1.14    0.80 (MET)
y_reg[5]$_SDFFE_PN0P_/D (sg13g2_dfrbpq_1)    0.34    1.14    0.80 (MET)
y_reg[5]$_SDFFE_PN0P_/D (sg13g2_dfrbpq_1)    0.34    1.14    0.80 (MET)
y_reg[5]$_SDFFE_PN0P_/D (sg13g2_dfrbpq_1)    0.34    1.14    0.80 (MET)
x_reg[5]$_SDFFE_PN0P_/D (sg13g2_dfrbpq_1)    0.31    1.11    0.80 (MET)
x_reg[5]$_SDFFE_PN0P_/D (sg13g2_dfrbpq_1)    0.31    1.11    0.80 (MET)
x_reg[5]$_SDFFE_PN0P_/D (sg13g2_dfrbpq_1)    0.31    1.11    0.80 (MET)
x_reg[5]$_SDFFE_PN0P_/D (sg13g2_dfrbpq_1)    0.31    1.11    0.80 (MET)
x_reg[5]$_SDFFE_PN0P_/D (sg13g2_dfrbpq_1)    0.31    1.11    0.80 (MET)
x_reg[1]$_SDFFE_PN0P_/D (sg13g2_dfrbpq_1)    0.32    1.12    0.80 (MET)
x_reg[1]$_SDFFE_PN0P_/D (sg13g2_dfrbpq_1)    0.32    1.12    0.80 (MET)
x_reg[1]$_SDFFE_PN0P_/D (sg13g2_dfrbpq_1)    0.32    1.12    0.80 (MET)
x_reg[1]$_SDFFE_PN0P_/D (sg13g2_dfrbpq_1)    0.32    1.12    0.80 (MET)
y_reg[2]$_SDFFE_PN0P_/D (sg13g2_dfrbpq_1)    0.34    1.14    0.80 (MET)
y_reg[2]$_SDFFE_PN0P_/D (sg13g2_dfrbpq_1)    0.34    1.14    0.80 (MET)
x_reg[5]$_SDFFE_PN0P_/D (sg13g2_dfrbpq_1)    0.34    1.14    0.80 (MET)
x_reg[5]$_SDFFE_PN0P_/D (sg13g2_dfrbpq_1)    0.34    1.14    0.80 (MET)
x_reg[5]$_SDFFE_PN0P_/D (sg13g2_dfrbpq_1)    0.34    1.14    0.80 (MET)
x_reg[5]$_SDFFE_PN0P_/D (sg13g2_dfrbpq_1)    0.34    1.14    0.80 (MET)
x_reg[5]$_SDFFE_PN0P_/D (sg13g2_dfrbpq_1)    0.31    1.11    0.80 (MET)
x_reg[5]$_SDFFE_PN0P_/D (sg13g2_dfrbpq_1)    0.31    1.11    0.80 (MET)
x_reg[6]$_SDFFE_PN0P_/D (sg13g2_dfrbpq_1)    0.34    1.13    0.80 (MET)
x_reg[5]$_SDFFE_PN0P_/D (sg13g2_dfrbpq_1)    0.31    1.11    0.80 (MET)
x_reg[5]$_SDFFE_PN0P_/D (sg13g2_dfrbpq_1)    0.31    1.11    0.80 (MET)
x_reg[5]$_SDFFE_PN0P_/D (sg13g2_dfrbpq_1)    0.31    1.11    0.80 (MET)
x_reg[5]$_SDFFE_PN0P_/D (sg13g2_dfrbpq_1)    0.31    1.11    0.80 (MET)
x_reg[7]$_SDFFE_PN0P_/D (sg13g2_dfrbpq_1)    0.35    1.14    0.80 (MET)
x_reg[5]$_SDFFE_PN0P_/D (sg13g2_dfrbpq_1)    0.34    1.14    0.80 (MET)
x_reg[5]$_SDFFE_PN0P_/D (sg13g2_dfrbpq_1)    0.34    1.14    0.80 (MET)
x_reg[5]$_SDFFE_PN0P_/D (sg13g2_dfrbpq_1)    0.34    1.14    0.80 (MET)
x_reg[5]$_SDFFE_PN0P_/D (sg13g2_dfrbpq_1)    0.34    1.14    0.80 (MET)
x_reg[4]$_SDFFE_PN0P_/D (sg13g2_dfrbpq_1)    0.35    1.15    0.80 (MET)
x_reg[4]$_SDFFE_PN0P_/D (sg13g2_dfrbpq_1)    0.35    1.15    0.80 (MET)
x_reg[5]$_SDFFE_PN0P_/D (sg13g2_dfrbpq_1)    0.31    1.11    0.80 (MET)
x_reg[5]$_SDFFE_PN0P_/D (sg13g2_dfrbpq_1)    0.31    1.11    0.80 (MET)
y_reg[5]$_SDFFE_PN0P_/D (sg13g2_dfrbpq_1)    0.34    1.14    0.80 (MET)
x_reg[5]$_SDFFE_PN0P_/D (sg13g2_dfrbpq_1)    0.34    1.14    0.80 (MET)
x_reg[5]$_SDFFE_PN0P_/D (sg13g2_dfrbpq_1)    0.34    1.14    0.80 (MET)
x_reg[5]$_SDFFE_PN0P_/D (sg13g2_dfrbpq_1)    0.34    1.14    0.80 (MET)
x_reg[5]$_SDFFE_PN0P_/D (sg13g2_dfrbpq_1)    0.34    1.14    0.80 (MET)
x_reg[5]$_SDFFE_PN0P_/D (sg13g2_dfrbpq_1)    0.34    1.14    0.80 (MET)
x_reg[5]$_SDFFE_PN0P_/D (sg13g2_dfrbpq_1)    0.31    1.11    0.80 (MET)
x_reg[5]$_SDFFE_PN0P_/D (sg13g2_dfrbpq_1)    0.31    1.11    0.80 (MET)
x_reg[5]$_SDFFE_PN0P_/D (sg13g2_dfrbpq_1)    0.34    1.14    0.80 (MET)
x_reg[5]$_SDFFE_PN0P_/D (sg13g2_dfrbpq_1)    0.31    1.11    0.80 (MET)
x_reg[5]$_SDFFE_PN0P_/D (sg13g2_dfrbpq_1)    0.31    1.11    0.80 (MET)
x_reg[5]$_SDFFE_PN0P_/D (sg13g2_dfrbpq_1)    0.34    1.14    0.80 (MET)
x_reg[5]$_SDFFE_PN0P_/D (sg13g2_dfrbpq_1)    0.34    1.14    0.80 (MET)
x_reg[5]$_SDFFE_PN0P_/D (sg13g2_dfrbpq_1)    0.34    1.14    0.80 (MET)
x_reg[5]$_SDFFE_PN0P_/D (sg13g2_dfrbpq_1)    0.34    1.14    0.80 (MET)
x_reg[4]$_SDFFE_PN0P_/D (sg13g2_dfrbpq_1)    0.35    1.15    0.80 (MET)
x_reg[4]$_SDFFE_PN0P_/D (sg13g2_dfrbpq_1)    0.35    1.15    0.80 (MET)
x_reg[4]$_SDFFE_PN0P_/D (sg13g2_dfrbpq_1)    0.35    1.15    0.80 (MET)
x_reg[4]$_SDFFE_PN0P_/D (sg13g2_dfrbpq_1)    0.35    1.15    0.80 (MET)
x_reg[4]$_SDFFE_PN0P_/D (sg13g2_dfrbpq_1)    0.35    1.15    0.80 (MET)
x_reg[4]$_SDFFE_PN0P_/D (sg13g2_dfrbpq_1)    0.35    1.15    0.80 (MET)
x_reg[5]$_SDFFE_PN0P_/D (sg13g2_dfrbpq_1)    0.31    1.11    0.80 (MET)
x_reg[5]$_SDFFE_PN0P_/D (sg13g2_dfrbpq_1)    0.31    1.11    0.80 (MET)
x_reg[5]$_SDFFE_PN0P_/D (sg13g2_dfrbpq_1)    0.31    1.11    0.80 (MET)
x_reg[5]$_SDFFE_PN0P_/D (sg13g2_dfrbpq_1)    0.31    1.11    0.80 (MET)
x_reg[6]$_SDFFE_PN0P_/D (sg13g2_dfrbpq_1)    0.34    1.13    0.80 (MET)
x_reg[4]$_SDFFE_PN0P_/D (sg13g2_dfrbpq_1)    0.35    1.15    0.80 (MET)
x_reg[4]$_SDFFE_PN0P_/D (sg13g2_dfrbpq_1)    0.35    1.15    0.80 (MET)
x_reg[4]$_SDFFE_PN0P_/D (sg13g2_dfrbpq_1)    0.35    1.15    0.80 (MET)
x_reg[4]$_SDFFE_PN0P_/D (sg13g2_dfrbpq_1)    0.35    1.15    0.80 (MET)
x_reg[4]$_SDFFE_PN0P_/D (sg13g2_dfrbpq_1)    0.35    1.15    0.80 (MET)
x_reg[4]$_SDFFE_PN0P_/D (sg13g2_dfrbpq_1)    0.35    1.15    0.80 (MET)
x_reg[4]$_SDFFE_PN0P_/D (sg13g2_dfrbpq_1)    0.35    1.15    0.80 (MET)
x_reg[4]$_SDFFE_PN0P_/D (sg13g2_dfrbpq_1)    0.35    1.15    0.80 (MET)
x_reg[7]$_SDFFE_PN0P_/D (sg13g2_dfrbpq_1)    0.35    1.14    0.80 (MET)
x_reg[7]$_SDFFE_PN0P_/D (sg13g2_dfrbpq_1)    0.35    1.14    0.80 (MET)
x_reg[5]$_SDFFE_PN0P_/D (sg13g2_dfrbpq_1)    0.31    1.11    0.80 (MET)
x_reg[5]$_SDFFE_PN0P_/D (sg13g2_dfrbpq_1)    0.31    1.11    0.80 (MET)
x_reg[5]$_SDFFE_PN0P_/D (sg13g2_dfrbpq_1)    0.31    1.11    0.80 (MET)
x_reg[5]$_SDFFE_PN0P_/D (sg13g2_dfrbpq_1)    0.31    1.11    0.80 (MET)
x_reg[9]$_SDFFE_PN0P_/D (sg13g2_dfrbpq_1)    0.32    1.12    0.80 (MET)
x_reg[9]$_SDFFE_PN0P_/D (sg13g2_dfrbpq_1)    0.32    1.12    0.80 (MET)
x_reg[2]$_SDFFE_PN0P_/D (sg13g2_dfrbpq_1)    0.31    1.11    0.80 (MET)
x_reg[2]$_SDFFE_PN0P_/D (sg13g2_dfrbpq_1)    0.31    1.11    0.80 (MET)
x_reg[2]$_SDFFE_PN0P_/D (sg13g2_dfrbpq_1)    0.31    1.11    0.80 (MET)
x_reg[2]$_SDFFE_PN0P_/D (sg13g2_dfrbpq_1)    0.31    1.11    0.80 (MET)
x_reg[4]$_SDFFE_PN0P_/D (sg13g2_dfrbpq_1)    0.35    1.15    0.80 (MET)
x_reg[4]$_SDFFE_PN0P_/D (sg13g2_dfrbpq_1)    0.35    1.15    0.80 (MET)
x_reg[4]$_SDFFE_PN0P_/D (sg13g2_dfrbpq_1)    0.35    1.15    0.80 (MET)
x_reg[4]$_SDFFE_PN0P_/D (sg13g2_dfrbpq_1)    0.35    1.15    0.80 (MET)
x_reg[6]$_SDFFE_PN0P_/D (sg13g2_dfrbpq_1)    0.34    1.13    0.80 (MET)
x_reg[4]$_SDFFE_PN0P_/D (sg13g2_dfrbpq_1)    0.35    1.15    0.80 (MET)
x_reg[4]$_SDFFE_PN0P_/D (sg13g2_dfrbpq_1)    0.35    1.15    0.80 (MET)
x_reg[4]$_SDFFE_PN0P_/D (sg13g2_dfrbpq_1)    0.35    1.15    0.80 (MET)
x_reg[4]$_SDFFE_PN0P_/D (sg13g2_dfrbpq_1)    0.35    1.15    0.80 (MET)
y_reg[5]$_SDFFE_PN0P_/D (sg13g2_dfrbpq_1)    0.34    1.14    0.80 (MET)
y_reg[5]$_SDFFE_PN0P_/D (sg13g2_dfrbpq_1)    0.34    1.14    0.80 (MET)
y_reg[5]$_SDFFE_PN0P_/D (sg13g2_dfrbpq_1)    0.34    1.14    0.80 (MET)
y_reg[5]$_SDFFE_PN0P_/D (sg13g2_dfrbpq_1)    0.34    1.14    0.80 (MET)
y_reg[5]$_SDFFE_PN0P_/D (sg13g2_dfrbpq_1)    0.34    1.14    0.80 (MET)
y_reg[5]$_SDFFE_PN0P_/D (sg13g2_dfrbpq_1)    0.34    1.14    0.80 (MET)
y_reg[5]$_SDFFE_PN0P_/D (sg13g2_dfrbpq_1)    0.34    1.14    0.80 (MET)
y_reg[5]$_SDFFE_PN0P_/D (sg13g2_dfrbpq_1)    0.34    1.14    0.80 (MET)
x_reg[4]$_SDFFE_PN0P_/D (sg13g2_dfrbpq_1)    0.32    1.12    0.80 (MET)
x_reg[4]$_SDFFE_PN0P_/D (sg13g2_dfrbpq_1)    0.32    1.12    0.80 (MET)
x_reg[4]$_SDFFE_PN0P_/D (sg13g2_dfrbpq_1)    0.32    1.12    0.80 (MET)
x_reg[4]$_SDFFE_PN0P_/D (sg13g2_dfrbpq_1)    0.32    1.12    0.80 (MET)
y_reg[5]$_SDFFE_PN0P_/D (sg13g2_dfrbpq_1)    0.34    1.14    0.80 (MET)
y_reg[5]$_SDFFE_PN0P_/D (sg13g2_dfrbpq_1)    0.34    1.14    0.80 (MET)
x_reg[5]$_SDFFE_PN0P_/D (sg13g2_dfrbpq_1)    0.31    1.11    0.80 (MET)
x_reg[5]$_SDFFE_PN0P_/D (sg13g2_dfrbpq_1)    0.31    1.11    0.80 (MET)
x_reg[6]$_SDFFE_PN0P_/D (sg13g2_dfrbpq_1)    0.31    1.11    0.80 (MET)
x_reg[6]$_SDFFE_PN0P_/D (sg13g2_dfrbpq_1)    0.31    1.11    0.80 (MET)
x_reg[6]$_SDFFE_PN0P_/D (sg13g2_dfrbpq_1)    0.34    1.14    0.80 (MET)
x_reg[6]$_SDFFE_PN0P_/D (sg13g2_dfrbpq_1)    0.34    1.14    0.80 (MET)
y_reg[5]$_SDFFE_PN0P_/D (sg13g2_dfrbpq_1)    0.34    1.14    0.80 (MET)
y_reg[5]$_SDFFE_PN0P_/D (sg13g2_dfrbpq_1)    0.34    1.14    0.80 (MET)
y_reg[5]$_SDFFE_PN0P_/D (sg13g2_dfrbpq_1)    0.34    1.14    0.80 (MET)
y_reg[5]$_SDFFE_PN0P_/D (sg13g2_dfrbpq_1)    0.34    1.14    0.80 (MET)
y_reg[5]$_SDFFE_PN0P_/D (sg13g2_dfrbpq_1)    0.34    1.14    0.80 (MET)
y_reg[5]$_SDFFE_PN0P_/D (sg13g2_dfrbpq_1)    0.34    1.14    0.80 (MET)
y_reg[5]$_SDFFE_PN0P_/D (sg13g2_dfrbpq_1)    0.34    1.14    0.80 (MET)
y_reg[5]$_SDFFE_PN0P_/D (sg13g2_dfrbpq_1)    0.34    1.14    0.80 (MET)
y_reg[5]$_SDFFE_PN0P_/D (sg13g2_dfrbpq_1)    0.34    1.14    0.80 (MET)
y_reg[5]$_SDFFE_PN0P_/D (sg13g2_dfrbpq_1)    0.34    1.14    0.80 (MET)
y_reg[5]$_SDFFE_PN0P_/D (sg13g2_dfrbpq_1)    0.34    1.14    0.80 (MET)
y_reg[5]$_SDFFE_PN0P_/D (sg13g2_dfrbpq_1)    0.34    1.14    0.80 (MET)
y_reg[3]$_SDFFE_PN0P_/D (sg13g2_dfrbpq_1)    0.34    1.14    0.80 (MET)
x_reg[5]$_SDFFE_PN0P_/D (sg13g2_dfrbpq_1)    0.34    1.14    0.80 (MET)
x_reg[5]$_SDFFE_PN0P_/D (sg13g2_dfrbpq_1)    0.34    1.14    0.80 (MET)
x_reg[6]$_SDFFE_PN0P_/D (sg13g2_dfrbpq_1)    0.31    1.11    0.80 (MET)
x_reg[6]$_SDFFE_PN0P_/D (sg13g2_dfrbpq_1)    0.31    1.11    0.80 (MET)
x_reg[6]$_SDFFE_PN0P_/D (sg13g2_dfrbpq_1)    0.34    1.14    0.80 (MET)
y_reg[5]$_SDFFE_PN0P_/D (sg13g2_dfrbpq_1)    0.34    1.14    0.80 (MET)
y_reg[5]$_SDFFE_PN0P_/D (sg13g2_dfrbpq_1)    0.34    1.14    0.80 (MET)
y_reg[5]$_SDFFE_PN0P_/D (sg13g2_dfrbpq_1)    0.34    1.14    0.80 (MET)
y_reg[5]$_SDFFE_PN0P_/D (sg13g2_dfrbpq_1)    0.34    1.14    0.80 (MET)
y_reg[5]$_SDFFE_PN0P_/D (sg13g2_dfrbpq_1)    0.34    1.14    0.80 (MET)
y_reg[5]$_SDFFE_PN0P_/D (sg13g2_dfrbpq_1)    0.34    1.14    0.80 (MET)
x_reg[5]$_SDFFE_PN0P_/D (sg13g2_dfrbpq_1)    0.31    1.11    0.80 (MET)
x_reg[5]$_SDFFE_PN0P_/D (sg13g2_dfrbpq_1)    0.31    1.11    0.80 (MET)
x_reg[5]$_SDFFE_PN0P_/D (sg13g2_dfrbpq_1)    0.31    1.11    0.80 (MET)
x_reg[5]$_SDFFE_PN0P_/D (sg13g2_dfrbpq_1)    0.31    1.11    0.80 (MET)
x_reg[5]$_SDFFE_PN0P_/D (sg13g2_dfrbpq_1)    0.31    1.11    0.80 (MET)
x_reg[5]$_SDFFE_PN0P_/D (sg13g2_dfrbpq_1)    0.31    1.11    0.80 (MET)
x_reg[5]$_SDFFE_PN0P_/D (sg13g2_dfrbpq_1)    0.34    1.14    0.80 (MET)
y_reg[3]$_SDFFE_PN0P_/D (sg13g2_dfrbpq_1)    0.34    1.14    0.80 (MET)
x_reg[7]$_SDFFE_PN0P_/D (sg13g2_dfrbpq_1)    0.35    1.15    0.80 (MET)
y_reg[5]$_SDFFE_PN0P_/D (sg13g2_dfrbpq_1)    0.34    1.14    0.80 (MET)
y_reg[5]$_SDFFE_PN0P_/D (sg13g2_dfrbpq_1)    0.34    1.14    0.80 (MET)
y_reg[5]$_SDFFE_PN0P_/D (sg13g2_dfrbpq_1)    0.34    1.14    0.80 (MET)
y_reg[5]$_SDFFE_PN0P_/D (sg13g2_dfrbpq_1)    0.34    1.14    0.80 (MET)
y_reg[5]$_SDFFE_PN0P_/D (sg13g2_dfrbpq_1)    0.34    1.14    0.80 (MET)
y_reg[5]$_SDFFE_PN0P_/D (sg13g2_dfrbpq_1)    0.34    1.14    0.80 (MET)
y_reg[5]$_SDFFE_PN0P_/D (sg13g2_dfrbpq_1)    0.34    1.14    0.80 (MET)
y_reg[5]$_SDFFE_PN0P_/D (sg13g2_dfrbpq_1)    0.34    1.14    0.80 (MET)
y_reg[5]$_SDFFE_PN0P_/D (sg13g2_dfrbpq_1)    0.34    1.14    0.80 (MET)
y_reg[5]$_SDFFE_PN0P_/D (sg13g2_dfrbpq_1)    0.34    1.14    0.80 (MET)
y_reg[5]$_SDFFE_PN0P_/D (sg13g2_dfrbpq_1)    0.34    1.14    0.80 (MET)
y_reg[5]$_SDFFE_PN0P_/D (sg13g2_dfrbpq_1)    0.34    1.14    0.80 (MET)
y_reg[5]$_SDFFE_PN0P_/D (sg13g2_dfrbpq_1)    0.34    1.14    0.80 (MET)
y_reg[5]$_SDFFE_PN0P_/D (sg13g2_dfrbpq_1)    0.34    1.14    0.80 (MET)
y_reg[5]$_SDFFE_PN0P_/D (sg13g2_dfrbpq_1)    0.34    1.14    0.80 (MET)
y_reg[5]$_SDFFE_PN0P_/D (sg13g2_dfrbpq_1)    0.34    1.14    0.80 (MET)
x_reg[5]$_SDFFE_PN0P_/D (sg13g2_dfrbpq_1)    0.34    1.14    0.80 (MET)
x_reg[5]$_SDFFE_PN0P_/D (sg13g2_dfrbpq_1)    0.34    1.14    0.80 (MET)
x_reg[4]$_SDFFE_PN0P_/D (sg13g2_dfrbpq_1)    0.32    1.12    0.80 (MET)
x_reg[4]$_SDFFE_PN0P_/D (sg13g2_dfrbpq_1)    0.32    1.12    0.80 (MET)
x_reg[4]$_SDFFE_PN0P_/D (sg13g2_dfrbpq_1)    0.32    1.12    0.80 (MET)
x_reg[4]$_SDFFE_PN0P_/D (sg13g2_dfrbpq_1)    0.32    1.12    0.80 (MET)
x_reg[4]$_SDFFE_PN0P_/D (sg13g2_dfrbpq_1)    0.32    1.12    0.80 (MET)
x_reg[4]$_SDFFE_PN0P_/D (sg13g2_dfrbpq_1)    0.32    1.12    0.80 (MET)
x_reg[4]$_SDFFE_PN0P_/D (sg13g2_dfrbpq_1)    0.32    1.12    0.80 (MET)
x_reg[4]$_SDFFE_PN0P_/D (sg13g2_dfrbpq_1)    0.32    1.12    0.80 (MET)
y_reg[5]$_SDFFE_PN0P_/D (sg13g2_dfrbpq_1)    0.34    1.14    0.80 (MET)
y_reg[5]$_SDFFE_PN0P_/D (sg13g2_dfrbpq_1)    0.34    1.14    0.80 (MET)
y_reg[5]$_SDFFE_PN0P_/D (sg13g2_dfrbpq_1)    0.34    1.14    0.80 (MET)
y_reg[5]$_SDFFE_PN0P_/D (sg13g2_dfrbpq_1)    0.34    1.14    0.80 (MET)
x_reg[5]$_SDFFE_PN0P_/D (sg13g2_dfrbpq_1)    0.34    1.14    0.80 (MET)
x_reg[5]$_SDFFE_PN0P_/D (sg13g2_dfrbpq_1)    0.34    1.14    0.80 (MET)
x_reg[5]$_SDFFE_PN0P_/D (sg13g2_dfrbpq_1)    0.34    1.14    0.80 (MET)
x_reg[5]$_SDFFE_PN0P_/D (sg13g2_dfrbpq_1)    0.34    1.14    0.80 (MET)
x_reg[4]$_SDFFE_PN0P_/D (sg13g2_dfrbpq_1)    0.35    1.15    0.80 (MET)
x_reg[4]$_SDFFE_PN0P_/D (sg13g2_dfrbpq_1)    0.35    1.15    0.80 (MET)
x_reg[4]$_SDFFE_PN0P_/D (sg13g2_dfrbpq_1)    0.35    1.15    0.80 (MET)
x_reg[4]$_SDFFE_PN0P_/D (sg13g2_dfrbpq_1)    0.35    1.15    0.80 (MET)
x_reg[4]$_SDFFE_PN0P_/D (sg13g2_dfrbpq_1)    0.35    1.15    0.80 (MET)
x_reg[4]$_SDFFE_PN0P_/D (sg13g2_dfrbpq_1)    0.35    1.15    0.80 (MET)
x_reg[4]$_SDFFE_PN0P_/D (sg13g2_dfrbpq_1)    0.35    1.15    0.80 (MET)
x_reg[4]$_SDFFE_PN0P_/D (sg13g2_dfrbpq_1)    0.35    1.15    0.80 (MET)
x_reg[5]$_SDFFE_PN0P_/D (sg13g2_dfrbpq_1)    0.34    1.14    0.80 (MET)
x_reg[5]$_SDFFE_PN0P_/D (sg13g2_dfrbpq_1)    0.34    1.14    0.80 (MET)
x_reg[5]$_SDFFE_PN0P_/D (sg13g2_dfrbpq_1)    0.34    1.14    0.80 (MET)
x_reg[5]$_SDFFE_PN0P_/D (sg13g2_dfrbpq_1)    0.34    1.14    0.80 (MET)
x_reg[6]$_SDFFE_PN0P_/D (sg13g2_dfrbpq_1)    0.31    1.11    0.80 (MET)
x_reg[6]$_SDFFE_PN0P_/D (sg13g2_dfrbpq_1)    0.31    1.11    0.80 (MET)
x_reg[6]$_SDFFE_PN0P_/D (sg13g2_dfrbpq_1)    0.31    1.11    0.80 (MET)
x_reg[6]$_SDFFE_PN0P_/D (sg13g2_dfrbpq_1)    0.31    1.11    0.80 (MET)
y_reg[5]$_SDFFE_PN0P_/D (sg13g2_dfrbpq_1)    0.34    1.14    0.80 (MET)
y_reg[5]$_SDFFE_PN0P_/D (sg13g2_dfrbpq_1)    0.34    1.14    0.80 (MET)
y_reg[5]$_SDFFE_PN0P_/D (sg13g2_dfrbpq_1)    0.34    1.14    0.80 (MET)
y_reg[5]$_SDFFE_PN0P_/D (sg13g2_dfrbpq_1)    0.34    1.14    0.80 (MET)
y_reg[5]$_SDFFE_PN0P_/D (sg13g2_dfrbpq_1)    0.34    1.14    0.80 (MET)
y_reg[5]$_SDFFE_PN0P_/D (sg13g2_dfrbpq_1)    0.34    1.14    0.80 (MET)
y_reg[5]$_SDFFE_PN0P_/D (sg13g2_dfrbpq_1)    0.34    1.14    0.80 (MET)
y_reg[5]$_SDFFE_PN0P_/D (sg13g2_dfrbpq_1)    0.34    1.14    0.80 (MET)
y_reg[3]$_SDFFE_PN0P_/D (sg13g2_dfrbpq_1)    0.34    1.14    0.80 (MET)
y_reg[3]$_SDFFE_PN0P_/D (sg13g2_dfrbpq_1)    0.34    1.14    0.80 (MET)
y_reg[3]$_SDFFE_PN0P_/D (sg13g2_dfrbpq_1)    0.34    1.14    0.80 (MET)
y_reg[3]$_SDFFE_PN0P_/D (sg13g2_dfrbpq_1)    0.34    1.14    0.80 (MET)
y_reg[3]$_SDFFE_PN0P_/D (sg13g2_dfrbpq_1)    0.34    1.14    0.80 (MET)
y_reg[3]$_SDFFE_PN0P_/D (sg13g2_dfrbpq_1)    0.34    1.14    0.80 (MET)
y_reg[3]$_SDFFE_PN0P_/D (sg13g2_dfrbpq_1)    0.34    1.14    0.80 (MET)
y_reg[3]$_SDFFE_PN0P_/D (sg13g2_dfrbpq_1)    0.34    1.14    0.80 (MET)
x_reg[5]$_SDFFE_PN0P_/D (sg13g2_dfrbpq_1)    0.31    1.11    0.80 (MET)
x_reg[5]$_SDFFE_PN0P_/D (sg13g2_dfrbpq_1)    0.31    1.11    0.80 (MET)
x_reg[5]$_SDFFE_PN0P_/D (sg13g2_dfrbpq_1)    0.31    1.11    0.80 (MET)
x_reg[5]$_SDFFE_PN0P_/D (sg13g2_dfrbpq_1)    0.31    1.11    0.80 (MET)
y_reg[3]$_SDFFE_PN0P_/D (sg13g2_dfrbpq_1)    0.31    1.11    0.80 (MET)
x_reg[5]$_SDFFE_PN0P_/D (sg13g2_dfrbpq_1)    0.34    1.14    0.80 (MET)
x_reg[5]$_SDFFE_PN0P_/D (sg13g2_dfrbpq_1)    0.34    1.14    0.80 (MET)
y_reg[3]$_SDFFE_PN0P_/D (sg13g2_dfrbpq_1)    0.34    1.14    0.80 (MET)
y_reg[3]$_SDFFE_PN0P_/D (sg13g2_dfrbpq_1)    0.34    1.14    0.80 (MET)
y_reg[3]$_SDFFE_PN0P_/D (sg13g2_dfrbpq_1)    0.34    1.14    0.80 (MET)
y_reg[3]$_SDFFE_PN0P_/D (sg13g2_dfrbpq_1)    0.34    1.14    0.80 (MET)
y_reg[5]$_SDFFE_PN0P_/D (sg13g2_dfrbpq_1)    0.34    1.14    0.80 (MET)
y_reg[5]$_SDFFE_PN0P_/D (sg13g2_dfrbpq_1)    0.34    1.14    0.80 (MET)
y_reg[5]$_SDFFE_PN0P_/D (sg13g2_dfrbpq_1)    0.34    1.14    0.80 (MET)
y_reg[5]$_SDFFE_PN0P_/D (sg13g2_dfrbpq_1)    0.34    1.14    0.80 (MET)
y_reg[5]$_SDFFE_PN0P_/D (sg13g2_dfrbpq_1)    0.34    1.14    0.80 (MET)
y_reg[5]$_SDFFE_PN0P_/D (sg13g2_dfrbpq_1)    0.34    1.14    0.80 (MET)
y_reg[5]$_SDFFE_PN0P_/D (sg13g2_dfrbpq_1)    0.34    1.14    0.80 (MET)
y_reg[5]$_SDFFE_PN0P_/D (sg13g2_dfrbpq_1)    0.34    1.14    0.80 (MET)
x_reg[4]$_SDFFE_PN0P_/D (sg13g2_dfrbpq_1)    0.35    1.15    0.80 (MET)
x_reg[4]$_SDFFE_PN0P_/D (sg13g2_dfrbpq_1)    0.35    1.15    0.80 (MET)
x_reg[4]$_SDFFE_PN0P_/D (sg13g2_dfrbpq_1)    0.35    1.15    0.80 (MET)
x_reg[4]$_SDFFE_PN0P_/D (sg13g2_dfrbpq_1)    0.35    1.15    0.80 (MET)
x_reg[6]$_SDFFE_PN0P_/D (sg13g2_dfrbpq_1)    0.31    1.11    0.80 (MET)
y_reg[3]$_SDFFE_PN0P_/D (sg13g2_dfrbpq_1)    0.31    1.11    0.80 (MET)
y_reg[5]$_SDFFE_PN0P_/D (sg13g2_dfrbpq_1)    0.34    1.14    0.80 (MET)
y_reg[5]$_SDFFE_PN0P_/D (sg13g2_dfrbpq_1)    0.34    1.14    0.80 (MET)
y_reg[5]$_SDFFE_PN0P_/D (sg13g2_dfrbpq_1)    0.31    1.11    0.80 (MET)
x_reg[5]$_SDFFE_PN0P_/D (sg13g2_dfrbpq_1)    0.31    1.11    0.80 (MET)
x_reg[5]$_SDFFE_PN0P_/D (sg13g2_dfrbpq_1)    0.31    1.11    0.80 (MET)
y_reg[3]$_SDFFE_PN0P_/D (sg13g2_dfrbpq_1)    0.34    1.14    0.80 (MET)
y_reg[3]$_SDFFE_PN0P_/D (sg13g2_dfrbpq_1)    0.34    1.14    0.80 (MET)
y_reg[3]$_SDFFE_PN0P_/D (sg13g2_dfrbpq_1)    0.34    1.14    0.80 (MET)
y_reg[3]$_SDFFE_PN0P_/D (sg13g2_dfrbpq_1)    0.34    1.14    0.80 (MET)
y_reg[2]$_SDFFE_PN0P_/D (sg13g2_dfrbpq_1)    0.31    1.11    0.80 (MET)
x_reg[1]$_SDFFE_PN0P_/D (sg13g2_dfrbpq_1)    0.35    1.15    0.80 (MET)
x_reg[1]$_SDFFE_PN0P_/D (sg13g2_dfrbpq_1)    0.35    1.15    0.80 (MET)
y_reg[5]$_SDFFE_PN0P_/D (sg13g2_dfrbpq_1)    0.34    1.14    0.80 (MET)
y_reg[5]$_SDFFE_PN0P_/D (sg13g2_dfrbpq_1)    0.34    1.14    0.80 (MET)
x_reg[4]$_SDFFE_PN0P_/D (sg13g2_dfrbpq_1)    0.35    1.15    0.80 (MET)
x_reg[4]$_SDFFE_PN0P_/D (sg13g2_dfrbpq_1)    0.35    1.15    0.80 (MET)
x_reg[4]$_SDFFE_PN0P_/D (sg13g2_dfrbpq_1)    0.35    1.15    0.80 (MET)
x_reg[4]$_SDFFE_PN0P_/D (sg13g2_dfrbpq_1)    0.35    1.15    0.80 (MET)
y_reg[3]$_SDFFE_PN0P_/D (sg13g2_dfrbpq_1)    0.31    1.11    0.80 (MET)
y_reg[3]$_SDFFE_PN0P_/D (sg13g2_dfrbpq_1)    0.31    1.11    0.80 (MET)
y_reg[5]$_SDFFE_PN0P_/D (sg13g2_dfrbpq_1)    0.34    1.14    0.80 (MET)
y_reg[5]$_SDFFE_PN0P_/D (sg13g2_dfrbpq_1)    0.34    1.14    0.80 (MET)
x_reg[5]$_SDFFE_PN0P_/D (sg13g2_dfrbpq_1)    0.31    1.11    0.80 (MET)
x_reg[5]$_SDFFE_PN0P_/D (sg13g2_dfrbpq_1)    0.31    1.11    0.80 (MET)
y_reg[3]$_SDFFE_PN0P_/D (sg13g2_dfrbpq_1)    0.34    1.14    0.80 (MET)
y_reg[3]$_SDFFE_PN0P_/D (sg13g2_dfrbpq_1)    0.34    1.14    0.80 (MET)
y_reg[3]$_SDFFE_PN0P_/D (sg13g2_dfrbpq_1)    0.34    1.14    0.80 (MET)
y_reg[3]$_SDFFE_PN0P_/D (sg13g2_dfrbpq_1)    0.31    1.11    0.80 (MET)
y_reg[3]$_SDFFE_PN0P_/D (sg13g2_dfrbpq_1)    0.31    1.11    0.80 (MET)
y_reg[5]$_SDFFE_PN0P_/D (sg13g2_dfrbpq_1)    0.34    1.14    0.80 (MET)
y_reg[5]$_SDFFE_PN0P_/D (sg13g2_dfrbpq_1)    0.34    1.14    0.80 (MET)
y_reg[5]$_SDFFE_PN0P_/D (sg13g2_dfrbpq_1)    0.34    1.14    0.80 (MET)
y_reg[5]$_SDFFE_PN0P_/D (sg13g2_dfrbpq_1)    0.34    1.14    0.80 (MET)
y_reg[5]$_SDFFE_PN0P_/D (sg13g2_dfrbpq_1)    0.34    1.14    0.80 (MET)
y_reg[5]$_SDFFE_PN0P_/D (sg13g2_dfrbpq_1)    0.34    1.14    0.80 (MET)
x_reg[4]$_SDFFE_PN0P_/D (sg13g2_dfrbpq_1)    0.35    1.15    0.80 (MET)
x_reg[4]$_SDFFE_PN0P_/D (sg13g2_dfrbpq_1)    0.35    1.15    0.80 (MET)
x_reg[4]$_SDFFE_PN0P_/D (sg13g2_dfrbpq_1)    0.35    1.15    0.80 (MET)
x_reg[4]$_SDFFE_PN0P_/D (sg13g2_dfrbpq_1)    0.35    1.15    0.80 (MET)
x_reg[5]$_SDFFE_PN0P_/D (sg13g2_dfrbpq_1)    0.31    1.11    0.80 (MET)
x_reg[5]$_SDFFE_PN0P_/D (sg13g2_dfrbpq_1)    0.31    1.11    0.80 (MET)
x_reg[5]$_SDFFE_PN0P_/D (sg13g2_dfrbpq_1)    0.31    1.11    0.80 (MET)
x_reg[5]$_SDFFE_PN0P_/D (sg13g2_dfrbpq_1)    0.31    1.11    0.80 (MET)
x_reg[1]$_SDFFE_PN0P_/D (sg13g2_dfrbpq_1)    0.32    1.12    0.80 (MET)
x_reg[1]$_SDFFE_PN0P_/D (sg13g2_dfrbpq_1)    0.32    1.12    0.80 (MET)
y_reg[5]$_SDFFE_PN0P_/D (sg13g2_dfrbpq_1)    0.31    1.11    0.80 (MET)
y_reg[5]$_SDFFE_PN0P_/D (sg13g2_dfrbpq_1)    0.31    1.11    0.80 (MET)
y_reg[5]$_SDFFE_PN0P_/D (sg13g2_dfrbpq_1)    0.34    1.14    0.80 (MET)
y_reg[5]$_SDFFE_PN0P_/D (sg13g2_dfrbpq_1)    0.34    1.14    0.80 (MET)
y_reg[5]$_SDFFE_PN0P_/D (sg13g2_dfrbpq_1)    0.34    1.14    0.80 (MET)
y_reg[5]$_SDFFE_PN0P_/D (sg13g2_dfrbpq_1)    0.34    1.14    0.80 (MET)
y_reg[5]$_SDFFE_PN0P_/D (sg13g2_dfrbpq_1)    0.34    1.14    0.80 (MET)
y_reg[5]$_SDFFE_PN0P_/D (sg13g2_dfrbpq_1)    0.34    1.14    0.80 (MET)
y_reg[5]$_SDFFE_PN0P_/D (sg13g2_dfrbpq_1)    0.34    1.14    0.80 (MET)
y_reg[5]$_SDFFE_PN0P_/D (sg13g2_dfrbpq_1)    0.34    1.14    0.80 (MET)
x_reg[5]$_SDFFE_PN0P_/D (sg13g2_dfrbpq_1)    0.34    1.14    0.80 (MET)
x_reg[5]$_SDFFE_PN0P_/D (sg13g2_dfrbpq_1)    0.34    1.14    0.80 (MET)
x_reg[5]$_SDFFE_PN0P_/D (sg13g2_dfrbpq_1)    0.34    1.14    0.80 (MET)
x_reg[5]$_SDFFE_PN0P_/D (sg13g2_dfrbpq_1)    0.34    1.14    0.80 (MET)
x_reg[4]$_SDFFE_PN0P_/D (sg13g2_dfrbpq_1)    0.35    1.15    0.80 (MET)
x_reg[4]$_SDFFE_PN0P_/D (sg13g2_dfrbpq_1)    0.35    1.15    0.80 (MET)
y_reg[2]$_SDFFE_PN0P_/D (sg13g2_dfrbpq_1)    0.31    1.11    0.80 (MET)
y_reg[2]$_SDFFE_PN0P_/D (sg13g2_dfrbpq_1)    0.31    1.11    0.80 (MET)
x_reg[2]$_SDFFE_PN0P_/D (sg13g2_dfrbpq_1)    0.31    1.11    0.80 (MET)
x_reg[2]$_SDFFE_PN0P_/D (sg13g2_dfrbpq_1)    0.31    1.11    0.80 (MET)
x_reg[4]$_SDFFE_PN0P_/D (sg13g2_dfrbpq_1)    0.32    1.12    0.80 (MET)
x_reg[4]$_SDFFE_PN0P_/D (sg13g2_dfrbpq_1)    0.32    1.12    0.80 (MET)
x_reg[5]$_SDFFE_PN0P_/D (sg13g2_dfrbpq_1)    0.31    1.11    0.80 (MET)
x_reg[5]$_SDFFE_PN0P_/D (sg13g2_dfrbpq_1)    0.31    1.11    0.80 (MET)
x_reg[5]$_SDFFE_PN0P_/D (sg13g2_dfrbpq_1)    0.31    1.11    0.80 (MET)
x_reg[5]$_SDFFE_PN0P_/D (sg13g2_dfrbpq_1)    0.31    1.11    0.80 (MET)
y_reg[5]$_SDFFE_PN0P_/D (sg13g2_dfrbpq_1)    0.34    1.14    0.80 (MET)
y_reg[5]$_SDFFE_PN0P_/D (sg13g2_dfrbpq_1)    0.34    1.14    0.80 (MET)
y_reg[5]$_SDFFE_PN0P_/D (sg13g2_dfrbpq_1)    0.34    1.14    0.80 (MET)
y_reg[5]$_SDFFE_PN0P_/D (sg13g2_dfrbpq_1)    0.34    1.14    0.80 (MET)
x_reg[6]$_SDFFE_PN0P_/D (sg13g2_dfrbpq_1)    0.34    1.14    0.80 (MET)
x_reg[6]$_SDFFE_PN0P_/D (sg13g2_dfrbpq_1)    0.34    1.14    0.80 (MET)
x_reg[5]$_SDFFE_PN0P_/D (sg13g2_dfrbpq_1)    0.34    1.14    0.80 (MET)
x_reg[5]$_SDFFE_PN0P_/D (sg13g2_dfrbpq_1)    0.34    1.14    0.80 (MET)
x_reg[5]$_SDFFE_PN0P_/D (sg13g2_dfrbpq_1)    0.34    1.14    0.80 (MET)
x_reg[5]$_SDFFE_PN0P_/D (sg13g2_dfrbpq_1)    0.34    1.14    0.80 (MET)
x_reg[5]$_SDFFE_PN0P_/D (sg13g2_dfrbpq_1)    0.34    1.14    0.80 (MET)
x_reg[1]$_SDFFE_PN0P_/D (sg13g2_dfrbpq_1)    0.32    1.12    0.80 (MET)
y_reg[5]$_SDFFE_PN0P_/D (sg13g2_dfrbpq_1)    0.34    1.14    0.80 (MET)
y_reg[5]$_SDFFE_PN0P_/D (sg13g2_dfrbpq_1)    0.34    1.14    0.80 (MET)
y_reg[5]$_SDFFE_PN0P_/D (sg13g2_dfrbpq_1)    0.34    1.14    0.80 (MET)
y_reg[5]$_SDFFE_PN0P_/D (sg13g2_dfrbpq_1)    0.34    1.14    0.80 (MET)
y_reg[5]$_SDFFE_PN0P_/D (sg13g2_dfrbpq_1)    0.34    1.14    0.80 (MET)
y_reg[5]$_SDFFE_PN0P_/D (sg13g2_dfrbpq_1)    0.34    1.14    0.80 (MET)
y_reg[5]$_SDFFE_PN0P_/D (sg13g2_dfrbpq_1)    0.34    1.14    0.80 (MET)
y_reg[5]$_SDFFE_PN0P_/D (sg13g2_dfrbpq_1)    0.34    1.14    0.80 (MET)
x_reg[5]$_SDFFE_PN0P_/D (sg13g2_dfrbpq_1)    0.34    1.14    0.80 (MET)
x_reg[5]$_SDFFE_PN0P_/D (sg13g2_dfrbpq_1)    0.34    1.14    0.80 (MET)
x_reg[5]$_SDFFE_PN0P_/D (sg13g2_dfrbpq_1)    0.34    1.14    0.80 (MET)
x_reg[5]$_SDFFE_PN0P_/D (sg13g2_dfrbpq_1)    0.34    1.14    0.80 (MET)
x_reg[5]$_SDFFE_PN0P_/D (sg13g2_dfrbpq_1)    0.34    1.14    0.80 (MET)
x_reg[5]$_SDFFE_PN0P_/D (sg13g2_dfrbpq_1)    0.34    1.14    0.80 (MET)
x_reg[5]$_SDFFE_PN0P_/D (sg13g2_dfrbpq_1)    0.34    1.14    0.80 (MET)
x_reg[5]$_SDFFE_PN0P_/D (sg13g2_dfrbpq_1)    0.34    1.14    0.80 (MET)
y_reg[3]$_SDFFE_PN0P_/D (sg13g2_dfrbpq_1)    0.34    1.14    0.80 (MET)
y_reg[3]$_SDFFE_PN0P_/D (sg13g2_dfrbpq_1)    0.34    1.14    0.80 (MET)
y_reg[5]$_SDFFE_PN0P_/D (sg13g2_dfrbpq_1)    0.34    1.14    0.80 (MET)
y_reg[5]$_SDFFE_PN0P_/D (sg13g2_dfrbpq_1)    0.34    1.14    0.80 (MET)
y_reg[5]$_SDFFE_PN0P_/D (sg13g2_dfrbpq_1)    0.34    1.14    0.80 (MET)
y_reg[5]$_SDFFE_PN0P_/D (sg13g2_dfrbpq_1)    0.34    1.14    0.80 (MET)
y_reg[5]$_SDFFE_PN0P_/D (sg13g2_dfrbpq_1)    0.34    1.14    0.80 (MET)
y_reg[5]$_SDFFE_PN0P_/D (sg13g2_dfrbpq_1)    0.34    1.14    0.80 (MET)
y_reg[5]$_SDFFE_PN0P_/D (sg13g2_dfrbpq_1)    0.34    1.14    0.80 (MET)
y_reg[5]$_SDFFE_PN0P_/D (sg13g2_dfrbpq_1)    0.34    1.14    0.80 (MET)
x_reg[2]$_SDFFE_PN0P_/D (sg13g2_dfrbpq_1)    0.31    1.11    0.80 (MET)
x_reg[2]$_SDFFE_PN0P_/D (sg13g2_dfrbpq_1)    0.31    1.11    0.80 (MET)
x_reg[2]$_SDFFE_PN0P_/D (sg13g2_dfrbpq_1)    0.31    1.11    0.80 (MET)
x_reg[2]$_SDFFE_PN0P_/D (sg13g2_dfrbpq_1)    0.31    1.11    0.80 (MET)
y_reg[3]$_SDFFE_PN0P_/D (sg13g2_dfrbpq_1)    0.31    1.11    0.80 (MET)
y_reg[3]$_SDFFE_PN0P_/D (sg13g2_dfrbpq_1)    0.34    1.14    0.80 (MET)
y_reg[3]$_SDFFE_PN0P_/D (sg13g2_dfrbpq_1)    0.34    1.14    0.80 (MET)
x_reg[5]$_SDFFE_PN0P_/D (sg13g2_dfrbpq_1)    0.34    1.14    0.80 (MET)
x_reg[5]$_SDFFE_PN0P_/D (sg13g2_dfrbpq_1)    0.34    1.14    0.80 (MET)
y_reg[3]$_SDFFE_PN0P_/D (sg13g2_dfrbpq_1)    0.31    1.11    0.80 (MET)
y_reg[3]$_SDFFE_PN0P_/D (sg13g2_dfrbpq_1)    0.34    1.14    0.80 (MET)
y_reg[3]$_SDFFE_PN0P_/D (sg13g2_dfrbpq_1)    0.34    1.14    0.80 (MET)
y_reg[3]$_SDFFE_PN0P_/D (sg13g2_dfrbpq_1)    0.34    1.14    0.80 (MET)
y_reg[3]$_SDFFE_PN0P_/D (sg13g2_dfrbpq_1)    0.34    1.14    0.80 (MET)
y_reg[5]$_SDFFE_PN0P_/D (sg13g2_dfrbpq_1)    0.34    1.14    0.80 (MET)
y_reg[5]$_SDFFE_PN0P_/D (sg13g2_dfrbpq_1)    0.34    1.14    0.80 (MET)
y_reg[5]$_SDFFE_PN0P_/D (sg13g2_dfrbpq_1)    0.34    1.14    0.80 (MET)
y_reg[5]$_SDFFE_PN0P_/D (sg13g2_dfrbpq_1)    0.34    1.14    0.80 (MET)
y_reg[5]$_SDFFE_PN0P_/D (sg13g2_dfrbpq_1)    0.34    1.14    0.80 (MET)
y_reg[5]$_SDFFE_PN0P_/D (sg13g2_dfrbpq_1)    0.34    1.14    0.80 (MET)
y_reg[5]$_SDFFE_PN0P_/D (sg13g2_dfrbpq_1)    0.34    1.14    0.80 (MET)
y_reg[5]$_SDFFE_PN0P_/D (sg13g2_dfrbpq_1)    0.34    1.14    0.80 (MET)
x_reg[4]$_SDFFE_PN0P_/D (sg13g2_dfrbpq_1)    0.32    1.12    0.80 (MET)
x_reg[4]$_SDFFE_PN0P_/D (sg13g2_dfrbpq_1)    0.32    1.12    0.80 (MET)
x_reg[4]$_SDFFE_PN0P_/D (sg13g2_dfrbpq_1)    0.32    1.12    0.80 (MET)
x_reg[4]$_SDFFE_PN0P_/D (sg13g2_dfrbpq_1)    0.32    1.12    0.80 (MET)
x_reg[6]$_SDFFE_PN0P_/D (sg13g2_dfrbpq_1)    0.34    1.14    0.80 (MET)
y_reg[3]$_SDFFE_PN0P_/D (sg13g2_dfrbpq_1)    0.34    1.14    0.80 (MET)
y_reg[3]$_SDFFE_PN0P_/D (sg13g2_dfrbpq_1)    0.34    1.14    0.80 (MET)
iter_cnt[2]$_SDFFE_PN0P_/D (sg13g2_dfrbpq_1)    0.31    1.11    0.80 (MET)
x_reg[1]$_SDFFE_PN0P_/D (sg13g2_dfrbpq_1)    0.32    1.13    0.80 (MET)
x_reg[1]$_SDFFE_PN0P_/D (sg13g2_dfrbpq_1)    0.32    1.13    0.80 (MET)
y_reg[3]$_SDFFE_PN0P_/D (sg13g2_dfrbpq_1)    0.31    1.11    0.80 (MET)
y_reg[3]$_SDFFE_PN0P_/D (sg13g2_dfrbpq_1)    0.31    1.11    0.80 (MET)
x_reg[9]$_SDFFE_PN0P_/D (sg13g2_dfrbpq_1)    0.34    1.14    0.80 (MET)
x_reg[4]$_SDFFE_PN0P_/D (sg13g2_dfrbpq_1)    0.32    1.13    0.80 (MET)
x_reg[4]$_SDFFE_PN0P_/D (sg13g2_dfrbpq_1)    0.32    1.13    0.80 (MET)
x_reg[4]$_SDFFE_PN0P_/D (sg13g2_dfrbpq_1)    0.32    1.13    0.80 (MET)
x_reg[4]$_SDFFE_PN0P_/D (sg13g2_dfrbpq_1)    0.32    1.13    0.80 (MET)
x_reg[4]$_SDFFE_PN0P_/D (sg13g2_dfrbpq_1)    0.32    1.13    0.80 (MET)
x_reg[4]$_SDFFE_PN0P_/D (sg13g2_dfrbpq_1)    0.32    1.13    0.80 (MET)
x_reg[4]$_SDFFE_PN0P_/D (sg13g2_dfrbpq_1)    0.32    1.13    0.80 (MET)
x_reg[4]$_SDFFE_PN0P_/D (sg13g2_dfrbpq_1)    0.32    1.13    0.80 (MET)
y_reg[5]$_SDFFE_PN0P_/D (sg13g2_dfrbpq_1)    0.34    1.14    0.80 (MET)
y_reg[5]$_SDFFE_PN0P_/D (sg13g2_dfrbpq_1)    0.34    1.14    0.80 (MET)
y_reg[5]$_SDFFE_PN0P_/D (sg13g2_dfrbpq_1)    0.34    1.14    0.80 (MET)
y_reg[5]$_SDFFE_PN0P_/D (sg13g2_dfrbpq_1)    0.34    1.14    0.80 (MET)
y_reg[5]$_SDFFE_PN0P_/D (sg13g2_dfrbpq_1)    0.34    1.14    0.80 (MET)
y_reg[5]$_SDFFE_PN0P_/D (sg13g2_dfrbpq_1)    0.34    1.14    0.80 (MET)
y_reg[5]$_SDFFE_PN0P_/D (sg13g2_dfrbpq_1)    0.34    1.14    0.80 (MET)
y_reg[5]$_SDFFE_PN0P_/D (sg13g2_dfrbpq_1)    0.34    1.14    0.80 (MET)
y_reg[5]$_SDFFE_PN0P_/D (sg13g2_dfrbpq_1)    0.34    1.14    0.80 (MET)
y_reg[5]$_SDFFE_PN0P_/D (sg13g2_dfrbpq_1)    0.34    1.14    0.80 (MET)
y_reg[5]$_SDFFE_PN0P_/D (sg13g2_dfrbpq_1)    0.34    1.14    0.80 (MET)
y_reg[5]$_SDFFE_PN0P_/D (sg13g2_dfrbpq_1)    0.34    1.14    0.80 (MET)
y_reg[5]$_SDFFE_PN0P_/D (sg13g2_dfrbpq_1)    0.34    1.14    0.80 (MET)
y_reg[5]$_SDFFE_PN0P_/D (sg13g2_dfrbpq_1)    0.34    1.14    0.80 (MET)
y_reg[5]$_SDFFE_PN0P_/D (sg13g2_dfrbpq_1)    0.34    1.14    0.80 (MET)
y_reg[5]$_SDFFE_PN0P_/D (sg13g2_dfrbpq_1)    0.34    1.14    0.80 (MET)
y_reg[3]$_SDFFE_PN0P_/D (sg13g2_dfrbpq_1)    0.31    1.11    0.80 (MET)
y_reg[3]$_SDFFE_PN0P_/D (sg13g2_dfrbpq_1)    0.31    1.11    0.80 (MET)
y_reg[3]$_SDFFE_PN0P_/D (sg13g2_dfrbpq_1)    0.34    1.14    0.80 (MET)
y_reg[3]$_SDFFE_PN0P_/D (sg13g2_dfrbpq_1)    0.34    1.14    0.80 (MET)
y_reg[3]$_SDFFE_PN0P_/D (sg13g2_dfrbpq_1)    0.34    1.14    0.80 (MET)
y_reg[3]$_SDFFE_PN0P_/D (sg13g2_dfrbpq_1)    0.34    1.14    0.80 (MET)
y_reg[3]$_SDFFE_PN0P_/D (sg13g2_dfrbpq_1)    0.34    1.14    0.80 (MET)
y_reg[3]$_SDFFE_PN0P_/D (sg13g2_dfrbpq_1)    0.34    1.14    0.80 (MET)
y_reg[3]$_SDFFE_PN0P_/D (sg13g2_dfrbpq_1)    0.34    1.14    0.80 (MET)
y_reg[3]$_SDFFE_PN0P_/D (sg13g2_dfrbpq_1)    0.34    1.14    0.80 (MET)
x_reg[7]$_SDFFE_PN0P_/D (sg13g2_dfrbpq_1)    0.35    1.15    0.80 (MET)
iter_cnt[2]$_SDFFE_PN0P_/D (sg13g2_dfrbpq_1)    0.31    1.11    0.80 (MET)
iter_cnt[2]$_SDFFE_PN0P_/D (sg13g2_dfrbpq_1)    0.31    1.11    0.80 (MET)
x_reg[2]$_SDFFE_PN0P_/D (sg13g2_dfrbpq_1)    0.31    1.11    0.80 (MET)
x_reg[2]$_SDFFE_PN0P_/D (sg13g2_dfrbpq_1)    0.31    1.11    0.80 (MET)
x_reg[2]$_SDFFE_PN0P_/D (sg13g2_dfrbpq_1)    0.31    1.11    0.80 (MET)
x_reg[2]$_SDFFE_PN0P_/D (sg13g2_dfrbpq_1)    0.31    1.11    0.80 (MET)
x_reg[5]$_SDFFE_PN0P_/D (sg13g2_dfrbpq_1)    0.31    1.11    0.80 (MET)
x_reg[5]$_SDFFE_PN0P_/D (sg13g2_dfrbpq_1)    0.31    1.11    0.80 (MET)
x_reg[5]$_SDFFE_PN0P_/D (sg13g2_dfrbpq_1)    0.31    1.11    0.80 (MET)
x_reg[5]$_SDFFE_PN0P_/D (sg13g2_dfrbpq_1)    0.31    1.11    0.80 (MET)
y_reg[3]$_SDFFE_PN0P_/D (sg13g2_dfrbpq_1)    0.34    1.14    0.80 (MET)
y_reg[3]$_SDFFE_PN0P_/D (sg13g2_dfrbpq_1)    0.34    1.14    0.80 (MET)
y_reg[3]$_SDFFE_PN0P_/D (sg13g2_dfrbpq_1)    0.34    1.14    0.80 (MET)
y_reg[3]$_SDFFE_PN0P_/D (sg13g2_dfrbpq_1)    0.34    1.14    0.80 (MET)
z_reg[9]$_SDFFE_PN0P_/D (sg13g2_dfrbpq_1)    0.32    1.12    0.80 (MET)
z_reg[9]$_SDFFE_PN0P_/D (sg13g2_dfrbpq_1)    0.32    1.12    0.80 (MET)
z_reg[9]$_SDFFE_PN0P_/D (sg13g2_dfrbpq_1)    0.32    1.12    0.80 (MET)
z_reg[9]$_SDFFE_PN0P_/D (sg13g2_dfrbpq_1)    0.32    1.12    0.80 (MET)
x_reg[5]$_SDFFE_PN0P_/D (sg13g2_dfrbpq_1)    0.34    1.14    0.80 (MET)
x_reg[5]$_SDFFE_PN0P_/D (sg13g2_dfrbpq_1)    0.34    1.14    0.80 (MET)
y_reg[3]$_SDFFE_PN0P_/D (sg13g2_dfrbpq_1)    0.34    1.14    0.80 (MET)
x_reg[5]$_SDFFE_PN0P_/D (sg13g2_dfrbpq_1)    0.34    1.15    0.80 (MET)
x_reg[5]$_SDFFE_PN0P_/D (sg13g2_dfrbpq_1)    0.34    1.15    0.80 (MET)
x_reg[4]$_SDFFE_PN0P_/D (sg13g2_dfrbpq_1)    0.32    1.13    0.80 (MET)
x_reg[4]$_SDFFE_PN0P_/D (sg13g2_dfrbpq_1)    0.32    1.13    0.80 (MET)
x_reg[4]$_SDFFE_PN0P_/D (sg13g2_dfrbpq_1)    0.32    1.13    0.80 (MET)
x_reg[4]$_SDFFE_PN0P_/D (sg13g2_dfrbpq_1)    0.32    1.13    0.80 (MET)
x_reg[4]$_SDFFE_PN0P_/D (sg13g2_dfrbpq_1)    0.32    1.13    0.80 (MET)
x_reg[4]$_SDFFE_PN0P_/D (sg13g2_dfrbpq_1)    0.32    1.13    0.80 (MET)
x_reg[4]$_SDFFE_PN0P_/D (sg13g2_dfrbpq_1)    0.32    1.13    0.80 (MET)
x_reg[4]$_SDFFE_PN0P_/D (sg13g2_dfrbpq_1)    0.32    1.13    0.80 (MET)
x_reg[4]$_SDFFE_PN0P_/D (sg13g2_dfrbpq_1)    0.32    1.13    0.80 (MET)
x_reg[4]$_SDFFE_PN0P_/D (sg13g2_dfrbpq_1)    0.32    1.13    0.80 (MET)
x_reg[4]$_SDFFE_PN0P_/D (sg13g2_dfrbpq_1)    0.32    1.13    0.80 (MET)
x_reg[4]$_SDFFE_PN0P_/D (sg13g2_dfrbpq_1)    0.32    1.13    0.80 (MET)
x_reg[4]$_SDFFE_PN0P_/D (sg13g2_dfrbpq_1)    0.32    1.13    0.80 (MET)
x_reg[4]$_SDFFE_PN0P_/D (sg13g2_dfrbpq_1)    0.32    1.13    0.80 (MET)
x_reg[4]$_SDFFE_PN0P_/D (sg13g2_dfrbpq_1)    0.32    1.13    0.80 (MET)
x_reg[4]$_SDFFE_PN0P_/D (sg13g2_dfrbpq_1)    0.32    1.13    0.80 (MET)
x_reg[5]$_SDFFE_PN0P_/D (sg13g2_dfrbpq_1)    0.31    1.12    0.80 (MET)
x_reg[5]$_SDFFE_PN0P_/D (sg13g2_dfrbpq_1)    0.31    1.12    0.80 (MET)
x_reg[5]$_SDFFE_PN0P_/D (sg13g2_dfrbpq_1)    0.31    1.12    0.80 (MET)
x_reg[5]$_SDFFE_PN0P_/D (sg13g2_dfrbpq_1)    0.31    1.12    0.80 (MET)
x_reg[5]$_SDFFE_PN0P_/D (sg13g2_dfrbpq_1)    0.31    1.12    0.80 (MET)
x_reg[5]$_SDFFE_PN0P_/D (sg13g2_dfrbpq_1)    0.31    1.12    0.80 (MET)
x_reg[5]$_SDFFE_PN0P_/D (sg13g2_dfrbpq_1)    0.31    1.12    0.80 (MET)
x_reg[5]$_SDFFE_PN0P_/D (sg13g2_dfrbpq_1)    0.31    1.12    0.80 (MET)
x_reg[4]$_SDFFE_PN0P_/D (sg13g2_dfrbpq_1)    0.35    1.16    0.80 (MET)
x_reg[4]$_SDFFE_PN0P_/D (sg13g2_dfrbpq_1)    0.35    1.16    0.80 (MET)
x_reg[5]$_SDFFE_PN0P_/D (sg13g2_dfrbpq_1)    0.34    1.15    0.80 (MET)
x_reg[5]$_SDFFE_PN0P_/D (sg13g2_dfrbpq_1)    0.34    1.15    0.80 (MET)
x_reg[4]$_SDFFE_PN0P_/D (sg13g2_dfrbpq_1)    0.35    1.16    0.80 (MET)
x_reg[4]$_SDFFE_PN0P_/D (sg13g2_dfrbpq_1)    0.35    1.16    0.80 (MET)
x_reg[4]$_SDFFE_PN0P_/D (sg13g2_dfrbpq_1)    0.35    1.16    0.80 (MET)
x_reg[4]$_SDFFE_PN0P_/D (sg13g2_dfrbpq_1)    0.35    1.16    0.80 (MET)
x_reg[4]$_SDFFE_PN0P_/D (sg13g2_dfrbpq_1)    0.35    1.16    0.80 (MET)
y_reg[3]$_SDFFE_PN0P_/D (sg13g2_dfrbpq_1)    0.34    1.14    0.80 (MET)
y_reg[3]$_SDFFE_PN0P_/D (sg13g2_dfrbpq_1)    0.34    1.14    0.80 (MET)
y_reg[3]$_SDFFE_PN0P_/D (sg13g2_dfrbpq_1)    0.34    1.14    0.80 (MET)
y_reg[3]$_SDFFE_PN0P_/D (sg13g2_dfrbpq_1)    0.34    1.14    0.80 (MET)
x_reg[5]$_SDFFE_PN0P_/D (sg13g2_dfrbpq_1)    0.34    1.15    0.80 (MET)
x_reg[5]$_SDFFE_PN0P_/D (sg13g2_dfrbpq_1)    0.34    1.15    0.80 (MET)
x_reg[5]$_SDFFE_PN0P_/D (sg13g2_dfrbpq_1)    0.34    1.15    0.80 (MET)
x_reg[5]$_SDFFE_PN0P_/D (sg13g2_dfrbpq_1)    0.34    1.15    0.80 (MET)
y_reg[1]$_SDFFE_PN0P_/D (sg13g2_dfrbpq_1)    0.31    1.12    0.80 (MET)
y_reg[3]$_SDFFE_PN0P_/D (sg13g2_dfrbpq_1)    0.34    1.15    0.80 (MET)
y_reg[3]$_SDFFE_PN0P_/D (sg13g2_dfrbpq_1)    0.34    1.15    0.80 (MET)
y_reg[3]$_SDFFE_PN0P_/D (sg13g2_dfrbpq_1)    0.34    1.15    0.80 (MET)
y_reg[3]$_SDFFE_PN0P_/D (sg13g2_dfrbpq_1)    0.34    1.15    0.80 (MET)
y_reg[3]$_SDFFE_PN0P_/D (sg13g2_dfrbpq_1)    0.31    1.12    0.80 (MET)
y_reg[3]$_SDFFE_PN0P_/D (sg13g2_dfrbpq_1)    0.31    1.12    0.80 (MET)
y_reg[3]$_SDFFE_PN0P_/D (sg13g2_dfrbpq_1)    0.31    1.12    0.80 (MET)
y_reg[3]$_SDFFE_PN0P_/D (sg13g2_dfrbpq_1)    0.31    1.12    0.80 (MET)
x_reg[5]$_SDFFE_PN0P_/D (sg13g2_dfrbpq_1)    0.34    1.15    0.80 (MET)
x_reg[5]$_SDFFE_PN0P_/D (sg13g2_dfrbpq_1)    0.34    1.15    0.80 (MET)
x_reg[5]$_SDFFE_PN0P_/D (sg13g2_dfrbpq_1)    0.34    1.15    0.80 (MET)
x_reg[5]$_SDFFE_PN0P_/D (sg13g2_dfrbpq_1)    0.34    1.15    0.80 (MET)
x_reg[5]$_SDFFE_PN0P_/D (sg13g2_dfrbpq_1)    0.34    1.15    0.80 (MET)
x_reg[5]$_SDFFE_PN0P_/D (sg13g2_dfrbpq_1)    0.34    1.15    0.80 (MET)
x_reg[5]$_SDFFE_PN0P_/D (sg13g2_dfrbpq_1)    0.34    1.15    0.80 (MET)
x_reg[5]$_SDFFE_PN0P_/D (sg13g2_dfrbpq_1)    0.34    1.15    0.80 (MET)
x_reg[5]$_SDFFE_PN0P_/D (sg13g2_dfrbpq_1)    0.34    1.15    0.80 (MET)
x_reg[5]$_SDFFE_PN0P_/D (sg13g2_dfrbpq_1)    0.34    1.15    0.80 (MET)
x_reg[5]$_SDFFE_PN0P_/D (sg13g2_dfrbpq_1)    0.34    1.15    0.80 (MET)
x_reg[5]$_SDFFE_PN0P_/D (sg13g2_dfrbpq_1)    0.34    1.15    0.80 (MET)
x_reg[5]$_SDFFE_PN0P_/D (sg13g2_dfrbpq_1)    0.34    1.15    0.80 (MET)
x_reg[5]$_SDFFE_PN0P_/D (sg13g2_dfrbpq_1)    0.34    1.15    0.80 (MET)
x_reg[5]$_SDFFE_PN0P_/D (sg13g2_dfrbpq_1)    0.34    1.15    0.80 (MET)
x_reg[5]$_SDFFE_PN0P_/D (sg13g2_dfrbpq_1)    0.34    1.15    0.80 (MET)
x_reg[6]$_SDFFE_PN0P_/D (sg13g2_dfrbpq_1)    0.34    1.14    0.80 (MET)
x_reg[6]$_SDFFE_PN0P_/D (sg13g2_dfrbpq_1)    0.34    1.14    0.80 (MET)
x_reg[5]$_SDFFE_PN0P_/D (sg13g2_dfrbpq_1)    0.31    1.12    0.80 (MET)
x_reg[5]$_SDFFE_PN0P_/D (sg13g2_dfrbpq_1)    0.31    1.12    0.80 (MET)
y_reg[2]$_SDFFE_PN0P_/D (sg13g2_dfrbpq_1)    0.34    1.15    0.80 (MET)
y_reg[2]$_SDFFE_PN0P_/D (sg13g2_dfrbpq_1)    0.34    1.15    0.80 (MET)
y_reg[1]$_SDFFE_PN0P_/D (sg13g2_dfrbpq_1)    0.31    1.12    0.80 (MET)
y_reg[1]$_SDFFE_PN0P_/D (sg13g2_dfrbpq_1)    0.31    1.12    0.80 (MET)
y_reg[3]$_SDFFE_PN0P_/D (sg13g2_dfrbpq_1)    0.34    1.15    0.80 (MET)
y_reg[3]$_SDFFE_PN0P_/D (sg13g2_dfrbpq_1)    0.34    1.15    0.80 (MET)
y_reg[3]$_SDFFE_PN0P_/D (sg13g2_dfrbpq_1)    0.34    1.15    0.80 (MET)
y_reg[3]$_SDFFE_PN0P_/D (sg13g2_dfrbpq_1)    0.34    1.15    0.80 (MET)
y_reg[3]$_SDFFE_PN0P_/D (sg13g2_dfrbpq_1)    0.34    1.15    0.80 (MET)
y_reg[3]$_SDFFE_PN0P_/D (sg13g2_dfrbpq_1)    0.34    1.15    0.80 (MET)
y_reg[3]$_SDFFE_PN0P_/D (sg13g2_dfrbpq_1)    0.34    1.15    0.80 (MET)
y_reg[3]$_SDFFE_PN0P_/D (sg13g2_dfrbpq_1)    0.34    1.15    0.80 (MET)
y_reg[3]$_SDFFE_PN0P_/D (sg13g2_dfrbpq_1)    0.31    1.12    0.80 (MET)
y_reg[3]$_SDFFE_PN0P_/D (sg13g2_dfrbpq_1)    0.31    1.12    0.80 (MET)
y_reg[3]$_SDFFE_PN0P_/D (sg13g2_dfrbpq_1)    0.31    1.12    0.80 (MET)
y_reg[3]$_SDFFE_PN0P_/D (sg13g2_dfrbpq_1)    0.31    1.12    0.80 (MET)
y_reg[3]$_SDFFE_PN0P_/D (sg13g2_dfrbpq_1)    0.31    1.12    0.80 (MET)
y_reg[3]$_SDFFE_PN0P_/D (sg13g2_dfrbpq_1)    0.31    1.12    0.80 (MET)
y_reg[3]$_SDFFE_PN0P_/D (sg13g2_dfrbpq_1)    0.31    1.12    0.80 (MET)
y_reg[3]$_SDFFE_PN0P_/D (sg13g2_dfrbpq_1)    0.31    1.12    0.80 (MET)
x_reg[9]$_SDFFE_PN0P_/D (sg13g2_dfrbpq_1)    0.34    1.15    0.80 (MET)
y_reg[3]$_SDFFE_PN0P_/D (sg13g2_dfrbpq_1)    0.31    1.12    0.80 (MET)
y_reg[3]$_SDFFE_PN0P_/D (sg13g2_dfrbpq_1)    0.31    1.12    0.80 (MET)
y_reg[3]$_SDFFE_PN0P_/D (sg13g2_dfrbpq_1)    0.31    1.12    0.80 (MET)
y_reg[3]$_SDFFE_PN0P_/D (sg13g2_dfrbpq_1)    0.31    1.12    0.80 (MET)
y_reg[3]$_SDFFE_PN0P_/D (sg13g2_dfrbpq_1)    0.34    1.15    0.81 (MET)
x_reg[1]$_SDFFE_PN0P_/D (sg13g2_dfrbpq_1)    0.35    1.15    0.81 (MET)
x_reg[1]$_SDFFE_PN0P_/D (sg13g2_dfrbpq_1)    0.35    1.15    0.81 (MET)
x_reg[4]$_SDFFE_PN0P_/D (sg13g2_dfrbpq_1)    0.35    1.16    0.81 (MET)
x_reg[4]$_SDFFE_PN0P_/D (sg13g2_dfrbpq_1)    0.35    1.16    0.81 (MET)
x_reg[4]$_SDFFE_PN0P_/D (sg13g2_dfrbpq_1)    0.35    1.16    0.81 (MET)
x_reg[4]$_SDFFE_PN0P_/D (sg13g2_dfrbpq_1)    0.35    1.16    0.81 (MET)
x_reg[4]$_SDFFE_PN0P_/D (sg13g2_dfrbpq_1)    0.35    1.16    0.81 (MET)
x_reg[4]$_SDFFE_PN0P_/D (sg13g2_dfrbpq_1)    0.35    1.16    0.81 (MET)
x_reg[4]$_SDFFE_PN0P_/D (sg13g2_dfrbpq_1)    0.35    1.16    0.81 (MET)
x_reg[4]$_SDFFE_PN0P_/D (sg13g2_dfrbpq_1)    0.35    1.16    0.81 (MET)
x_reg[4]$_SDFFE_PN0P_/D (sg13g2_dfrbpq_1)    0.35    1.16    0.81 (MET)
x_reg[4]$_SDFFE_PN0P_/D (sg13g2_dfrbpq_1)    0.35    1.16    0.81 (MET)
x_reg[4]$_SDFFE_PN0P_/D (sg13g2_dfrbpq_1)    0.35    1.16    0.81 (MET)
x_reg[4]$_SDFFE_PN0P_/D (sg13g2_dfrbpq_1)    0.35    1.16    0.81 (MET)
x_reg[4]$_SDFFE_PN0P_/D (sg13g2_dfrbpq_1)    0.35    1.16    0.81 (MET)
x_reg[4]$_SDFFE_PN0P_/D (sg13g2_dfrbpq_1)    0.35    1.16    0.81 (MET)
x_reg[4]$_SDFFE_PN0P_/D (sg13g2_dfrbpq_1)    0.35    1.16    0.81 (MET)
x_reg[4]$_SDFFE_PN0P_/D (sg13g2_dfrbpq_1)    0.35    1.16    0.81 (MET)
x_reg[4]$_SDFFE_PN0P_/D (sg13g2_dfrbpq_1)    0.35    1.16    0.81 (MET)
x_reg[4]$_SDFFE_PN0P_/D (sg13g2_dfrbpq_1)    0.35    1.16    0.81 (MET)
x_reg[4]$_SDFFE_PN0P_/D (sg13g2_dfrbpq_1)    0.35    1.16    0.81 (MET)
x_reg[4]$_SDFFE_PN0P_/D (sg13g2_dfrbpq_1)    0.35    1.16    0.81 (MET)
x_reg[5]$_SDFFE_PN0P_/D (sg13g2_dfrbpq_1)    0.31    1.12    0.81 (MET)
x_reg[5]$_SDFFE_PN0P_/D (sg13g2_dfrbpq_1)    0.31    1.12    0.81 (MET)
x_reg[5]$_SDFFE_PN0P_/D (sg13g2_dfrbpq_1)    0.31    1.12    0.81 (MET)
x_reg[5]$_SDFFE_PN0P_/D (sg13g2_dfrbpq_1)    0.31    1.12    0.81 (MET)
y_reg[3]$_SDFFE_PN0P_/D (sg13g2_dfrbpq_1)    0.34    1.15    0.81 (MET)
y_reg[3]$_SDFFE_PN0P_/D (sg13g2_dfrbpq_1)    0.34    1.15    0.81 (MET)
y_reg[3]$_SDFFE_PN0P_/D (sg13g2_dfrbpq_1)    0.34    1.15    0.81 (MET)
y_reg[3]$_SDFFE_PN0P_/D (sg13g2_dfrbpq_1)    0.34    1.15    0.81 (MET)
x_reg[6]$_SDFFE_PN0P_/D (sg13g2_dfrbpq_1)    0.34    1.14    0.81 (MET)
x_reg[9]$_SDFFE_PN0P_/D (sg13g2_dfrbpq_1)    0.34    1.15    0.81 (MET)
y_reg[6]$_SDFFE_PN0P_/D (sg13g2_dfrbpq_1)    0.34    1.15    0.81 (MET)
z_reg[9]$_SDFFE_PN0P_/D (sg13g2_dfrbpq_1)    0.32    1.12    0.81 (MET)
z_reg[9]$_SDFFE_PN0P_/D (sg13g2_dfrbpq_1)    0.32    1.12    0.81 (MET)
z_reg[9]$_SDFFE_PN0P_/D (sg13g2_dfrbpq_1)    0.32    1.12    0.81 (MET)
z_reg[9]$_SDFFE_PN0P_/D (sg13g2_dfrbpq_1)    0.32    1.12    0.81 (MET)
x_reg[5]$_SDFFE_PN0P_/D (sg13g2_dfrbpq_1)    0.34    1.15    0.81 (MET)
x_reg[5]$_SDFFE_PN0P_/D (sg13g2_dfrbpq_1)    0.34    1.15    0.81 (MET)
y_reg[2]$_SDFFE_PN0P_/D (sg13g2_dfrbpq_1)    0.31    1.12    0.81 (MET)
x_reg[5]$_SDFFE_PN0P_/D (sg13g2_dfrbpq_1)    0.34    1.15    0.81 (MET)
x_reg[5]$_SDFFE_PN0P_/D (sg13g2_dfrbpq_1)    0.34    1.15    0.81 (MET)
x_reg[5]$_SDFFE_PN0P_/D (sg13g2_dfrbpq_1)    0.34    1.15    0.81 (MET)
x_reg[5]$_SDFFE_PN0P_/D (sg13g2_dfrbpq_1)    0.34    1.15    0.81 (MET)
y_reg[4]$_SDFFE_PN0P_/D (sg13g2_dfrbpq_1)    0.34    1.15    0.81 (MET)
y_reg[4]$_SDFFE_PN0P_/D (sg13g2_dfrbpq_1)    0.34    1.15    0.81 (MET)
y_reg[3]$_SDFFE_PN0P_/D (sg13g2_dfrbpq_1)    0.31    1.12    0.81 (MET)
y_reg[3]$_SDFFE_PN0P_/D (sg13g2_dfrbpq_1)    0.31    1.12    0.81 (MET)
y_reg[3]$_SDFFE_PN0P_/D (sg13g2_dfrbpq_1)    0.31    1.12    0.81 (MET)
y_reg[3]$_SDFFE_PN0P_/D (sg13g2_dfrbpq_1)    0.31    1.12    0.81 (MET)
y_reg[3]$_SDFFE_PN0P_/D (sg13g2_dfrbpq_1)    0.31    1.12    0.81 (MET)
y_reg[3]$_SDFFE_PN0P_/D (sg13g2_dfrbpq_1)    0.31    1.12    0.81 (MET)
y_reg[3]$_SDFFE_PN0P_/D (sg13g2_dfrbpq_1)    0.31    1.12    0.81 (MET)
y_reg[3]$_SDFFE_PN0P_/D (sg13g2_dfrbpq_1)    0.31    1.12    0.81 (MET)
x_reg[5]$_SDFFE_PN0P_/D (sg13g2_dfrbpq_1)    0.34    1.15    0.81 (MET)
x_reg[5]$_SDFFE_PN0P_/D (sg13g2_dfrbpq_1)    0.34    1.15    0.81 (MET)
x_reg[5]$_SDFFE_PN0P_/D (sg13g2_dfrbpq_1)    0.34    1.15    0.81 (MET)
x_reg[5]$_SDFFE_PN0P_/D (sg13g2_dfrbpq_1)    0.34    1.15    0.81 (MET)
x_reg[9]$_SDFFE_PN0P_/D (sg13g2_dfrbpq_1)    0.34    1.15    0.81 (MET)
x_reg[9]$_SDFFE_PN0P_/D (sg13g2_dfrbpq_1)    0.34    1.15    0.81 (MET)
x_reg[4]$_SDFFE_PN0P_/D (sg13g2_dfrbpq_1)    0.35    1.16    0.81 (MET)
x_reg[4]$_SDFFE_PN0P_/D (sg13g2_dfrbpq_1)    0.35    1.16    0.81 (MET)
x_reg[4]$_SDFFE_PN0P_/D (sg13g2_dfrbpq_1)    0.35    1.16    0.81 (MET)
x_reg[4]$_SDFFE_PN0P_/D (sg13g2_dfrbpq_1)    0.35    1.16    0.81 (MET)
x_reg[4]$_SDFFE_PN0P_/D (sg13g2_dfrbpq_1)    0.35    1.16    0.81 (MET)
x_reg[4]$_SDFFE_PN0P_/D (sg13g2_dfrbpq_1)    0.35    1.16    0.81 (MET)
x_reg[4]$_SDFFE_PN0P_/D (sg13g2_dfrbpq_1)    0.35    1.16    0.81 (MET)
x_reg[4]$_SDFFE_PN0P_/D (sg13g2_dfrbpq_1)    0.35    1.16    0.81 (MET)
x_reg[4]$_SDFFE_PN0P_/D (sg13g2_dfrbpq_1)    0.35    1.16    0.81 (MET)
x_reg[4]$_SDFFE_PN0P_/D (sg13g2_dfrbpq_1)    0.35    1.16    0.81 (MET)
x_reg[4]$_SDFFE_PN0P_/D (sg13g2_dfrbpq_1)    0.35    1.16    0.81 (MET)
x_reg[4]$_SDFFE_PN0P_/D (sg13g2_dfrbpq_1)    0.35    1.16    0.81 (MET)
x_reg[4]$_SDFFE_PN0P_/D (sg13g2_dfrbpq_1)    0.35    1.16    0.81 (MET)
x_reg[4]$_SDFFE_PN0P_/D (sg13g2_dfrbpq_1)    0.35    1.16    0.81 (MET)
x_reg[4]$_SDFFE_PN0P_/D (sg13g2_dfrbpq_1)    0.35    1.16    0.81 (MET)
x_reg[4]$_SDFFE_PN0P_/D (sg13g2_dfrbpq_1)    0.35    1.16    0.81 (MET)
y_reg[2]$_SDFFE_PN0P_/D (sg13g2_dfrbpq_1)    0.31    1.12    0.81 (MET)
y_reg[2]$_SDFFE_PN0P_/D (sg13g2_dfrbpq_1)    0.31    1.12    0.81 (MET)
y_reg[5]$_SDFFE_PN0P_/D (sg13g2_dfrbpq_1)    0.34    1.15    0.81 (MET)
y_reg[5]$_SDFFE_PN0P_/D (sg13g2_dfrbpq_1)    0.34    1.15    0.81 (MET)
y_reg[3]$_SDFFE_PN0P_/D (sg13g2_dfrbpq_1)    0.31    1.12    0.81 (MET)
y_reg[3]$_SDFFE_PN0P_/D (sg13g2_dfrbpq_1)    0.31    1.12    0.81 (MET)
x_reg[4]$_SDFFE_PN0P_/D (sg13g2_dfrbpq_1)    0.35    1.16    0.81 (MET)
x_reg[4]$_SDFFE_PN0P_/D (sg13g2_dfrbpq_1)    0.35    1.16    0.81 (MET)
x_reg[4]$_SDFFE_PN0P_/D (sg13g2_dfrbpq_1)    0.35    1.16    0.81 (MET)
x_reg[4]$_SDFFE_PN0P_/D (sg13g2_dfrbpq_1)    0.35    1.16    0.81 (MET)
x_reg[4]$_SDFFE_PN0P_/D (sg13g2_dfrbpq_1)    0.35    1.16    0.81 (MET)
x_reg[4]$_SDFFE_PN0P_/D (sg13g2_dfrbpq_1)    0.35    1.16    0.81 (MET)
x_reg[4]$_SDFFE_PN0P_/D (sg13g2_dfrbpq_1)    0.35    1.16    0.81 (MET)
x_reg[4]$_SDFFE_PN0P_/D (sg13g2_dfrbpq_1)    0.35    1.16    0.81 (MET)
y_reg[5]$_SDFFE_PN0P_/D (sg13g2_dfrbpq_1)    0.34    1.15    0.81 (MET)
y_reg[5]$_SDFFE_PN0P_/D (sg13g2_dfrbpq_1)    0.34    1.15    0.81 (MET)
x_reg[5]$_SDFFE_PN0P_/D (sg13g2_dfrbpq_1)    0.31    1.12    0.81 (MET)
x_reg[5]$_SDFFE_PN0P_/D (sg13g2_dfrbpq_1)    0.31    1.12    0.81 (MET)
x_reg[5]$_SDFFE_PN0P_/D (sg13g2_dfrbpq_1)    0.31    1.12    0.81 (MET)
x_reg[5]$_SDFFE_PN0P_/D (sg13g2_dfrbpq_1)    0.31    1.12    0.81 (MET)
y_reg[3]$_SDFFE_PN0P_/D (sg13g2_dfrbpq_1)    0.31    1.12    0.81 (MET)
y_reg[3]$_SDFFE_PN0P_/D (sg13g2_dfrbpq_1)    0.31    1.12    0.81 (MET)
x_reg[4]$_SDFFE_PN0P_/D (sg13g2_dfrbpq_1)    0.35    1.16    0.81 (MET)
x_reg[4]$_SDFFE_PN0P_/D (sg13g2_dfrbpq_1)    0.35    1.16    0.81 (MET)
x_reg[4]$_SDFFE_PN0P_/D (sg13g2_dfrbpq_1)    0.35    1.16    0.81 (MET)
x_reg[4]$_SDFFE_PN0P_/D (sg13g2_dfrbpq_1)    0.35    1.16    0.81 (MET)
x_reg[4]$_SDFFE_PN0P_/D (sg13g2_dfrbpq_1)    0.32    1.13    0.81 (MET)
x_reg[4]$_SDFFE_PN0P_/D (sg13g2_dfrbpq_1)    0.32    1.13    0.81 (MET)
y_reg[3]$_SDFFE_PN0P_/D (sg13g2_dfrbpq_1)    0.34    1.15    0.81 (MET)
y_reg[3]$_SDFFE_PN0P_/D (sg13g2_dfrbpq_1)    0.34    1.15    0.81 (MET)
y_reg[3]$_SDFFE_PN0P_/D (sg13g2_dfrbpq_1)    0.31    1.12    0.81 (MET)
y_reg[3]$_SDFFE_PN0P_/D (sg13g2_dfrbpq_1)    0.31    1.12    0.81 (MET)
y_reg[3]$_SDFFE_PN0P_/D (sg13g2_dfrbpq_1)    0.31    1.12    0.81 (MET)
y_reg[3]$_SDFFE_PN0P_/D (sg13g2_dfrbpq_1)    0.31    1.12    0.81 (MET)
y_reg[2]$_SDFFE_PN0P_/D (sg13g2_dfrbpq_1)    0.34    1.15    0.81 (MET)
y_reg[1]$_SDFFE_PN0P_/D (sg13g2_dfrbpq_1)    0.31    1.12    0.81 (MET)
x_reg[4]$_SDFFE_PN0P_/D (sg13g2_dfrbpq_1)    0.35    1.16    0.81 (MET)
x_reg[4]$_SDFFE_PN0P_/D (sg13g2_dfrbpq_1)    0.35    1.16    0.81 (MET)
x_reg[4]$_SDFFE_PN0P_/D (sg13g2_dfrbpq_1)    0.35    1.16    0.81 (MET)
x_reg[4]$_SDFFE_PN0P_/D (sg13g2_dfrbpq_1)    0.35    1.16    0.81 (MET)
y_reg[5]$_SDFFE_PN0P_/D (sg13g2_dfrbpq_1)    0.34    1.15    0.81 (MET)
y_reg[5]$_SDFFE_PN0P_/D (sg13g2_dfrbpq_1)    0.34    1.15    0.81 (MET)
y_reg[5]$_SDFFE_PN0P_/D (sg13g2_dfrbpq_1)    0.34    1.15    0.81 (MET)
y_reg[5]$_SDFFE_PN0P_/D (sg13g2_dfrbpq_1)    0.34    1.15    0.81 (MET)
y_reg[3]$_SDFFE_PN0P_/D (sg13g2_dfrbpq_1)    0.34    1.15    0.81 (MET)
x_reg[5]$_SDFFE_PN0P_/D (sg13g2_dfrbpq_1)    0.31    1.12    0.81 (MET)
x_reg[5]$_SDFFE_PN0P_/D (sg13g2_dfrbpq_1)    0.31    1.12    0.81 (MET)
x_reg[5]$_SDFFE_PN0P_/D (sg13g2_dfrbpq_1)    0.31    1.12    0.81 (MET)
x_reg[5]$_SDFFE_PN0P_/D (sg13g2_dfrbpq_1)    0.31    1.12    0.81 (MET)
x_reg[5]$_SDFFE_PN0P_/D (sg13g2_dfrbpq_1)    0.31    1.12    0.81 (MET)
x_reg[5]$_SDFFE_PN0P_/D (sg13g2_dfrbpq_1)    0.31    1.12    0.81 (MET)
x_reg[5]$_SDFFE_PN0P_/D (sg13g2_dfrbpq_1)    0.31    1.12    0.81 (MET)
x_reg[5]$_SDFFE_PN0P_/D (sg13g2_dfrbpq_1)    0.31    1.12    0.81 (MET)
y_reg[3]$_SDFFE_PN0P_/D (sg13g2_dfrbpq_1)    0.31    1.12    0.81 (MET)
y_reg[3]$_SDFFE_PN0P_/D (sg13g2_dfrbpq_1)    0.31    1.12    0.81 (MET)
y_reg[3]$_SDFFE_PN0P_/D (sg13g2_dfrbpq_1)    0.31    1.12    0.81 (MET)
y_reg[3]$_SDFFE_PN0P_/D (sg13g2_dfrbpq_1)    0.31    1.12    0.81 (MET)
x_reg[4]$_SDFFE_PN0P_/D (sg13g2_dfrbpq_1)    0.35    1.16    0.81 (MET)
x_reg[4]$_SDFFE_PN0P_/D (sg13g2_dfrbpq_1)    0.35    1.16    0.81 (MET)
x_reg[4]$_SDFFE_PN0P_/D (sg13g2_dfrbpq_1)    0.35    1.16    0.81 (MET)
x_reg[4]$_SDFFE_PN0P_/D (sg13g2_dfrbpq_1)    0.35    1.16    0.81 (MET)
y_reg[3]$_SDFFE_PN0P_/D (sg13g2_dfrbpq_1)    0.31    1.12    0.81 (MET)
y_reg[3]$_SDFFE_PN0P_/D (sg13g2_dfrbpq_1)    0.31    1.12    0.81 (MET)
y_reg[3]$_SDFFE_PN0P_/D (sg13g2_dfrbpq_1)    0.31    1.12    0.81 (MET)
y_reg[3]$_SDFFE_PN0P_/D (sg13g2_dfrbpq_1)    0.31    1.12    0.81 (MET)
y_reg[5]$_SDFFE_PN0P_/D (sg13g2_dfrbpq_1)    0.34    1.15    0.81 (MET)
y_reg[5]$_SDFFE_PN0P_/D (sg13g2_dfrbpq_1)    0.34    1.15    0.81 (MET)
y_reg[1]$_SDFFE_PN0P_/D (sg13g2_dfrbpq_1)    0.31    1.12    0.81 (MET)
y_reg[1]$_SDFFE_PN0P_/D (sg13g2_dfrbpq_1)    0.31    1.12    0.81 (MET)
x_reg[5]$_SDFFE_PN0P_/D (sg13g2_dfrbpq_1)    0.34    1.15    0.81 (MET)
x_reg[5]$_SDFFE_PN0P_/D (sg13g2_dfrbpq_1)    0.34    1.15    0.81 (MET)
x_reg[4]$_SDFFE_PN0P_/D (sg13g2_dfrbpq_1)    0.32    1.13    0.81 (MET)
x_reg[4]$_SDFFE_PN0P_/D (sg13g2_dfrbpq_1)    0.32    1.13    0.81 (MET)
x_reg[4]$_SDFFE_PN0P_/D (sg13g2_dfrbpq_1)    0.32    1.13    0.81 (MET)
x_reg[4]$_SDFFE_PN0P_/D (sg13g2_dfrbpq_1)    0.32    1.13    0.81 (MET)
x_reg[5]$_SDFFE_PN0P_/D (sg13g2_dfrbpq_1)    0.34    1.15    0.81 (MET)
x_reg[5]$_SDFFE_PN0P_/D (sg13g2_dfrbpq_1)    0.34    1.15    0.81 (MET)
y_reg[3]$_SDFFE_PN0P_/D (sg13g2_dfrbpq_1)    0.34    1.15    0.81 (MET)
y_reg[3]$_SDFFE_PN0P_/D (sg13g2_dfrbpq_1)    0.34    1.15    0.81 (MET)
x_reg[4]$_SDFFE_PN0P_/D (sg13g2_dfrbpq_1)    0.35    1.16    0.81 (MET)
x_reg[4]$_SDFFE_PN0P_/D (sg13g2_dfrbpq_1)    0.35    1.16    0.81 (MET)
x_reg[4]$_SDFFE_PN0P_/D (sg13g2_dfrbpq_1)    0.35    1.16    0.81 (MET)
x_reg[4]$_SDFFE_PN0P_/D (sg13g2_dfrbpq_1)    0.35    1.16    0.81 (MET)
x_reg[4]$_SDFFE_PN0P_/D (sg13g2_dfrbpq_1)    0.35    1.16    0.81 (MET)
x_reg[4]$_SDFFE_PN0P_/D (sg13g2_dfrbpq_1)    0.35    1.16    0.81 (MET)
x_reg[4]$_SDFFE_PN0P_/D (sg13g2_dfrbpq_1)    0.35    1.16    0.81 (MET)
x_reg[4]$_SDFFE_PN0P_/D (sg13g2_dfrbpq_1)    0.35    1.16    0.81 (MET)
x_reg[4]$_SDFFE_PN0P_/D (sg13g2_dfrbpq_1)    0.35    1.16    0.81 (MET)
x_reg[4]$_SDFFE_PN0P_/D (sg13g2_dfrbpq_1)    0.35    1.16    0.81 (MET)
x_reg[4]$_SDFFE_PN0P_/D (sg13g2_dfrbpq_1)    0.35    1.16    0.81 (MET)
x_reg[4]$_SDFFE_PN0P_/D (sg13g2_dfrbpq_1)    0.35    1.16    0.81 (MET)
x_reg[4]$_SDFFE_PN0P_/D (sg13g2_dfrbpq_1)    0.35    1.16    0.81 (MET)
x_reg[4]$_SDFFE_PN0P_/D (sg13g2_dfrbpq_1)    0.35    1.16    0.81 (MET)
x_reg[4]$_SDFFE_PN0P_/D (sg13g2_dfrbpq_1)    0.35    1.16    0.81 (MET)
x_reg[4]$_SDFFE_PN0P_/D (sg13g2_dfrbpq_1)    0.35    1.16    0.81 (MET)
y_reg[3]$_SDFFE_PN0P_/D (sg13g2_dfrbpq_1)    0.31    1.12    0.81 (MET)
y_reg[3]$_SDFFE_PN0P_/D (sg13g2_dfrbpq_1)    0.31    1.12    0.81 (MET)
y_reg[3]$_SDFFE_PN0P_/D (sg13g2_dfrbpq_1)    0.31    1.12    0.81 (MET)
y_reg[3]$_SDFFE_PN0P_/D (sg13g2_dfrbpq_1)    0.31    1.12    0.81 (MET)
y_reg[3]$_SDFFE_PN0P_/D (sg13g2_dfrbpq_1)    0.31    1.12    0.81 (MET)
y_reg[3]$_SDFFE_PN0P_/D (sg13g2_dfrbpq_1)    0.31    1.12    0.81 (MET)
y_reg[3]$_SDFFE_PN0P_/D (sg13g2_dfrbpq_1)    0.31    1.12    0.81 (MET)
y_reg[3]$_SDFFE_PN0P_/D (sg13g2_dfrbpq_1)    0.31    1.12    0.81 (MET)
x_reg[4]$_SDFFE_PN0P_/D (sg13g2_dfrbpq_1)    0.35    1.16    0.81 (MET)
x_reg[4]$_SDFFE_PN0P_/D (sg13g2_dfrbpq_1)    0.35    1.16    0.81 (MET)
x_reg[4]$_SDFFE_PN0P_/D (sg13g2_dfrbpq_1)    0.35    1.16    0.81 (MET)
x_reg[4]$_SDFFE_PN0P_/D (sg13g2_dfrbpq_1)    0.35    1.16    0.81 (MET)
x_reg[4]$_SDFFE_PN0P_/D (sg13g2_dfrbpq_1)    0.35    1.16    0.81 (MET)
x_reg[4]$_SDFFE_PN0P_/D (sg13g2_dfrbpq_1)    0.35    1.16    0.81 (MET)
x_reg[4]$_SDFFE_PN0P_/D (sg13g2_dfrbpq_1)    0.35    1.16    0.81 (MET)
x_reg[4]$_SDFFE_PN0P_/D (sg13g2_dfrbpq_1)    0.35    1.16    0.81 (MET)
x_reg[4]$_SDFFE_PN0P_/D (sg13g2_dfrbpq_1)    0.35    1.16    0.81 (MET)
x_reg[4]$_SDFFE_PN0P_/D (sg13g2_dfrbpq_1)    0.35    1.16    0.81 (MET)
x_reg[4]$_SDFFE_PN0P_/D (sg13g2_dfrbpq_1)    0.35    1.16    0.81 (MET)
x_reg[4]$_SDFFE_PN0P_/D (sg13g2_dfrbpq_1)    0.35    1.16    0.81 (MET)
x_reg[4]$_SDFFE_PN0P_/D (sg13g2_dfrbpq_1)    0.35    1.16    0.81 (MET)
x_reg[4]$_SDFFE_PN0P_/D (sg13g2_dfrbpq_1)    0.35    1.16    0.81 (MET)
x_reg[4]$_SDFFE_PN0P_/D (sg13g2_dfrbpq_1)    0.35    1.16    0.81 (MET)
x_reg[4]$_SDFFE_PN0P_/D (sg13g2_dfrbpq_1)    0.35    1.16    0.81 (MET)
x_reg[4]$_SDFFE_PN0P_/D (sg13g2_dfrbpq_1)    0.32    1.13    0.81 (MET)
x_reg[4]$_SDFFE_PN0P_/D (sg13g2_dfrbpq_1)    0.32    1.13    0.81 (MET)
x_reg[4]$_SDFFE_PN0P_/D (sg13g2_dfrbpq_1)    0.35    1.16    0.81 (MET)
x_reg[4]$_SDFFE_PN0P_/D (sg13g2_dfrbpq_1)    0.35    1.16    0.81 (MET)
x_reg[4]$_SDFFE_PN0P_/D (sg13g2_dfrbpq_1)    0.35    1.16    0.81 (MET)
x_reg[4]$_SDFFE_PN0P_/D (sg13g2_dfrbpq_1)    0.35    1.16    0.81 (MET)
x_reg[4]$_SDFFE_PN0P_/D (sg13g2_dfrbpq_1)    0.35    1.16    0.81 (MET)
x_reg[4]$_SDFFE_PN0P_/D (sg13g2_dfrbpq_1)    0.35    1.16    0.81 (MET)
x_reg[4]$_SDFFE_PN0P_/D (sg13g2_dfrbpq_1)    0.35    1.16    0.81 (MET)
x_reg[4]$_SDFFE_PN0P_/D (sg13g2_dfrbpq_1)    0.35    1.16    0.81 (MET)
y_reg[5]$_SDFFE_PN0P_/D (sg13g2_dfrbpq_1)    0.34    1.15    0.81 (MET)
y_reg[5]$_SDFFE_PN0P_/D (sg13g2_dfrbpq_1)    0.34    1.15    0.81 (MET)
y_reg[5]$_SDFFE_PN0P_/D (sg13g2_dfrbpq_1)    0.34    1.15    0.81 (MET)
y_reg[5]$_SDFFE_PN0P_/D (sg13g2_dfrbpq_1)    0.34    1.15    0.81 (MET)
y_reg[5]$_SDFFE_PN0P_/D (sg13g2_dfrbpq_1)    0.34    1.15    0.81 (MET)
y_reg[5]$_SDFFE_PN0P_/D (sg13g2_dfrbpq_1)    0.34    1.15    0.81 (MET)
y_reg[5]$_SDFFE_PN0P_/D (sg13g2_dfrbpq_1)    0.34    1.15    0.81 (MET)
y_reg[5]$_SDFFE_PN0P_/D (sg13g2_dfrbpq_1)    0.34    1.15    0.81 (MET)
x_reg[1]$_SDFFE_PN0P_/D (sg13g2_dfrbpq_1)    0.35    1.16    0.81 (MET)
x_reg[1]$_SDFFE_PN0P_/D (sg13g2_dfrbpq_1)    0.35    1.16    0.81 (MET)
y_reg[5]$_SDFFE_PN0P_/D (sg13g2_dfrbpq_1)    0.34    1.15    0.81 (MET)
y_reg[5]$_SDFFE_PN0P_/D (sg13g2_dfrbpq_1)    0.34    1.15    0.81 (MET)
y_reg[5]$_SDFFE_PN0P_/D (sg13g2_dfrbpq_1)    0.34    1.15    0.81 (MET)
y_reg[5]$_SDFFE_PN0P_/D (sg13g2_dfrbpq_1)    0.34    1.15    0.81 (MET)
y_reg[5]$_SDFFE_PN0P_/D (sg13g2_dfrbpq_1)    0.34    1.15    0.81 (MET)
y_reg[5]$_SDFFE_PN0P_/D (sg13g2_dfrbpq_1)    0.34    1.15    0.81 (MET)
y_reg[5]$_SDFFE_PN0P_/D (sg13g2_dfrbpq_1)    0.34    1.15    0.81 (MET)
y_reg[5]$_SDFFE_PN0P_/D (sg13g2_dfrbpq_1)    0.34    1.15    0.81 (MET)
y_reg[6]$_SDFFE_PN0P_/D (sg13g2_dfrbpq_1)    0.34    1.15    0.81 (MET)
y_reg[6]$_SDFFE_PN0P_/D (sg13g2_dfrbpq_1)    0.34    1.15    0.81 (MET)
y_reg[1]$_SDFFE_PN0P_/D (sg13g2_dfrbpq_1)    0.34    1.15    0.81 (MET)
y_reg[1]$_SDFFE_PN0P_/D (sg13g2_dfrbpq_1)    0.34    1.15    0.81 (MET)
x_reg[4]$_SDFFE_PN0P_/D (sg13g2_dfrbpq_1)    0.32    1.13    0.81 (MET)
x_reg[4]$_SDFFE_PN0P_/D (sg13g2_dfrbpq_1)    0.32    1.13    0.81 (MET)
x_reg[4]$_SDFFE_PN0P_/D (sg13g2_dfrbpq_1)    0.32    1.13    0.81 (MET)
x_reg[4]$_SDFFE_PN0P_/D (sg13g2_dfrbpq_1)    0.32    1.13    0.81 (MET)
y_reg[3]$_SDFFE_PN0P_/D (sg13g2_dfrbpq_1)    0.34    1.15    0.81 (MET)
y_reg[3]$_SDFFE_PN0P_/D (sg13g2_dfrbpq_1)    0.34    1.15    0.81 (MET)
y_reg[5]$_SDFFE_PN0P_/D (sg13g2_dfrbpq_1)    0.34    1.15    0.81 (MET)
y_reg[5]$_SDFFE_PN0P_/D (sg13g2_dfrbpq_1)    0.34    1.15    0.81 (MET)
y_reg[5]$_SDFFE_PN0P_/D (sg13g2_dfrbpq_1)    0.34    1.15    0.81 (MET)
y_reg[5]$_SDFFE_PN0P_/D (sg13g2_dfrbpq_1)    0.34    1.15    0.81 (MET)
y_reg[5]$_SDFFE_PN0P_/D (sg13g2_dfrbpq_1)    0.34    1.15    0.81 (MET)
y_reg[5]$_SDFFE_PN0P_/D (sg13g2_dfrbpq_1)    0.34    1.15    0.81 (MET)
y_reg[5]$_SDFFE_PN0P_/D (sg13g2_dfrbpq_1)    0.34    1.15    0.81 (MET)
y_reg[5]$_SDFFE_PN0P_/D (sg13g2_dfrbpq_1)    0.34    1.15    0.81 (MET)
y_reg[5]$_SDFFE_PN0P_/D (sg13g2_dfrbpq_1)    0.34    1.15    0.81 (MET)
y_reg[5]$_SDFFE_PN0P_/D (sg13g2_dfrbpq_1)    0.34    1.15    0.81 (MET)
y_reg[5]$_SDFFE_PN0P_/D (sg13g2_dfrbpq_1)    0.34    1.15    0.81 (MET)
y_reg[5]$_SDFFE_PN0P_/D (sg13g2_dfrbpq_1)    0.34    1.15    0.81 (MET)
y_reg[5]$_SDFFE_PN0P_/D (sg13g2_dfrbpq_1)    0.34    1.15    0.81 (MET)
y_reg[5]$_SDFFE_PN0P_/D (sg13g2_dfrbpq_1)    0.34    1.15    0.81 (MET)
y_reg[5]$_SDFFE_PN0P_/D (sg13g2_dfrbpq_1)    0.34    1.15    0.81 (MET)
y_reg[5]$_SDFFE_PN0P_/D (sg13g2_dfrbpq_1)    0.34    1.15    0.81 (MET)
y_reg[6]$_SDFFE_PN0P_/D (sg13g2_dfrbpq_1)    0.34    1.15    0.81 (MET)
y_reg[6]$_SDFFE_PN0P_/D (sg13g2_dfrbpq_1)    0.34    1.15    0.81 (MET)
x_reg[5]$_SDFFE_PN0P_/D (sg13g2_dfrbpq_1)    0.34    1.15    0.81 (MET)
x_reg[5]$_SDFFE_PN0P_/D (sg13g2_dfrbpq_1)    0.34    1.15    0.81 (MET)
y_reg[3]$_SDFFE_PN0P_/D (sg13g2_dfrbpq_1)    0.34    1.15    0.81 (MET)
y_reg[3]$_SDFFE_PN0P_/D (sg13g2_dfrbpq_1)    0.34    1.15    0.81 (MET)
x_reg[5]$_SDFFE_PN0P_/D (sg13g2_dfrbpq_1)    0.34    1.15    0.81 (MET)
x_reg[5]$_SDFFE_PN0P_/D (sg13g2_dfrbpq_1)    0.34    1.15    0.81 (MET)
x_reg[5]$_SDFFE_PN0P_/D (sg13g2_dfrbpq_1)    0.34    1.15    0.81 (MET)
x_reg[5]$_SDFFE_PN0P_/D (sg13g2_dfrbpq_1)    0.34    1.15    0.81 (MET)
x_reg[5]$_SDFFE_PN0P_/D (sg13g2_dfrbpq_1)    0.34    1.15    0.81 (MET)
y_reg[3]$_SDFFE_PN0P_/D (sg13g2_dfrbpq_1)    0.34    1.15    0.81 (MET)
y_reg[3]$_SDFFE_PN0P_/D (sg13g2_dfrbpq_1)    0.34    1.15    0.81 (MET)
x_reg[5]$_SDFFE_PN0P_/D (sg13g2_dfrbpq_1)    0.34    1.15    0.81 (MET)
x_reg[5]$_SDFFE_PN0P_/D (sg13g2_dfrbpq_1)    0.34    1.15    0.81 (MET)
x_reg[5]$_SDFFE_PN0P_/D (sg13g2_dfrbpq_1)    0.34    1.15    0.81 (MET)
x_reg[5]$_SDFFE_PN0P_/D (sg13g2_dfrbpq_1)    0.34    1.15    0.81 (MET)
x_reg[4]$_SDFFE_PN0P_/D (sg13g2_dfrbpq_1)    0.35    1.16    0.81 (MET)
x_reg[4]$_SDFFE_PN0P_/D (sg13g2_dfrbpq_1)    0.35    1.16    0.81 (MET)
x_reg[4]$_SDFFE_PN0P_/D (sg13g2_dfrbpq_1)    0.35    1.16    0.81 (MET)
x_reg[4]$_SDFFE_PN0P_/D (sg13g2_dfrbpq_1)    0.35    1.16    0.81 (MET)
y_reg[6]$_SDFFE_PN0P_/D (sg13g2_dfrbpq_1)    0.34    1.15    0.81 (MET)
y_reg[6]$_SDFFE_PN0P_/D (sg13g2_dfrbpq_1)    0.34    1.15    0.81 (MET)
y_reg[6]$_SDFFE_PN0P_/D (sg13g2_dfrbpq_1)    0.34    1.15    0.81 (MET)
y_reg[6]$_SDFFE_PN0P_/D (sg13g2_dfrbpq_1)    0.34    1.15    0.81 (MET)
y_reg[6]$_SDFFE_PN0P_/D (sg13g2_dfrbpq_1)    0.34    1.15    0.81 (MET)
y_reg[6]$_SDFFE_PN0P_/D (sg13g2_dfrbpq_1)    0.34    1.15    0.81 (MET)
y_reg[6]$_SDFFE_PN0P_/D (sg13g2_dfrbpq_1)    0.34    1.15    0.81 (MET)
y_reg[6]$_SDFFE_PN0P_/D (sg13g2_dfrbpq_1)    0.34    1.15    0.81 (MET)
x_reg[4]$_SDFFE_PN0P_/D (sg13g2_dfrbpq_1)    0.35    1.16    0.81 (MET)
x_reg[4]$_SDFFE_PN0P_/D (sg13g2_dfrbpq_1)    0.35    1.16    0.81 (MET)
x_reg[4]$_SDFFE_PN0P_/D (sg13g2_dfrbpq_1)    0.35    1.16    0.81 (MET)
x_reg[4]$_SDFFE_PN0P_/D (sg13g2_dfrbpq_1)    0.35    1.16    0.81 (MET)
x_reg[4]$_SDFFE_PN0P_/D (sg13g2_dfrbpq_1)    0.35    1.16    0.81 (MET)
x_reg[4]$_SDFFE_PN0P_/D (sg13g2_dfrbpq_1)    0.35    1.16    0.81 (MET)
x_reg[4]$_SDFFE_PN0P_/D (sg13g2_dfrbpq_1)    0.35    1.16    0.81 (MET)
x_reg[4]$_SDFFE_PN0P_/D (sg13g2_dfrbpq_1)    0.35    1.16    0.81 (MET)
x_reg[4]$_SDFFE_PN0P_/D (sg13g2_dfrbpq_1)    0.35    1.16    0.81 (MET)
x_reg[4]$_SDFFE_PN0P_/D (sg13g2_dfrbpq_1)    0.35    1.16    0.81 (MET)
x_reg[4]$_SDFFE_PN0P_/D (sg13g2_dfrbpq_1)    0.35    1.16    0.81 (MET)
x_reg[4]$_SDFFE_PN0P_/D (sg13g2_dfrbpq_1)    0.35    1.16    0.81 (MET)
x_reg[4]$_SDFFE_PN0P_/D (sg13g2_dfrbpq_1)    0.35    1.16    0.81 (MET)
x_reg[4]$_SDFFE_PN0P_/D (sg13g2_dfrbpq_1)    0.35    1.16    0.81 (MET)
x_reg[4]$_SDFFE_PN0P_/D (sg13g2_dfrbpq_1)    0.35    1.16    0.81 (MET)
x_reg[4]$_SDFFE_PN0P_/D (sg13g2_dfrbpq_1)    0.35    1.16    0.81 (MET)
x_reg[5]$_SDFFE_PN0P_/D (sg13g2_dfrbpq_1)    0.34    1.15    0.81 (MET)
x_reg[5]$_SDFFE_PN0P_/D (sg13g2_dfrbpq_1)    0.34    1.15    0.81 (MET)
y_reg[5]$_SDFFE_PN0P_/D (sg13g2_dfrbpq_1)    0.34    1.15    0.81 (MET)
x_reg[4]$_SDFFE_PN0P_/D (sg13g2_dfrbpq_1)    0.35    1.16    0.81 (MET)
x_reg[4]$_SDFFE_PN0P_/D (sg13g2_dfrbpq_1)    0.35    1.16    0.81 (MET)
x_reg[2]$_SDFFE_PN0P_/D (sg13g2_dfrbpq_1)    0.31    1.12    0.81 (MET)
x_reg[2]$_SDFFE_PN0P_/D (sg13g2_dfrbpq_1)    0.31    1.12    0.81 (MET)
x_reg[2]$_SDFFE_PN0P_/D (sg13g2_dfrbpq_1)    0.31    1.12    0.81 (MET)
x_reg[2]$_SDFFE_PN0P_/D (sg13g2_dfrbpq_1)    0.31    1.12    0.81 (MET)
x_reg[2]$_SDFFE_PN0P_/D (sg13g2_dfrbpq_1)    0.31    1.12    0.81 (MET)
x_reg[2]$_SDFFE_PN0P_/D (sg13g2_dfrbpq_1)    0.31    1.12    0.81 (MET)
x_reg[2]$_SDFFE_PN0P_/D (sg13g2_dfrbpq_1)    0.31    1.12    0.81 (MET)
x_reg[2]$_SDFFE_PN0P_/D (sg13g2_dfrbpq_1)    0.31    1.12    0.81 (MET)
y_reg[6]$_SDFFE_PN0P_/D (sg13g2_dfrbpq_1)    0.34    1.16    0.81 (MET)
y_reg[6]$_SDFFE_PN0P_/D (sg13g2_dfrbpq_1)    0.34    1.16    0.81 (MET)
y_reg[6]$_SDFFE_PN0P_/D (sg13g2_dfrbpq_1)    0.34    1.16    0.81 (MET)
y_reg[6]$_SDFFE_PN0P_/D (sg13g2_dfrbpq_1)    0.34    1.16    0.81 (MET)
y_reg[5]$_SDFFE_PN0P_/D (sg13g2_dfrbpq_1)    0.34    1.15    0.81 (MET)
y_reg[5]$_SDFFE_PN0P_/D (sg13g2_dfrbpq_1)    0.34    1.15    0.81 (MET)
y_reg[5]$_SDFFE_PN0P_/D (sg13g2_dfrbpq_1)    0.34    1.15    0.81 (MET)
y_reg[5]$_SDFFE_PN0P_/D (sg13g2_dfrbpq_1)    0.34    1.15    0.81 (MET)
y_reg[3]$_SDFFE_PN0P_/D (sg13g2_dfrbpq_1)    0.34    1.15    0.81 (MET)
y_reg[3]$_SDFFE_PN0P_/D (sg13g2_dfrbpq_1)    0.34    1.15    0.81 (MET)
y_reg[3]$_SDFFE_PN0P_/D (sg13g2_dfrbpq_1)    0.34    1.15    0.81 (MET)
y_reg[3]$_SDFFE_PN0P_/D (sg13g2_dfrbpq_1)    0.34    1.15    0.81 (MET)
y_reg[3]$_SDFFE_PN0P_/D (sg13g2_dfrbpq_1)    0.34    1.15    0.81 (MET)
y_reg[3]$_SDFFE_PN0P_/D (sg13g2_dfrbpq_1)    0.34    1.15    0.81 (MET)
y_reg[3]$_SDFFE_PN0P_/D (sg13g2_dfrbpq_1)    0.34    1.15    0.81 (MET)
y_reg[3]$_SDFFE_PN0P_/D (sg13g2_dfrbpq_1)    0.34    1.15    0.81 (MET)
x_reg[4]$_SDFFE_PN0P_/D (sg13g2_dfrbpq_1)    0.35    1.16    0.81 (MET)
x_reg[4]$_SDFFE_PN0P_/D (sg13g2_dfrbpq_1)    0.35    1.16    0.81 (MET)
x_reg[4]$_SDFFE_PN0P_/D (sg13g2_dfrbpq_1)    0.35    1.16    0.81 (MET)
x_reg[4]$_SDFFE_PN0P_/D (sg13g2_dfrbpq_1)    0.35    1.16    0.81 (MET)
x_reg[4]$_SDFFE_PN0P_/D (sg13g2_dfrbpq_1)    0.35    1.16    0.81 (MET)
x_reg[4]$_SDFFE_PN0P_/D (sg13g2_dfrbpq_1)    0.35    1.16    0.81 (MET)
x_reg[4]$_SDFFE_PN0P_/D (sg13g2_dfrbpq_1)    0.35    1.16    0.81 (MET)
x_reg[4]$_SDFFE_PN0P_/D (sg13g2_dfrbpq_1)    0.35    1.16    0.81 (MET)
y_reg[5]$_SDFFE_PN0P_/D (sg13g2_dfrbpq_1)    0.34    1.15    0.81 (MET)
y_reg[5]$_SDFFE_PN0P_/D (sg13g2_dfrbpq_1)    0.34    1.15    0.81 (MET)
y_reg[5]$_SDFFE_PN0P_/D (sg13g2_dfrbpq_1)    0.34    1.15    0.81 (MET)
y_reg[5]$_SDFFE_PN0P_/D (sg13g2_dfrbpq_1)    0.34    1.15    0.81 (MET)
x_reg[2]$_SDFFE_PN0P_/D (sg13g2_dfrbpq_1)    0.31    1.12    0.81 (MET)
x_reg[2]$_SDFFE_PN0P_/D (sg13g2_dfrbpq_1)    0.31    1.12    0.81 (MET)
x_reg[2]$_SDFFE_PN0P_/D (sg13g2_dfrbpq_1)    0.31    1.12    0.81 (MET)
x_reg[2]$_SDFFE_PN0P_/D (sg13g2_dfrbpq_1)    0.31    1.12    0.81 (MET)
y_reg[5]$_SDFFE_PN0P_/D (sg13g2_dfrbpq_1)    0.34    1.15    0.81 (MET)
x_reg[4]$_SDFFE_PN0P_/D (sg13g2_dfrbpq_1)    0.32    1.13    0.81 (MET)
x_reg[4]$_SDFFE_PN0P_/D (sg13g2_dfrbpq_1)    0.32    1.13    0.81 (MET)
x_reg[4]$_SDFFE_PN0P_/D (sg13g2_dfrbpq_1)    0.32    1.13    0.81 (MET)
x_reg[4]$_SDFFE_PN0P_/D (sg13g2_dfrbpq_1)    0.32    1.13    0.81 (MET)
x_reg[4]$_SDFFE_PN0P_/D (sg13g2_dfrbpq_1)    0.32    1.13    0.81 (MET)
x_reg[4]$_SDFFE_PN0P_/D (sg13g2_dfrbpq_1)    0.32    1.13    0.81 (MET)
x_reg[4]$_SDFFE_PN0P_/D (sg13g2_dfrbpq_1)    0.32    1.13    0.81 (MET)
x_reg[4]$_SDFFE_PN0P_/D (sg13g2_dfrbpq_1)    0.32    1.13    0.81 (MET)
y_reg[5]$_SDFFE_PN0P_/D (sg13g2_dfrbpq_1)    0.34    1.15    0.81 (MET)
y_reg[5]$_SDFFE_PN0P_/D (sg13g2_dfrbpq_1)    0.34    1.15    0.81 (MET)
y_reg[5]$_SDFFE_PN0P_/D (sg13g2_dfrbpq_1)    0.34    1.15    0.81 (MET)
y_reg[5]$_SDFFE_PN0P_/D (sg13g2_dfrbpq_1)    0.34    1.15    0.81 (MET)
x_reg[7]$_SDFFE_PN0P_/D (sg13g2_dfrbpq_1)    0.35    1.16    0.81 (MET)
x_reg[7]$_SDFFE_PN0P_/D (sg13g2_dfrbpq_1)    0.35    1.16    0.81 (MET)
y_reg[4]$_SDFFE_PN0P_/D (sg13g2_dfrbpq_1)    0.34    1.16    0.81 (MET)
y_reg[4]$_SDFFE_PN0P_/D (sg13g2_dfrbpq_1)    0.34    1.16    0.81 (MET)
x_reg[5]$_SDFFE_PN0P_/D (sg13g2_dfrbpq_1)    0.31    1.12    0.81 (MET)
x_reg[5]$_SDFFE_PN0P_/D (sg13g2_dfrbpq_1)    0.31    1.12    0.81 (MET)
y_reg[5]$_SDFFE_PN0P_/D (sg13g2_dfrbpq_1)    0.34    1.15    0.81 (MET)
y_reg[5]$_SDFFE_PN0P_/D (sg13g2_dfrbpq_1)    0.34    1.15    0.81 (MET)
y_reg[5]$_SDFFE_PN0P_/D (sg13g2_dfrbpq_1)    0.34    1.15    0.81 (MET)
y_reg[5]$_SDFFE_PN0P_/D (sg13g2_dfrbpq_1)    0.34    1.15    0.81 (MET)
y_reg[5]$_SDFFE_PN0P_/D (sg13g2_dfrbpq_1)    0.34    1.15    0.81 (MET)
y_reg[5]$_SDFFE_PN0P_/D (sg13g2_dfrbpq_1)    0.34    1.15    0.81 (MET)
y_reg[5]$_SDFFE_PN0P_/D (sg13g2_dfrbpq_1)    0.34    1.15    0.81 (MET)
y_reg[5]$_SDFFE_PN0P_/D (sg13g2_dfrbpq_1)    0.34    1.15    0.81 (MET)
y_reg[5]$_SDFFE_PN0P_/D (sg13g2_dfrbpq_1)    0.34    1.15    0.81 (MET)
y_reg[5]$_SDFFE_PN0P_/D (sg13g2_dfrbpq_1)    0.34    1.15    0.81 (MET)
y_reg[5]$_SDFFE_PN0P_/D (sg13g2_dfrbpq_1)    0.34    1.15    0.81 (MET)
y_reg[5]$_SDFFE_PN0P_/D (sg13g2_dfrbpq_1)    0.34    1.15    0.81 (MET)
x_reg[4]$_SDFFE_PN0P_/D (sg13g2_dfrbpq_1)    0.32    1.13    0.81 (MET)
x_reg[4]$_SDFFE_PN0P_/D (sg13g2_dfrbpq_1)    0.32    1.13    0.81 (MET)
y_reg[3]$_SDFFE_PN0P_/D (sg13g2_dfrbpq_1)    0.34    1.15    0.81 (MET)
y_reg[3]$_SDFFE_PN0P_/D (sg13g2_dfrbpq_1)    0.34    1.15    0.81 (MET)
x_reg[5]$_SDFFE_PN0P_/D (sg13g2_dfrbpq_1)    0.31    1.12    0.81 (MET)
x_reg[5]$_SDFFE_PN0P_/D (sg13g2_dfrbpq_1)    0.31    1.12    0.81 (MET)
x_reg[5]$_SDFFE_PN0P_/D (sg13g2_dfrbpq_1)    0.31    1.12    0.81 (MET)
x_reg[5]$_SDFFE_PN0P_/D (sg13g2_dfrbpq_1)    0.31    1.12    0.81 (MET)
y_reg[6]$_SDFFE_PN0P_/D (sg13g2_dfrbpq_1)    0.34    1.16    0.81 (MET)
y_reg[6]$_SDFFE_PN0P_/D (sg13g2_dfrbpq_1)    0.34    1.16    0.81 (MET)
y_reg[6]$_SDFFE_PN0P_/D (sg13g2_dfrbpq_1)    0.34    1.16    0.81 (MET)
y_reg[6]$_SDFFE_PN0P_/D (sg13g2_dfrbpq_1)    0.34    1.16    0.81 (MET)
y_reg[6]$_SDFFE_PN0P_/D (sg13g2_dfrbpq_1)    0.34    1.16    0.81 (MET)
y_reg[6]$_SDFFE_PN0P_/D (sg13g2_dfrbpq_1)    0.34    1.16    0.81 (MET)
y_reg[6]$_SDFFE_PN0P_/D (sg13g2_dfrbpq_1)    0.34    1.16    0.81 (MET)
y_reg[6]$_SDFFE_PN0P_/D (sg13g2_dfrbpq_1)    0.34    1.16    0.81 (MET)
y_reg[3]$_SDFFE_PN0P_/D (sg13g2_dfrbpq_1)    0.34    1.15    0.81 (MET)
y_reg[3]$_SDFFE_PN0P_/D (sg13g2_dfrbpq_1)    0.34    1.15    0.81 (MET)
y_reg[3]$_SDFFE_PN0P_/D (sg13g2_dfrbpq_1)    0.34    1.15    0.81 (MET)
y_reg[3]$_SDFFE_PN0P_/D (sg13g2_dfrbpq_1)    0.34    1.15    0.81 (MET)
y_reg[5]$_SDFFE_PN0P_/D (sg13g2_dfrbpq_1)    0.34    1.15    0.81 (MET)
y_reg[5]$_SDFFE_PN0P_/D (sg13g2_dfrbpq_1)    0.34    1.15    0.81 (MET)
y_reg[5]$_SDFFE_PN0P_/D (sg13g2_dfrbpq_1)    0.34    1.15    0.81 (MET)
y_reg[5]$_SDFFE_PN0P_/D (sg13g2_dfrbpq_1)    0.34    1.15    0.81 (MET)
y_reg[5]$_SDFFE_PN0P_/D (sg13g2_dfrbpq_1)    0.34    1.15    0.81 (MET)
y_reg[5]$_SDFFE_PN0P_/D (sg13g2_dfrbpq_1)    0.34    1.15    0.81 (MET)
y_reg[5]$_SDFFE_PN0P_/D (sg13g2_dfrbpq_1)    0.34    1.15    0.81 (MET)
y_reg[5]$_SDFFE_PN0P_/D (sg13g2_dfrbpq_1)    0.34    1.15    0.81 (MET)
x_reg[6]$_SDFFE_PN0P_/D (sg13g2_dfrbpq_1)    0.34    1.15    0.81 (MET)
x_reg[4]$_SDFFE_PN0P_/D (sg13g2_dfrbpq_1)    0.35    1.16    0.81 (MET)
x_reg[4]$_SDFFE_PN0P_/D (sg13g2_dfrbpq_1)    0.35    1.16    0.81 (MET)
x_reg[4]$_SDFFE_PN0P_/D (sg13g2_dfrbpq_1)    0.35    1.16    0.81 (MET)
x_reg[4]$_SDFFE_PN0P_/D (sg13g2_dfrbpq_1)    0.35    1.16    0.81 (MET)
y_reg[5]$_SDFFE_PN0P_/D (sg13g2_dfrbpq_1)    0.34    1.15    0.81 (MET)
y_reg[5]$_SDFFE_PN0P_/D (sg13g2_dfrbpq_1)    0.34    1.15    0.81 (MET)
y_reg[5]$_SDFFE_PN0P_/D (sg13g2_dfrbpq_1)    0.34    1.15    0.81 (MET)
y_reg[5]$_SDFFE_PN0P_/D (sg13g2_dfrbpq_1)    0.34    1.15    0.81 (MET)
y_reg[5]$_SDFFE_PN0P_/D (sg13g2_dfrbpq_1)    0.34    1.15    0.81 (MET)
y_reg[5]$_SDFFE_PN0P_/D (sg13g2_dfrbpq_1)    0.34    1.15    0.81 (MET)
y_reg[5]$_SDFFE_PN0P_/D (sg13g2_dfrbpq_1)    0.34    1.15    0.81 (MET)
y_reg[5]$_SDFFE_PN0P_/D (sg13g2_dfrbpq_1)    0.34    1.15    0.81 (MET)
y_reg[5]$_SDFFE_PN0P_/D (sg13g2_dfrbpq_1)    0.34    1.15    0.81 (MET)
y_reg[5]$_SDFFE_PN0P_/D (sg13g2_dfrbpq_1)    0.34    1.15    0.81 (MET)
y_reg[5]$_SDFFE_PN0P_/D (sg13g2_dfrbpq_1)    0.34    1.15    0.81 (MET)
y_reg[5]$_SDFFE_PN0P_/D (sg13g2_dfrbpq_1)    0.34    1.15    0.81 (MET)
y_reg[5]$_SDFFE_PN0P_/D (sg13g2_dfrbpq_1)    0.34    1.15    0.81 (MET)
y_reg[5]$_SDFFE_PN0P_/D (sg13g2_dfrbpq_1)    0.34    1.15    0.81 (MET)
y_reg[5]$_SDFFE_PN0P_/D (sg13g2_dfrbpq_1)    0.34    1.15    0.81 (MET)
y_reg[5]$_SDFFE_PN0P_/D (sg13g2_dfrbpq_1)    0.34    1.15    0.81 (MET)
x_reg[4]$_SDFFE_PN0P_/D (sg13g2_dfrbpq_1)    0.32    1.13    0.81 (MET)
x_reg[4]$_SDFFE_PN0P_/D (sg13g2_dfrbpq_1)    0.32    1.13    0.81 (MET)
x_reg[4]$_SDFFE_PN0P_/D (sg13g2_dfrbpq_1)    0.32    1.13    0.81 (MET)
x_reg[4]$_SDFFE_PN0P_/D (sg13g2_dfrbpq_1)    0.32    1.13    0.81 (MET)
x_reg[4]$_SDFFE_PN0P_/D (sg13g2_dfrbpq_1)    0.32    1.13    0.81 (MET)
x_reg[4]$_SDFFE_PN0P_/D (sg13g2_dfrbpq_1)    0.32    1.13    0.81 (MET)
x_reg[4]$_SDFFE_PN0P_/D (sg13g2_dfrbpq_1)    0.32    1.13    0.81 (MET)
x_reg[4]$_SDFFE_PN0P_/D (sg13g2_dfrbpq_1)    0.32    1.13    0.81 (MET)
x_reg[4]$_SDFFE_PN0P_/D (sg13g2_dfrbpq_1)    0.32    1.13    0.81 (MET)
x_reg[4]$_SDFFE_PN0P_/D (sg13g2_dfrbpq_1)    0.32    1.13    0.81 (MET)
x_reg[4]$_SDFFE_PN0P_/D (sg13g2_dfrbpq_1)    0.32    1.13    0.81 (MET)
x_reg[4]$_SDFFE_PN0P_/D (sg13g2_dfrbpq_1)    0.32    1.13    0.81 (MET)
x_reg[4]$_SDFFE_PN0P_/D (sg13g2_dfrbpq_1)    0.32    1.13    0.81 (MET)
x_reg[4]$_SDFFE_PN0P_/D (sg13g2_dfrbpq_1)    0.32    1.13    0.81 (MET)
x_reg[4]$_SDFFE_PN0P_/D (sg13g2_dfrbpq_1)    0.32    1.13    0.81 (MET)
x_reg[4]$_SDFFE_PN0P_/D (sg13g2_dfrbpq_1)    0.32    1.13    0.81 (MET)
y_reg[3]$_SDFFE_PN0P_/D (sg13g2_dfrbpq_1)    0.34    1.15    0.81 (MET)
y_reg[3]$_SDFFE_PN0P_/D (sg13g2_dfrbpq_1)    0.34    1.15    0.81 (MET)
x_reg[5]$_SDFFE_PN0P_/D (sg13g2_dfrbpq_1)    0.31    1.12    0.81 (MET)
x_reg[5]$_SDFFE_PN0P_/D (sg13g2_dfrbpq_1)    0.31    1.12    0.81 (MET)
x_reg[5]$_SDFFE_PN0P_/D (sg13g2_dfrbpq_1)    0.31    1.12    0.81 (MET)
x_reg[5]$_SDFFE_PN0P_/D (sg13g2_dfrbpq_1)    0.31    1.12    0.81 (MET)
x_reg[4]$_SDFFE_PN0P_/D (sg13g2_dfrbpq_1)    0.35    1.16    0.81 (MET)
x_reg[4]$_SDFFE_PN0P_/D (sg13g2_dfrbpq_1)    0.35    1.16    0.81 (MET)
x_reg[4]$_SDFFE_PN0P_/D (sg13g2_dfrbpq_1)    0.35    1.16    0.81 (MET)
x_reg[4]$_SDFFE_PN0P_/D (sg13g2_dfrbpq_1)    0.35    1.16    0.81 (MET)
y_reg[5]$_SDFFE_PN0P_/D (sg13g2_dfrbpq_1)    0.34    1.15    0.81 (MET)
y_reg[5]$_SDFFE_PN0P_/D (sg13g2_dfrbpq_1)    0.34    1.15    0.81 (MET)
x_reg[6]$_SDFFE_PN0P_/D (sg13g2_dfrbpq_1)    0.31    1.12    0.81 (MET)
x_reg[6]$_SDFFE_PN0P_/D (sg13g2_dfrbpq_1)    0.31    1.12    0.81 (MET)
x_reg[5]$_SDFFE_PN0P_/D (sg13g2_dfrbpq_1)    0.31    1.12    0.81 (MET)
x_reg[5]$_SDFFE_PN0P_/D (sg13g2_dfrbpq_1)    0.31    1.12    0.81 (MET)
x_reg[5]$_SDFFE_PN0P_/D (sg13g2_dfrbpq_1)    0.31    1.12    0.81 (MET)
x_reg[5]$_SDFFE_PN0P_/D (sg13g2_dfrbpq_1)    0.31    1.12    0.81 (MET)
x_reg[5]$_SDFFE_PN0P_/D (sg13g2_dfrbpq_1)    0.31    1.12    0.81 (MET)
x_reg[5]$_SDFFE_PN0P_/D (sg13g2_dfrbpq_1)    0.31    1.12    0.81 (MET)
x_reg[5]$_SDFFE_PN0P_/D (sg13g2_dfrbpq_1)    0.31    1.12    0.81 (MET)
x_reg[5]$_SDFFE_PN0P_/D (sg13g2_dfrbpq_1)    0.31    1.12    0.81 (MET)
y_reg[5]$_SDFFE_PN0P_/D (sg13g2_dfrbpq_1)    0.34    1.15    0.81 (MET)
y_reg[5]$_SDFFE_PN0P_/D (sg13g2_dfrbpq_1)    0.34    1.15    0.81 (MET)
y_reg[5]$_SDFFE_PN0P_/D (sg13g2_dfrbpq_1)    0.34    1.15    0.81 (MET)
y_reg[5]$_SDFFE_PN0P_/D (sg13g2_dfrbpq_1)    0.34    1.15    0.81 (MET)
y_reg[5]$_SDFFE_PN0P_/D (sg13g2_dfrbpq_1)    0.34    1.15    0.81 (MET)
y_reg[5]$_SDFFE_PN0P_/D (sg13g2_dfrbpq_1)    0.34    1.15    0.81 (MET)
y_reg[5]$_SDFFE_PN0P_/D (sg13g2_dfrbpq_1)    0.34    1.15    0.81 (MET)
y_reg[5]$_SDFFE_PN0P_/D (sg13g2_dfrbpq_1)    0.34    1.15    0.81 (MET)
y_reg[5]$_SDFFE_PN0P_/D (sg13g2_dfrbpq_1)    0.34    1.15    0.81 (MET)
y_reg[5]$_SDFFE_PN0P_/D (sg13g2_dfrbpq_1)    0.34    1.15    0.81 (MET)
y_reg[5]$_SDFFE_PN0P_/D (sg13g2_dfrbpq_1)    0.34    1.15    0.81 (MET)
y_reg[5]$_SDFFE_PN0P_/D (sg13g2_dfrbpq_1)    0.34    1.15    0.81 (MET)
y_reg[5]$_SDFFE_PN0P_/D (sg13g2_dfrbpq_1)    0.34    1.15    0.81 (MET)
y_reg[5]$_SDFFE_PN0P_/D (sg13g2_dfrbpq_1)    0.34    1.15    0.81 (MET)
y_reg[5]$_SDFFE_PN0P_/D (sg13g2_dfrbpq_1)    0.34    1.15    0.81 (MET)
y_reg[5]$_SDFFE_PN0P_/D (sg13g2_dfrbpq_1)    0.34    1.15    0.81 (MET)
x_reg[5]$_SDFFE_PN0P_/D (sg13g2_dfrbpq_1)    0.34    1.15    0.81 (MET)
x_reg[5]$_SDFFE_PN0P_/D (sg13g2_dfrbpq_1)    0.34    1.15    0.81 (MET)
x_reg[5]$_SDFFE_PN0P_/D (sg13g2_dfrbpq_1)    0.34    1.15    0.81 (MET)
x_reg[5]$_SDFFE_PN0P_/D (sg13g2_dfrbpq_1)    0.34    1.15    0.81 (MET)
x_reg[4]$_SDFFE_PN0P_/D (sg13g2_dfrbpq_1)    0.35    1.16    0.81 (MET)
x_reg[4]$_SDFFE_PN0P_/D (sg13g2_dfrbpq_1)    0.35    1.16    0.81 (MET)
x_reg[4]$_SDFFE_PN0P_/D (sg13g2_dfrbpq_1)    0.35    1.16    0.81 (MET)
x_reg[4]$_SDFFE_PN0P_/D (sg13g2_dfrbpq_1)    0.35    1.16    0.81 (MET)
x_reg[4]$_SDFFE_PN0P_/D (sg13g2_dfrbpq_1)    0.35    1.16    0.81 (MET)
x_reg[4]$_SDFFE_PN0P_/D (sg13g2_dfrbpq_1)    0.35    1.16    0.81 (MET)
x_reg[4]$_SDFFE_PN0P_/D (sg13g2_dfrbpq_1)    0.35    1.16    0.81 (MET)
x_reg[4]$_SDFFE_PN0P_/D (sg13g2_dfrbpq_1)    0.35    1.16    0.81 (MET)
x_reg[4]$_SDFFE_PN0P_/D (sg13g2_dfrbpq_1)    0.32    1.13    0.81 (MET)
x_reg[4]$_SDFFE_PN0P_/D (sg13g2_dfrbpq_1)    0.32    1.13    0.81 (MET)
x_reg[4]$_SDFFE_PN0P_/D (sg13g2_dfrbpq_1)    0.32    1.13    0.81 (MET)
x_reg[4]$_SDFFE_PN0P_/D (sg13g2_dfrbpq_1)    0.32    1.13    0.81 (MET)
x_reg[5]$_SDFFE_PN0P_/D (sg13g2_dfrbpq_1)    0.34    1.15    0.81 (MET)
x_reg[5]$_SDFFE_PN0P_/D (sg13g2_dfrbpq_1)    0.34    1.15    0.81 (MET)
x_reg[5]$_SDFFE_PN0P_/D (sg13g2_dfrbpq_1)    0.34    1.15    0.81 (MET)
x_reg[5]$_SDFFE_PN0P_/D (sg13g2_dfrbpq_1)    0.34    1.15    0.81 (MET)
x_reg[5]$_SDFFE_PN0P_/D (sg13g2_dfrbpq_1)    0.34    1.15    0.81 (MET)
x_reg[5]$_SDFFE_PN0P_/D (sg13g2_dfrbpq_1)    0.34    1.15    0.81 (MET)
x_reg[5]$_SDFFE_PN0P_/D (sg13g2_dfrbpq_1)    0.34    1.15    0.81 (MET)
x_reg[5]$_SDFFE_PN0P_/D (sg13g2_dfrbpq_1)    0.34    1.15    0.81 (MET)
x_reg[4]$_SDFFE_PN0P_/D (sg13g2_dfrbpq_1)    0.35    1.16    0.81 (MET)
x_reg[4]$_SDFFE_PN0P_/D (sg13g2_dfrbpq_1)    0.35    1.16    0.81 (MET)
x_reg[4]$_SDFFE_PN0P_/D (sg13g2_dfrbpq_1)    0.35    1.16    0.81 (MET)
x_reg[4]$_SDFFE_PN0P_/D (sg13g2_dfrbpq_1)    0.35    1.16    0.81 (MET)
x_reg[4]$_SDFFE_PN0P_/D (sg13g2_dfrbpq_1)    0.35    1.17    0.81 (MET)
x_reg[4]$_SDFFE_PN0P_/D (sg13g2_dfrbpq_1)    0.35    1.17    0.81 (MET)
x_reg[4]$_SDFFE_PN0P_/D (sg13g2_dfrbpq_1)    0.35    1.17    0.81 (MET)
x_reg[4]$_SDFFE_PN0P_/D (sg13g2_dfrbpq_1)    0.35    1.17    0.81 (MET)
x_reg[4]$_SDFFE_PN0P_/D (sg13g2_dfrbpq_1)    0.35    1.17    0.81 (MET)
x_reg[4]$_SDFFE_PN0P_/D (sg13g2_dfrbpq_1)    0.35    1.17    0.81 (MET)
x_reg[4]$_SDFFE_PN0P_/D (sg13g2_dfrbpq_1)    0.35    1.17    0.81 (MET)
x_reg[4]$_SDFFE_PN0P_/D (sg13g2_dfrbpq_1)    0.35    1.17    0.81 (MET)
y_reg[3]$_SDFFE_PN0P_/D (sg13g2_dfrbpq_1)    0.34    1.15    0.81 (MET)
y_reg[3]$_SDFFE_PN0P_/D (sg13g2_dfrbpq_1)    0.34    1.15    0.81 (MET)
x_reg[6]$_SDFFE_PN0P_/D (sg13g2_dfrbpq_1)    0.34    1.15    0.81 (MET)
x_reg[6]$_SDFFE_PN0P_/D (sg13g2_dfrbpq_1)    0.34    1.15    0.81 (MET)
x_reg[6]$_SDFFE_PN0P_/D (sg13g2_dfrbpq_1)    0.34    1.15    0.81 (MET)
x_reg[6]$_SDFFE_PN0P_/D (sg13g2_dfrbpq_1)    0.34    1.15    0.81 (MET)
x_reg[5]$_SDFFE_PN0P_/D (sg13g2_dfrbpq_1)    0.34    1.15    0.81 (MET)
x_reg[5]$_SDFFE_PN0P_/D (sg13g2_dfrbpq_1)    0.34    1.15    0.81 (MET)
x_reg[5]$_SDFFE_PN0P_/D (sg13g2_dfrbpq_1)    0.34    1.15    0.81 (MET)
x_reg[5]$_SDFFE_PN0P_/D (sg13g2_dfrbpq_1)    0.34    1.15    0.81 (MET)
y_reg[3]$_SDFFE_PN0P_/D (sg13g2_dfrbpq_1)    0.34    1.15    0.81 (MET)
y_reg[3]$_SDFFE_PN0P_/D (sg13g2_dfrbpq_1)    0.34    1.15    0.81 (MET)
x_reg[5]$_SDFFE_PN0P_/D (sg13g2_dfrbpq_1)    0.34    1.15    0.81 (MET)
x_reg[5]$_SDFFE_PN0P_/D (sg13g2_dfrbpq_1)    0.34    1.15    0.81 (MET)
x_reg[1]$_SDFFE_PN0P_/D (sg13g2_dfrbpq_1)    0.35    1.16    0.81 (MET)
y_reg[3]$_SDFFE_PN0P_/D (sg13g2_dfrbpq_1)    0.34    1.15    0.81 (MET)
y_reg[3]$_SDFFE_PN0P_/D (sg13g2_dfrbpq_1)    0.34    1.15    0.81 (MET)
y_reg[5]$_SDFFE_PN0P_/D (sg13g2_dfrbpq_1)    0.34    1.15    0.81 (MET)
x_reg[4]$_SDFFE_PN0P_/D (sg13g2_dfrbpq_1)    0.35    1.17    0.81 (MET)
x_reg[4]$_SDFFE_PN0P_/D (sg13g2_dfrbpq_1)    0.35    1.17    0.81 (MET)
x_reg[4]$_SDFFE_PN0P_/D (sg13g2_dfrbpq_1)    0.35    1.17    0.81 (MET)
x_reg[4]$_SDFFE_PN0P_/D (sg13g2_dfrbpq_1)    0.35    1.17    0.81 (MET)
x_reg[4]$_SDFFE_PN0P_/D (sg13g2_dfrbpq_1)    0.35    1.17    0.81 (MET)
x_reg[4]$_SDFFE_PN0P_/D (sg13g2_dfrbpq_1)    0.35    1.17    0.81 (MET)
x_reg[4]$_SDFFE_PN0P_/D (sg13g2_dfrbpq_1)    0.35    1.17    0.81 (MET)
x_reg[4]$_SDFFE_PN0P_/D (sg13g2_dfrbpq_1)    0.35    1.17    0.81 (MET)
x_reg[2]$_SDFFE_PN0P_/D (sg13g2_dfrbpq_1)    0.31    1.12    0.81 (MET)
x_reg[2]$_SDFFE_PN0P_/D (sg13g2_dfrbpq_1)    0.31    1.12    0.81 (MET)
x_reg[2]$_SDFFE_PN0P_/D (sg13g2_dfrbpq_1)    0.31    1.12    0.81 (MET)
x_reg[2]$_SDFFE_PN0P_/D (sg13g2_dfrbpq_1)    0.31    1.12    0.81 (MET)
x_reg[2]$_SDFFE_PN0P_/D (sg13g2_dfrbpq_1)    0.31    1.12    0.81 (MET)
x_reg[2]$_SDFFE_PN0P_/D (sg13g2_dfrbpq_1)    0.31    1.12    0.81 (MET)
x_reg[2]$_SDFFE_PN0P_/D (sg13g2_dfrbpq_1)    0.31    1.12    0.81 (MET)
x_reg[2]$_SDFFE_PN0P_/D (sg13g2_dfrbpq_1)    0.31    1.12    0.81 (MET)
y_reg[2]$_SDFFE_PN0P_/D (sg13g2_dfrbpq_1)    0.34    1.15    0.81 (MET)
y_reg[2]$_SDFFE_PN0P_/D (sg13g2_dfrbpq_1)    0.34    1.15    0.81 (MET)
y_reg[5]$_SDFFE_PN0P_/D (sg13g2_dfrbpq_1)    0.34    1.15    0.81 (MET)
x_reg[4]$_SDFFE_PN0P_/D (sg13g2_dfrbpq_1)    0.35    1.17    0.81 (MET)
x_reg[4]$_SDFFE_PN0P_/D (sg13g2_dfrbpq_1)    0.35    1.17    0.81 (MET)
x_reg[4]$_SDFFE_PN0P_/D (sg13g2_dfrbpq_1)    0.35    1.17    0.81 (MET)
x_reg[4]$_SDFFE_PN0P_/D (sg13g2_dfrbpq_1)    0.35    1.17    0.81 (MET)
x_reg[4]$_SDFFE_PN0P_/D (sg13g2_dfrbpq_1)    0.35    1.17    0.81 (MET)
x_reg[4]$_SDFFE_PN0P_/D (sg13g2_dfrbpq_1)    0.35    1.17    0.81 (MET)
x_reg[4]$_SDFFE_PN0P_/D (sg13g2_dfrbpq_1)    0.35    1.17    0.81 (MET)
x_reg[4]$_SDFFE_PN0P_/D (sg13g2_dfrbpq_1)    0.35    1.17    0.81 (MET)
x_reg[4]$_SDFFE_PN0P_/D (sg13g2_dfrbpq_1)    0.35    1.17    0.81 (MET)
y_reg[3]$_SDFFE_PN0P_/D (sg13g2_dfrbpq_1)    0.34    1.15    0.81 (MET)
y_reg[3]$_SDFFE_PN0P_/D (sg13g2_dfrbpq_1)    0.34    1.15    0.81 (MET)
y_reg[3]$_SDFFE_PN0P_/D (sg13g2_dfrbpq_1)    0.34    1.15    0.81 (MET)
y_reg[3]$_SDFFE_PN0P_/D (sg13g2_dfrbpq_1)    0.34    1.15    0.81 (MET)
y_reg[3]$_SDFFE_PN0P_/D (sg13g2_dfrbpq_1)    0.31    1.12    0.81 (MET)
x_reg[5]$_SDFFE_PN0P_/D (sg13g2_dfrbpq_1)    0.34    1.15    0.81 (MET)
x_reg[5]$_SDFFE_PN0P_/D (sg13g2_dfrbpq_1)    0.34    1.15    0.81 (MET)
x_reg[5]$_SDFFE_PN0P_/D (sg13g2_dfrbpq_1)    0.34    1.15    0.81 (MET)
x_reg[5]$_SDFFE_PN0P_/D (sg13g2_dfrbpq_1)    0.34    1.15    0.81 (MET)
x_reg[5]$_SDFFE_PN0P_/D (sg13g2_dfrbpq_1)    0.31    1.12    0.81 (MET)
x_reg[5]$_SDFFE_PN0P_/D (sg13g2_dfrbpq_1)    0.31    1.12    0.81 (MET)
y_reg[3]$_SDFFE_PN0P_/D (sg13g2_dfrbpq_1)    0.34    1.15    0.81 (MET)
y_reg[3]$_SDFFE_PN0P_/D (sg13g2_dfrbpq_1)    0.34    1.15    0.81 (MET)
y_reg[3]$_SDFFE_PN0P_/D (sg13g2_dfrbpq_1)    0.34    1.15    0.81 (MET)
y_reg[3]$_SDFFE_PN0P_/D (sg13g2_dfrbpq_1)    0.34    1.15    0.81 (MET)
x_reg[4]$_SDFFE_PN0P_/D (sg13g2_dfrbpq_1)    0.32    1.14    0.81 (MET)
x_reg[4]$_SDFFE_PN0P_/D (sg13g2_dfrbpq_1)    0.32    1.14    0.81 (MET)
x_reg[4]$_SDFFE_PN0P_/D (sg13g2_dfrbpq_1)    0.32    1.14    0.81 (MET)
x_reg[4]$_SDFFE_PN0P_/D (sg13g2_dfrbpq_1)    0.32    1.14    0.81 (MET)
x_reg[4]$_SDFFE_PN0P_/D (sg13g2_dfrbpq_1)    0.32    1.14    0.81 (MET)
x_reg[4]$_SDFFE_PN0P_/D (sg13g2_dfrbpq_1)    0.32    1.14    0.81 (MET)
x_reg[4]$_SDFFE_PN0P_/D (sg13g2_dfrbpq_1)    0.32    1.14    0.81 (MET)
x_reg[4]$_SDFFE_PN0P_/D (sg13g2_dfrbpq_1)    0.32    1.14    0.81 (MET)
y_reg[3]$_SDFFE_PN0P_/D (sg13g2_dfrbpq_1)    0.31    1.12    0.81 (MET)
x_reg[2]$_SDFFE_PN0P_/D (sg13g2_dfrbpq_1)    0.31    1.12    0.81 (MET)
y_reg[5]$_SDFFE_PN0P_/D (sg13g2_dfrbpq_1)    0.34    1.15    0.81 (MET)
y_reg[5]$_SDFFE_PN0P_/D (sg13g2_dfrbpq_1)    0.34    1.15    0.81 (MET)
x_reg[6]$_SDFFE_PN0P_/D (sg13g2_dfrbpq_1)    0.31    1.12    0.81 (MET)
x_reg[6]$_SDFFE_PN0P_/D (sg13g2_dfrbpq_1)    0.31    1.12    0.81 (MET)
y_reg[3]$_SDFFE_PN0P_/D (sg13g2_dfrbpq_1)    0.34    1.15    0.81 (MET)
y_reg[3]$_SDFFE_PN0P_/D (sg13g2_dfrbpq_1)    0.34    1.15    0.81 (MET)
x_reg[4]$_SDFFE_PN0P_/D (sg13g2_dfrbpq_1)    0.35    1.17    0.81 (MET)
x_reg[4]$_SDFFE_PN0P_/D (sg13g2_dfrbpq_1)    0.35    1.17    0.81 (MET)
x_reg[4]$_SDFFE_PN0P_/D (sg13g2_dfrbpq_1)    0.35    1.17    0.81 (MET)
x_reg[4]$_SDFFE_PN0P_/D (sg13g2_dfrbpq_1)    0.35    1.17    0.81 (MET)
x_reg[5]$_SDFFE_PN0P_/D (sg13g2_dfrbpq_1)    0.34    1.16    0.81 (MET)
x_reg[5]$_SDFFE_PN0P_/D (sg13g2_dfrbpq_1)    0.34    1.16    0.81 (MET)
x_reg[5]$_SDFFE_PN0P_/D (sg13g2_dfrbpq_1)    0.34    1.16    0.81 (MET)
x_reg[5]$_SDFFE_PN0P_/D (sg13g2_dfrbpq_1)    0.34    1.16    0.81 (MET)
x_reg[2]$_SDFFE_PN0P_/D (sg13g2_dfrbpq_1)    0.31    1.12    0.81 (MET)
y_reg[3]$_SDFFE_PN0P_/D (sg13g2_dfrbpq_1)    0.31    1.13    0.81 (MET)
y_reg[3]$_SDFFE_PN0P_/D (sg13g2_dfrbpq_1)    0.31    1.13    0.81 (MET)
x_reg[5]$_SDFFE_PN0P_/D (sg13g2_dfrbpq_1)    0.34    1.16    0.81 (MET)
x_reg[5]$_SDFFE_PN0P_/D (sg13g2_dfrbpq_1)    0.31    1.13    0.81 (MET)
x_reg[5]$_SDFFE_PN0P_/D (sg13g2_dfrbpq_1)    0.31    1.13    0.81 (MET)
x_reg[5]$_SDFFE_PN0P_/D (sg13g2_dfrbpq_1)    0.31    1.13    0.81 (MET)
x_reg[5]$_SDFFE_PN0P_/D (sg13g2_dfrbpq_1)    0.31    1.13    0.81 (MET)
x_reg[5]$_SDFFE_PN0P_/D (sg13g2_dfrbpq_1)    0.34    1.16    0.81 (MET)
x_reg[5]$_SDFFE_PN0P_/D (sg13g2_dfrbpq_1)    0.34    1.16    0.81 (MET)
x_reg[5]$_SDFFE_PN0P_/D (sg13g2_dfrbpq_1)    0.34    1.16    0.81 (MET)
x_reg[5]$_SDFFE_PN0P_/D (sg13g2_dfrbpq_1)    0.34    1.16    0.81 (MET)
x_reg[4]$_SDFFE_PN0P_/D (sg13g2_dfrbpq_1)    0.35    1.17    0.81 (MET)
x_reg[4]$_SDFFE_PN0P_/D (sg13g2_dfrbpq_1)    0.35    1.17    0.81 (MET)
y_reg[3]$_SDFFE_PN0P_/D (sg13g2_dfrbpq_1)    0.31    1.13    0.81 (MET)
y_reg[3]$_SDFFE_PN0P_/D (sg13g2_dfrbpq_1)    0.31    1.13    0.81 (MET)
x_reg[2]$_SDFFE_PN0P_/D (sg13g2_dfrbpq_1)    0.31    1.12    0.81 (MET)
x_reg[2]$_SDFFE_PN0P_/D (sg13g2_dfrbpq_1)    0.31    1.12    0.81 (MET)
x_reg[1]$_SDFFE_PN0P_/D (sg13g2_dfrbpq_1)    0.35    1.16    0.81 (MET)
x_reg[5]$_SDFFE_PN0P_/D (sg13g2_dfrbpq_1)    0.34    1.16    0.81 (MET)
x_reg[5]$_SDFFE_PN0P_/D (sg13g2_dfrbpq_1)    0.34    1.16    0.81 (MET)
x_reg[4]$_SDFFE_PN0P_/D (sg13g2_dfrbpq_1)    0.32    1.14    0.81 (MET)
x_reg[4]$_SDFFE_PN0P_/D (sg13g2_dfrbpq_1)    0.32    1.14    0.81 (MET)
x_reg[4]$_SDFFE_PN0P_/D (sg13g2_dfrbpq_1)    0.32    1.14    0.81 (MET)
x_reg[4]$_SDFFE_PN0P_/D (sg13g2_dfrbpq_1)    0.32    1.14    0.81 (MET)
x_reg[4]$_SDFFE_PN0P_/D (sg13g2_dfrbpq_1)    0.32    1.14    0.81 (MET)
x_reg[4]$_SDFFE_PN0P_/D (sg13g2_dfrbpq_1)    0.32    1.14    0.81 (MET)
x_reg[4]$_SDFFE_PN0P_/D (sg13g2_dfrbpq_1)    0.32    1.14    0.81 (MET)
x_reg[4]$_SDFFE_PN0P_/D (sg13g2_dfrbpq_1)    0.32    1.14    0.81 (MET)
x_reg[4]$_SDFFE_PN0P_/D (sg13g2_dfrbpq_1)    0.32    1.14    0.81 (MET)
x_reg[4]$_SDFFE_PN0P_/D (sg13g2_dfrbpq_1)    0.32    1.14    0.81 (MET)
x_reg[4]$_SDFFE_PN0P_/D (sg13g2_dfrbpq_1)    0.32    1.14    0.81 (MET)
x_reg[4]$_SDFFE_PN0P_/D (sg13g2_dfrbpq_1)    0.32    1.14    0.81 (MET)
x_reg[4]$_SDFFE_PN0P_/D (sg13g2_dfrbpq_1)    0.32    1.14    0.81 (MET)
x_reg[4]$_SDFFE_PN0P_/D (sg13g2_dfrbpq_1)    0.32    1.14    0.81 (MET)
x_reg[4]$_SDFFE_PN0P_/D (sg13g2_dfrbpq_1)    0.32    1.14    0.81 (MET)
x_reg[4]$_SDFFE_PN0P_/D (sg13g2_dfrbpq_1)    0.32    1.14    0.81 (MET)
x_reg[9]$_SDFFE_PN0P_/D (sg13g2_dfrbpq_1)    0.32    1.14    0.81 (MET)
x_reg[2]$_SDFFE_PN0P_/D (sg13g2_dfrbpq_1)    0.31    1.12    0.81 (MET)
x_reg[2]$_SDFFE_PN0P_/D (sg13g2_dfrbpq_1)    0.31    1.12    0.81 (MET)
x_reg[4]$_SDFFE_PN0P_/D (sg13g2_dfrbpq_1)    0.35    1.17    0.81 (MET)
x_reg[4]$_SDFFE_PN0P_/D (sg13g2_dfrbpq_1)    0.35    1.17    0.81 (MET)
x_reg[4]$_SDFFE_PN0P_/D (sg13g2_dfrbpq_1)    0.35    1.17    0.81 (MET)
x_reg[4]$_SDFFE_PN0P_/D (sg13g2_dfrbpq_1)    0.35    1.17    0.81 (MET)
x_reg[4]$_SDFFE_PN0P_/D (sg13g2_dfrbpq_1)    0.35    1.17    0.81 (MET)
x_reg[4]$_SDFFE_PN0P_/D (sg13g2_dfrbpq_1)    0.35    1.17    0.81 (MET)
x_reg[4]$_SDFFE_PN0P_/D (sg13g2_dfrbpq_1)    0.35    1.17    0.81 (MET)
x_reg[4]$_SDFFE_PN0P_/D (sg13g2_dfrbpq_1)    0.35    1.17    0.81 (MET)
x_reg[4]$_SDFFE_PN0P_/D (sg13g2_dfrbpq_1)    0.35    1.17    0.81 (MET)
x_reg[4]$_SDFFE_PN0P_/D (sg13g2_dfrbpq_1)    0.35    1.17    0.81 (MET)
x_reg[4]$_SDFFE_PN0P_/D (sg13g2_dfrbpq_1)    0.35    1.17    0.81 (MET)
x_reg[4]$_SDFFE_PN0P_/D (sg13g2_dfrbpq_1)    0.35    1.17    0.81 (MET)
x_reg[4]$_SDFFE_PN0P_/D (sg13g2_dfrbpq_1)    0.35    1.17    0.81 (MET)
x_reg[4]$_SDFFE_PN0P_/D (sg13g2_dfrbpq_1)    0.35    1.17    0.81 (MET)
x_reg[4]$_SDFFE_PN0P_/D (sg13g2_dfrbpq_1)    0.35    1.17    0.81 (MET)
x_reg[4]$_SDFFE_PN0P_/D (sg13g2_dfrbpq_1)    0.35    1.17    0.81 (MET)
x_reg[5]$_SDFFE_PN0P_/D (sg13g2_dfrbpq_1)    0.34    1.16    0.81 (MET)
x_reg[5]$_SDFFE_PN0P_/D (sg13g2_dfrbpq_1)    0.34    1.16    0.81 (MET)
x_reg[5]$_SDFFE_PN0P_/D (sg13g2_dfrbpq_1)    0.34    1.16    0.81 (MET)
x_reg[5]$_SDFFE_PN0P_/D (sg13g2_dfrbpq_1)    0.34    1.16    0.81 (MET)
x_reg[5]$_SDFFE_PN0P_/D (sg13g2_dfrbpq_1)    0.34    1.16    0.81 (MET)
x_reg[5]$_SDFFE_PN0P_/D (sg13g2_dfrbpq_1)    0.34    1.16    0.81 (MET)
x_reg[5]$_SDFFE_PN0P_/D (sg13g2_dfrbpq_1)    0.34    1.16    0.81 (MET)
x_reg[5]$_SDFFE_PN0P_/D (sg13g2_dfrbpq_1)    0.34    1.16    0.81 (MET)
x_reg[4]$_SDFFE_PN0P_/D (sg13g2_dfrbpq_1)    0.35    1.17    0.81 (MET)
x_reg[4]$_SDFFE_PN0P_/D (sg13g2_dfrbpq_1)    0.35    1.17    0.81 (MET)
x_reg[4]$_SDFFE_PN0P_/D (sg13g2_dfrbpq_1)    0.35    1.17    0.81 (MET)
x_reg[4]$_SDFFE_PN0P_/D (sg13g2_dfrbpq_1)    0.35    1.17    0.81 (MET)
y_reg[1]$_SDFFE_PN0P_/D (sg13g2_dfrbpq_1)    0.34    1.16    0.81 (MET)
y_reg[1]$_SDFFE_PN0P_/D (sg13g2_dfrbpq_1)    0.34    1.16    0.81 (MET)
x_reg[6]$_SDFFE_PN0P_/D (sg13g2_dfrbpq_1)    0.31    1.12    0.81 (MET)
x_reg[6]$_SDFFE_PN0P_/D (sg13g2_dfrbpq_1)    0.31    1.12    0.81 (MET)
y_reg[3]$_SDFFE_PN0P_/D (sg13g2_dfrbpq_1)    0.31    1.13    0.81 (MET)
x_reg[5]$_SDFFE_PN0P_/D (sg13g2_dfrbpq_1)    0.31    1.13    0.81 (MET)
x_reg[5]$_SDFFE_PN0P_/D (sg13g2_dfrbpq_1)    0.31    1.13    0.81 (MET)
x_reg[5]$_SDFFE_PN0P_/D (sg13g2_dfrbpq_1)    0.31    1.13    0.81 (MET)
x_reg[5]$_SDFFE_PN0P_/D (sg13g2_dfrbpq_1)    0.31    1.13    0.81 (MET)
x_reg[5]$_SDFFE_PN0P_/D (sg13g2_dfrbpq_1)    0.31    1.13    0.81 (MET)
x_reg[5]$_SDFFE_PN0P_/D (sg13g2_dfrbpq_1)    0.31    1.13    0.81 (MET)
x_reg[6]$_SDFFE_PN0P_/D (sg13g2_dfrbpq_1)    0.31    1.12    0.81 (MET)
x_reg[6]$_SDFFE_PN0P_/D (sg13g2_dfrbpq_1)    0.31    1.12    0.81 (MET)
y_reg[3]$_SDFFE_PN0P_/D (sg13g2_dfrbpq_1)    0.31    1.13    0.81 (MET)
y_reg[3]$_SDFFE_PN0P_/D (sg13g2_dfrbpq_1)    0.34    1.16    0.82 (MET)
y_reg[3]$_SDFFE_PN0P_/D (sg13g2_dfrbpq_1)    0.31    1.13    0.82 (MET)
y_reg[3]$_SDFFE_PN0P_/D (sg13g2_dfrbpq_1)    0.31    1.13    0.82 (MET)
z_reg[9]$_SDFFE_PN0P_/D (sg13g2_dfrbpq_1)    0.32    1.13    0.82 (MET)
z_reg[9]$_SDFFE_PN0P_/D (sg13g2_dfrbpq_1)    0.32    1.13    0.82 (MET)
z_reg[9]$_SDFFE_PN0P_/D (sg13g2_dfrbpq_1)    0.32    1.13    0.82 (MET)
z_reg[9]$_SDFFE_PN0P_/D (sg13g2_dfrbpq_1)    0.32    1.13    0.82 (MET)
x_reg[5]$_SDFFE_PN0P_/D (sg13g2_dfrbpq_1)    0.31    1.13    0.82 (MET)
x_reg[5]$_SDFFE_PN0P_/D (sg13g2_dfrbpq_1)    0.31    1.13    0.82 (MET)
x_reg[5]$_SDFFE_PN0P_/D (sg13g2_dfrbpq_1)    0.31    1.13    0.82 (MET)
x_reg[5]$_SDFFE_PN0P_/D (sg13g2_dfrbpq_1)    0.31    1.13    0.82 (MET)
y_reg[3]$_SDFFE_PN0P_/D (sg13g2_dfrbpq_1)    0.34    1.16    0.82 (MET)
y_reg[3]$_SDFFE_PN0P_/D (sg13g2_dfrbpq_1)    0.34    1.16    0.82 (MET)
x_reg[6]$_SDFFE_PN0P_/D (sg13g2_dfrbpq_1)    0.31    1.12    0.82 (MET)
x_reg[6]$_SDFFE_PN0P_/D (sg13g2_dfrbpq_1)    0.31    1.12    0.82 (MET)
x_reg[6]$_SDFFE_PN0P_/D (sg13g2_dfrbpq_1)    0.31    1.12    0.82 (MET)
x_reg[6]$_SDFFE_PN0P_/D (sg13g2_dfrbpq_1)    0.31    1.12    0.82 (MET)
x_reg[6]$_SDFFE_PN0P_/D (sg13g2_dfrbpq_1)    0.31    1.12    0.82 (MET)
x_reg[6]$_SDFFE_PN0P_/D (sg13g2_dfrbpq_1)    0.31    1.12    0.82 (MET)
x_reg[5]$_SDFFE_PN0P_/D (sg13g2_dfrbpq_1)    0.31    1.13    0.82 (MET)
x_reg[5]$_SDFFE_PN0P_/D (sg13g2_dfrbpq_1)    0.31    1.13    0.82 (MET)
x_reg[5]$_SDFFE_PN0P_/D (sg13g2_dfrbpq_1)    0.31    1.13    0.82 (MET)
x_reg[5]$_SDFFE_PN0P_/D (sg13g2_dfrbpq_1)    0.31    1.13    0.82 (MET)
x_reg[5]$_SDFFE_PN0P_/D (sg13g2_dfrbpq_1)    0.31    1.13    0.82 (MET)
x_reg[5]$_SDFFE_PN0P_/D (sg13g2_dfrbpq_1)    0.31    1.13    0.82 (MET)
x_reg[5]$_SDFFE_PN0P_/D (sg13g2_dfrbpq_1)    0.31    1.13    0.82 (MET)
x_reg[5]$_SDFFE_PN0P_/D (sg13g2_dfrbpq_1)    0.31    1.13    0.82 (MET)
x_reg[4]$_SDFFE_PN0P_/D (sg13g2_dfrbpq_1)    0.35    1.17    0.82 (MET)
x_reg[4]$_SDFFE_PN0P_/D (sg13g2_dfrbpq_1)    0.35    1.17    0.82 (MET)
y_reg[3]$_SDFFE_PN0P_/D (sg13g2_dfrbpq_1)    0.31    1.13    0.82 (MET)
y_reg[3]$_SDFFE_PN0P_/D (sg13g2_dfrbpq_1)    0.31    1.13    0.82 (MET)
y_reg[3]$_SDFFE_PN0P_/D (sg13g2_dfrbpq_1)    0.34    1.16    0.82 (MET)
y_reg[3]$_SDFFE_PN0P_/D (sg13g2_dfrbpq_1)    0.34    1.16    0.82 (MET)
y_reg[3]$_SDFFE_PN0P_/D (sg13g2_dfrbpq_1)    0.34    1.16    0.82 (MET)
y_reg[3]$_SDFFE_PN0P_/D (sg13g2_dfrbpq_1)    0.34    1.16    0.82 (MET)
y_reg[3]$_SDFFE_PN0P_/D (sg13g2_dfrbpq_1)    0.34    1.16    0.82 (MET)
y_reg[3]$_SDFFE_PN0P_/D (sg13g2_dfrbpq_1)    0.34    1.16    0.82 (MET)
y_reg[3]$_SDFFE_PN0P_/D (sg13g2_dfrbpq_1)    0.34    1.16    0.82 (MET)
y_reg[3]$_SDFFE_PN0P_/D (sg13g2_dfrbpq_1)    0.34    1.16    0.82 (MET)
x_reg[5]$_SDFFE_PN0P_/D (sg13g2_dfrbpq_1)    0.34    1.16    0.82 (MET)
x_reg[5]$_SDFFE_PN0P_/D (sg13g2_dfrbpq_1)    0.34    1.16    0.82 (MET)
x_reg[5]$_SDFFE_PN0P_/D (sg13g2_dfrbpq_1)    0.34    1.16    0.82 (MET)
x_reg[5]$_SDFFE_PN0P_/D (sg13g2_dfrbpq_1)    0.34    1.16    0.82 (MET)
x_reg[5]$_SDFFE_PN0P_/D (sg13g2_dfrbpq_1)    0.34    1.16    0.82 (MET)
x_reg[5]$_SDFFE_PN0P_/D (sg13g2_dfrbpq_1)    0.34    1.16    0.82 (MET)
x_reg[5]$_SDFFE_PN0P_/D (sg13g2_dfrbpq_1)    0.34    1.16    0.82 (MET)
x_reg[5]$_SDFFE_PN0P_/D (sg13g2_dfrbpq_1)    0.34    1.16    0.82 (MET)
x_reg[5]$_SDFFE_PN0P_/D (sg13g2_dfrbpq_1)    0.34    1.16    0.82 (MET)
x_reg[5]$_SDFFE_PN0P_/D (sg13g2_dfrbpq_1)    0.34    1.16    0.82 (MET)
x_reg[4]$_SDFFE_PN0P_/D (sg13g2_dfrbpq_1)    0.35    1.17    0.82 (MET)
x_reg[4]$_SDFFE_PN0P_/D (sg13g2_dfrbpq_1)    0.35    1.17    0.82 (MET)
x_reg[4]$_SDFFE_PN0P_/D (sg13g2_dfrbpq_1)    0.35    1.17    0.82 (MET)
x_reg[4]$_SDFFE_PN0P_/D (sg13g2_dfrbpq_1)    0.35    1.17    0.82 (MET)
x_reg[4]$_SDFFE_PN0P_/D (sg13g2_dfrbpq_1)    0.35    1.17    0.82 (MET)
x_reg[4]$_SDFFE_PN0P_/D (sg13g2_dfrbpq_1)    0.35    1.17    0.82 (MET)
x_reg[4]$_SDFFE_PN0P_/D (sg13g2_dfrbpq_1)    0.35    1.17    0.82 (MET)
x_reg[4]$_SDFFE_PN0P_/D (sg13g2_dfrbpq_1)    0.35    1.17    0.82 (MET)
x_reg[4]$_SDFFE_PN0P_/D (sg13g2_dfrbpq_1)    0.35    1.17    0.82 (MET)
x_reg[4]$_SDFFE_PN0P_/D (sg13g2_dfrbpq_1)    0.35    1.17    0.82 (MET)
x_reg[4]$_SDFFE_PN0P_/D (sg13g2_dfrbpq_1)    0.35    1.17    0.82 (MET)
x_reg[4]$_SDFFE_PN0P_/D (sg13g2_dfrbpq_1)    0.35    1.17    0.82 (MET)
x_reg[6]$_SDFFE_PN0P_/D (sg13g2_dfrbpq_1)    0.31    1.12    0.82 (MET)
y_reg[3]$_SDFFE_PN0P_/D (sg13g2_dfrbpq_1)    0.34    1.16    0.82 (MET)
y_reg[3]$_SDFFE_PN0P_/D (sg13g2_dfrbpq_1)    0.34    1.16    0.82 (MET)
y_reg[3]$_SDFFE_PN0P_/D (sg13g2_dfrbpq_1)    0.34    1.16    0.82 (MET)
y_reg[3]$_SDFFE_PN0P_/D (sg13g2_dfrbpq_1)    0.34    1.16    0.82 (MET)
y_reg[3]$_SDFFE_PN0P_/D (sg13g2_dfrbpq_1)    0.34    1.16    0.82 (MET)
y_reg[3]$_SDFFE_PN0P_/D (sg13g2_dfrbpq_1)    0.34    1.16    0.82 (MET)
y_reg[3]$_SDFFE_PN0P_/D (sg13g2_dfrbpq_1)    0.34    1.16    0.82 (MET)
y_reg[3]$_SDFFE_PN0P_/D (sg13g2_dfrbpq_1)    0.34    1.16    0.82 (MET)
x_reg[6]$_SDFFE_PN0P_/D (sg13g2_dfrbpq_1)    0.31    1.12    0.82 (MET)
x_reg[4]$_SDFFE_PN0P_/D (sg13g2_dfrbpq_1)    0.35    1.17    0.82 (MET)
x_reg[4]$_SDFFE_PN0P_/D (sg13g2_dfrbpq_1)    0.35    1.17    0.82 (MET)
x_reg[4]$_SDFFE_PN0P_/D (sg13g2_dfrbpq_1)    0.35    1.17    0.82 (MET)
x_reg[4]$_SDFFE_PN0P_/D (sg13g2_dfrbpq_1)    0.35    1.17    0.82 (MET)
x_reg[4]$_SDFFE_PN0P_/D (sg13g2_dfrbpq_1)    0.35    1.17    0.82 (MET)
x_reg[4]$_SDFFE_PN0P_/D (sg13g2_dfrbpq_1)    0.35    1.17    0.82 (MET)
x_reg[4]$_SDFFE_PN0P_/D (sg13g2_dfrbpq_1)    0.35    1.17    0.82 (MET)
x_reg[4]$_SDFFE_PN0P_/D (sg13g2_dfrbpq_1)    0.35    1.17    0.82 (MET)
x_reg[4]$_SDFFE_PN0P_/D (sg13g2_dfrbpq_1)    0.35    1.17    0.82 (MET)
x_reg[4]$_SDFFE_PN0P_/D (sg13g2_dfrbpq_1)    0.35    1.17    0.82 (MET)
x_reg[4]$_SDFFE_PN0P_/D (sg13g2_dfrbpq_1)    0.35    1.17    0.82 (MET)
x_reg[4]$_SDFFE_PN0P_/D (sg13g2_dfrbpq_1)    0.35    1.17    0.82 (MET)
x_reg[4]$_SDFFE_PN0P_/D (sg13g2_dfrbpq_1)    0.35    1.17    0.82 (MET)
x_reg[4]$_SDFFE_PN0P_/D (sg13g2_dfrbpq_1)    0.35    1.17    0.82 (MET)
x_reg[4]$_SDFFE_PN0P_/D (sg13g2_dfrbpq_1)    0.35    1.17    0.82 (MET)
x_reg[4]$_SDFFE_PN0P_/D (sg13g2_dfrbpq_1)    0.35    1.17    0.82 (MET)
y_reg[5]$_SDFFE_PN0P_/D (sg13g2_dfrbpq_1)    0.34    1.16    0.82 (MET)
x_reg[5]$_SDFFE_PN0P_/D (sg13g2_dfrbpq_1)    0.34    1.16    0.82 (MET)
x_reg[5]$_SDFFE_PN0P_/D (sg13g2_dfrbpq_1)    0.34    1.16    0.82 (MET)
x_reg[4]$_SDFFE_PN0P_/D (sg13g2_dfrbpq_1)    0.35    1.17    0.82 (MET)
x_reg[4]$_SDFFE_PN0P_/D (sg13g2_dfrbpq_1)    0.35    1.17    0.82 (MET)
x_reg[4]$_SDFFE_PN0P_/D (sg13g2_dfrbpq_1)    0.35    1.17    0.82 (MET)
x_reg[4]$_SDFFE_PN0P_/D (sg13g2_dfrbpq_1)    0.35    1.17    0.82 (MET)
x_reg[4]$_SDFFE_PN0P_/D (sg13g2_dfrbpq_1)    0.35    1.17    0.82 (MET)
x_reg[4]$_SDFFE_PN0P_/D (sg13g2_dfrbpq_1)    0.35    1.17    0.82 (MET)
y_reg[3]$_SDFFE_PN0P_/D (sg13g2_dfrbpq_1)    0.31    1.13    0.82 (MET)
y_reg[3]$_SDFFE_PN0P_/D (sg13g2_dfrbpq_1)    0.31    1.13    0.82 (MET)
x_reg[1]$_SDFFE_PN0P_/D (sg13g2_dfrbpq_1)    0.35    1.17    0.82 (MET)
y_reg[5]$_SDFFE_PN0P_/D (sg13g2_dfrbpq_1)    0.34    1.16    0.82 (MET)
y_reg[5]$_SDFFE_PN0P_/D (sg13g2_dfrbpq_1)    0.34    1.16    0.82 (MET)
y_reg[5]$_SDFFE_PN0P_/D (sg13g2_dfrbpq_1)    0.34    1.16    0.82 (MET)
y_reg[5]$_SDFFE_PN0P_/D (sg13g2_dfrbpq_1)    0.34    1.16    0.82 (MET)
y_reg[5]$_SDFFE_PN0P_/D (sg13g2_dfrbpq_1)    0.34    1.16    0.82 (MET)
y_reg[5]$_SDFFE_PN0P_/D (sg13g2_dfrbpq_1)    0.34    1.16    0.82 (MET)
y_reg[5]$_SDFFE_PN0P_/D (sg13g2_dfrbpq_1)    0.34    1.16    0.82 (MET)
y_reg[5]$_SDFFE_PN0P_/D (sg13g2_dfrbpq_1)    0.34    1.16    0.82 (MET)
y_reg[5]$_SDFFE_PN0P_/D (sg13g2_dfrbpq_1)    0.34    1.16    0.82 (MET)
x_reg[4]$_SDFFE_PN0P_/D (sg13g2_dfrbpq_1)    0.35    1.17    0.82 (MET)
x_reg[4]$_SDFFE_PN0P_/D (sg13g2_dfrbpq_1)    0.35    1.17    0.82 (MET)
x_reg[4]$_SDFFE_PN0P_/D (sg13g2_dfrbpq_1)    0.35    1.17    0.82 (MET)
x_reg[4]$_SDFFE_PN0P_/D (sg13g2_dfrbpq_1)    0.35    1.17    0.82 (MET)
x_reg[4]$_SDFFE_PN0P_/D (sg13g2_dfrbpq_1)    0.35    1.17    0.82 (MET)
x_reg[4]$_SDFFE_PN0P_/D (sg13g2_dfrbpq_1)    0.35    1.17    0.82 (MET)
x_reg[4]$_SDFFE_PN0P_/D (sg13g2_dfrbpq_1)    0.35    1.17    0.82 (MET)
x_reg[4]$_SDFFE_PN0P_/D (sg13g2_dfrbpq_1)    0.35    1.17    0.82 (MET)
x_reg[4]$_SDFFE_PN0P_/D (sg13g2_dfrbpq_1)    0.35    1.17    0.82 (MET)
x_reg[4]$_SDFFE_PN0P_/D (sg13g2_dfrbpq_1)    0.35    1.17    0.82 (MET)
x_reg[4]$_SDFFE_PN0P_/D (sg13g2_dfrbpq_1)    0.35    1.17    0.82 (MET)
x_reg[4]$_SDFFE_PN0P_/D (sg13g2_dfrbpq_1)    0.35    1.17    0.82 (MET)
x_reg[4]$_SDFFE_PN0P_/D (sg13g2_dfrbpq_1)    0.35    1.17    0.82 (MET)
x_reg[4]$_SDFFE_PN0P_/D (sg13g2_dfrbpq_1)    0.35    1.17    0.82 (MET)
x_reg[4]$_SDFFE_PN0P_/D (sg13g2_dfrbpq_1)    0.35    1.17    0.82 (MET)
x_reg[4]$_SDFFE_PN0P_/D (sg13g2_dfrbpq_1)    0.35    1.17    0.82 (MET)
x_reg[4]$_SDFFE_PN0P_/D (sg13g2_dfrbpq_1)    0.35    1.17    0.82 (MET)
x_reg[4]$_SDFFE_PN0P_/D (sg13g2_dfrbpq_1)    0.35    1.17    0.82 (MET)
x_reg[4]$_SDFFE_PN0P_/D (sg13g2_dfrbpq_1)    0.32    1.14    0.82 (MET)
x_reg[4]$_SDFFE_PN0P_/D (sg13g2_dfrbpq_1)    0.32    1.14    0.82 (MET)
x_reg[4]$_SDFFE_PN0P_/D (sg13g2_dfrbpq_1)    0.32    1.14    0.82 (MET)
x_reg[4]$_SDFFE_PN0P_/D (sg13g2_dfrbpq_1)    0.32    1.14    0.82 (MET)
x_reg[6]$_SDFFE_PN0P_/D (sg13g2_dfrbpq_1)    0.34    1.15    0.82 (MET)
x_reg[6]$_SDFFE_PN0P_/D (sg13g2_dfrbpq_1)    0.34    1.15    0.82 (MET)
y_reg[5]$_SDFFE_PN0P_/D (sg13g2_dfrbpq_1)    0.34    1.16    0.82 (MET)
y_reg[5]$_SDFFE_PN0P_/D (sg13g2_dfrbpq_1)    0.34    1.16    0.82 (MET)
y_reg[5]$_SDFFE_PN0P_/D (sg13g2_dfrbpq_1)    0.34    1.16    0.82 (MET)
y_reg[5]$_SDFFE_PN0P_/D (sg13g2_dfrbpq_1)    0.34    1.16    0.82 (MET)
y_reg[5]$_SDFFE_PN0P_/D (sg13g2_dfrbpq_1)    0.34    1.16    0.82 (MET)
y_reg[5]$_SDFFE_PN0P_/D (sg13g2_dfrbpq_1)    0.34    1.16    0.82 (MET)
y_reg[5]$_SDFFE_PN0P_/D (sg13g2_dfrbpq_1)    0.34    1.16    0.82 (MET)
y_reg[5]$_SDFFE_PN0P_/D (sg13g2_dfrbpq_1)    0.34    1.16    0.82 (MET)
y_reg[3]$_SDFFE_PN0P_/D (sg13g2_dfrbpq_1)    0.34    1.16    0.82 (MET)
y_reg[3]$_SDFFE_PN0P_/D (sg13g2_dfrbpq_1)    0.34    1.16    0.82 (MET)
y_reg[2]$_SDFFE_PN0P_/D (sg13g2_dfrbpq_1)    0.34    1.16    0.82 (MET)
y_reg[2]$_SDFFE_PN0P_/D (sg13g2_dfrbpq_1)    0.34    1.16    0.82 (MET)
y_reg[4]$_SDFFE_PN0P_/D (sg13g2_dfrbpq_1)    0.31    1.13    0.82 (MET)
x_reg[4]$_SDFFE_PN0P_/D (sg13g2_dfrbpq_1)    0.35    1.17    0.82 (MET)
x_reg[4]$_SDFFE_PN0P_/D (sg13g2_dfrbpq_1)    0.35    1.17    0.82 (MET)
x_reg[4]$_SDFFE_PN0P_/D (sg13g2_dfrbpq_1)    0.35    1.17    0.82 (MET)
x_reg[4]$_SDFFE_PN0P_/D (sg13g2_dfrbpq_1)    0.35    1.17    0.82 (MET)
x_reg[4]$_SDFFE_PN0P_/D (sg13g2_dfrbpq_1)    0.35    1.17    0.82 (MET)
x_reg[4]$_SDFFE_PN0P_/D (sg13g2_dfrbpq_1)    0.35    1.17    0.82 (MET)
x_reg[4]$_SDFFE_PN0P_/D (sg13g2_dfrbpq_1)    0.35    1.17    0.82 (MET)
x_reg[4]$_SDFFE_PN0P_/D (sg13g2_dfrbpq_1)    0.35    1.17    0.82 (MET)
x_reg[4]$_SDFFE_PN0P_/D (sg13g2_dfrbpq_1)    0.32    1.14    0.82 (MET)
x_reg[4]$_SDFFE_PN0P_/D (sg13g2_dfrbpq_1)    0.32    1.14    0.82 (MET)
x_reg[4]$_SDFFE_PN0P_/D (sg13g2_dfrbpq_1)    0.32    1.14    0.82 (MET)
x_reg[4]$_SDFFE_PN0P_/D (sg13g2_dfrbpq_1)    0.32    1.14    0.82 (MET)
x_reg[5]$_SDFFE_PN0P_/D (sg13g2_dfrbpq_1)    0.31    1.13    0.82 (MET)
x_reg[5]$_SDFFE_PN0P_/D (sg13g2_dfrbpq_1)    0.31    1.13    0.82 (MET)
y_reg[3]$_SDFFE_PN0P_/D (sg13g2_dfrbpq_1)    0.31    1.13    0.82 (MET)
y_reg[3]$_SDFFE_PN0P_/D (sg13g2_dfrbpq_1)    0.31    1.13    0.82 (MET)
y_reg[3]$_SDFFE_PN0P_/D (sg13g2_dfrbpq_1)    0.31    1.13    0.82 (MET)
y_reg[3]$_SDFFE_PN0P_/D (sg13g2_dfrbpq_1)    0.31    1.13    0.82 (MET)
y_reg[5]$_SDFFE_PN0P_/D (sg13g2_dfrbpq_1)    0.34    1.16    0.82 (MET)
y_reg[5]$_SDFFE_PN0P_/D (sg13g2_dfrbpq_1)    0.34    1.16    0.82 (MET)
x_reg[4]$_SDFFE_PN0P_/D (sg13g2_dfrbpq_1)    0.32    1.14    0.82 (MET)
x_reg[4]$_SDFFE_PN0P_/D (sg13g2_dfrbpq_1)    0.32    1.14    0.82 (MET)
y_reg[2]$_SDFFE_PN0P_/D (sg13g2_dfrbpq_1)    0.34    1.16    0.82 (MET)
x_reg[4]$_SDFFE_PN0P_/D (sg13g2_dfrbpq_1)    0.32    1.14    0.82 (MET)
x_reg[4]$_SDFFE_PN0P_/D (sg13g2_dfrbpq_1)    0.32    1.14    0.82 (MET)
x_reg[4]$_SDFFE_PN0P_/D (sg13g2_dfrbpq_1)    0.32    1.14    0.82 (MET)
x_reg[4]$_SDFFE_PN0P_/D (sg13g2_dfrbpq_1)    0.32    1.14    0.82 (MET)
x_reg[4]$_SDFFE_PN0P_/D (sg13g2_dfrbpq_1)    0.32    1.14    0.82 (MET)
x_reg[4]$_SDFFE_PN0P_/D (sg13g2_dfrbpq_1)    0.32    1.14    0.82 (MET)
x_reg[4]$_SDFFE_PN0P_/D (sg13g2_dfrbpq_1)    0.32    1.14    0.82 (MET)
x_reg[4]$_SDFFE_PN0P_/D (sg13g2_dfrbpq_1)    0.32    1.14    0.82 (MET)
y_reg[3]$_SDFFE_PN0P_/D (sg13g2_dfrbpq_1)    0.34    1.16    0.82 (MET)
y_reg[3]$_SDFFE_PN0P_/D (sg13g2_dfrbpq_1)    0.34    1.16    0.82 (MET)
x_reg[6]$_SDFFE_PN0P_/D (sg13g2_dfrbpq_1)    0.31    1.12    0.82 (MET)
x_reg[6]$_SDFFE_PN0P_/D (sg13g2_dfrbpq_1)    0.31    1.12    0.82 (MET)
x_reg[4]$_SDFFE_PN0P_/D (sg13g2_dfrbpq_1)    0.35    1.17    0.82 (MET)
x_reg[4]$_SDFFE_PN0P_/D (sg13g2_dfrbpq_1)    0.35    1.17    0.82 (MET)
x_reg[4]$_SDFFE_PN0P_/D (sg13g2_dfrbpq_1)    0.35    1.17    0.82 (MET)
x_reg[4]$_SDFFE_PN0P_/D (sg13g2_dfrbpq_1)    0.35    1.17    0.82 (MET)
x_reg[4]$_SDFFE_PN0P_/D (sg13g2_dfrbpq_1)    0.35    1.17    0.82 (MET)
x_reg[4]$_SDFFE_PN0P_/D (sg13g2_dfrbpq_1)    0.35    1.17    0.82 (MET)
x_reg[4]$_SDFFE_PN0P_/D (sg13g2_dfrbpq_1)    0.35    1.17    0.82 (MET)
x_reg[4]$_SDFFE_PN0P_/D (sg13g2_dfrbpq_1)    0.35    1.17    0.82 (MET)
x_reg[4]$_SDFFE_PN0P_/D (sg13g2_dfrbpq_1)    0.35    1.17    0.82 (MET)
x_reg[4]$_SDFFE_PN0P_/D (sg13g2_dfrbpq_1)    0.35    1.17    0.82 (MET)
x_reg[4]$_SDFFE_PN0P_/D (sg13g2_dfrbpq_1)    0.35    1.17    0.82 (MET)
x_reg[4]$_SDFFE_PN0P_/D (sg13g2_dfrbpq_1)    0.35    1.17    0.82 (MET)
y_reg[5]$_SDFFE_PN0P_/D (sg13g2_dfrbpq_1)    0.34    1.16    0.82 (MET)
y_reg[5]$_SDFFE_PN0P_/D (sg13g2_dfrbpq_1)    0.34    1.16    0.82 (MET)
y_reg[5]$_SDFFE_PN0P_/D (sg13g2_dfrbpq_1)    0.34    1.16    0.82 (MET)
y_reg[5]$_SDFFE_PN0P_/D (sg13g2_dfrbpq_1)    0.34    1.16    0.82 (MET)
y_reg[5]$_SDFFE_PN0P_/D (sg13g2_dfrbpq_1)    0.34    1.16    0.82 (MET)
y_reg[5]$_SDFFE_PN0P_/D (sg13g2_dfrbpq_1)    0.34    1.16    0.82 (MET)
y_reg[5]$_SDFFE_PN0P_/D (sg13g2_dfrbpq_1)    0.34    1.16    0.82 (MET)
y_reg[5]$_SDFFE_PN0P_/D (sg13g2_dfrbpq_1)    0.34    1.16    0.82 (MET)
y_reg[5]$_SDFFE_PN0P_/D (sg13g2_dfrbpq_1)    0.34    1.16    0.82 (MET)
y_reg[5]$_SDFFE_PN0P_/D (sg13g2_dfrbpq_1)    0.34    1.16    0.82 (MET)
y_reg[5]$_SDFFE_PN0P_/D (sg13g2_dfrbpq_1)    0.34    1.16    0.82 (MET)
y_reg[5]$_SDFFE_PN0P_/D (sg13g2_dfrbpq_1)    0.34    1.16    0.82 (MET)
y_reg[5]$_SDFFE_PN0P_/D (sg13g2_dfrbpq_1)    0.34    1.16    0.82 (MET)
y_reg[5]$_SDFFE_PN0P_/D (sg13g2_dfrbpq_1)    0.34    1.16    0.82 (MET)
y_reg[5]$_SDFFE_PN0P_/D (sg13g2_dfrbpq_1)    0.34    1.16    0.82 (MET)
y_reg[5]$_SDFFE_PN0P_/D (sg13g2_dfrbpq_1)    0.34    1.16    0.82 (MET)
x_reg[8]$_SDFFE_PN0P_/D (sg13g2_dfrbpq_1)    0.32    1.13    0.82 (MET)
x_reg[8]$_SDFFE_PN0P_/D (sg13g2_dfrbpq_1)    0.32    1.13    0.82 (MET)
x_reg[2]$_SDFFE_PN0P_/D (sg13g2_dfrbpq_1)    0.31    1.13    0.82 (MET)
x_reg[2]$_SDFFE_PN0P_/D (sg13g2_dfrbpq_1)    0.31    1.13    0.82 (MET)
x_reg[5]$_SDFFE_PN0P_/D (sg13g2_dfrbpq_1)    0.31    1.13    0.82 (MET)
x_reg[5]$_SDFFE_PN0P_/D (sg13g2_dfrbpq_1)    0.31    1.13    0.82 (MET)
x_reg[5]$_SDFFE_PN0P_/D (sg13g2_dfrbpq_1)    0.31    1.13    0.82 (MET)
x_reg[5]$_SDFFE_PN0P_/D (sg13g2_dfrbpq_1)    0.31    1.13    0.82 (MET)
x_reg[4]$_SDFFE_PN0P_/D (sg13g2_dfrbpq_1)    0.32    1.14    0.82 (MET)
x_reg[4]$_SDFFE_PN0P_/D (sg13g2_dfrbpq_1)    0.32    1.14    0.82 (MET)
x_reg[4]$_SDFFE_PN0P_/D (sg13g2_dfrbpq_1)    0.32    1.14    0.82 (MET)
x_reg[4]$_SDFFE_PN0P_/D (sg13g2_dfrbpq_1)    0.32    1.14    0.82 (MET)
x_reg[4]$_SDFFE_PN0P_/D (sg13g2_dfrbpq_1)    0.32    1.14    0.82 (MET)
x_reg[4]$_SDFFE_PN0P_/D (sg13g2_dfrbpq_1)    0.32    1.14    0.82 (MET)
x_reg[4]$_SDFFE_PN0P_/D (sg13g2_dfrbpq_1)    0.32    1.14    0.82 (MET)
x_reg[4]$_SDFFE_PN0P_/D (sg13g2_dfrbpq_1)    0.32    1.14    0.82 (MET)
y_reg[2]$_SDFFE_PN0P_/D (sg13g2_dfrbpq_1)    0.31    1.13    0.82 (MET)
y_reg[4]$_SDFFE_PN0P_/D (sg13g2_dfrbpq_1)    0.31    1.13    0.82 (MET)
y_reg[4]$_SDFFE_PN0P_/D (sg13g2_dfrbpq_1)    0.31    1.13    0.82 (MET)
y_reg[3]$_SDFFE_PN0P_/D (sg13g2_dfrbpq_1)    0.34    1.16    0.82 (MET)
y_reg[3]$_SDFFE_PN0P_/D (sg13g2_dfrbpq_1)    0.34    1.16    0.82 (MET)
x_reg[4]$_SDFFE_PN0P_/D (sg13g2_dfrbpq_1)    0.35    1.17    0.82 (MET)
x_reg[4]$_SDFFE_PN0P_/D (sg13g2_dfrbpq_1)    0.35    1.17    0.82 (MET)
x_reg[4]$_SDFFE_PN0P_/D (sg13g2_dfrbpq_1)    0.35    1.17    0.82 (MET)
x_reg[4]$_SDFFE_PN0P_/D (sg13g2_dfrbpq_1)    0.35    1.17    0.82 (MET)
x_reg[4]$_SDFFE_PN0P_/D (sg13g2_dfrbpq_1)    0.32    1.14    0.82 (MET)
x_reg[4]$_SDFFE_PN0P_/D (sg13g2_dfrbpq_1)    0.32    1.14    0.82 (MET)
x_reg[4]$_SDFFE_PN0P_/D (sg13g2_dfrbpq_1)    0.32    1.14    0.82 (MET)
x_reg[4]$_SDFFE_PN0P_/D (sg13g2_dfrbpq_1)    0.32    1.14    0.82 (MET)
x_reg[4]$_SDFFE_PN0P_/D (sg13g2_dfrbpq_1)    0.32    1.14    0.82 (MET)
x_reg[4]$_SDFFE_PN0P_/D (sg13g2_dfrbpq_1)    0.32    1.14    0.82 (MET)
x_reg[4]$_SDFFE_PN0P_/D (sg13g2_dfrbpq_1)    0.32    1.14    0.82 (MET)
x_reg[4]$_SDFFE_PN0P_/D (sg13g2_dfrbpq_1)    0.32    1.14    0.82 (MET)
x_reg[4]$_SDFFE_PN0P_/D (sg13g2_dfrbpq_1)    0.32    1.14    0.82 (MET)
x_reg[4]$_SDFFE_PN0P_/D (sg13g2_dfrbpq_1)    0.32    1.14    0.82 (MET)
x_reg[4]$_SDFFE_PN0P_/D (sg13g2_dfrbpq_1)    0.32    1.14    0.82 (MET)
x_reg[4]$_SDFFE_PN0P_/D (sg13g2_dfrbpq_1)    0.32    1.14    0.82 (MET)
x_reg[4]$_SDFFE_PN0P_/D (sg13g2_dfrbpq_1)    0.32    1.14    0.82 (MET)
x_reg[4]$_SDFFE_PN0P_/D (sg13g2_dfrbpq_1)    0.32    1.14    0.82 (MET)
x_reg[4]$_SDFFE_PN0P_/D (sg13g2_dfrbpq_1)    0.32    1.14    0.82 (MET)
x_reg[4]$_SDFFE_PN0P_/D (sg13g2_dfrbpq_1)    0.32    1.14    0.82 (MET)
x_reg[4]$_SDFFE_PN0P_/D (sg13g2_dfrbpq_1)    0.32    1.14    0.82 (MET)
x_reg[4]$_SDFFE_PN0P_/D (sg13g2_dfrbpq_1)    0.32    1.14    0.82 (MET)
x_reg[4]$_SDFFE_PN0P_/D (sg13g2_dfrbpq_1)    0.32    1.14    0.82 (MET)
x_reg[4]$_SDFFE_PN0P_/D (sg13g2_dfrbpq_1)    0.32    1.14    0.82 (MET)
x_reg[4]$_SDFFE_PN0P_/D (sg13g2_dfrbpq_1)    0.32    1.14    0.82 (MET)
x_reg[4]$_SDFFE_PN0P_/D (sg13g2_dfrbpq_1)    0.32    1.14    0.82 (MET)
x_reg[4]$_SDFFE_PN0P_/D (sg13g2_dfrbpq_1)    0.32    1.14    0.82 (MET)
x_reg[4]$_SDFFE_PN0P_/D (sg13g2_dfrbpq_1)    0.32    1.14    0.82 (MET)
x_reg[4]$_SDFFE_PN0P_/D (sg13g2_dfrbpq_1)    0.32    1.14    0.82 (MET)
x_reg[4]$_SDFFE_PN0P_/D (sg13g2_dfrbpq_1)    0.32    1.14    0.82 (MET)
x_reg[4]$_SDFFE_PN0P_/D (sg13g2_dfrbpq_1)    0.32    1.14    0.82 (MET)
x_reg[4]$_SDFFE_PN0P_/D (sg13g2_dfrbpq_1)    0.32    1.14    0.82 (MET)
x_reg[4]$_SDFFE_PN0P_/D (sg13g2_dfrbpq_1)    0.35    1.17    0.82 (MET)
x_reg[6]$_SDFFE_PN0P_/D (sg13g2_dfrbpq_1)    0.31    1.13    0.82 (MET)
x_reg[6]$_SDFFE_PN0P_/D (sg13g2_dfrbpq_1)    0.31    1.13    0.82 (MET)
x_reg[6]$_SDFFE_PN0P_/D (sg13g2_dfrbpq_1)    0.31    1.13    0.82 (MET)
x_reg[6]$_SDFFE_PN0P_/D (sg13g2_dfrbpq_1)    0.31    1.13    0.82 (MET)
z_reg[9]$_SDFFE_PN0P_/D (sg13g2_dfrbpq_1)    0.32    1.14    0.82 (MET)
z_reg[9]$_SDFFE_PN0P_/D (sg13g2_dfrbpq_1)    0.32    1.14    0.82 (MET)
z_reg[9]$_SDFFE_PN0P_/D (sg13g2_dfrbpq_1)    0.32    1.14    0.82 (MET)
z_reg[9]$_SDFFE_PN0P_/D (sg13g2_dfrbpq_1)    0.32    1.14    0.82 (MET)
z_reg[9]$_SDFFE_PN0P_/D (sg13g2_dfrbpq_1)    0.32    1.14    0.82 (MET)
z_reg[9]$_SDFFE_PN0P_/D (sg13g2_dfrbpq_1)    0.32    1.14    0.82 (MET)
z_reg[9]$_SDFFE_PN0P_/D (sg13g2_dfrbpq_1)    0.32    1.14    0.82 (MET)
z_reg[9]$_SDFFE_PN0P_/D (sg13g2_dfrbpq_1)    0.32    1.14    0.82 (MET)
z_reg[9]$_SDFFE_PN0P_/D (sg13g2_dfrbpq_1)    0.32    1.14    0.82 (MET)
y_reg[5]$_SDFFE_PN0P_/D (sg13g2_dfrbpq_1)    0.34    1.16    0.82 (MET)
y_reg[5]$_SDFFE_PN0P_/D (sg13g2_dfrbpq_1)    0.34    1.16    0.82 (MET)
y_reg[5]$_SDFFE_PN0P_/D (sg13g2_dfrbpq_1)    0.34    1.16    0.82 (MET)
y_reg[5]$_SDFFE_PN0P_/D (sg13g2_dfrbpq_1)    0.34    1.16    0.82 (MET)
x_reg[2]$_SDFFE_PN0P_/D (sg13g2_dfrbpq_1)    0.31    1.13    0.82 (MET)
x_reg[2]$_SDFFE_PN0P_/D (sg13g2_dfrbpq_1)    0.31    1.13    0.82 (MET)
x_reg[2]$_SDFFE_PN0P_/D (sg13g2_dfrbpq_1)    0.31    1.13    0.82 (MET)
x_reg[2]$_SDFFE_PN0P_/D (sg13g2_dfrbpq_1)    0.31    1.13    0.82 (MET)
x_reg[5]$_SDFFE_PN0P_/D (sg13g2_dfrbpq_1)    0.31    1.13    0.82 (MET)
x_reg[5]$_SDFFE_PN0P_/D (sg13g2_dfrbpq_1)    0.31    1.13    0.82 (MET)
x_reg[4]$_SDFFE_PN0P_/D (sg13g2_dfrbpq_1)    0.35    1.17    0.82 (MET)
x_reg[4]$_SDFFE_PN0P_/D (sg13g2_dfrbpq_1)    0.35    1.17    0.82 (MET)
x_reg[4]$_SDFFE_PN0P_/D (sg13g2_dfrbpq_1)    0.35    1.17    0.82 (MET)
x_reg[4]$_SDFFE_PN0P_/D (sg13g2_dfrbpq_1)    0.35    1.17    0.82 (MET)
x_reg[4]$_SDFFE_PN0P_/D (sg13g2_dfrbpq_1)    0.35    1.17    0.82 (MET)
x_reg[4]$_SDFFE_PN0P_/D (sg13g2_dfrbpq_1)    0.35    1.17    0.82 (MET)
x_reg[4]$_SDFFE_PN0P_/D (sg13g2_dfrbpq_1)    0.35    1.17    0.82 (MET)
x_reg[4]$_SDFFE_PN0P_/D (sg13g2_dfrbpq_1)    0.35    1.17    0.82 (MET)
x_reg[4]$_SDFFE_PN0P_/D (sg13g2_dfrbpq_1)    0.35    1.17    0.82 (MET)
x_reg[4]$_SDFFE_PN0P_/D (sg13g2_dfrbpq_1)    0.35    1.17    0.82 (MET)
x_reg[4]$_SDFFE_PN0P_/D (sg13g2_dfrbpq_1)    0.35    1.17    0.82 (MET)
x_reg[4]$_SDFFE_PN0P_/D (sg13g2_dfrbpq_1)    0.35    1.17    0.82 (MET)
x_reg[4]$_SDFFE_PN0P_/D (sg13g2_dfrbpq_1)    0.35    1.17    0.82 (MET)
x_reg[4]$_SDFFE_PN0P_/D (sg13g2_dfrbpq_1)    0.35    1.17    0.82 (MET)
x_reg[4]$_SDFFE_PN0P_/D (sg13g2_dfrbpq_1)    0.35    1.17    0.82 (MET)
x_reg[4]$_SDFFE_PN0P_/D (sg13g2_dfrbpq_1)    0.35    1.17    0.82 (MET)
y_reg[3]$_SDFFE_PN0P_/D (sg13g2_dfrbpq_1)    0.34    1.16    0.82 (MET)
y_reg[3]$_SDFFE_PN0P_/D (sg13g2_dfrbpq_1)    0.34    1.16    0.82 (MET)
y_reg[3]$_SDFFE_PN0P_/D (sg13g2_dfrbpq_1)    0.34    1.16    0.82 (MET)
y_reg[3]$_SDFFE_PN0P_/D (sg13g2_dfrbpq_1)    0.34    1.16    0.82 (MET)
x_reg[4]$_SDFFE_PN0P_/D (sg13g2_dfrbpq_1)    0.35    1.17    0.82 (MET)
x_reg[4]$_SDFFE_PN0P_/D (sg13g2_dfrbpq_1)    0.35    1.17    0.82 (MET)
x_reg[4]$_SDFFE_PN0P_/D (sg13g2_dfrbpq_1)    0.35    1.17    0.82 (MET)
x_reg[4]$_SDFFE_PN0P_/D (sg13g2_dfrbpq_1)    0.35    1.17    0.82 (MET)
x_reg[4]$_SDFFE_PN0P_/D (sg13g2_dfrbpq_1)    0.35    1.17    0.82 (MET)
x_reg[4]$_SDFFE_PN0P_/D (sg13g2_dfrbpq_1)    0.35    1.17    0.82 (MET)
x_reg[4]$_SDFFE_PN0P_/D (sg13g2_dfrbpq_1)    0.35    1.17    0.82 (MET)
x_reg[4]$_SDFFE_PN0P_/D (sg13g2_dfrbpq_1)    0.35    1.17    0.82 (MET)
z_reg[9]$_SDFFE_PN0P_/D (sg13g2_dfrbpq_1)    0.32    1.14    0.82 (MET)
y_reg[5]$_SDFFE_PN0P_/D (sg13g2_dfrbpq_1)    0.34    1.16    0.82 (MET)
y_reg[5]$_SDFFE_PN0P_/D (sg13g2_dfrbpq_1)    0.34    1.16    0.82 (MET)
y_reg[5]$_SDFFE_PN0P_/D (sg13g2_dfrbpq_1)    0.34    1.16    0.82 (MET)
y_reg[5]$_SDFFE_PN0P_/D (sg13g2_dfrbpq_1)    0.34    1.16    0.82 (MET)
y_reg[2]$_SDFFE_PN0P_/D (sg13g2_dfrbpq_1)    0.31    1.13    0.82 (MET)
y_reg[2]$_SDFFE_PN0P_/D (sg13g2_dfrbpq_1)    0.31    1.13    0.82 (MET)
iter_cnt[2]$_SDFFE_PN0P_/D (sg13g2_dfrbpq_1)    0.31    1.13    0.82 (MET)
x_reg[4]$_SDFFE_PN0P_/D (sg13g2_dfrbpq_1)    0.35    1.17    0.82 (MET)
x_reg[4]$_SDFFE_PN0P_/D (sg13g2_dfrbpq_1)    0.35    1.17    0.82 (MET)
x_reg[4]$_SDFFE_PN0P_/D (sg13g2_dfrbpq_1)    0.35    1.17    0.82 (MET)
x_reg[4]$_SDFFE_PN0P_/D (sg13g2_dfrbpq_1)    0.35    1.17    0.82 (MET)
x_reg[4]$_SDFFE_PN0P_/D (sg13g2_dfrbpq_1)    0.35    1.17    0.82 (MET)
x_reg[4]$_SDFFE_PN0P_/D (sg13g2_dfrbpq_1)    0.35    1.17    0.82 (MET)
x_reg[4]$_SDFFE_PN0P_/D (sg13g2_dfrbpq_1)    0.35    1.17    0.82 (MET)
x_reg[4]$_SDFFE_PN0P_/D (sg13g2_dfrbpq_1)    0.35    1.17    0.82 (MET)
x_reg[4]$_SDFFE_PN0P_/D (sg13g2_dfrbpq_1)    0.35    1.17    0.82 (MET)
x_reg[4]$_SDFFE_PN0P_/D (sg13g2_dfrbpq_1)    0.35    1.17    0.82 (MET)
x_reg[4]$_SDFFE_PN0P_/D (sg13g2_dfrbpq_1)    0.35    1.17    0.82 (MET)
x_reg[4]$_SDFFE_PN0P_/D (sg13g2_dfrbpq_1)    0.35    1.17    0.82 (MET)
x_reg[4]$_SDFFE_PN0P_/D (sg13g2_dfrbpq_1)    0.35    1.17    0.82 (MET)
x_reg[4]$_SDFFE_PN0P_/D (sg13g2_dfrbpq_1)    0.35    1.17    0.82 (MET)
x_reg[4]$_SDFFE_PN0P_/D (sg13g2_dfrbpq_1)    0.35    1.17    0.82 (MET)
x_reg[4]$_SDFFE_PN0P_/D (sg13g2_dfrbpq_1)    0.35    1.17    0.82 (MET)
x_reg[5]$_SDFFE_PN0P_/D (sg13g2_dfrbpq_1)    0.31    1.13    0.82 (MET)
x_reg[5]$_SDFFE_PN0P_/D (sg13g2_dfrbpq_1)    0.31    1.13    0.82 (MET)
x_reg[4]$_SDFFE_PN0P_/D (sg13g2_dfrbpq_1)    0.35    1.17    0.82 (MET)
x_reg[4]$_SDFFE_PN0P_/D (sg13g2_dfrbpq_1)    0.35    1.17    0.82 (MET)
x_reg[5]$_SDFFE_PN0P_/D (sg13g2_dfrbpq_1)    0.31    1.13    0.82 (MET)
x_reg[5]$_SDFFE_PN0P_/D (sg13g2_dfrbpq_1)    0.31    1.13    0.82 (MET)
x_reg[5]$_SDFFE_PN0P_/D (sg13g2_dfrbpq_1)    0.31    1.13    0.82 (MET)
x_reg[5]$_SDFFE_PN0P_/D (sg13g2_dfrbpq_1)    0.31    1.13    0.82 (MET)
y_reg[5]$_SDFFE_PN0P_/D (sg13g2_dfrbpq_1)    0.34    1.16    0.82 (MET)
y_reg[5]$_SDFFE_PN0P_/D (sg13g2_dfrbpq_1)    0.34    1.16    0.82 (MET)
y_reg[5]$_SDFFE_PN0P_/D (sg13g2_dfrbpq_1)    0.34    1.16    0.82 (MET)
y_reg[5]$_SDFFE_PN0P_/D (sg13g2_dfrbpq_1)    0.34    1.16    0.82 (MET)
y_reg[5]$_SDFFE_PN0P_/D (sg13g2_dfrbpq_1)    0.34    1.16    0.82 (MET)
y_reg[5]$_SDFFE_PN0P_/D (sg13g2_dfrbpq_1)    0.34    1.16    0.82 (MET)
y_reg[5]$_SDFFE_PN0P_/D (sg13g2_dfrbpq_1)    0.34    1.16    0.82 (MET)
y_reg[5]$_SDFFE_PN0P_/D (sg13g2_dfrbpq_1)    0.34    1.16    0.82 (MET)
iter_cnt[2]$_SDFFE_PN0P_/D (sg13g2_dfrbpq_1)    0.31    1.13    0.82 (MET)
iter_cnt[2]$_SDFFE_PN0P_/D (sg13g2_dfrbpq_1)    0.31    1.13    0.82 (MET)
x_reg[2]$_SDFFE_PN0P_/D (sg13g2_dfrbpq_1)    0.31    1.13    0.82 (MET)
x_reg[2]$_SDFFE_PN0P_/D (sg13g2_dfrbpq_1)    0.31    1.13    0.82 (MET)
x_reg[2]$_SDFFE_PN0P_/D (sg13g2_dfrbpq_1)    0.31    1.13    0.82 (MET)
x_reg[2]$_SDFFE_PN0P_/D (sg13g2_dfrbpq_1)    0.31    1.13    0.82 (MET)
x_reg[5]$_SDFFE_PN0P_/D (sg13g2_dfrbpq_1)    0.31    1.13    0.82 (MET)
x_reg[5]$_SDFFE_PN0P_/D (sg13g2_dfrbpq_1)    0.31    1.13    0.82 (MET)
x_reg[4]$_SDFFE_PN0P_/D (sg13g2_dfrbpq_1)    0.35    1.17    0.82 (MET)
x_reg[4]$_SDFFE_PN0P_/D (sg13g2_dfrbpq_1)    0.35    1.17    0.82 (MET)
x_reg[5]$_SDFFE_PN0P_/D (sg13g2_dfrbpq_1)    0.31    1.13    0.82 (MET)
x_reg[5]$_SDFFE_PN0P_/D (sg13g2_dfrbpq_1)    0.31    1.13    0.82 (MET)
x_reg[5]$_SDFFE_PN0P_/D (sg13g2_dfrbpq_1)    0.31    1.13    0.82 (MET)
x_reg[5]$_SDFFE_PN0P_/D (sg13g2_dfrbpq_1)    0.31    1.13    0.82 (MET)
x_reg[5]$_SDFFE_PN0P_/D (sg13g2_dfrbpq_1)    0.31    1.13    0.82 (MET)
x_reg[5]$_SDFFE_PN0P_/D (sg13g2_dfrbpq_1)    0.31    1.13    0.82 (MET)
y_reg[3]$_SDFFE_PN0P_/D (sg13g2_dfrbpq_1)    0.34    1.16    0.82 (MET)
y_reg[3]$_SDFFE_PN0P_/D (sg13g2_dfrbpq_1)    0.34    1.16    0.82 (MET)
x_reg[6]$_SDFFE_PN0P_/D (sg13g2_dfrbpq_1)    0.31    1.13    0.82 (MET)
x_reg[6]$_SDFFE_PN0P_/D (sg13g2_dfrbpq_1)    0.31    1.13    0.82 (MET)
x_reg[1]$_SDFFE_PN0P_/D (sg13g2_dfrbpq_1)    0.35    1.17    0.82 (MET)
y_reg[1]$_SDFFE_PN0P_/D (sg13g2_dfrbpq_1)    0.34    1.16    0.82 (MET)
y_reg[1]$_SDFFE_PN0P_/D (sg13g2_dfrbpq_1)    0.34    1.16    0.82 (MET)
y_reg[1]$_SDFFE_PN0P_/D (sg13g2_dfrbpq_1)    0.34    1.16    0.82 (MET)
y_reg[1]$_SDFFE_PN0P_/D (sg13g2_dfrbpq_1)    0.34    1.16    0.82 (MET)
x_reg[4]$_SDFFE_PN0P_/D (sg13g2_dfrbpq_1)    0.32    1.14    0.82 (MET)
y_reg[6]$_SDFFE_PN0P_/D (sg13g2_dfrbpq_1)    0.34    1.16    0.82 (MET)
y_reg[6]$_SDFFE_PN0P_/D (sg13g2_dfrbpq_1)    0.34    1.16    0.82 (MET)
x_reg[5]$_SDFFE_PN0P_/D (sg13g2_dfrbpq_1)    0.34    1.16    0.82 (MET)
x_reg[5]$_SDFFE_PN0P_/D (sg13g2_dfrbpq_1)    0.34    1.16    0.82 (MET)
y_reg[3]$_SDFFE_PN0P_/D (sg13g2_dfrbpq_1)    0.34    1.16    0.82 (MET)
x_reg[6]$_SDFFE_PN0P_/D (sg13g2_dfrbpq_1)    0.34    1.16    0.82 (MET)
x_reg[4]$_SDFFE_PN0P_/D (sg13g2_dfrbpq_1)    0.35    1.17    0.82 (MET)
x_reg[4]$_SDFFE_PN0P_/D (sg13g2_dfrbpq_1)    0.35    1.17    0.82 (MET)
x_reg[4]$_SDFFE_PN0P_/D (sg13g2_dfrbpq_1)    0.35    1.17    0.82 (MET)
x_reg[4]$_SDFFE_PN0P_/D (sg13g2_dfrbpq_1)    0.35    1.17    0.82 (MET)
x_reg[4]$_SDFFE_PN0P_/D (sg13g2_dfrbpq_1)    0.35    1.17    0.82 (MET)
x_reg[4]$_SDFFE_PN0P_/D (sg13g2_dfrbpq_1)    0.35    1.17    0.82 (MET)
x_reg[4]$_SDFFE_PN0P_/D (sg13g2_dfrbpq_1)    0.35    1.17    0.82 (MET)
x_reg[4]$_SDFFE_PN0P_/D (sg13g2_dfrbpq_1)    0.35    1.17    0.82 (MET)
x_reg[5]$_SDFFE_PN0P_/D (sg13g2_dfrbpq_1)    0.31    1.13    0.82 (MET)
x_reg[5]$_SDFFE_PN0P_/D (sg13g2_dfrbpq_1)    0.31    1.13    0.82 (MET)
x_reg[5]$_SDFFE_PN0P_/D (sg13g2_dfrbpq_1)    0.31    1.13    0.82 (MET)
x_reg[5]$_SDFFE_PN0P_/D (sg13g2_dfrbpq_1)    0.31    1.13    0.82 (MET)
y_reg[3]$_SDFFE_PN0P_/D (sg13g2_dfrbpq_1)    0.34    1.16    0.82 (MET)
y_reg[3]$_SDFFE_PN0P_/D (sg13g2_dfrbpq_1)    0.34    1.16    0.82 (MET)
y_reg[3]$_SDFFE_PN0P_/D (sg13g2_dfrbpq_1)    0.34    1.16    0.82 (MET)
y_reg[3]$_SDFFE_PN0P_/D (sg13g2_dfrbpq_1)    0.34    1.16    0.82 (MET)
y_reg[3]$_SDFFE_PN0P_/D (sg13g2_dfrbpq_1)    0.34    1.16    0.82 (MET)
x_reg[4]$_SDFFE_PN0P_/D (sg13g2_dfrbpq_1)    0.35    1.17    0.82 (MET)
x_reg[4]$_SDFFE_PN0P_/D (sg13g2_dfrbpq_1)    0.35    1.17    0.82 (MET)
x_reg[4]$_SDFFE_PN0P_/D (sg13g2_dfrbpq_1)    0.35    1.17    0.82 (MET)
x_reg[4]$_SDFFE_PN0P_/D (sg13g2_dfrbpq_1)    0.35    1.17    0.82 (MET)
x_reg[4]$_SDFFE_PN0P_/D (sg13g2_dfrbpq_1)    0.35    1.17    0.82 (MET)
x_reg[4]$_SDFFE_PN0P_/D (sg13g2_dfrbpq_1)    0.35    1.17    0.82 (MET)
x_reg[4]$_SDFFE_PN0P_/D (sg13g2_dfrbpq_1)    0.35    1.17    0.82 (MET)
x_reg[4]$_SDFFE_PN0P_/D (sg13g2_dfrbpq_1)    0.35    1.17    0.82 (MET)
x_reg[4]$_SDFFE_PN0P_/D (sg13g2_dfrbpq_1)    0.35    1.17    0.82 (MET)
x_reg[4]$_SDFFE_PN0P_/D (sg13g2_dfrbpq_1)    0.35    1.17    0.82 (MET)
x_reg[4]$_SDFFE_PN0P_/D (sg13g2_dfrbpq_1)    0.35    1.17    0.82 (MET)
x_reg[4]$_SDFFE_PN0P_/D (sg13g2_dfrbpq_1)    0.35    1.17    0.82 (MET)
x_reg[4]$_SDFFE_PN0P_/D (sg13g2_dfrbpq_1)    0.35    1.17    0.82 (MET)
x_reg[4]$_SDFFE_PN0P_/D (sg13g2_dfrbpq_1)    0.35    1.17    0.82 (MET)
x_reg[4]$_SDFFE_PN0P_/D (sg13g2_dfrbpq_1)    0.35    1.17    0.82 (MET)
x_reg[4]$_SDFFE_PN0P_/D (sg13g2_dfrbpq_1)    0.35    1.17    0.82 (MET)
x_reg[4]$_SDFFE_PN0P_/D (sg13g2_dfrbpq_1)    0.35    1.17    0.82 (MET)
x_reg[4]$_SDFFE_PN0P_/D (sg13g2_dfrbpq_1)    0.35    1.17    0.82 (MET)
x_reg[4]$_SDFFE_PN0P_/D (sg13g2_dfrbpq_1)    0.35    1.17    0.82 (MET)
x_reg[4]$_SDFFE_PN0P_/D (sg13g2_dfrbpq_1)    0.35    1.17    0.82 (MET)
x_reg[4]$_SDFFE_PN0P_/D (sg13g2_dfrbpq_1)    0.35    1.17    0.82 (MET)
x_reg[4]$_SDFFE_PN0P_/D (sg13g2_dfrbpq_1)    0.35    1.17    0.82 (MET)
x_reg[4]$_SDFFE_PN0P_/D (sg13g2_dfrbpq_1)    0.35    1.17    0.82 (MET)
x_reg[4]$_SDFFE_PN0P_/D (sg13g2_dfrbpq_1)    0.35    1.17    0.82 (MET)
x_reg[4]$_SDFFE_PN0P_/D (sg13g2_dfrbpq_1)    0.35    1.17    0.82 (MET)
x_reg[4]$_SDFFE_PN0P_/D (sg13g2_dfrbpq_1)    0.35    1.17    0.82 (MET)
x_reg[4]$_SDFFE_PN0P_/D (sg13g2_dfrbpq_1)    0.35    1.17    0.82 (MET)
x_reg[4]$_SDFFE_PN0P_/D (sg13g2_dfrbpq_1)    0.35    1.17    0.82 (MET)
x_reg[4]$_SDFFE_PN0P_/D (sg13g2_dfrbpq_1)    0.35    1.17    0.82 (MET)
x_reg[4]$_SDFFE_PN0P_/D (sg13g2_dfrbpq_1)    0.35    1.17    0.82 (MET)
x_reg[4]$_SDFFE_PN0P_/D (sg13g2_dfrbpq_1)    0.35    1.17    0.82 (MET)
x_reg[4]$_SDFFE_PN0P_/D (sg13g2_dfrbpq_1)    0.35    1.17    0.82 (MET)
y_reg[6]$_SDFFE_PN0P_/D (sg13g2_dfrbpq_1)    0.34    1.16    0.82 (MET)
y_reg[6]$_SDFFE_PN0P_/D (sg13g2_dfrbpq_1)    0.34    1.16    0.82 (MET)
x_reg[5]$_SDFFE_PN0P_/D (sg13g2_dfrbpq_1)    0.31    1.13    0.82 (MET)
x_reg[5]$_SDFFE_PN0P_/D (sg13g2_dfrbpq_1)    0.31    1.13    0.82 (MET)
x_reg[5]$_SDFFE_PN0P_/D (sg13g2_dfrbpq_1)    0.31    1.13    0.82 (MET)
x_reg[5]$_SDFFE_PN0P_/D (sg13g2_dfrbpq_1)    0.31    1.13    0.82 (MET)
x_reg[4]$_SDFFE_PN0P_/D (sg13g2_dfrbpq_1)    0.35    1.17    0.82 (MET)
x_reg[4]$_SDFFE_PN0P_/D (sg13g2_dfrbpq_1)    0.35    1.17    0.82 (MET)
x_reg[4]$_SDFFE_PN0P_/D (sg13g2_dfrbpq_1)    0.35    1.17    0.82 (MET)
x_reg[4]$_SDFFE_PN0P_/D (sg13g2_dfrbpq_1)    0.35    1.17    0.82 (MET)
y_reg[5]$_SDFFE_PN0P_/D (sg13g2_dfrbpq_1)    0.34    1.16    0.82 (MET)
y_reg[5]$_SDFFE_PN0P_/D (sg13g2_dfrbpq_1)    0.34    1.16    0.82 (MET)
y_reg[2]$_SDFFE_PN0P_/D (sg13g2_dfrbpq_1)    0.31    1.13    0.82 (MET)
x_reg[5]$_SDFFE_PN0P_/D (sg13g2_dfrbpq_1)    0.34    1.16    0.82 (MET)
x_reg[5]$_SDFFE_PN0P_/D (sg13g2_dfrbpq_1)    0.34    1.16    0.82 (MET)
x_reg[5]$_SDFFE_PN0P_/D (sg13g2_dfrbpq_1)    0.34    1.16    0.82 (MET)
x_reg[5]$_SDFFE_PN0P_/D (sg13g2_dfrbpq_1)    0.34    1.16    0.82 (MET)
x_reg[5]$_SDFFE_PN0P_/D (sg13g2_dfrbpq_1)    0.34    1.16    0.82 (MET)
x_reg[6]$_SDFFE_PN0P_/D (sg13g2_dfrbpq_1)    0.31    1.13    0.82 (MET)
x_reg[6]$_SDFFE_PN0P_/D (sg13g2_dfrbpq_1)    0.31    1.13    0.82 (MET)
y_reg[6]$_SDFFE_PN0P_/D (sg13g2_dfrbpq_1)    0.34    1.17    0.82 (MET)
y_reg[6]$_SDFFE_PN0P_/D (sg13g2_dfrbpq_1)    0.34    1.17    0.82 (MET)
y_reg[6]$_SDFFE_PN0P_/D (sg13g2_dfrbpq_1)    0.34    1.17    0.82 (MET)
y_reg[6]$_SDFFE_PN0P_/D (sg13g2_dfrbpq_1)    0.34    1.17    0.82 (MET)
x_reg[4]$_SDFFE_PN0P_/D (sg13g2_dfrbpq_1)    0.32    1.14    0.82 (MET)
x_reg[4]$_SDFFE_PN0P_/D (sg13g2_dfrbpq_1)    0.32    1.14    0.82 (MET)
x_reg[4]$_SDFFE_PN0P_/D (sg13g2_dfrbpq_1)    0.32    1.14    0.82 (MET)
x_reg[6]$_SDFFE_PN0P_/D (sg13g2_dfrbpq_1)    0.34    1.16    0.82 (MET)
x_reg[6]$_SDFFE_PN0P_/D (sg13g2_dfrbpq_1)    0.34    1.16    0.82 (MET)
y_reg[2]$_SDFFE_PN0P_/D (sg13g2_dfrbpq_1)    0.34    1.16    0.82 (MET)
y_reg[4]$_SDFFE_PN0P_/D (sg13g2_dfrbpq_1)    0.34    1.17    0.82 (MET)
y_reg[4]$_SDFFE_PN0P_/D (sg13g2_dfrbpq_1)    0.34    1.17    0.82 (MET)
y_reg[4]$_SDFFE_PN0P_/D (sg13g2_dfrbpq_1)    0.34    1.17    0.82 (MET)
y_reg[4]$_SDFFE_PN0P_/D (sg13g2_dfrbpq_1)    0.34    1.17    0.82 (MET)
y_reg[5]$_SDFFE_PN0P_/D (sg13g2_dfrbpq_1)    0.34    1.16    0.82 (MET)
y_reg[5]$_SDFFE_PN0P_/D (sg13g2_dfrbpq_1)    0.34    1.16    0.82 (MET)
y_reg[2]$_SDFFE_PN0P_/D (sg13g2_dfrbpq_1)    0.34    1.16    0.82 (MET)
y_reg[2]$_SDFFE_PN0P_/D (sg13g2_dfrbpq_1)    0.31    1.13    0.82 (MET)
y_reg[2]$_SDFFE_PN0P_/D (sg13g2_dfrbpq_1)    0.31    1.13    0.82 (MET)
x_reg[7]$_SDFFE_PN0P_/D (sg13g2_dfrbpq_1)    0.35    1.17    0.82 (MET)
x_reg[7]$_SDFFE_PN0P_/D (sg13g2_dfrbpq_1)    0.35    1.17    0.82 (MET)
x_reg[7]$_SDFFE_PN0P_/D (sg13g2_dfrbpq_1)    0.35    1.17    0.82 (MET)
x_reg[7]$_SDFFE_PN0P_/D (sg13g2_dfrbpq_1)    0.35    1.17    0.82 (MET)
x_reg[4]$_SDFFE_PN0P_/D (sg13g2_dfrbpq_1)    0.32    1.14    0.82 (MET)
x_reg[4]$_SDFFE_PN0P_/D (sg13g2_dfrbpq_1)    0.32    1.14    0.82 (MET)
x_reg[4]$_SDFFE_PN0P_/D (sg13g2_dfrbpq_1)    0.32    1.14    0.82 (MET)
x_reg[4]$_SDFFE_PN0P_/D (sg13g2_dfrbpq_1)    0.32    1.14    0.82 (MET)
x_reg[4]$_SDFFE_PN0P_/D (sg13g2_dfrbpq_1)    0.32    1.14    0.82 (MET)
x_reg[4]$_SDFFE_PN0P_/D (sg13g2_dfrbpq_1)    0.32    1.14    0.82 (MET)
y_reg[2]$_SDFFE_PN0P_/D (sg13g2_dfrbpq_1)    0.34    1.16    0.82 (MET)
y_reg[2]$_SDFFE_PN0P_/D (sg13g2_dfrbpq_1)    0.34    1.16    0.82 (MET)
x_reg[6]$_SDFFE_PN0P_/D (sg13g2_dfrbpq_1)    0.34    1.16    0.82 (MET)
x_reg[6]$_SDFFE_PN0P_/D (sg13g2_dfrbpq_1)    0.34    1.16    0.82 (MET)
x_reg[9]$_SDFFE_PN0P_/D (sg13g2_dfrbpq_1)    0.34    1.16    0.82 (MET)
x_reg[9]$_SDFFE_PN0P_/D (sg13g2_dfrbpq_1)    0.34    1.16    0.82 (MET)
x_reg[4]$_SDFFE_PN0P_/D (sg13g2_dfrbpq_1)    0.35    1.17    0.82 (MET)
x_reg[4]$_SDFFE_PN0P_/D (sg13g2_dfrbpq_1)    0.35    1.17    0.82 (MET)
x_reg[4]$_SDFFE_PN0P_/D (sg13g2_dfrbpq_1)    0.35    1.17    0.82 (MET)
x_reg[4]$_SDFFE_PN0P_/D (sg13g2_dfrbpq_1)    0.35    1.17    0.82 (MET)
x_reg[4]$_SDFFE_PN0P_/D (sg13g2_dfrbpq_1)    0.35    1.17    0.82 (MET)
x_reg[4]$_SDFFE_PN0P_/D (sg13g2_dfrbpq_1)    0.35    1.17    0.82 (MET)
x_reg[4]$_SDFFE_PN0P_/D (sg13g2_dfrbpq_1)    0.35    1.17    0.82 (MET)
x_reg[4]$_SDFFE_PN0P_/D (sg13g2_dfrbpq_1)    0.35    1.17    0.82 (MET)
y_reg[5]$_SDFFE_PN0P_/D (sg13g2_dfrbpq_1)    0.34    1.16    0.82 (MET)
y_reg[5]$_SDFFE_PN0P_/D (sg13g2_dfrbpq_1)    0.34    1.16    0.82 (MET)
y_reg[5]$_SDFFE_PN0P_/D (sg13g2_dfrbpq_1)    0.34    1.16    0.82 (MET)
y_reg[5]$_SDFFE_PN0P_/D (sg13g2_dfrbpq_1)    0.34    1.16    0.82 (MET)
x_reg[7]$_SDFFE_PN0P_/D (sg13g2_dfrbpq_1)    0.35    1.17    0.82 (MET)
x_reg[7]$_SDFFE_PN0P_/D (sg13g2_dfrbpq_1)    0.35    1.17    0.82 (MET)
x_reg[7]$_SDFFE_PN0P_/D (sg13g2_dfrbpq_1)    0.35    1.17    0.82 (MET)
x_reg[7]$_SDFFE_PN0P_/D (sg13g2_dfrbpq_1)    0.35    1.17    0.82 (MET)
y_reg[3]$_SDFFE_PN0P_/D (sg13g2_dfrbpq_1)    0.34    1.16    0.82 (MET)
y_reg[3]$_SDFFE_PN0P_/D (sg13g2_dfrbpq_1)    0.34    1.16    0.82 (MET)
x_reg[4]$_SDFFE_PN0P_/D (sg13g2_dfrbpq_1)    0.35    1.17    0.82 (MET)
x_reg[4]$_SDFFE_PN0P_/D (sg13g2_dfrbpq_1)    0.35    1.17    0.82 (MET)
x_reg[4]$_SDFFE_PN0P_/D (sg13g2_dfrbpq_1)    0.35    1.17    0.82 (MET)
x_reg[4]$_SDFFE_PN0P_/D (sg13g2_dfrbpq_1)    0.35    1.17    0.82 (MET)
x_reg[4]$_SDFFE_PN0P_/D (sg13g2_dfrbpq_1)    0.35    1.17    0.82 (MET)
x_reg[4]$_SDFFE_PN0P_/D (sg13g2_dfrbpq_1)    0.35    1.17    0.82 (MET)
x_reg[4]$_SDFFE_PN0P_/D (sg13g2_dfrbpq_1)    0.35    1.17    0.82 (MET)
x_reg[4]$_SDFFE_PN0P_/D (sg13g2_dfrbpq_1)    0.35    1.17    0.82 (MET)
x_reg[4]$_SDFFE_PN0P_/D (sg13g2_dfrbpq_1)    0.35    1.17    0.82 (MET)
x_reg[4]$_SDFFE_PN0P_/D (sg13g2_dfrbpq_1)    0.35    1.17    0.82 (MET)
x_reg[4]$_SDFFE_PN0P_/D (sg13g2_dfrbpq_1)    0.35    1.17    0.82 (MET)
x_reg[4]$_SDFFE_PN0P_/D (sg13g2_dfrbpq_1)    0.35    1.17    0.82 (MET)
x_reg[4]$_SDFFE_PN0P_/D (sg13g2_dfrbpq_1)    0.35    1.17    0.82 (MET)
x_reg[4]$_SDFFE_PN0P_/D (sg13g2_dfrbpq_1)    0.35    1.17    0.82 (MET)
x_reg[4]$_SDFFE_PN0P_/D (sg13g2_dfrbpq_1)    0.35    1.17    0.82 (MET)
x_reg[4]$_SDFFE_PN0P_/D (sg13g2_dfrbpq_1)    0.35    1.17    0.82 (MET)
y_reg[3]$_SDFFE_PN0P_/D (sg13g2_dfrbpq_1)    0.34    1.16    0.82 (MET)
y_reg[3]$_SDFFE_PN0P_/D (sg13g2_dfrbpq_1)    0.34    1.16    0.82 (MET)
y_reg[3]$_SDFFE_PN0P_/D (sg13g2_dfrbpq_1)    0.34    1.16    0.82 (MET)
y_reg[3]$_SDFFE_PN0P_/D (sg13g2_dfrbpq_1)    0.34    1.16    0.82 (MET)
x_reg[5]$_SDFFE_PN0P_/D (sg13g2_dfrbpq_1)    0.34    1.16    0.82 (MET)
x_reg[5]$_SDFFE_PN0P_/D (sg13g2_dfrbpq_1)    0.34    1.16    0.82 (MET)
x_reg[5]$_SDFFE_PN0P_/D (sg13g2_dfrbpq_1)    0.34    1.16    0.82 (MET)
x_reg[5]$_SDFFE_PN0P_/D (sg13g2_dfrbpq_1)    0.34    1.16    0.82 (MET)
x_reg[4]$_SDFFE_PN0P_/D (sg13g2_dfrbpq_1)    0.35    1.17    0.82 (MET)
x_reg[4]$_SDFFE_PN0P_/D (sg13g2_dfrbpq_1)    0.35    1.17    0.82 (MET)
x_reg[4]$_SDFFE_PN0P_/D (sg13g2_dfrbpq_1)    0.35    1.17    0.82 (MET)
x_reg[4]$_SDFFE_PN0P_/D (sg13g2_dfrbpq_1)    0.35    1.17    0.82 (MET)
x_reg[4]$_SDFFE_PN0P_/D (sg13g2_dfrbpq_1)    0.35    1.17    0.82 (MET)
x_reg[4]$_SDFFE_PN0P_/D (sg13g2_dfrbpq_1)    0.35    1.17    0.82 (MET)
x_reg[4]$_SDFFE_PN0P_/D (sg13g2_dfrbpq_1)    0.35    1.17    0.82 (MET)
x_reg[4]$_SDFFE_PN0P_/D (sg13g2_dfrbpq_1)    0.35    1.17    0.82 (MET)
x_reg[4]$_SDFFE_PN0P_/D (sg13g2_dfrbpq_1)    0.35    1.17    0.82 (MET)
x_reg[4]$_SDFFE_PN0P_/D (sg13g2_dfrbpq_1)    0.35    1.17    0.82 (MET)
x_reg[4]$_SDFFE_PN0P_/D (sg13g2_dfrbpq_1)    0.35    1.17    0.82 (MET)
x_reg[4]$_SDFFE_PN0P_/D (sg13g2_dfrbpq_1)    0.35    1.17    0.82 (MET)
x_reg[4]$_SDFFE_PN0P_/D (sg13g2_dfrbpq_1)    0.35    1.17    0.82 (MET)
x_reg[4]$_SDFFE_PN0P_/D (sg13g2_dfrbpq_1)    0.35    1.17    0.82 (MET)
x_reg[4]$_SDFFE_PN0P_/D (sg13g2_dfrbpq_1)    0.35    1.17    0.82 (MET)
x_reg[4]$_SDFFE_PN0P_/D (sg13g2_dfrbpq_1)    0.35    1.17    0.82 (MET)
x_reg[4]$_SDFFE_PN0P_/D (sg13g2_dfrbpq_1)    0.35    1.17    0.82 (MET)
x_reg[4]$_SDFFE_PN0P_/D (sg13g2_dfrbpq_1)    0.35    1.17    0.82 (MET)
x_reg[4]$_SDFFE_PN0P_/D (sg13g2_dfrbpq_1)    0.35    1.17    0.82 (MET)
x_reg[4]$_SDFFE_PN0P_/D (sg13g2_dfrbpq_1)    0.35    1.17    0.82 (MET)
x_reg[4]$_SDFFE_PN0P_/D (sg13g2_dfrbpq_1)    0.35    1.17    0.82 (MET)
x_reg[4]$_SDFFE_PN0P_/D (sg13g2_dfrbpq_1)    0.35    1.17    0.82 (MET)
x_reg[4]$_SDFFE_PN0P_/D (sg13g2_dfrbpq_1)    0.35    1.17    0.82 (MET)
x_reg[4]$_SDFFE_PN0P_/D (sg13g2_dfrbpq_1)    0.35    1.17    0.82 (MET)
x_reg[4]$_SDFFE_PN0P_/D (sg13g2_dfrbpq_1)    0.32    1.14    0.82 (MET)
x_reg[4]$_SDFFE_PN0P_/D (sg13g2_dfrbpq_1)    0.32    1.14    0.82 (MET)
x_reg[4]$_SDFFE_PN0P_/D (sg13g2_dfrbpq_1)    0.32    1.14    0.82 (MET)
x_reg[4]$_SDFFE_PN0P_/D (sg13g2_dfrbpq_1)    0.32    1.14    0.82 (MET)
x_reg[4]$_SDFFE_PN0P_/D (sg13g2_dfrbpq_1)    0.32    1.14    0.82 (MET)
x_reg[4]$_SDFFE_PN0P_/D (sg13g2_dfrbpq_1)    0.32    1.14    0.82 (MET)
x_reg[4]$_SDFFE_PN0P_/D (sg13g2_dfrbpq_1)    0.32    1.14    0.82 (MET)
x_reg[4]$_SDFFE_PN0P_/D (sg13g2_dfrbpq_1)    0.32    1.14    0.82 (MET)
y_reg[3]$_SDFFE_PN0P_/D (sg13g2_dfrbpq_1)    0.31    1.13    0.82 (MET)
y_reg[3]$_SDFFE_PN0P_/D (sg13g2_dfrbpq_1)    0.31    1.13    0.82 (MET)
x_reg[5]$_SDFFE_PN0P_/D (sg13g2_dfrbpq_1)    0.34    1.16    0.82 (MET)
x_reg[5]$_SDFFE_PN0P_/D (sg13g2_dfrbpq_1)    0.34    1.16    0.82 (MET)
x_reg[5]$_SDFFE_PN0P_/D (sg13g2_dfrbpq_1)    0.34    1.16    0.82 (MET)
x_reg[5]$_SDFFE_PN0P_/D (sg13g2_dfrbpq_1)    0.34    1.16    0.82 (MET)
y_reg[3]$_SDFFE_PN0P_/D (sg13g2_dfrbpq_1)    0.34    1.16    0.82 (MET)
y_reg[3]$_SDFFE_PN0P_/D (sg13g2_dfrbpq_1)    0.34    1.16    0.82 (MET)
y_reg[3]$_SDFFE_PN0P_/D (sg13g2_dfrbpq_1)    0.34    1.16    0.82 (MET)
y_reg[3]$_SDFFE_PN0P_/D (sg13g2_dfrbpq_1)    0.34    1.16    0.82 (MET)
y_reg[2]$_SDFFE_PN0P_/D (sg13g2_dfrbpq_1)    0.34    1.16    0.82 (MET)
y_reg[2]$_SDFFE_PN0P_/D (sg13g2_dfrbpq_1)    0.34    1.16    0.82 (MET)
y_reg[2]$_SDFFE_PN0P_/D (sg13g2_dfrbpq_1)    0.34    1.16    0.82 (MET)
y_reg[2]$_SDFFE_PN0P_/D (sg13g2_dfrbpq_1)    0.34    1.16    0.82 (MET)
x_reg[4]$_SDFFE_PN0P_/D (sg13g2_dfrbpq_1)    0.35    1.18    0.82 (MET)
x_reg[4]$_SDFFE_PN0P_/D (sg13g2_dfrbpq_1)    0.35    1.18    0.82 (MET)
x_reg[4]$_SDFFE_PN0P_/D (sg13g2_dfrbpq_1)    0.35    1.18    0.82 (MET)
x_reg[4]$_SDFFE_PN0P_/D (sg13g2_dfrbpq_1)    0.35    1.18    0.82 (MET)
x_reg[4]$_SDFFE_PN0P_/D (sg13g2_dfrbpq_1)    0.35    1.18    0.82 (MET)
x_reg[4]$_SDFFE_PN0P_/D (sg13g2_dfrbpq_1)    0.35    1.18    0.82 (MET)
x_reg[4]$_SDFFE_PN0P_/D (sg13g2_dfrbpq_1)    0.35    1.18    0.82 (MET)
x_reg[4]$_SDFFE_PN0P_/D (sg13g2_dfrbpq_1)    0.35    1.18    0.82 (MET)
x_reg[4]$_SDFFE_PN0P_/D (sg13g2_dfrbpq_1)    0.35    1.18    0.82 (MET)
x_reg[4]$_SDFFE_PN0P_/D (sg13g2_dfrbpq_1)    0.35    1.18    0.82 (MET)
x_reg[4]$_SDFFE_PN0P_/D (sg13g2_dfrbpq_1)    0.35    1.18    0.82 (MET)
x_reg[4]$_SDFFE_PN0P_/D (sg13g2_dfrbpq_1)    0.35    1.18    0.82 (MET)
x_reg[4]$_SDFFE_PN0P_/D (sg13g2_dfrbpq_1)    0.35    1.18    0.82 (MET)
x_reg[4]$_SDFFE_PN0P_/D (sg13g2_dfrbpq_1)    0.35    1.18    0.82 (MET)
x_reg[4]$_SDFFE_PN0P_/D (sg13g2_dfrbpq_1)    0.35    1.18    0.82 (MET)
x_reg[4]$_SDFFE_PN0P_/D (sg13g2_dfrbpq_1)    0.35    1.18    0.82 (MET)
y_reg[3]$_SDFFE_PN0P_/D (sg13g2_dfrbpq_1)    0.34    1.16    0.82 (MET)
y_reg[3]$_SDFFE_PN0P_/D (sg13g2_dfrbpq_1)    0.34    1.16    0.82 (MET)
y_reg[3]$_SDFFE_PN0P_/D (sg13g2_dfrbpq_1)    0.34    1.16    0.82 (MET)
y_reg[3]$_SDFFE_PN0P_/D (sg13g2_dfrbpq_1)    0.34    1.16    0.82 (MET)
x_reg[6]$_SDFFE_PN0P_/D (sg13g2_dfrbpq_1)    0.34    1.16    0.82 (MET)
y_reg[5]$_SDFFE_PN0P_/D (sg13g2_dfrbpq_1)    0.34    1.16    0.82 (MET)
y_reg[5]$_SDFFE_PN0P_/D (sg13g2_dfrbpq_1)    0.34    1.16    0.82 (MET)
y_reg[3]$_SDFFE_PN0P_/D (sg13g2_dfrbpq_1)    0.34    1.16    0.82 (MET)
y_reg[3]$_SDFFE_PN0P_/D (sg13g2_dfrbpq_1)    0.34    1.16    0.82 (MET)
y_reg[3]$_SDFFE_PN0P_/D (sg13g2_dfrbpq_1)    0.34    1.16    0.82 (MET)
x_reg[4]$_SDFFE_PN0P_/D (sg13g2_dfrbpq_1)    0.32    1.15    0.82 (MET)
x_reg[4]$_SDFFE_PN0P_/D (sg13g2_dfrbpq_1)    0.32    1.15    0.82 (MET)
y_reg[3]$_SDFFE_PN0P_/D (sg13g2_dfrbpq_1)    0.34    1.16    0.82 (MET)
y_reg[3]$_SDFFE_PN0P_/D (sg13g2_dfrbpq_1)    0.34    1.16    0.82 (MET)
y_reg[3]$_SDFFE_PN0P_/D (sg13g2_dfrbpq_1)    0.34    1.16    0.82 (MET)
y_reg[3]$_SDFFE_PN0P_/D (sg13g2_dfrbpq_1)    0.34    1.16    0.82 (MET)
x_reg[4]$_SDFFE_PN0P_/D (sg13g2_dfrbpq_1)    0.35    1.18    0.82 (MET)
x_reg[4]$_SDFFE_PN0P_/D (sg13g2_dfrbpq_1)    0.35    1.18    0.82 (MET)
x_reg[4]$_SDFFE_PN0P_/D (sg13g2_dfrbpq_1)    0.35    1.18    0.82 (MET)
x_reg[4]$_SDFFE_PN0P_/D (sg13g2_dfrbpq_1)    0.35    1.18    0.82 (MET)
x_reg[4]$_SDFFE_PN0P_/D (sg13g2_dfrbpq_1)    0.35    1.18    0.82 (MET)
x_reg[4]$_SDFFE_PN0P_/D (sg13g2_dfrbpq_1)    0.35    1.18    0.82 (MET)
x_reg[4]$_SDFFE_PN0P_/D (sg13g2_dfrbpq_1)    0.35    1.18    0.82 (MET)
x_reg[4]$_SDFFE_PN0P_/D (sg13g2_dfrbpq_1)    0.35    1.18    0.82 (MET)
x_reg[4]$_SDFFE_PN0P_/D (sg13g2_dfrbpq_1)    0.35    1.18    0.82 (MET)
x_reg[4]$_SDFFE_PN0P_/D (sg13g2_dfrbpq_1)    0.35    1.18    0.82 (MET)
x_reg[4]$_SDFFE_PN0P_/D (sg13g2_dfrbpq_1)    0.35    1.18    0.82 (MET)
x_reg[4]$_SDFFE_PN0P_/D (sg13g2_dfrbpq_1)    0.35    1.18    0.82 (MET)
x_reg[4]$_SDFFE_PN0P_/D (sg13g2_dfrbpq_1)    0.35    1.18    0.82 (MET)
x_reg[4]$_SDFFE_PN0P_/D (sg13g2_dfrbpq_1)    0.35    1.18    0.82 (MET)
x_reg[4]$_SDFFE_PN0P_/D (sg13g2_dfrbpq_1)    0.35    1.18    0.82 (MET)
x_reg[4]$_SDFFE_PN0P_/D (sg13g2_dfrbpq_1)    0.35    1.18    0.82 (MET)
y_reg[5]$_SDFFE_PN0P_/D (sg13g2_dfrbpq_1)    0.34    1.16    0.82 (MET)
y_reg[5]$_SDFFE_PN0P_/D (sg13g2_dfrbpq_1)    0.34    1.16    0.82 (MET)
x_reg[4]$_SDFFE_PN0P_/D (sg13g2_dfrbpq_1)    0.35    1.18    0.82 (MET)
x_reg[4]$_SDFFE_PN0P_/D (sg13g2_dfrbpq_1)    0.35    1.18    0.82 (MET)
y_reg[3]$_SDFFE_PN0P_/D (sg13g2_dfrbpq_1)    0.31    1.13    0.82 (MET)
y_reg[3]$_SDFFE_PN0P_/D (sg13g2_dfrbpq_1)    0.31    1.13    0.82 (MET)
y_reg[3]$_SDFFE_PN0P_/D (sg13g2_dfrbpq_1)    0.31    1.13    0.82 (MET)
y_reg[3]$_SDFFE_PN0P_/D (sg13g2_dfrbpq_1)    0.31    1.13    0.82 (MET)
y_reg[5]$_SDFFE_PN0P_/D (sg13g2_dfrbpq_1)    0.34    1.16    0.82 (MET)
x_reg[1]$_SDFFE_PN0P_/D (sg13g2_dfrbpq_1)    0.32    1.15    0.82 (MET)
x_reg[1]$_SDFFE_PN0P_/D (sg13g2_dfrbpq_1)    0.32    1.15    0.82 (MET)
x_reg[1]$_SDFFE_PN0P_/D (sg13g2_dfrbpq_1)    0.32    1.15    0.82 (MET)
x_reg[1]$_SDFFE_PN0P_/D (sg13g2_dfrbpq_1)    0.32    1.15    0.82 (MET)
x_reg[5]$_SDFFE_PN0P_/D (sg13g2_dfrbpq_1)    0.34    1.16    0.82 (MET)
y_reg[3]$_SDFFE_PN0P_/D (sg13g2_dfrbpq_1)    0.34    1.16    0.82 (MET)
y_reg[3]$_SDFFE_PN0P_/D (sg13g2_dfrbpq_1)    0.34    1.16    0.82 (MET)
y_reg[3]$_SDFFE_PN0P_/D (sg13g2_dfrbpq_1)    0.34    1.16    0.82 (MET)
y_reg[3]$_SDFFE_PN0P_/D (sg13g2_dfrbpq_1)    0.34    1.16    0.82 (MET)
y_reg[3]$_SDFFE_PN0P_/D (sg13g2_dfrbpq_1)    0.34    1.16    0.82 (MET)
y_reg[3]$_SDFFE_PN0P_/D (sg13g2_dfrbpq_1)    0.34    1.16    0.82 (MET)
y_reg[3]$_SDFFE_PN0P_/D (sg13g2_dfrbpq_1)    0.34    1.16    0.82 (MET)
y_reg[3]$_SDFFE_PN0P_/D (sg13g2_dfrbpq_1)    0.34    1.16    0.82 (MET)
y_reg[5]$_SDFFE_PN0P_/D (sg13g2_dfrbpq_1)    0.34    1.16    0.82 (MET)
y_reg[5]$_SDFFE_PN0P_/D (sg13g2_dfrbpq_1)    0.34    1.16    0.82 (MET)
y_reg[5]$_SDFFE_PN0P_/D (sg13g2_dfrbpq_1)    0.34    1.16    0.82 (MET)
y_reg[5]$_SDFFE_PN0P_/D (sg13g2_dfrbpq_1)    0.34    1.16    0.82 (MET)
y_reg[3]$_SDFFE_PN0P_/D (sg13g2_dfrbpq_1)    0.34    1.16    0.82 (MET)
y_reg[3]$_SDFFE_PN0P_/D (sg13g2_dfrbpq_1)    0.34    1.16    0.82 (MET)
y_reg[3]$_SDFFE_PN0P_/D (sg13g2_dfrbpq_1)    0.34    1.16    0.82 (MET)
y_reg[3]$_SDFFE_PN0P_/D (sg13g2_dfrbpq_1)    0.34    1.16    0.82 (MET)
y_reg[3]$_SDFFE_PN0P_/D (sg13g2_dfrbpq_1)    0.34    1.16    0.82 (MET)
y_reg[3]$_SDFFE_PN0P_/D (sg13g2_dfrbpq_1)    0.34    1.16    0.82 (MET)
y_reg[3]$_SDFFE_PN0P_/D (sg13g2_dfrbpq_1)    0.34    1.16    0.82 (MET)
y_reg[3]$_SDFFE_PN0P_/D (sg13g2_dfrbpq_1)    0.34    1.16    0.82 (MET)
x_reg[4]$_SDFFE_PN0P_/D (sg13g2_dfrbpq_1)    0.32    1.15    0.82 (MET)
x_reg[4]$_SDFFE_PN0P_/D (sg13g2_dfrbpq_1)    0.32    1.15    0.82 (MET)
x_reg[4]$_SDFFE_PN0P_/D (sg13g2_dfrbpq_1)    0.32    1.15    0.82 (MET)
x_reg[4]$_SDFFE_PN0P_/D (sg13g2_dfrbpq_1)    0.32    1.15    0.82 (MET)
x_reg[5]$_SDFFE_PN0P_/D (sg13g2_dfrbpq_1)    0.34    1.17    0.82 (MET)
x_reg[5]$_SDFFE_PN0P_/D (sg13g2_dfrbpq_1)    0.34    1.17    0.82 (MET)
y_reg[3]$_SDFFE_PN0P_/D (sg13g2_dfrbpq_1)    0.31    1.14    0.82 (MET)
y_reg[3]$_SDFFE_PN0P_/D (sg13g2_dfrbpq_1)    0.31    1.14    0.82 (MET)
x_reg[1]$_SDFFE_PN0P_/D (sg13g2_dfrbpq_1)    0.35    1.17    0.82 (MET)
x_reg[1]$_SDFFE_PN0P_/D (sg13g2_dfrbpq_1)    0.35    1.17    0.82 (MET)
y_reg[5]$_SDFFE_PN0P_/D (sg13g2_dfrbpq_1)    0.34    1.16    0.82 (MET)
y_reg[2]$_SDFFE_PN0P_/D (sg13g2_dfrbpq_1)    0.34    1.16    0.82 (MET)
y_reg[3]$_SDFFE_PN0P_/D (sg13g2_dfrbpq_1)    0.34    1.16    0.82 (MET)
y_reg[3]$_SDFFE_PN0P_/D (sg13g2_dfrbpq_1)    0.34    1.16    0.82 (MET)
y_reg[5]$_SDFFE_PN0P_/D (sg13g2_dfrbpq_1)    0.34    1.16    0.82 (MET)
y_reg[3]$_SDFFE_PN0P_/D (sg13g2_dfrbpq_1)    0.31    1.14    0.82 (MET)
y_reg[3]$_SDFFE_PN0P_/D (sg13g2_dfrbpq_1)    0.31    1.14    0.82 (MET)
x_reg[4]$_SDFFE_PN0P_/D (sg13g2_dfrbpq_1)    0.35    1.18    0.82 (MET)
x_reg[4]$_SDFFE_PN0P_/D (sg13g2_dfrbpq_1)    0.35    1.18    0.82 (MET)
x_reg[4]$_SDFFE_PN0P_/D (sg13g2_dfrbpq_1)    0.35    1.18    0.82 (MET)
x_reg[4]$_SDFFE_PN0P_/D (sg13g2_dfrbpq_1)    0.35    1.18    0.82 (MET)
x_reg[4]$_SDFFE_PN0P_/D (sg13g2_dfrbpq_1)    0.35    1.18    0.82 (MET)
x_reg[4]$_SDFFE_PN0P_/D (sg13g2_dfrbpq_1)    0.35    1.18    0.82 (MET)
x_reg[4]$_SDFFE_PN0P_/D (sg13g2_dfrbpq_1)    0.35    1.18    0.82 (MET)
x_reg[4]$_SDFFE_PN0P_/D (sg13g2_dfrbpq_1)    0.35    1.18    0.82 (MET)
x_reg[4]$_SDFFE_PN0P_/D (sg13g2_dfrbpq_1)    0.35    1.18    0.82 (MET)
x_reg[4]$_SDFFE_PN0P_/D (sg13g2_dfrbpq_1)    0.35    1.18    0.82 (MET)
x_reg[4]$_SDFFE_PN0P_/D (sg13g2_dfrbpq_1)    0.35    1.18    0.82 (MET)
x_reg[4]$_SDFFE_PN0P_/D (sg13g2_dfrbpq_1)    0.35    1.18    0.82 (MET)
x_reg[4]$_SDFFE_PN0P_/D (sg13g2_dfrbpq_1)    0.35    1.18    0.82 (MET)
x_reg[4]$_SDFFE_PN0P_/D (sg13g2_dfrbpq_1)    0.35    1.18    0.82 (MET)
x_reg[4]$_SDFFE_PN0P_/D (sg13g2_dfrbpq_1)    0.35    1.18    0.82 (MET)
x_reg[4]$_SDFFE_PN0P_/D (sg13g2_dfrbpq_1)    0.35    1.18    0.82 (MET)
x_reg[4]$_SDFFE_PN0P_/D (sg13g2_dfrbpq_1)    0.35    1.18    0.82 (MET)
x_reg[4]$_SDFFE_PN0P_/D (sg13g2_dfrbpq_1)    0.35    1.18    0.82 (MET)
x_reg[4]$_SDFFE_PN0P_/D (sg13g2_dfrbpq_1)    0.35    1.18    0.82 (MET)
x_reg[4]$_SDFFE_PN0P_/D (sg13g2_dfrbpq_1)    0.35    1.18    0.82 (MET)
x_reg[4]$_SDFFE_PN0P_/D (sg13g2_dfrbpq_1)    0.35    1.18    0.82 (MET)
x_reg[4]$_SDFFE_PN0P_/D (sg13g2_dfrbpq_1)    0.35    1.18    0.82 (MET)
x_reg[4]$_SDFFE_PN0P_/D (sg13g2_dfrbpq_1)    0.35    1.18    0.82 (MET)
x_reg[4]$_SDFFE_PN0P_/D (sg13g2_dfrbpq_1)    0.35    1.18    0.82 (MET)
x_reg[4]$_SDFFE_PN0P_/D (sg13g2_dfrbpq_1)    0.35    1.18    0.82 (MET)
x_reg[4]$_SDFFE_PN0P_/D (sg13g2_dfrbpq_1)    0.35    1.18    0.82 (MET)
x_reg[4]$_SDFFE_PN0P_/D (sg13g2_dfrbpq_1)    0.35    1.18    0.82 (MET)
x_reg[4]$_SDFFE_PN0P_/D (sg13g2_dfrbpq_1)    0.35    1.18    0.82 (MET)
x_reg[4]$_SDFFE_PN0P_/D (sg13g2_dfrbpq_1)    0.35    1.18    0.82 (MET)
x_reg[4]$_SDFFE_PN0P_/D (sg13g2_dfrbpq_1)    0.35    1.18    0.82 (MET)
x_reg[4]$_SDFFE_PN0P_/D (sg13g2_dfrbpq_1)    0.35    1.18    0.82 (MET)
x_reg[4]$_SDFFE_PN0P_/D (sg13g2_dfrbpq_1)    0.35    1.18    0.82 (MET)
x_reg[5]$_SDFFE_PN0P_/D (sg13g2_dfrbpq_1)    0.34    1.17    0.82 (MET)
x_reg[5]$_SDFFE_PN0P_/D (sg13g2_dfrbpq_1)    0.34    1.17    0.82 (MET)
x_reg[5]$_SDFFE_PN0P_/D (sg13g2_dfrbpq_1)    0.34    1.17    0.82 (MET)
x_reg[5]$_SDFFE_PN0P_/D (sg13g2_dfrbpq_1)    0.34    1.17    0.82 (MET)
x_reg[9]$_SDFFE_PN0P_/D (sg13g2_dfrbpq_1)    0.34    1.16    0.82 (MET)
y_reg[5]$_SDFFE_PN0P_/D (sg13g2_dfrbpq_1)    0.34    1.16    0.82 (MET)
x_reg[5]$_SDFFE_PN0P_/D (sg13g2_dfrbpq_1)    0.34    1.17    0.82 (MET)
x_reg[5]$_SDFFE_PN0P_/D (sg13g2_dfrbpq_1)    0.34    1.17    0.82 (MET)
x_reg[4]$_SDFFE_PN0P_/D (sg13g2_dfrbpq_1)    0.35    1.18    0.82 (MET)
x_reg[4]$_SDFFE_PN0P_/D (sg13g2_dfrbpq_1)    0.35    1.18    0.82 (MET)
x_reg[4]$_SDFFE_PN0P_/D (sg13g2_dfrbpq_1)    0.35    1.18    0.82 (MET)
x_reg[4]$_SDFFE_PN0P_/D (sg13g2_dfrbpq_1)    0.35    1.18    0.82 (MET)
x_reg[4]$_SDFFE_PN0P_/D (sg13g2_dfrbpq_1)    0.35    1.18    0.82 (MET)
x_reg[4]$_SDFFE_PN0P_/D (sg13g2_dfrbpq_1)    0.35    1.18    0.82 (MET)
x_reg[4]$_SDFFE_PN0P_/D (sg13g2_dfrbpq_1)    0.35    1.18    0.82 (MET)
x_reg[4]$_SDFFE_PN0P_/D (sg13g2_dfrbpq_1)    0.35    1.18    0.82 (MET)
x_reg[5]$_SDFFE_PN0P_/D (sg13g2_dfrbpq_1)    0.31    1.14    0.82 (MET)
x_reg[5]$_SDFFE_PN0P_/D (sg13g2_dfrbpq_1)    0.31    1.14    0.82 (MET)
y_reg[3]$_SDFFE_PN0P_/D (sg13g2_dfrbpq_1)    0.31    1.14    0.82 (MET)
y_reg[3]$_SDFFE_PN0P_/D (sg13g2_dfrbpq_1)    0.31    1.14    0.82 (MET)
y_reg[3]$_SDFFE_PN0P_/D (sg13g2_dfrbpq_1)    0.31    1.14    0.82 (MET)
y_reg[3]$_SDFFE_PN0P_/D (sg13g2_dfrbpq_1)    0.31    1.14    0.82 (MET)
y_reg[3]$_SDFFE_PN0P_/D (sg13g2_dfrbpq_1)    0.34    1.17    0.82 (MET)
y_reg[3]$_SDFFE_PN0P_/D (sg13g2_dfrbpq_1)    0.34    1.17    0.82 (MET)
x_reg[1]$_SDFFE_PN0P_/D (sg13g2_dfrbpq_1)    0.32    1.15    0.82 (MET)
y_reg[3]$_SDFFE_PN0P_/D (sg13g2_dfrbpq_1)    0.31    1.14    0.82 (MET)
y_reg[3]$_SDFFE_PN0P_/D (sg13g2_dfrbpq_1)    0.31    1.14    0.82 (MET)
y_reg[3]$_SDFFE_PN0P_/D (sg13g2_dfrbpq_1)    0.31    1.14    0.82 (MET)
y_reg[3]$_SDFFE_PN0P_/D (sg13g2_dfrbpq_1)    0.31    1.14    0.82 (MET)
y_reg[5]$_SDFFE_PN0P_/D (sg13g2_dfrbpq_1)    0.34    1.16    0.82 (MET)
y_reg[5]$_SDFFE_PN0P_/D (sg13g2_dfrbpq_1)    0.34    1.16    0.82 (MET)
x_reg[5]$_SDFFE_PN0P_/D (sg13g2_dfrbpq_1)    0.31    1.14    0.82 (MET)
x_reg[5]$_SDFFE_PN0P_/D (sg13g2_dfrbpq_1)    0.31    1.14    0.82 (MET)
y_reg[1]$_SDFFE_PN0P_/D (sg13g2_dfrbpq_1)    0.34    1.17    0.82 (MET)
y_reg[1]$_SDFFE_PN0P_/D (sg13g2_dfrbpq_1)    0.34    1.17    0.82 (MET)
y_reg[1]$_SDFFE_PN0P_/D (sg13g2_dfrbpq_1)    0.34    1.17    0.82 (MET)
y_reg[1]$_SDFFE_PN0P_/D (sg13g2_dfrbpq_1)    0.34    1.17    0.82 (MET)
x_reg[5]$_SDFFE_PN0P_/D (sg13g2_dfrbpq_1)    0.31    1.14    0.82 (MET)
x_reg[5]$_SDFFE_PN0P_/D (sg13g2_dfrbpq_1)    0.31    1.14    0.82 (MET)
x_reg[5]$_SDFFE_PN0P_/D (sg13g2_dfrbpq_1)    0.31    1.14    0.82 (MET)
x_reg[5]$_SDFFE_PN0P_/D (sg13g2_dfrbpq_1)    0.31    1.14    0.82 (MET)
x_reg[2]$_SDFFE_PN0P_/D (sg13g2_dfrbpq_1)    0.31    1.13    0.82 (MET)
x_reg[2]$_SDFFE_PN0P_/D (sg13g2_dfrbpq_1)    0.31    1.13    0.82 (MET)
y_reg[3]$_SDFFE_PN0P_/D (sg13g2_dfrbpq_1)    0.34    1.17    0.82 (MET)
y_reg[3]$_SDFFE_PN0P_/D (sg13g2_dfrbpq_1)    0.34    1.17    0.82 (MET)
y_reg[3]$_SDFFE_PN0P_/D (sg13g2_dfrbpq_1)    0.34    1.17    0.82 (MET)
y_reg[3]$_SDFFE_PN0P_/D (sg13g2_dfrbpq_1)    0.34    1.17    0.82 (MET)
x_reg[4]$_SDFFE_PN0P_/D (sg13g2_dfrbpq_1)    0.35    1.18    0.82 (MET)
x_reg[4]$_SDFFE_PN0P_/D (sg13g2_dfrbpq_1)    0.35    1.18    0.82 (MET)
x_reg[4]$_SDFFE_PN0P_/D (sg13g2_dfrbpq_1)    0.35    1.18    0.82 (MET)
x_reg[4]$_SDFFE_PN0P_/D (sg13g2_dfrbpq_1)    0.35    1.18    0.82 (MET)
x_reg[5]$_SDFFE_PN0P_/D (sg13g2_dfrbpq_1)    0.31    1.14    0.82 (MET)
x_reg[5]$_SDFFE_PN0P_/D (sg13g2_dfrbpq_1)    0.31    1.14    0.82 (MET)
y_reg[3]$_SDFFE_PN0P_/D (sg13g2_dfrbpq_1)    0.34    1.17    0.82 (MET)
y_reg[3]$_SDFFE_PN0P_/D (sg13g2_dfrbpq_1)    0.34    1.17    0.82 (MET)
y_reg[5]$_SDFFE_PN0P_/D (sg13g2_dfrbpq_1)    0.31    1.14    0.83 (MET)
x_reg[5]$_SDFFE_PN0P_/D (sg13g2_dfrbpq_1)    0.31    1.14    0.83 (MET)
x_reg[5]$_SDFFE_PN0P_/D (sg13g2_dfrbpq_1)    0.31    1.14    0.83 (MET)
x_reg[5]$_SDFFE_PN0P_/D (sg13g2_dfrbpq_1)    0.31    1.14    0.83 (MET)
x_reg[5]$_SDFFE_PN0P_/D (sg13g2_dfrbpq_1)    0.31    1.14    0.83 (MET)
x_reg[5]$_SDFFE_PN0P_/D (sg13g2_dfrbpq_1)    0.31    1.14    0.83 (MET)
x_reg[5]$_SDFFE_PN0P_/D (sg13g2_dfrbpq_1)    0.31    1.14    0.83 (MET)
x_reg[5]$_SDFFE_PN0P_/D (sg13g2_dfrbpq_1)    0.31    1.14    0.83 (MET)
x_reg[5]$_SDFFE_PN0P_/D (sg13g2_dfrbpq_1)    0.31    1.14    0.83 (MET)
x_reg[9]$_SDFFE_PN0P_/D (sg13g2_dfrbpq_1)    0.32    1.15    0.83 (MET)
x_reg[2]$_SDFFE_PN0P_/D (sg13g2_dfrbpq_1)    0.31    1.14    0.83 (MET)
x_reg[2]$_SDFFE_PN0P_/D (sg13g2_dfrbpq_1)    0.31    1.14    0.83 (MET)
x_reg[2]$_SDFFE_PN0P_/D (sg13g2_dfrbpq_1)    0.31    1.14    0.83 (MET)
x_reg[2]$_SDFFE_PN0P_/D (sg13g2_dfrbpq_1)    0.31    1.14    0.83 (MET)
y_reg[3]$_SDFFE_PN0P_/D (sg13g2_dfrbpq_1)    0.31    1.14    0.83 (MET)
y_reg[3]$_SDFFE_PN0P_/D (sg13g2_dfrbpq_1)    0.31    1.14    0.83 (MET)
y_reg[3]$_SDFFE_PN0P_/D (sg13g2_dfrbpq_1)    0.34    1.17    0.83 (MET)
y_reg[3]$_SDFFE_PN0P_/D (sg13g2_dfrbpq_1)    0.34    1.17    0.83 (MET)
x_reg[4]$_SDFFE_PN0P_/D (sg13g2_dfrbpq_1)    0.35    1.18    0.83 (MET)
x_reg[4]$_SDFFE_PN0P_/D (sg13g2_dfrbpq_1)    0.35    1.18    0.83 (MET)
x_reg[4]$_SDFFE_PN0P_/D (sg13g2_dfrbpq_1)    0.35    1.18    0.83 (MET)
x_reg[4]$_SDFFE_PN0P_/D (sg13g2_dfrbpq_1)    0.35    1.18    0.83 (MET)
x_reg[4]$_SDFFE_PN0P_/D (sg13g2_dfrbpq_1)    0.35    1.18    0.83 (MET)
x_reg[4]$_SDFFE_PN0P_/D (sg13g2_dfrbpq_1)    0.35    1.18    0.83 (MET)
x_reg[5]$_SDFFE_PN0P_/D (sg13g2_dfrbpq_1)    0.31    1.14    0.83 (MET)
x_reg[5]$_SDFFE_PN0P_/D (sg13g2_dfrbpq_1)    0.31    1.14    0.83 (MET)
x_reg[5]$_SDFFE_PN0P_/D (sg13g2_dfrbpq_1)    0.31    1.14    0.83 (MET)
x_reg[5]$_SDFFE_PN0P_/D (sg13g2_dfrbpq_1)    0.31    1.14    0.83 (MET)
y_reg[3]$_SDFFE_PN0P_/D (sg13g2_dfrbpq_1)    0.34    1.17    0.83 (MET)
y_reg[3]$_SDFFE_PN0P_/D (sg13g2_dfrbpq_1)    0.34    1.17    0.83 (MET)
x_reg[4]$_SDFFE_PN0P_/D (sg13g2_dfrbpq_1)    0.35    1.18    0.83 (MET)
x_reg[4]$_SDFFE_PN0P_/D (sg13g2_dfrbpq_1)    0.35    1.18    0.83 (MET)
y_reg[3]$_SDFFE_PN0P_/D (sg13g2_dfrbpq_1)    0.31    1.14    0.83 (MET)
y_reg[3]$_SDFFE_PN0P_/D (sg13g2_dfrbpq_1)    0.31    1.14    0.83 (MET)
x_reg[4]$_SDFFE_PN0P_/D (sg13g2_dfrbpq_1)    0.35    1.18    0.83 (MET)
x_reg[4]$_SDFFE_PN0P_/D (sg13g2_dfrbpq_1)    0.35    1.18    0.83 (MET)
x_reg[5]$_SDFFE_PN0P_/D (sg13g2_dfrbpq_1)    0.34    1.17    0.83 (MET)
x_reg[5]$_SDFFE_PN0P_/D (sg13g2_dfrbpq_1)    0.34    1.17    0.83 (MET)
x_reg[5]$_SDFFE_PN0P_/D (sg13g2_dfrbpq_1)    0.34    1.17    0.83 (MET)
x_reg[5]$_SDFFE_PN0P_/D (sg13g2_dfrbpq_1)    0.34    1.17    0.83 (MET)
y_reg[5]$_SDFFE_PN0P_/D (sg13g2_dfrbpq_1)    0.31    1.14    0.83 (MET)
y_reg[5]$_SDFFE_PN0P_/D (sg13g2_dfrbpq_1)    0.34    1.17    0.83 (MET)
y_reg[5]$_SDFFE_PN0P_/D (sg13g2_dfrbpq_1)    0.34    1.17    0.83 (MET)
x_reg[5]$_SDFFE_PN0P_/D (sg13g2_dfrbpq_1)    0.31    1.14    0.83 (MET)
x_reg[5]$_SDFFE_PN0P_/D (sg13g2_dfrbpq_1)    0.31    1.14    0.83 (MET)
x_reg[5]$_SDFFE_PN0P_/D (sg13g2_dfrbpq_1)    0.31    1.14    0.83 (MET)
x_reg[5]$_SDFFE_PN0P_/D (sg13g2_dfrbpq_1)    0.31    1.14    0.83 (MET)
x_reg[5]$_SDFFE_PN0P_/D (sg13g2_dfrbpq_1)    0.31    1.14    0.83 (MET)
x_reg[5]$_SDFFE_PN0P_/D (sg13g2_dfrbpq_1)    0.31    1.14    0.83 (MET)
x_reg[5]$_SDFFE_PN0P_/D (sg13g2_dfrbpq_1)    0.31    1.14    0.83 (MET)
x_reg[5]$_SDFFE_PN0P_/D (sg13g2_dfrbpq_1)    0.31    1.14    0.83 (MET)
y_reg[5]$_SDFFE_PN0P_/D (sg13g2_dfrbpq_1)    0.31    1.14    0.83 (MET)
y_reg[5]$_SDFFE_PN0P_/D (sg13g2_dfrbpq_1)    0.31    1.14    0.83 (MET)
y_reg[3]$_SDFFE_PN0P_/D (sg13g2_dfrbpq_1)    0.31    1.14    0.83 (MET)
y_reg[3]$_SDFFE_PN0P_/D (sg13g2_dfrbpq_1)    0.31    1.14    0.83 (MET)
y_reg[3]$_SDFFE_PN0P_/D (sg13g2_dfrbpq_1)    0.31    1.14    0.83 (MET)
y_reg[3]$_SDFFE_PN0P_/D (sg13g2_dfrbpq_1)    0.31    1.14    0.83 (MET)
y_reg[5]$_SDFFE_PN0P_/D (sg13g2_dfrbpq_1)    0.34    1.17    0.83 (MET)
y_reg[5]$_SDFFE_PN0P_/D (sg13g2_dfrbpq_1)    0.34    1.17    0.83 (MET)
x_reg[4]$_SDFFE_PN0P_/D (sg13g2_dfrbpq_1)    0.35    1.18    0.83 (MET)
x_reg[4]$_SDFFE_PN0P_/D (sg13g2_dfrbpq_1)    0.35    1.18    0.83 (MET)
x_reg[4]$_SDFFE_PN0P_/D (sg13g2_dfrbpq_1)    0.35    1.18    0.83 (MET)
x_reg[4]$_SDFFE_PN0P_/D (sg13g2_dfrbpq_1)    0.35    1.18    0.83 (MET)
x_reg[4]$_SDFFE_PN0P_/D (sg13g2_dfrbpq_1)    0.35    1.18    0.83 (MET)
x_reg[4]$_SDFFE_PN0P_/D (sg13g2_dfrbpq_1)    0.35    1.18    0.83 (MET)
x_reg[4]$_SDFFE_PN0P_/D (sg13g2_dfrbpq_1)    0.35    1.18    0.83 (MET)
x_reg[4]$_SDFFE_PN0P_/D (sg13g2_dfrbpq_1)    0.35    1.18    0.83 (MET)
x_reg[4]$_SDFFE_PN0P_/D (sg13g2_dfrbpq_1)    0.35    1.18    0.83 (MET)
x_reg[4]$_SDFFE_PN0P_/D (sg13g2_dfrbpq_1)    0.35    1.18    0.83 (MET)
x_reg[4]$_SDFFE_PN0P_/D (sg13g2_dfrbpq_1)    0.35    1.18    0.83 (MET)
x_reg[4]$_SDFFE_PN0P_/D (sg13g2_dfrbpq_1)    0.35    1.18    0.83 (MET)
x_reg[4]$_SDFFE_PN0P_/D (sg13g2_dfrbpq_1)    0.32    1.15    0.83 (MET)
x_reg[4]$_SDFFE_PN0P_/D (sg13g2_dfrbpq_1)    0.32    1.15    0.83 (MET)
x_reg[4]$_SDFFE_PN0P_/D (sg13g2_dfrbpq_1)    0.32    1.15    0.83 (MET)
x_reg[4]$_SDFFE_PN0P_/D (sg13g2_dfrbpq_1)    0.32    1.15    0.83 (MET)
x_reg[5]$_SDFFE_PN0P_/D (sg13g2_dfrbpq_1)    0.34    1.17    0.83 (MET)
x_reg[5]$_SDFFE_PN0P_/D (sg13g2_dfrbpq_1)    0.34    1.17    0.83 (MET)
x_reg[5]$_SDFFE_PN0P_/D (sg13g2_dfrbpq_1)    0.34    1.17    0.83 (MET)
x_reg[5]$_SDFFE_PN0P_/D (sg13g2_dfrbpq_1)    0.34    1.17    0.83 (MET)
x_reg[5]$_SDFFE_PN0P_/D (sg13g2_dfrbpq_1)    0.34    1.17    0.83 (MET)
x_reg[5]$_SDFFE_PN0P_/D (sg13g2_dfrbpq_1)    0.34    1.17    0.83 (MET)
x_reg[5]$_SDFFE_PN0P_/D (sg13g2_dfrbpq_1)    0.34    1.17    0.83 (MET)
x_reg[5]$_SDFFE_PN0P_/D (sg13g2_dfrbpq_1)    0.34    1.17    0.83 (MET)
y_reg[3]$_SDFFE_PN0P_/D (sg13g2_dfrbpq_1)    0.31    1.14    0.83 (MET)
y_reg[3]$_SDFFE_PN0P_/D (sg13g2_dfrbpq_1)    0.31    1.14    0.83 (MET)
y_reg[3]$_SDFFE_PN0P_/D (sg13g2_dfrbpq_1)    0.31    1.14    0.83 (MET)
y_reg[3]$_SDFFE_PN0P_/D (sg13g2_dfrbpq_1)    0.31    1.14    0.83 (MET)
y_reg[3]$_SDFFE_PN0P_/D (sg13g2_dfrbpq_1)    0.34    1.17    0.83 (MET)
y_reg[3]$_SDFFE_PN0P_/D (sg13g2_dfrbpq_1)    0.34    1.17    0.83 (MET)
y_reg[3]$_SDFFE_PN0P_/D (sg13g2_dfrbpq_1)    0.34    1.17    0.83 (MET)
y_reg[3]$_SDFFE_PN0P_/D (sg13g2_dfrbpq_1)    0.34    1.17    0.83 (MET)
y_reg[3]$_SDFFE_PN0P_/D (sg13g2_dfrbpq_1)    0.34    1.17    0.83 (MET)
y_reg[3]$_SDFFE_PN0P_/D (sg13g2_dfrbpq_1)    0.34    1.17    0.83 (MET)
y_reg[3]$_SDFFE_PN0P_/D (sg13g2_dfrbpq_1)    0.34    1.17    0.83 (MET)
y_reg[3]$_SDFFE_PN0P_/D (sg13g2_dfrbpq_1)    0.34    1.17    0.83 (MET)
y_reg[3]$_SDFFE_PN0P_/D (sg13g2_dfrbpq_1)    0.34    1.17    0.83 (MET)
y_reg[3]$_SDFFE_PN0P_/D (sg13g2_dfrbpq_1)    0.34    1.17    0.83 (MET)
y_reg[3]$_SDFFE_PN0P_/D (sg13g2_dfrbpq_1)    0.34    1.17    0.83 (MET)
y_reg[3]$_SDFFE_PN0P_/D (sg13g2_dfrbpq_1)    0.34    1.17    0.83 (MET)
y_reg[3]$_SDFFE_PN0P_/D (sg13g2_dfrbpq_1)    0.34    1.17    0.83 (MET)
y_reg[3]$_SDFFE_PN0P_/D (sg13g2_dfrbpq_1)    0.34    1.17    0.83 (MET)
y_reg[3]$_SDFFE_PN0P_/D (sg13g2_dfrbpq_1)    0.34    1.17    0.83 (MET)
y_reg[3]$_SDFFE_PN0P_/D (sg13g2_dfrbpq_1)    0.34    1.17    0.83 (MET)
y_reg[3]$_SDFFE_PN0P_/D (sg13g2_dfrbpq_1)    0.34    1.17    0.83 (MET)
y_reg[3]$_SDFFE_PN0P_/D (sg13g2_dfrbpq_1)    0.34    1.17    0.83 (MET)
y_reg[3]$_SDFFE_PN0P_/D (sg13g2_dfrbpq_1)    0.34    1.17    0.83 (MET)
y_reg[3]$_SDFFE_PN0P_/D (sg13g2_dfrbpq_1)    0.34    1.17    0.83 (MET)
x_reg[1]$_SDFFE_PN0P_/D (sg13g2_dfrbpq_1)    0.32    1.15    0.83 (MET)
y_reg[5]$_SDFFE_PN0P_/D (sg13g2_dfrbpq_1)    0.34    1.17    0.83 (MET)
y_reg[5]$_SDFFE_PN0P_/D (sg13g2_dfrbpq_1)    0.34    1.17    0.83 (MET)
y_reg[5]$_SDFFE_PN0P_/D (sg13g2_dfrbpq_1)    0.34    1.17    0.83 (MET)
y_reg[5]$_SDFFE_PN0P_/D (sg13g2_dfrbpq_1)    0.34    1.17    0.83 (MET)
y_reg[5]$_SDFFE_PN0P_/D (sg13g2_dfrbpq_1)    0.34    1.17    0.83 (MET)
y_reg[5]$_SDFFE_PN0P_/D (sg13g2_dfrbpq_1)    0.34    1.17    0.83 (MET)
y_reg[5]$_SDFFE_PN0P_/D (sg13g2_dfrbpq_1)    0.34    1.17    0.83 (MET)
y_reg[5]$_SDFFE_PN0P_/D (sg13g2_dfrbpq_1)    0.34    1.17    0.83 (MET)
y_reg[5]$_SDFFE_PN0P_/D (sg13g2_dfrbpq_1)    0.34    1.17    0.83 (MET)
y_reg[5]$_SDFFE_PN0P_/D (sg13g2_dfrbpq_1)    0.34    1.17    0.83 (MET)
x_reg[4]$_SDFFE_PN0P_/D (sg13g2_dfrbpq_1)    0.35    1.18    0.83 (MET)
x_reg[4]$_SDFFE_PN0P_/D (sg13g2_dfrbpq_1)    0.35    1.18    0.83 (MET)
x_reg[4]$_SDFFE_PN0P_/D (sg13g2_dfrbpq_1)    0.35    1.18    0.83 (MET)
x_reg[4]$_SDFFE_PN0P_/D (sg13g2_dfrbpq_1)    0.35    1.18    0.83 (MET)
y_reg[5]$_SDFFE_PN0P_/D (sg13g2_dfrbpq_1)    0.31    1.14    0.83 (MET)
y_reg[5]$_SDFFE_PN0P_/D (sg13g2_dfrbpq_1)    0.31    1.14    0.83 (MET)
x_reg[4]$_SDFFE_PN0P_/D (sg13g2_dfrbpq_1)    0.35    1.18    0.83 (MET)
x_reg[4]$_SDFFE_PN0P_/D (sg13g2_dfrbpq_1)    0.35    1.18    0.83 (MET)
x_reg[4]$_SDFFE_PN0P_/D (sg13g2_dfrbpq_1)    0.35    1.18    0.83 (MET)
x_reg[4]$_SDFFE_PN0P_/D (sg13g2_dfrbpq_1)    0.35    1.18    0.83 (MET)
y_reg[2]$_SDFFE_PN0P_/D (sg13g2_dfrbpq_1)    0.34    1.17    0.83 (MET)
y_reg[2]$_SDFFE_PN0P_/D (sg13g2_dfrbpq_1)    0.34    1.17    0.83 (MET)
y_reg[5]$_SDFFE_PN0P_/D (sg13g2_dfrbpq_1)    0.31    1.14    0.83 (MET)
y_reg[5]$_SDFFE_PN0P_/D (sg13g2_dfrbpq_1)    0.31    1.14    0.83 (MET)
y_reg[5]$_SDFFE_PN0P_/D (sg13g2_dfrbpq_1)    0.34    1.17    0.83 (MET)
y_reg[5]$_SDFFE_PN0P_/D (sg13g2_dfrbpq_1)    0.34    1.17    0.83 (MET)
y_reg[5]$_SDFFE_PN0P_/D (sg13g2_dfrbpq_1)    0.34    1.17    0.83 (MET)
y_reg[5]$_SDFFE_PN0P_/D (sg13g2_dfrbpq_1)    0.34    1.17    0.83 (MET)
y_reg[5]$_SDFFE_PN0P_/D (sg13g2_dfrbpq_1)    0.34    1.17    0.83 (MET)
y_reg[5]$_SDFFE_PN0P_/D (sg13g2_dfrbpq_1)    0.34    1.17    0.83 (MET)
y_reg[5]$_SDFFE_PN0P_/D (sg13g2_dfrbpq_1)    0.34    1.17    0.83 (MET)
y_reg[5]$_SDFFE_PN0P_/D (sg13g2_dfrbpq_1)    0.34    1.17    0.83 (MET)
y_reg[5]$_SDFFE_PN0P_/D (sg13g2_dfrbpq_1)    0.34    1.17    0.83 (MET)
y_reg[5]$_SDFFE_PN0P_/D (sg13g2_dfrbpq_1)    0.34    1.17    0.83 (MET)
y_reg[5]$_SDFFE_PN0P_/D (sg13g2_dfrbpq_1)    0.34    1.17    0.83 (MET)
y_reg[5]$_SDFFE_PN0P_/D (sg13g2_dfrbpq_1)    0.34    1.17    0.83 (MET)
y_reg[4]$_SDFFE_PN0P_/D (sg13g2_dfrbpq_1)    0.31    1.14    0.83 (MET)
y_reg[3]$_SDFFE_PN0P_/D (sg13g2_dfrbpq_1)    0.34    1.17    0.83 (MET)
y_reg[3]$_SDFFE_PN0P_/D (sg13g2_dfrbpq_1)    0.31    1.14    0.83 (MET)
y_reg[3]$_SDFFE_PN0P_/D (sg13g2_dfrbpq_1)    0.31    1.14    0.83 (MET)
y_reg[3]$_SDFFE_PN0P_/D (sg13g2_dfrbpq_1)    0.31    1.14    0.83 (MET)
y_reg[3]$_SDFFE_PN0P_/D (sg13g2_dfrbpq_1)    0.31    1.14    0.83 (MET)
y_reg[3]$_SDFFE_PN0P_/D (sg13g2_dfrbpq_1)    0.34    1.17    0.83 (MET)
y_reg[3]$_SDFFE_PN0P_/D (sg13g2_dfrbpq_1)    0.34    1.17    0.83 (MET)
y_reg[3]$_SDFFE_PN0P_/D (sg13g2_dfrbpq_1)    0.34    1.17    0.83 (MET)
y_reg[3]$_SDFFE_PN0P_/D (sg13g2_dfrbpq_1)    0.34    1.17    0.83 (MET)
y_reg[3]$_SDFFE_PN0P_/D (sg13g2_dfrbpq_1)    0.34    1.17    0.83 (MET)
x_reg[5]$_SDFFE_PN0P_/D (sg13g2_dfrbpq_1)    0.31    1.14    0.83 (MET)
x_reg[5]$_SDFFE_PN0P_/D (sg13g2_dfrbpq_1)    0.31    1.14    0.83 (MET)
x_reg[5]$_SDFFE_PN0P_/D (sg13g2_dfrbpq_1)    0.31    1.14    0.83 (MET)
x_reg[5]$_SDFFE_PN0P_/D (sg13g2_dfrbpq_1)    0.31    1.14    0.83 (MET)
x_reg[6]$_SDFFE_PN0P_/D (sg13g2_dfrbpq_1)    0.31    1.13    0.83 (MET)
x_reg[4]$_SDFFE_PN0P_/D (sg13g2_dfrbpq_1)    0.32    1.15    0.83 (MET)
x_reg[4]$_SDFFE_PN0P_/D (sg13g2_dfrbpq_1)    0.32    1.15    0.83 (MET)
x_reg[4]$_SDFFE_PN0P_/D (sg13g2_dfrbpq_1)    0.32    1.15    0.83 (MET)
x_reg[4]$_SDFFE_PN0P_/D (sg13g2_dfrbpq_1)    0.32    1.15    0.83 (MET)
x_reg[4]$_SDFFE_PN0P_/D (sg13g2_dfrbpq_1)    0.32    1.15    0.83 (MET)
x_reg[4]$_SDFFE_PN0P_/D (sg13g2_dfrbpq_1)    0.32    1.15    0.83 (MET)
x_reg[4]$_SDFFE_PN0P_/D (sg13g2_dfrbpq_1)    0.32    1.15    0.83 (MET)
x_reg[4]$_SDFFE_PN0P_/D (sg13g2_dfrbpq_1)    0.32    1.15    0.83 (MET)
x_reg[4]$_SDFFE_PN0P_/D (sg13g2_dfrbpq_1)    0.35    1.18    0.83 (MET)
x_reg[4]$_SDFFE_PN0P_/D (sg13g2_dfrbpq_1)    0.35    1.18    0.83 (MET)
x_reg[4]$_SDFFE_PN0P_/D (sg13g2_dfrbpq_1)    0.35    1.18    0.83 (MET)
x_reg[4]$_SDFFE_PN0P_/D (sg13g2_dfrbpq_1)    0.35    1.18    0.83 (MET)
x_reg[4]$_SDFFE_PN0P_/D (sg13g2_dfrbpq_1)    0.35    1.18    0.83 (MET)
x_reg[4]$_SDFFE_PN0P_/D (sg13g2_dfrbpq_1)    0.35    1.18    0.83 (MET)
x_reg[4]$_SDFFE_PN0P_/D (sg13g2_dfrbpq_1)    0.35    1.18    0.83 (MET)
x_reg[4]$_SDFFE_PN0P_/D (sg13g2_dfrbpq_1)    0.35    1.18    0.83 (MET)
x_reg[4]$_SDFFE_PN0P_/D (sg13g2_dfrbpq_1)    0.35    1.18    0.83 (MET)
x_reg[4]$_SDFFE_PN0P_/D (sg13g2_dfrbpq_1)    0.35    1.18    0.83 (MET)
y_reg[5]$_SDFFE_PN0P_/D (sg13g2_dfrbpq_1)    0.34    1.17    0.83 (MET)
y_reg[5]$_SDFFE_PN0P_/D (sg13g2_dfrbpq_1)    0.34    1.17    0.83 (MET)
y_reg[5]$_SDFFE_PN0P_/D (sg13g2_dfrbpq_1)    0.34    1.17    0.83 (MET)
y_reg[5]$_SDFFE_PN0P_/D (sg13g2_dfrbpq_1)    0.34    1.17    0.83 (MET)
y_reg[5]$_SDFFE_PN0P_/D (sg13g2_dfrbpq_1)    0.34    1.17    0.83 (MET)
y_reg[5]$_SDFFE_PN0P_/D (sg13g2_dfrbpq_1)    0.34    1.17    0.83 (MET)
y_reg[5]$_SDFFE_PN0P_/D (sg13g2_dfrbpq_1)    0.34    1.17    0.83 (MET)
y_reg[5]$_SDFFE_PN0P_/D (sg13g2_dfrbpq_1)    0.34    1.17    0.83 (MET)
y_reg[5]$_SDFFE_PN0P_/D (sg13g2_dfrbpq_1)    0.34    1.17    0.83 (MET)
y_reg[5]$_SDFFE_PN0P_/D (sg13g2_dfrbpq_1)    0.34    1.17    0.83 (MET)
y_reg[5]$_SDFFE_PN0P_/D (sg13g2_dfrbpq_1)    0.34    1.17    0.83 (MET)
y_reg[5]$_SDFFE_PN0P_/D (sg13g2_dfrbpq_1)    0.34    1.17    0.83 (MET)
y_reg[5]$_SDFFE_PN0P_/D (sg13g2_dfrbpq_1)    0.34    1.17    0.83 (MET)
y_reg[5]$_SDFFE_PN0P_/D (sg13g2_dfrbpq_1)    0.34    1.17    0.83 (MET)
y_reg[5]$_SDFFE_PN0P_/D (sg13g2_dfrbpq_1)    0.34    1.17    0.83 (MET)
y_reg[5]$_SDFFE_PN0P_/D (sg13g2_dfrbpq_1)    0.34    1.17    0.83 (MET)
y_reg[3]$_SDFFE_PN0P_/D (sg13g2_dfrbpq_1)    0.34    1.17    0.83 (MET)
y_reg[3]$_SDFFE_PN0P_/D (sg13g2_dfrbpq_1)    0.34    1.17    0.83 (MET)
y_reg[3]$_SDFFE_PN0P_/D (sg13g2_dfrbpq_1)    0.34    1.17    0.83 (MET)
y_reg[3]$_SDFFE_PN0P_/D (sg13g2_dfrbpq_1)    0.34    1.17    0.83 (MET)
y_reg[3]$_SDFFE_PN0P_/D (sg13g2_dfrbpq_1)    0.31    1.14    0.83 (MET)
y_reg[3]$_SDFFE_PN0P_/D (sg13g2_dfrbpq_1)    0.31    1.14    0.83 (MET)
y_reg[3]$_SDFFE_PN0P_/D (sg13g2_dfrbpq_1)    0.31    1.14    0.83 (MET)
y_reg[3]$_SDFFE_PN0P_/D (sg13g2_dfrbpq_1)    0.31    1.14    0.83 (MET)
y_reg[3]$_SDFFE_PN0P_/D (sg13g2_dfrbpq_1)    0.34    1.17    0.83 (MET)
x_reg[6]$_SDFFE_PN0P_/D (sg13g2_dfrbpq_1)    0.31    1.13    0.83 (MET)
y_reg[5]$_SDFFE_PN0P_/D (sg13g2_dfrbpq_1)    0.31    1.14    0.83 (MET)
y_reg[5]$_SDFFE_PN0P_/D (sg13g2_dfrbpq_1)    0.31    1.14    0.83 (MET)
y_reg[5]$_SDFFE_PN0P_/D (sg13g2_dfrbpq_1)    0.31    1.14    0.83 (MET)
y_reg[5]$_SDFFE_PN0P_/D (sg13g2_dfrbpq_1)    0.31    1.14    0.83 (MET)
y_reg[2]$_SDFFE_PN0P_/D (sg13g2_dfrbpq_1)    0.31    1.14    0.83 (MET)
x_reg[5]$_SDFFE_PN0P_/D (sg13g2_dfrbpq_1)    0.31    1.14    0.83 (MET)
x_reg[5]$_SDFFE_PN0P_/D (sg13g2_dfrbpq_1)    0.31    1.14    0.83 (MET)
x_reg[5]$_SDFFE_PN0P_/D (sg13g2_dfrbpq_1)    0.31    1.14    0.83 (MET)
x_reg[5]$_SDFFE_PN0P_/D (sg13g2_dfrbpq_1)    0.31    1.14    0.83 (MET)
y_reg[3]$_SDFFE_PN0P_/D (sg13g2_dfrbpq_1)    0.31    1.14    0.83 (MET)
y_reg[3]$_SDFFE_PN0P_/D (sg13g2_dfrbpq_1)    0.31    1.14    0.83 (MET)
y_reg[3]$_SDFFE_PN0P_/D (sg13g2_dfrbpq_1)    0.31    1.14    0.83 (MET)
y_reg[3]$_SDFFE_PN0P_/D (sg13g2_dfrbpq_1)    0.31    1.14    0.83 (MET)
y_reg[3]$_SDFFE_PN0P_/D (sg13g2_dfrbpq_1)    0.31    1.14    0.83 (MET)
y_reg[3]$_SDFFE_PN0P_/D (sg13g2_dfrbpq_1)    0.31    1.14    0.83 (MET)
y_reg[3]$_SDFFE_PN0P_/D (sg13g2_dfrbpq_1)    0.31    1.14    0.83 (MET)
y_reg[3]$_SDFFE_PN0P_/D (sg13g2_dfrbpq_1)    0.31    1.14    0.83 (MET)
x_reg[4]$_SDFFE_PN0P_/D (sg13g2_dfrbpq_1)    0.35    1.18    0.83 (MET)
x_reg[4]$_SDFFE_PN0P_/D (sg13g2_dfrbpq_1)    0.35    1.18    0.83 (MET)
x_reg[4]$_SDFFE_PN0P_/D (sg13g2_dfrbpq_1)    0.35    1.18    0.83 (MET)
x_reg[4]$_SDFFE_PN0P_/D (sg13g2_dfrbpq_1)    0.35    1.18    0.83 (MET)
x_reg[4]$_SDFFE_PN0P_/D (sg13g2_dfrbpq_1)    0.35    1.18    0.83 (MET)
x_reg[4]$_SDFFE_PN0P_/D (sg13g2_dfrbpq_1)    0.35    1.18    0.83 (MET)
x_reg[4]$_SDFFE_PN0P_/D (sg13g2_dfrbpq_1)    0.35    1.18    0.83 (MET)
x_reg[4]$_SDFFE_PN0P_/D (sg13g2_dfrbpq_1)    0.35    1.18    0.83 (MET)
x_reg[5]$_SDFFE_PN0P_/D (sg13g2_dfrbpq_1)    0.31    1.14    0.83 (MET)
x_reg[2]$_SDFFE_PN0P_/D (sg13g2_dfrbpq_1)    0.31    1.14    0.83 (MET)
x_reg[2]$_SDFFE_PN0P_/D (sg13g2_dfrbpq_1)    0.31    1.14    0.83 (MET)
x_reg[2]$_SDFFE_PN0P_/D (sg13g2_dfrbpq_1)    0.31    1.14    0.83 (MET)
x_reg[2]$_SDFFE_PN0P_/D (sg13g2_dfrbpq_1)    0.31    1.14    0.83 (MET)
x_reg[5]$_SDFFE_PN0P_/D (sg13g2_dfrbpq_1)    0.31    1.14    0.83 (MET)
x_reg[5]$_SDFFE_PN0P_/D (sg13g2_dfrbpq_1)    0.31    1.14    0.83 (MET)
x_reg[5]$_SDFFE_PN0P_/D (sg13g2_dfrbpq_1)    0.31    1.14    0.83 (MET)
x_reg[5]$_SDFFE_PN0P_/D (sg13g2_dfrbpq_1)    0.31    1.14    0.83 (MET)
x_reg[5]$_SDFFE_PN0P_/D (sg13g2_dfrbpq_1)    0.31    1.14    0.83 (MET)
x_reg[5]$_SDFFE_PN0P_/D (sg13g2_dfrbpq_1)    0.31    1.14    0.83 (MET)
x_reg[5]$_SDFFE_PN0P_/D (sg13g2_dfrbpq_1)    0.31    1.14    0.83 (MET)
x_reg[5]$_SDFFE_PN0P_/D (sg13g2_dfrbpq_1)    0.31    1.14    0.83 (MET)
y_reg[4]$_SDFFE_PN0P_/D (sg13g2_dfrbpq_1)    0.31    1.14    0.83 (MET)
y_reg[4]$_SDFFE_PN0P_/D (sg13g2_dfrbpq_1)    0.31    1.14    0.83 (MET)
x_reg[9]$_SDFFE_PN0P_/D (sg13g2_dfrbpq_1)    0.34    1.17    0.83 (MET)
x_reg[4]$_SDFFE_PN0P_/D (sg13g2_dfrbpq_1)    0.35    1.18    0.83 (MET)
x_reg[4]$_SDFFE_PN0P_/D (sg13g2_dfrbpq_1)    0.35    1.18    0.83 (MET)
x_reg[6]$_SDFFE_PN0P_/D (sg13g2_dfrbpq_1)    0.31    1.14    0.83 (MET)
x_reg[6]$_SDFFE_PN0P_/D (sg13g2_dfrbpq_1)    0.31    1.14    0.83 (MET)
x_reg[4]$_SDFFE_PN0P_/D (sg13g2_dfrbpq_1)    0.35    1.18    0.83 (MET)
x_reg[4]$_SDFFE_PN0P_/D (sg13g2_dfrbpq_1)    0.35    1.18    0.83 (MET)
x_reg[4]$_SDFFE_PN0P_/D (sg13g2_dfrbpq_1)    0.35    1.18    0.83 (MET)
x_reg[4]$_SDFFE_PN0P_/D (sg13g2_dfrbpq_1)    0.35    1.18    0.83 (MET)
x_reg[5]$_SDFFE_PN0P_/D (sg13g2_dfrbpq_1)    0.34    1.17    0.83 (MET)
y_reg[3]$_SDFFE_PN0P_/D (sg13g2_dfrbpq_1)    0.31    1.14    0.83 (MET)
y_reg[3]$_SDFFE_PN0P_/D (sg13g2_dfrbpq_1)    0.31    1.14    0.83 (MET)
y_reg[3]$_SDFFE_PN0P_/D (sg13g2_dfrbpq_1)    0.31    1.14    0.83 (MET)
y_reg[3]$_SDFFE_PN0P_/D (sg13g2_dfrbpq_1)    0.31    1.14    0.83 (MET)
y_reg[3]$_SDFFE_PN0P_/D (sg13g2_dfrbpq_1)    0.31    1.14    0.83 (MET)
y_reg[3]$_SDFFE_PN0P_/D (sg13g2_dfrbpq_1)    0.31    1.14    0.83 (MET)
y_reg[3]$_SDFFE_PN0P_/D (sg13g2_dfrbpq_1)    0.31    1.14    0.83 (MET)
y_reg[3]$_SDFFE_PN0P_/D (sg13g2_dfrbpq_1)    0.31    1.14    0.83 (MET)
y_reg[3]$_SDFFE_PN0P_/D (sg13g2_dfrbpq_1)    0.31    1.14    0.83 (MET)
y_reg[3]$_SDFFE_PN0P_/D (sg13g2_dfrbpq_1)    0.31    1.14    0.83 (MET)
y_reg[3]$_SDFFE_PN0P_/D (sg13g2_dfrbpq_1)    0.31    1.14    0.83 (MET)
y_reg[3]$_SDFFE_PN0P_/D (sg13g2_dfrbpq_1)    0.31    1.14    0.83 (MET)
y_reg[3]$_SDFFE_PN0P_/D (sg13g2_dfrbpq_1)    0.31    1.14    0.83 (MET)
y_reg[3]$_SDFFE_PN0P_/D (sg13g2_dfrbpq_1)    0.31    1.14    0.83 (MET)
y_reg[3]$_SDFFE_PN0P_/D (sg13g2_dfrbpq_1)    0.31    1.14    0.83 (MET)
y_reg[3]$_SDFFE_PN0P_/D (sg13g2_dfrbpq_1)    0.31    1.14    0.83 (MET)
y_reg[1]$_SDFFE_PN0P_/D (sg13g2_dfrbpq_1)    0.34    1.17    0.83 (MET)
y_reg[3]$_SDFFE_PN0P_/D (sg13g2_dfrbpq_1)    0.34    1.17    0.83 (MET)
y_reg[3]$_SDFFE_PN0P_/D (sg13g2_dfrbpq_1)    0.34    1.17    0.83 (MET)
y_reg[5]$_SDFFE_PN0P_/D (sg13g2_dfrbpq_1)    0.34    1.17    0.83 (MET)
y_reg[5]$_SDFFE_PN0P_/D (sg13g2_dfrbpq_1)    0.34    1.17    0.83 (MET)
y_reg[5]$_SDFFE_PN0P_/D (sg13g2_dfrbpq_1)    0.34    1.17    0.83 (MET)
y_reg[5]$_SDFFE_PN0P_/D (sg13g2_dfrbpq_1)    0.34    1.17    0.83 (MET)
y_reg[5]$_SDFFE_PN0P_/D (sg13g2_dfrbpq_1)    0.34    1.17    0.83 (MET)
y_reg[5]$_SDFFE_PN0P_/D (sg13g2_dfrbpq_1)    0.34    1.17    0.83 (MET)
y_reg[5]$_SDFFE_PN0P_/D (sg13g2_dfrbpq_1)    0.34    1.17    0.83 (MET)
y_reg[5]$_SDFFE_PN0P_/D (sg13g2_dfrbpq_1)    0.34    1.17    0.83 (MET)
y_reg[5]$_SDFFE_PN0P_/D (sg13g2_dfrbpq_1)    0.34    1.17    0.83 (MET)
y_reg[5]$_SDFFE_PN0P_/D (sg13g2_dfrbpq_1)    0.34    1.17    0.83 (MET)
y_reg[5]$_SDFFE_PN0P_/D (sg13g2_dfrbpq_1)    0.34    1.17    0.83 (MET)
y_reg[5]$_SDFFE_PN0P_/D (sg13g2_dfrbpq_1)    0.34    1.17    0.83 (MET)
y_reg[5]$_SDFFE_PN0P_/D (sg13g2_dfrbpq_1)    0.34    1.17    0.83 (MET)
y_reg[5]$_SDFFE_PN0P_/D (sg13g2_dfrbpq_1)    0.34    1.17    0.83 (MET)
y_reg[5]$_SDFFE_PN0P_/D (sg13g2_dfrbpq_1)    0.34    1.17    0.83 (MET)
y_reg[5]$_SDFFE_PN0P_/D (sg13g2_dfrbpq_1)    0.34    1.17    0.83 (MET)
x_reg[5]$_SDFFE_PN0P_/D (sg13g2_dfrbpq_1)    0.34    1.17    0.83 (MET)
x_reg[5]$_SDFFE_PN0P_/D (sg13g2_dfrbpq_1)    0.34    1.17    0.83 (MET)
x_reg[5]$_SDFFE_PN0P_/D (sg13g2_dfrbpq_1)    0.31    1.14    0.83 (MET)
x_reg[5]$_SDFFE_PN0P_/D (sg13g2_dfrbpq_1)    0.31    1.14    0.83 (MET)
x_reg[5]$_SDFFE_PN0P_/D (sg13g2_dfrbpq_1)    0.31    1.14    0.83 (MET)
x_reg[5]$_SDFFE_PN0P_/D (sg13g2_dfrbpq_1)    0.31    1.14    0.83 (MET)
x_reg[5]$_SDFFE_PN0P_/D (sg13g2_dfrbpq_1)    0.31    1.14    0.83 (MET)
x_reg[5]$_SDFFE_PN0P_/D (sg13g2_dfrbpq_1)    0.31    1.14    0.83 (MET)
x_reg[5]$_SDFFE_PN0P_/D (sg13g2_dfrbpq_1)    0.31    1.14    0.83 (MET)
x_reg[5]$_SDFFE_PN0P_/D (sg13g2_dfrbpq_1)    0.31    1.14    0.83 (MET)
x_reg[5]$_SDFFE_PN0P_/D (sg13g2_dfrbpq_1)    0.31    1.14    0.83 (MET)
x_reg[4]$_SDFFE_PN0P_/D (sg13g2_dfrbpq_1)    0.35    1.18    0.83 (MET)
x_reg[4]$_SDFFE_PN0P_/D (sg13g2_dfrbpq_1)    0.35    1.18    0.83 (MET)
x_reg[4]$_SDFFE_PN0P_/D (sg13g2_dfrbpq_1)    0.35    1.18    0.83 (MET)
x_reg[4]$_SDFFE_PN0P_/D (sg13g2_dfrbpq_1)    0.35    1.18    0.83 (MET)
x_reg[4]$_SDFFE_PN0P_/D (sg13g2_dfrbpq_1)    0.35    1.18    0.83 (MET)
x_reg[4]$_SDFFE_PN0P_/D (sg13g2_dfrbpq_1)    0.35    1.18    0.83 (MET)
x_reg[4]$_SDFFE_PN0P_/D (sg13g2_dfrbpq_1)    0.35    1.18    0.83 (MET)
x_reg[4]$_SDFFE_PN0P_/D (sg13g2_dfrbpq_1)    0.35    1.18    0.83 (MET)
x_reg[4]$_SDFFE_PN0P_/D (sg13g2_dfrbpq_1)    0.35    1.18    0.83 (MET)
x_reg[4]$_SDFFE_PN0P_/D (sg13g2_dfrbpq_1)    0.35    1.18    0.83 (MET)
x_reg[4]$_SDFFE_PN0P_/D (sg13g2_dfrbpq_1)    0.35    1.18    0.83 (MET)
x_reg[4]$_SDFFE_PN0P_/D (sg13g2_dfrbpq_1)    0.35    1.18    0.83 (MET)
x_reg[4]$_SDFFE_PN0P_/D (sg13g2_dfrbpq_1)    0.35    1.18    0.83 (MET)
x_reg[4]$_SDFFE_PN0P_/D (sg13g2_dfrbpq_1)    0.35    1.18    0.83 (MET)
x_reg[4]$_SDFFE_PN0P_/D (sg13g2_dfrbpq_1)    0.35    1.18    0.83 (MET)
x_reg[4]$_SDFFE_PN0P_/D (sg13g2_dfrbpq_1)    0.35    1.18    0.83 (MET)
y_reg[2]$_SDFFE_PN0P_/D (sg13g2_dfrbpq_1)    0.31    1.14    0.83 (MET)
y_reg[2]$_SDFFE_PN0P_/D (sg13g2_dfrbpq_1)    0.31    1.14    0.83 (MET)
x_reg[5]$_SDFFE_PN0P_/D (sg13g2_dfrbpq_1)    0.31    1.14    0.83 (MET)
x_reg[5]$_SDFFE_PN0P_/D (sg13g2_dfrbpq_1)    0.31    1.14    0.83 (MET)
y_reg[5]$_SDFFE_PN0P_/D (sg13g2_dfrbpq_1)    0.34    1.17    0.83 (MET)
y_reg[5]$_SDFFE_PN0P_/D (sg13g2_dfrbpq_1)    0.34    1.17    0.83 (MET)
y_reg[5]$_SDFFE_PN0P_/D (sg13g2_dfrbpq_1)    0.34    1.17    0.83 (MET)
y_reg[5]$_SDFFE_PN0P_/D (sg13g2_dfrbpq_1)    0.34    1.17    0.83 (MET)
y_reg[5]$_SDFFE_PN0P_/D (sg13g2_dfrbpq_1)    0.34    1.17    0.83 (MET)
y_reg[5]$_SDFFE_PN0P_/D (sg13g2_dfrbpq_1)    0.34    1.17    0.83 (MET)
y_reg[5]$_SDFFE_PN0P_/D (sg13g2_dfrbpq_1)    0.34    1.17    0.83 (MET)
y_reg[5]$_SDFFE_PN0P_/D (sg13g2_dfrbpq_1)    0.34    1.17    0.83 (MET)
y_reg[5]$_SDFFE_PN0P_/D (sg13g2_dfrbpq_1)    0.34    1.17    0.83 (MET)
y_reg[5]$_SDFFE_PN0P_/D (sg13g2_dfrbpq_1)    0.34    1.17    0.83 (MET)
y_reg[5]$_SDFFE_PN0P_/D (sg13g2_dfrbpq_1)    0.34    1.17    0.83 (MET)
y_reg[5]$_SDFFE_PN0P_/D (sg13g2_dfrbpq_1)    0.34    1.17    0.83 (MET)
y_reg[5]$_SDFFE_PN0P_/D (sg13g2_dfrbpq_1)    0.34    1.17    0.83 (MET)
y_reg[5]$_SDFFE_PN0P_/D (sg13g2_dfrbpq_1)    0.34    1.17    0.83 (MET)
y_reg[5]$_SDFFE_PN0P_/D (sg13g2_dfrbpq_1)    0.34    1.17    0.83 (MET)
y_reg[5]$_SDFFE_PN0P_/D (sg13g2_dfrbpq_1)    0.34    1.17    0.83 (MET)
y_reg[2]$_SDFFE_PN0P_/D (sg13g2_dfrbpq_1)    0.31    1.14    0.83 (MET)
x_reg[8]$_SDFFE_PN0P_/D (sg13g2_dfrbpq_1)    0.32    1.15    0.83 (MET)
x_reg[8]$_SDFFE_PN0P_/D (sg13g2_dfrbpq_1)    0.32    1.15    0.83 (MET)
y_reg[3]$_SDFFE_PN0P_/D (sg13g2_dfrbpq_1)    0.31    1.14    0.83 (MET)
y_reg[3]$_SDFFE_PN0P_/D (sg13g2_dfrbpq_1)    0.31    1.14    0.83 (MET)
y_reg[3]$_SDFFE_PN0P_/D (sg13g2_dfrbpq_1)    0.31    1.14    0.83 (MET)
y_reg[3]$_SDFFE_PN0P_/D (sg13g2_dfrbpq_1)    0.31    1.14    0.83 (MET)
y_reg[3]$_SDFFE_PN0P_/D (sg13g2_dfrbpq_1)    0.31    1.14    0.83 (MET)
y_reg[3]$_SDFFE_PN0P_/D (sg13g2_dfrbpq_1)    0.31    1.14    0.83 (MET)
y_reg[3]$_SDFFE_PN0P_/D (sg13g2_dfrbpq_1)    0.31    1.14    0.83 (MET)
y_reg[3]$_SDFFE_PN0P_/D (sg13g2_dfrbpq_1)    0.31    1.14    0.83 (MET)
y_reg[3]$_SDFFE_PN0P_/D (sg13g2_dfrbpq_1)    0.31    1.14    0.83 (MET)
y_reg[3]$_SDFFE_PN0P_/D (sg13g2_dfrbpq_1)    0.31    1.14    0.83 (MET)
y_reg[3]$_SDFFE_PN0P_/D (sg13g2_dfrbpq_1)    0.31    1.14    0.83 (MET)
y_reg[3]$_SDFFE_PN0P_/D (sg13g2_dfrbpq_1)    0.31    1.14    0.83 (MET)
y_reg[3]$_SDFFE_PN0P_/D (sg13g2_dfrbpq_1)    0.31    1.14    0.83 (MET)
y_reg[3]$_SDFFE_PN0P_/D (sg13g2_dfrbpq_1)    0.31    1.14    0.83 (MET)
y_reg[3]$_SDFFE_PN0P_/D (sg13g2_dfrbpq_1)    0.31    1.14    0.83 (MET)
y_reg[3]$_SDFFE_PN0P_/D (sg13g2_dfrbpq_1)    0.31    1.14    0.83 (MET)
x_reg[4]$_SDFFE_PN0P_/D (sg13g2_dfrbpq_1)    0.35    1.18    0.83 (MET)
x_reg[4]$_SDFFE_PN0P_/D (sg13g2_dfrbpq_1)    0.35    1.18    0.83 (MET)
x_reg[4]$_SDFFE_PN0P_/D (sg13g2_dfrbpq_1)    0.35    1.18    0.83 (MET)
x_reg[4]$_SDFFE_PN0P_/D (sg13g2_dfrbpq_1)    0.35    1.18    0.83 (MET)
x_reg[4]$_SDFFE_PN0P_/D (sg13g2_dfrbpq_1)    0.32    1.15    0.83 (MET)
x_reg[4]$_SDFFE_PN0P_/D (sg13g2_dfrbpq_1)    0.32    1.15    0.83 (MET)
x_reg[4]$_SDFFE_PN0P_/D (sg13g2_dfrbpq_1)    0.32    1.15    0.83 (MET)
x_reg[4]$_SDFFE_PN0P_/D (sg13g2_dfrbpq_1)    0.32    1.15    0.83 (MET)
x_reg[4]$_SDFFE_PN0P_/D (sg13g2_dfrbpq_1)    0.32    1.15    0.83 (MET)
x_reg[4]$_SDFFE_PN0P_/D (sg13g2_dfrbpq_1)    0.32    1.15    0.83 (MET)
x_reg[4]$_SDFFE_PN0P_/D (sg13g2_dfrbpq_1)    0.32    1.15    0.83 (MET)
x_reg[4]$_SDFFE_PN0P_/D (sg13g2_dfrbpq_1)    0.32    1.15    0.83 (MET)
x_reg[4]$_SDFFE_PN0P_/D (sg13g2_dfrbpq_1)    0.35    1.18    0.83 (MET)
x_reg[6]$_SDFFE_PN0P_/D (sg13g2_dfrbpq_1)    0.31    1.14    0.83 (MET)
x_reg[6]$_SDFFE_PN0P_/D (sg13g2_dfrbpq_1)    0.31    1.14    0.83 (MET)
x_reg[6]$_SDFFE_PN0P_/D (sg13g2_dfrbpq_1)    0.31    1.14    0.83 (MET)
x_reg[6]$_SDFFE_PN0P_/D (sg13g2_dfrbpq_1)    0.31    1.14    0.83 (MET)
x_reg[6]$_SDFFE_PN0P_/D (sg13g2_dfrbpq_1)    0.31    1.14    0.83 (MET)
x_reg[6]$_SDFFE_PN0P_/D (sg13g2_dfrbpq_1)    0.31    1.14    0.83 (MET)
x_reg[6]$_SDFFE_PN0P_/D (sg13g2_dfrbpq_1)    0.31    1.14    0.83 (MET)
x_reg[6]$_SDFFE_PN0P_/D (sg13g2_dfrbpq_1)    0.31    1.14    0.83 (MET)
x_reg[9]$_SDFFE_PN0P_/D (sg13g2_dfrbpq_1)    0.32    1.15    0.83 (MET)
x_reg[9]$_SDFFE_PN0P_/D (sg13g2_dfrbpq_1)    0.32    1.15    0.83 (MET)
y_reg[5]$_SDFFE_PN0P_/D (sg13g2_dfrbpq_1)    0.34    1.17    0.83 (MET)
y_reg[5]$_SDFFE_PN0P_/D (sg13g2_dfrbpq_1)    0.34    1.17    0.83 (MET)
y_reg[5]$_SDFFE_PN0P_/D (sg13g2_dfrbpq_1)    0.34    1.17    0.83 (MET)
y_reg[5]$_SDFFE_PN0P_/D (sg13g2_dfrbpq_1)    0.34    1.17    0.83 (MET)
y_reg[5]$_SDFFE_PN0P_/D (sg13g2_dfrbpq_1)    0.34    1.17    0.83 (MET)
y_reg[5]$_SDFFE_PN0P_/D (sg13g2_dfrbpq_1)    0.34    1.17    0.83 (MET)
y_reg[5]$_SDFFE_PN0P_/D (sg13g2_dfrbpq_1)    0.34    1.17    0.83 (MET)
y_reg[5]$_SDFFE_PN0P_/D (sg13g2_dfrbpq_1)    0.34    1.17    0.83 (MET)
y_reg[5]$_SDFFE_PN0P_/D (sg13g2_dfrbpq_1)    0.34    1.17    0.83 (MET)
y_reg[5]$_SDFFE_PN0P_/D (sg13g2_dfrbpq_1)    0.34    1.17    0.83 (MET)
y_reg[5]$_SDFFE_PN0P_/D (sg13g2_dfrbpq_1)    0.34    1.17    0.83 (MET)
y_reg[5]$_SDFFE_PN0P_/D (sg13g2_dfrbpq_1)    0.34    1.17    0.83 (MET)
y_reg[5]$_SDFFE_PN0P_/D (sg13g2_dfrbpq_1)    0.34    1.17    0.83 (MET)
y_reg[5]$_SDFFE_PN0P_/D (sg13g2_dfrbpq_1)    0.34    1.17    0.83 (MET)
y_reg[5]$_SDFFE_PN0P_/D (sg13g2_dfrbpq_1)    0.34    1.17    0.83 (MET)
y_reg[5]$_SDFFE_PN0P_/D (sg13g2_dfrbpq_1)    0.34    1.17    0.83 (MET)
x_reg[5]$_SDFFE_PN0P_/D (sg13g2_dfrbpq_1)    0.31    1.14    0.83 (MET)
x_reg[5]$_SDFFE_PN0P_/D (sg13g2_dfrbpq_1)    0.31    1.14    0.83 (MET)
y_reg[5]$_SDFFE_PN0P_/D (sg13g2_dfrbpq_1)    0.34    1.17    0.83 (MET)
y_reg[5]$_SDFFE_PN0P_/D (sg13g2_dfrbpq_1)    0.34    1.17    0.83 (MET)
y_reg[5]$_SDFFE_PN0P_/D (sg13g2_dfrbpq_1)    0.34    1.17    0.83 (MET)
y_reg[5]$_SDFFE_PN0P_/D (sg13g2_dfrbpq_1)    0.34    1.17    0.83 (MET)
y_reg[5]$_SDFFE_PN0P_/D (sg13g2_dfrbpq_1)    0.34    1.17    0.83 (MET)
y_reg[5]$_SDFFE_PN0P_/D (sg13g2_dfrbpq_1)    0.34    1.17    0.83 (MET)
y_reg[5]$_SDFFE_PN0P_/D (sg13g2_dfrbpq_1)    0.34    1.17    0.83 (MET)
y_reg[5]$_SDFFE_PN0P_/D (sg13g2_dfrbpq_1)    0.34    1.17    0.83 (MET)
y_reg[5]$_SDFFE_PN0P_/D (sg13g2_dfrbpq_1)    0.34    1.17    0.83 (MET)
y_reg[5]$_SDFFE_PN0P_/D (sg13g2_dfrbpq_1)    0.34    1.17    0.83 (MET)
y_reg[5]$_SDFFE_PN0P_/D (sg13g2_dfrbpq_1)    0.34    1.17    0.83 (MET)
y_reg[5]$_SDFFE_PN0P_/D (sg13g2_dfrbpq_1)    0.34    1.17    0.83 (MET)
y_reg[5]$_SDFFE_PN0P_/D (sg13g2_dfrbpq_1)    0.34    1.17    0.83 (MET)
y_reg[5]$_SDFFE_PN0P_/D (sg13g2_dfrbpq_1)    0.34    1.17    0.83 (MET)
y_reg[5]$_SDFFE_PN0P_/D (sg13g2_dfrbpq_1)    0.34    1.17    0.83 (MET)
y_reg[5]$_SDFFE_PN0P_/D (sg13g2_dfrbpq_1)    0.34    1.17    0.83 (MET)
x_reg[5]$_SDFFE_PN0P_/D (sg13g2_dfrbpq_1)    0.31    1.14    0.83 (MET)
x_reg[5]$_SDFFE_PN0P_/D (sg13g2_dfrbpq_1)    0.31    1.14    0.83 (MET)
x_reg[4]$_SDFFE_PN0P_/D (sg13g2_dfrbpq_1)    0.35    1.18    0.83 (MET)
x_reg[4]$_SDFFE_PN0P_/D (sg13g2_dfrbpq_1)    0.35    1.18    0.83 (MET)
x_reg[4]$_SDFFE_PN0P_/D (sg13g2_dfrbpq_1)    0.35    1.18    0.83 (MET)
x_reg[4]$_SDFFE_PN0P_/D (sg13g2_dfrbpq_1)    0.35    1.18    0.83 (MET)
y_reg[3]$_SDFFE_PN0P_/D (sg13g2_dfrbpq_1)    0.34    1.17    0.83 (MET)
y_reg[2]$_SDFFE_PN0P_/D (sg13g2_dfrbpq_1)    0.31    1.14    0.83 (MET)
y_reg[2]$_SDFFE_PN0P_/D (sg13g2_dfrbpq_1)    0.31    1.14    0.83 (MET)
y_reg[1]$_SDFFE_PN0P_/D (sg13g2_dfrbpq_1)    0.34    1.17    0.83 (MET)
y_reg[1]$_SDFFE_PN0P_/D (sg13g2_dfrbpq_1)    0.34    1.17    0.83 (MET)
x_reg[9]$_SDFFE_PN0P_/D (sg13g2_dfrbpq_1)    0.34    1.17    0.83 (MET)
x_reg[5]$_SDFFE_PN0P_/D (sg13g2_dfrbpq_1)    0.31    1.14    0.83 (MET)
x_reg[5]$_SDFFE_PN0P_/D (sg13g2_dfrbpq_1)    0.31    1.14    0.83 (MET)
x_reg[5]$_SDFFE_PN0P_/D (sg13g2_dfrbpq_1)    0.31    1.14    0.83 (MET)
x_reg[5]$_SDFFE_PN0P_/D (sg13g2_dfrbpq_1)    0.31    1.14    0.83 (MET)
y_reg[3]$_SDFFE_PN0P_/D (sg13g2_dfrbpq_1)    0.34    1.17    0.83 (MET)
y_reg[4]$_SDFFE_PN0P_/D (sg13g2_dfrbpq_1)    0.31    1.14    0.83 (MET)
x_reg[4]$_SDFFE_PN0P_/D (sg13g2_dfrbpq_1)    0.35    1.18    0.83 (MET)
x_reg[4]$_SDFFE_PN0P_/D (sg13g2_dfrbpq_1)    0.35    1.18    0.83 (MET)
y_reg[1]$_SDFFE_PN0P_/D (sg13g2_dfrbpq_1)    0.34    1.17    0.83 (MET)
x_reg[4]$_SDFFE_PN0P_/D (sg13g2_dfrbpq_1)    0.32    1.15    0.83 (MET)
x_reg[4]$_SDFFE_PN0P_/D (sg13g2_dfrbpq_1)    0.32    1.15    0.83 (MET)
x_reg[4]$_SDFFE_PN0P_/D (sg13g2_dfrbpq_1)    0.32    1.15    0.83 (MET)
x_reg[4]$_SDFFE_PN0P_/D (sg13g2_dfrbpq_1)    0.32    1.15    0.83 (MET)
x_reg[4]$_SDFFE_PN0P_/D (sg13g2_dfrbpq_1)    0.32    1.15    0.83 (MET)
x_reg[4]$_SDFFE_PN0P_/D (sg13g2_dfrbpq_1)    0.32    1.15    0.83 (MET)
x_reg[4]$_SDFFE_PN0P_/D (sg13g2_dfrbpq_1)    0.32    1.15    0.83 (MET)
x_reg[4]$_SDFFE_PN0P_/D (sg13g2_dfrbpq_1)    0.32    1.15    0.83 (MET)
x_reg[4]$_SDFFE_PN0P_/D (sg13g2_dfrbpq_1)    0.32    1.15    0.83 (MET)
x_reg[4]$_SDFFE_PN0P_/D (sg13g2_dfrbpq_1)    0.32    1.15    0.83 (MET)
x_reg[4]$_SDFFE_PN0P_/D (sg13g2_dfrbpq_1)    0.32    1.15    0.83 (MET)
x_reg[4]$_SDFFE_PN0P_/D (sg13g2_dfrbpq_1)    0.32    1.15    0.83 (MET)
x_reg[4]$_SDFFE_PN0P_/D (sg13g2_dfrbpq_1)    0.32    1.15    0.83 (MET)
x_reg[4]$_SDFFE_PN0P_/D (sg13g2_dfrbpq_1)    0.32    1.15    0.83 (MET)
x_reg[4]$_SDFFE_PN0P_/D (sg13g2_dfrbpq_1)    0.32    1.15    0.83 (MET)
x_reg[4]$_SDFFE_PN0P_/D (sg13g2_dfrbpq_1)    0.32    1.15    0.83 (MET)
x_reg[5]$_SDFFE_PN0P_/D (sg13g2_dfrbpq_1)    0.31    1.14    0.83 (MET)
x_reg[5]$_SDFFE_PN0P_/D (sg13g2_dfrbpq_1)    0.31    1.14    0.83 (MET)
x_reg[5]$_SDFFE_PN0P_/D (sg13g2_dfrbpq_1)    0.31    1.14    0.83 (MET)
x_reg[5]$_SDFFE_PN0P_/D (sg13g2_dfrbpq_1)    0.31    1.14    0.83 (MET)
y_reg[4]$_SDFFE_PN0P_/D (sg13g2_dfrbpq_1)    0.34    1.17    0.83 (MET)
y_reg[4]$_SDFFE_PN0P_/D (sg13g2_dfrbpq_1)    0.34    1.17    0.83 (MET)
y_reg[3]$_SDFFE_PN0P_/D (sg13g2_dfrbpq_1)    0.34    1.17    0.83 (MET)
y_reg[3]$_SDFFE_PN0P_/D (sg13g2_dfrbpq_1)    0.34    1.17    0.83 (MET)
y_reg[3]$_SDFFE_PN0P_/D (sg13g2_dfrbpq_1)    0.34    1.17    0.83 (MET)
y_reg[3]$_SDFFE_PN0P_/D (sg13g2_dfrbpq_1)    0.34    1.17    0.83 (MET)
y_reg[3]$_SDFFE_PN0P_/D (sg13g2_dfrbpq_1)    0.34    1.17    0.83 (MET)
y_reg[3]$_SDFFE_PN0P_/D (sg13g2_dfrbpq_1)    0.34    1.17    0.83 (MET)
y_reg[3]$_SDFFE_PN0P_/D (sg13g2_dfrbpq_1)    0.34    1.17    0.83 (MET)
y_reg[4]$_SDFFE_PN0P_/D (sg13g2_dfrbpq_1)    0.34    1.17    0.83 (MET)
y_reg[4]$_SDFFE_PN0P_/D (sg13g2_dfrbpq_1)    0.34    1.17    0.83 (MET)
y_reg[4]$_SDFFE_PN0P_/D (sg13g2_dfrbpq_1)    0.31    1.14    0.83 (MET)
x_reg[5]$_SDFFE_PN0P_/D (sg13g2_dfrbpq_1)    0.31    1.14    0.83 (MET)
x_reg[5]$_SDFFE_PN0P_/D (sg13g2_dfrbpq_1)    0.31    1.14    0.83 (MET)
x_reg[5]$_SDFFE_PN0P_/D (sg13g2_dfrbpq_1)    0.31    1.14    0.83 (MET)
x_reg[5]$_SDFFE_PN0P_/D (sg13g2_dfrbpq_1)    0.31    1.14    0.83 (MET)
x_reg[5]$_SDFFE_PN0P_/D (sg13g2_dfrbpq_1)    0.31    1.14    0.83 (MET)
x_reg[5]$_SDFFE_PN0P_/D (sg13g2_dfrbpq_1)    0.31    1.14    0.83 (MET)
x_reg[5]$_SDFFE_PN0P_/D (sg13g2_dfrbpq_1)    0.31    1.14    0.83 (MET)
x_reg[5]$_SDFFE_PN0P_/D (sg13g2_dfrbpq_1)    0.31    1.14    0.83 (MET)
x_reg[4]$_SDFFE_PN0P_/D (sg13g2_dfrbpq_1)    0.35    1.18    0.83 (MET)
x_reg[4]$_SDFFE_PN0P_/D (sg13g2_dfrbpq_1)    0.35    1.18    0.83 (MET)
x_reg[4]$_SDFFE_PN0P_/D (sg13g2_dfrbpq_1)    0.35    1.18    0.83 (MET)
x_reg[4]$_SDFFE_PN0P_/D (sg13g2_dfrbpq_1)    0.35    1.18    0.83 (MET)
y_reg[3]$_SDFFE_PN0P_/D (sg13g2_dfrbpq_1)    0.34    1.17    0.83 (MET)
y_reg[3]$_SDFFE_PN0P_/D (sg13g2_dfrbpq_1)    0.34    1.17    0.83 (MET)
x_reg[6]$_SDFFE_PN0P_/D (sg13g2_dfrbpq_1)    0.34    1.17    0.83 (MET)
x_reg[6]$_SDFFE_PN0P_/D (sg13g2_dfrbpq_1)    0.34    1.17    0.83 (MET)
x_reg[6]$_SDFFE_PN0P_/D (sg13g2_dfrbpq_1)    0.34    1.17    0.83 (MET)
x_reg[6]$_SDFFE_PN0P_/D (sg13g2_dfrbpq_1)    0.34    1.17    0.83 (MET)
y_reg[2]$_SDFFE_PN0P_/D (sg13g2_dfrbpq_1)    0.34    1.17    0.83 (MET)
y_reg[2]$_SDFFE_PN0P_/D (sg13g2_dfrbpq_1)    0.34    1.17    0.83 (MET)
y_reg[4]$_SDFFE_PN0P_/D (sg13g2_dfrbpq_1)    0.31    1.14    0.83 (MET)
y_reg[4]$_SDFFE_PN0P_/D (sg13g2_dfrbpq_1)    0.31    1.14    0.83 (MET)
x_reg[9]$_SDFFE_PN0P_/D (sg13g2_dfrbpq_1)    0.32    1.15    0.83 (MET)
x_reg[9]$_SDFFE_PN0P_/D (sg13g2_dfrbpq_1)    0.32    1.15    0.83 (MET)
x_reg[5]$_SDFFE_PN0P_/D (sg13g2_dfrbpq_1)    0.34    1.17    0.83 (MET)
x_reg[5]$_SDFFE_PN0P_/D (sg13g2_dfrbpq_1)    0.34    1.17    0.83 (MET)
x_reg[5]$_SDFFE_PN0P_/D (sg13g2_dfrbpq_1)    0.34    1.17    0.83 (MET)
x_reg[5]$_SDFFE_PN0P_/D (sg13g2_dfrbpq_1)    0.34    1.17    0.83 (MET)
y_reg[4]$_SDFFE_PN0P_/D (sg13g2_dfrbpq_1)    0.34    1.17    0.83 (MET)
y_reg[4]$_SDFFE_PN0P_/D (sg13g2_dfrbpq_1)    0.34    1.17    0.83 (MET)
y_reg[4]$_SDFFE_PN0P_/D (sg13g2_dfrbpq_1)    0.34    1.17    0.83 (MET)
y_reg[4]$_SDFFE_PN0P_/D (sg13g2_dfrbpq_1)    0.34    1.17    0.83 (MET)
x_reg[5]$_SDFFE_PN0P_/D (sg13g2_dfrbpq_1)    0.34    1.17    0.83 (MET)
x_reg[5]$_SDFFE_PN0P_/D (sg13g2_dfrbpq_1)    0.34    1.17    0.83 (MET)
y_reg[3]$_SDFFE_PN0P_/D (sg13g2_dfrbpq_1)    0.34    1.17    0.83 (MET)
y_reg[3]$_SDFFE_PN0P_/D (sg13g2_dfrbpq_1)    0.34    1.17    0.83 (MET)
y_reg[3]$_SDFFE_PN0P_/D (sg13g2_dfrbpq_1)    0.34    1.17    0.83 (MET)
y_reg[3]$_SDFFE_PN0P_/D (sg13g2_dfrbpq_1)    0.34    1.17    0.83 (MET)
x_reg[5]$_SDFFE_PN0P_/D (sg13g2_dfrbpq_1)    0.34    1.17    0.83 (MET)
x_reg[5]$_SDFFE_PN0P_/D (sg13g2_dfrbpq_1)    0.34    1.17    0.83 (MET)
x_reg[6]$_SDFFE_PN0P_/D (sg13g2_dfrbpq_1)    0.34    1.17    0.83 (MET)
x_reg[6]$_SDFFE_PN0P_/D (sg13g2_dfrbpq_1)    0.34    1.17    0.83 (MET)
x_reg[6]$_SDFFE_PN0P_/D (sg13g2_dfrbpq_1)    0.34    1.17    0.83 (MET)
x_reg[6]$_SDFFE_PN0P_/D (sg13g2_dfrbpq_1)    0.34    1.17    0.83 (MET)
y_reg[2]$_SDFFE_PN0P_/D (sg13g2_dfrbpq_1)    0.34    1.17    0.83 (MET)
y_reg[2]$_SDFFE_PN0P_/D (sg13g2_dfrbpq_1)    0.34    1.17    0.83 (MET)
y_reg[1]$_SDFFE_PN0P_/D (sg13g2_dfrbpq_1)    0.34    1.17    0.83 (MET)
y_reg[1]$_SDFFE_PN0P_/D (sg13g2_dfrbpq_1)    0.34    1.17    0.83 (MET)
y_reg[6]$_SDFFE_PN0P_/D (sg13g2_dfrbpq_1)    0.34    1.18    0.83 (MET)
x_reg[4]$_SDFFE_PN0P_/D (sg13g2_dfrbpq_1)    0.35    1.18    0.83 (MET)
x_reg[4]$_SDFFE_PN0P_/D (sg13g2_dfrbpq_1)    0.35    1.18    0.83 (MET)
x_reg[2]$_SDFFE_PN0P_/D (sg13g2_dfrbpq_1)    0.31    1.14    0.83 (MET)
x_reg[2]$_SDFFE_PN0P_/D (sg13g2_dfrbpq_1)    0.31    1.14    0.83 (MET)
y_reg[4]$_SDFFE_PN0P_/D (sg13g2_dfrbpq_1)    0.31    1.14    0.83 (MET)
y_reg[4]$_SDFFE_PN0P_/D (sg13g2_dfrbpq_1)    0.31    1.14    0.83 (MET)
y_reg[3]$_SDFFE_PN0P_/D (sg13g2_dfrbpq_1)    0.34    1.17    0.83 (MET)
y_reg[4]$_SDFFE_PN0P_/D (sg13g2_dfrbpq_1)    0.31    1.14    0.83 (MET)
y_reg[4]$_SDFFE_PN0P_/D (sg13g2_dfrbpq_1)    0.31    1.14    0.83 (MET)
x_reg[5]$_SDFFE_PN0P_/D (sg13g2_dfrbpq_1)    0.31    1.14    0.83 (MET)
x_reg[5]$_SDFFE_PN0P_/D (sg13g2_dfrbpq_1)    0.31    1.14    0.83 (MET)
x_reg[6]$_SDFFE_PN0P_/D (sg13g2_dfrbpq_1)    0.34    1.17    0.83 (MET)
x_reg[6]$_SDFFE_PN0P_/D (sg13g2_dfrbpq_1)    0.34    1.17    0.83 (MET)
x_reg[6]$_SDFFE_PN0P_/D (sg13g2_dfrbpq_1)    0.34    1.17    0.83 (MET)
x_reg[6]$_SDFFE_PN0P_/D (sg13g2_dfrbpq_1)    0.34    1.17    0.83 (MET)
x_reg[6]$_SDFFE_PN0P_/D (sg13g2_dfrbpq_1)    0.34    1.17    0.83 (MET)
x_reg[6]$_SDFFE_PN0P_/D (sg13g2_dfrbpq_1)    0.34    1.17    0.83 (MET)
x_reg[6]$_SDFFE_PN0P_/D (sg13g2_dfrbpq_1)    0.34    1.17    0.83 (MET)
x_reg[6]$_SDFFE_PN0P_/D (sg13g2_dfrbpq_1)    0.34    1.17    0.83 (MET)
x_reg[5]$_SDFFE_PN0P_/D (sg13g2_dfrbpq_1)    0.31    1.14    0.83 (MET)
x_reg[5]$_SDFFE_PN0P_/D (sg13g2_dfrbpq_1)    0.31    1.14    0.83 (MET)
x_reg[5]$_SDFFE_PN0P_/D (sg13g2_dfrbpq_1)    0.31    1.14    0.83 (MET)
x_reg[5]$_SDFFE_PN0P_/D (sg13g2_dfrbpq_1)    0.31    1.14    0.83 (MET)
y_reg[2]$_SDFFE_PN0P_/D (sg13g2_dfrbpq_1)    0.34    1.17    0.83 (MET)
y_reg[2]$_SDFFE_PN0P_/D (sg13g2_dfrbpq_1)    0.34    1.17    0.83 (MET)
y_reg[2]$_SDFFE_PN0P_/D (sg13g2_dfrbpq_1)    0.34    1.17    0.83 (MET)
y_reg[2]$_SDFFE_PN0P_/D (sg13g2_dfrbpq_1)    0.34    1.17    0.83 (MET)
y_reg[3]$_SDFFE_PN0P_/D (sg13g2_dfrbpq_1)    0.34    1.17    0.83 (MET)
x_reg[4]$_SDFFE_PN0P_/D (sg13g2_dfrbpq_1)    0.32    1.15    0.83 (MET)
x_reg[4]$_SDFFE_PN0P_/D (sg13g2_dfrbpq_1)    0.32    1.15    0.83 (MET)
x_reg[4]$_SDFFE_PN0P_/D (sg13g2_dfrbpq_1)    0.32    1.15    0.83 (MET)
x_reg[4]$_SDFFE_PN0P_/D (sg13g2_dfrbpq_1)    0.32    1.15    0.83 (MET)
x_reg[4]$_SDFFE_PN0P_/D (sg13g2_dfrbpq_1)    0.32    1.15    0.83 (MET)
x_reg[4]$_SDFFE_PN0P_/D (sg13g2_dfrbpq_1)    0.32    1.15    0.83 (MET)
x_reg[4]$_SDFFE_PN0P_/D (sg13g2_dfrbpq_1)    0.32    1.15    0.83 (MET)
x_reg[4]$_SDFFE_PN0P_/D (sg13g2_dfrbpq_1)    0.32    1.15    0.83 (MET)
x_reg[4]$_SDFFE_PN0P_/D (sg13g2_dfrbpq_1)    0.32    1.15    0.83 (MET)
x_reg[4]$_SDFFE_PN0P_/D (sg13g2_dfrbpq_1)    0.32    1.15    0.83 (MET)
x_reg[4]$_SDFFE_PN0P_/D (sg13g2_dfrbpq_1)    0.32    1.15    0.83 (MET)
x_reg[4]$_SDFFE_PN0P_/D (sg13g2_dfrbpq_1)    0.32    1.15    0.83 (MET)
x_reg[4]$_SDFFE_PN0P_/D (sg13g2_dfrbpq_1)    0.35    1.18    0.83 (MET)
x_reg[4]$_SDFFE_PN0P_/D (sg13g2_dfrbpq_1)    0.35    1.18    0.83 (MET)
x_reg[1]$_SDFFE_PN0P_/D (sg13g2_dfrbpq_1)    0.32    1.15    0.83 (MET)
x_reg[1]$_SDFFE_PN0P_/D (sg13g2_dfrbpq_1)    0.32    1.15    0.83 (MET)
x_reg[5]$_SDFFE_PN0P_/D (sg13g2_dfrbpq_1)    0.31    1.14    0.83 (MET)
x_reg[5]$_SDFFE_PN0P_/D (sg13g2_dfrbpq_1)    0.31    1.14    0.83 (MET)
x_reg[5]$_SDFFE_PN0P_/D (sg13g2_dfrbpq_1)    0.31    1.14    0.83 (MET)
x_reg[5]$_SDFFE_PN0P_/D (sg13g2_dfrbpq_1)    0.31    1.14    0.83 (MET)
x_reg[5]$_SDFFE_PN0P_/D (sg13g2_dfrbpq_1)    0.31    1.14    0.83 (MET)
x_reg[5]$_SDFFE_PN0P_/D (sg13g2_dfrbpq_1)    0.31    1.14    0.83 (MET)
x_reg[5]$_SDFFE_PN0P_/D (sg13g2_dfrbpq_1)    0.31    1.14    0.83 (MET)
x_reg[5]$_SDFFE_PN0P_/D (sg13g2_dfrbpq_1)    0.31    1.14    0.83 (MET)
y_reg[3]$_SDFFE_PN0P_/D (sg13g2_dfrbpq_1)    0.34    1.17    0.83 (MET)
y_reg[3]$_SDFFE_PN0P_/D (sg13g2_dfrbpq_1)    0.34    1.17    0.83 (MET)
y_reg[3]$_SDFFE_PN0P_/D (sg13g2_dfrbpq_1)    0.34    1.17    0.83 (MET)
x_reg[4]$_SDFFE_PN0P_/D (sg13g2_dfrbpq_1)    0.35    1.18    0.83 (MET)
x_reg[4]$_SDFFE_PN0P_/D (sg13g2_dfrbpq_1)    0.35    1.18    0.83 (MET)
x_reg[5]$_SDFFE_PN0P_/D (sg13g2_dfrbpq_1)    0.31    1.14    0.83 (MET)
x_reg[5]$_SDFFE_PN0P_/D (sg13g2_dfrbpq_1)    0.31    1.14    0.83 (MET)
x_reg[5]$_SDFFE_PN0P_/D (sg13g2_dfrbpq_1)    0.31    1.14    0.83 (MET)
x_reg[5]$_SDFFE_PN0P_/D (sg13g2_dfrbpq_1)    0.31    1.14    0.83 (MET)
x_reg[5]$_SDFFE_PN0P_/D (sg13g2_dfrbpq_1)    0.31    1.14    0.83 (MET)
x_reg[5]$_SDFFE_PN0P_/D (sg13g2_dfrbpq_1)    0.31    1.14    0.83 (MET)
x_reg[5]$_SDFFE_PN0P_/D (sg13g2_dfrbpq_1)    0.31    1.14    0.83 (MET)
x_reg[5]$_SDFFE_PN0P_/D (sg13g2_dfrbpq_1)    0.31    1.14    0.83 (MET)
x_reg[4]$_SDFFE_PN0P_/D (sg13g2_dfrbpq_1)    0.35    1.18    0.83 (MET)
x_reg[4]$_SDFFE_PN0P_/D (sg13g2_dfrbpq_1)    0.35    1.18    0.83 (MET)
y_reg[4]$_SDFFE_PN0P_/D (sg13g2_dfrbpq_1)    0.31    1.15    0.83 (MET)
y_reg[4]$_SDFFE_PN0P_/D (sg13g2_dfrbpq_1)    0.31    1.15    0.83 (MET)
y_reg[4]$_SDFFE_PN0P_/D (sg13g2_dfrbpq_1)    0.31    1.15    0.83 (MET)
y_reg[4]$_SDFFE_PN0P_/D (sg13g2_dfrbpq_1)    0.31    1.15    0.83 (MET)
x_reg[5]$_SDFFE_PN0P_/D (sg13g2_dfrbpq_1)    0.34    1.17    0.83 (MET)
x_reg[5]$_SDFFE_PN0P_/D (sg13g2_dfrbpq_1)    0.34    1.17    0.83 (MET)
x_reg[1]$_SDFFE_PN0P_/D (sg13g2_dfrbpq_1)    0.32    1.15    0.83 (MET)
x_reg[1]$_SDFFE_PN0P_/D (sg13g2_dfrbpq_1)    0.32    1.15    0.83 (MET)
y_reg[1]$_SDFFE_PN0P_/D (sg13g2_dfrbpq_1)    0.34    1.18    0.83 (MET)
y_reg[1]$_SDFFE_PN0P_/D (sg13g2_dfrbpq_1)    0.34    1.18    0.83 (MET)
y_reg[2]$_SDFFE_PN0P_/D (sg13g2_dfrbpq_1)    0.31    1.14    0.83 (MET)
y_reg[2]$_SDFFE_PN0P_/D (sg13g2_dfrbpq_1)    0.31    1.14    0.83 (MET)
y_reg[3]$_SDFFE_PN0P_/D (sg13g2_dfrbpq_1)    0.34    1.17    0.83 (MET)
y_reg[3]$_SDFFE_PN0P_/D (sg13g2_dfrbpq_1)    0.34    1.17    0.83 (MET)
y_reg[3]$_SDFFE_PN0P_/D (sg13g2_dfrbpq_1)    0.34    1.17    0.83 (MET)
y_reg[3]$_SDFFE_PN0P_/D (sg13g2_dfrbpq_1)    0.34    1.17    0.83 (MET)
y_reg[2]$_SDFFE_PN0P_/D (sg13g2_dfrbpq_1)    0.34    1.17    0.83 (MET)
y_reg[2]$_SDFFE_PN0P_/D (sg13g2_dfrbpq_1)    0.34    1.17    0.83 (MET)
x_reg[5]$_SDFFE_PN0P_/D (sg13g2_dfrbpq_1)    0.34    1.17    0.83 (MET)
x_reg[5]$_SDFFE_PN0P_/D (sg13g2_dfrbpq_1)    0.34    1.17    0.83 (MET)
x_reg[4]$_SDFFE_PN0P_/D (sg13g2_dfrbpq_1)    0.32    1.15    0.83 (MET)
x_reg[4]$_SDFFE_PN0P_/D (sg13g2_dfrbpq_1)    0.32    1.15    0.83 (MET)
x_reg[4]$_SDFFE_PN0P_/D (sg13g2_dfrbpq_1)    0.32    1.15    0.83 (MET)
x_reg[4]$_SDFFE_PN0P_/D (sg13g2_dfrbpq_1)    0.32    1.15    0.83 (MET)
x_reg[4]$_SDFFE_PN0P_/D (sg13g2_dfrbpq_1)    0.32    1.15    0.83 (MET)
x_reg[4]$_SDFFE_PN0P_/D (sg13g2_dfrbpq_1)    0.32    1.15    0.83 (MET)
x_reg[4]$_SDFFE_PN0P_/D (sg13g2_dfrbpq_1)    0.32    1.15    0.83 (MET)
x_reg[4]$_SDFFE_PN0P_/D (sg13g2_dfrbpq_1)    0.32    1.15    0.83 (MET)
x_reg[4]$_SDFFE_PN0P_/D (sg13g2_dfrbpq_1)    0.32    1.15    0.83 (MET)
x_reg[4]$_SDFFE_PN0P_/D (sg13g2_dfrbpq_1)    0.32    1.15    0.83 (MET)
x_reg[4]$_SDFFE_PN0P_/D (sg13g2_dfrbpq_1)    0.32    1.15    0.83 (MET)
x_reg[4]$_SDFFE_PN0P_/D (sg13g2_dfrbpq_1)    0.32    1.15    0.83 (MET)
x_reg[4]$_SDFFE_PN0P_/D (sg13g2_dfrbpq_1)    0.32    1.15    0.83 (MET)
x_reg[4]$_SDFFE_PN0P_/D (sg13g2_dfrbpq_1)    0.32    1.15    0.83 (MET)
x_reg[4]$_SDFFE_PN0P_/D (sg13g2_dfrbpq_1)    0.32    1.15    0.83 (MET)
x_reg[4]$_SDFFE_PN0P_/D (sg13g2_dfrbpq_1)    0.32    1.15    0.83 (MET)
x_reg[4]$_SDFFE_PN0P_/D (sg13g2_dfrbpq_1)    0.32    1.15    0.83 (MET)
x_reg[4]$_SDFFE_PN0P_/D (sg13g2_dfrbpq_1)    0.32    1.15    0.83 (MET)
x_reg[4]$_SDFFE_PN0P_/D (sg13g2_dfrbpq_1)    0.32    1.15    0.83 (MET)
x_reg[4]$_SDFFE_PN0P_/D (sg13g2_dfrbpq_1)    0.32    1.15    0.83 (MET)
x_reg[4]$_SDFFE_PN0P_/D (sg13g2_dfrbpq_1)    0.32    1.15    0.83 (MET)
x_reg[4]$_SDFFE_PN0P_/D (sg13g2_dfrbpq_1)    0.32    1.15    0.83 (MET)
x_reg[4]$_SDFFE_PN0P_/D (sg13g2_dfrbpq_1)    0.32    1.15    0.83 (MET)
x_reg[4]$_SDFFE_PN0P_/D (sg13g2_dfrbpq_1)    0.32    1.15    0.83 (MET)
y_reg[3]$_SDFFE_PN0P_/D (sg13g2_dfrbpq_1)    0.34    1.17    0.83 (MET)
y_reg[3]$_SDFFE_PN0P_/D (sg13g2_dfrbpq_1)    0.34    1.17    0.83 (MET)
x_reg[5]$_SDFFE_PN0P_/D (sg13g2_dfrbpq_1)    0.31    1.14    0.83 (MET)
x_reg[5]$_SDFFE_PN0P_/D (sg13g2_dfrbpq_1)    0.31    1.14    0.83 (MET)
x_reg[5]$_SDFFE_PN0P_/D (sg13g2_dfrbpq_1)    0.31    1.14    0.83 (MET)
x_reg[5]$_SDFFE_PN0P_/D (sg13g2_dfrbpq_1)    0.31    1.14    0.83 (MET)
x_reg[5]$_SDFFE_PN0P_/D (sg13g2_dfrbpq_1)    0.31    1.14    0.83 (MET)
x_reg[5]$_SDFFE_PN0P_/D (sg13g2_dfrbpq_1)    0.31    1.14    0.83 (MET)
x_reg[5]$_SDFFE_PN0P_/D (sg13g2_dfrbpq_1)    0.31    1.14    0.83 (MET)
x_reg[5]$_SDFFE_PN0P_/D (sg13g2_dfrbpq_1)    0.31    1.14    0.83 (MET)
y_reg[3]$_SDFFE_PN0P_/D (sg13g2_dfrbpq_1)    0.31    1.14    0.83 (MET)
y_reg[6]$_SDFFE_PN0P_/D (sg13g2_dfrbpq_1)    0.34    1.18    0.83 (MET)
x_reg[5]$_SDFFE_PN0P_/D (sg13g2_dfrbpq_1)    0.34    1.17    0.83 (MET)
x_reg[5]$_SDFFE_PN0P_/D (sg13g2_dfrbpq_1)    0.34    1.17    0.83 (MET)
x_reg[5]$_SDFFE_PN0P_/D (sg13g2_dfrbpq_1)    0.34    1.17    0.83 (MET)
x_reg[5]$_SDFFE_PN0P_/D (sg13g2_dfrbpq_1)    0.34    1.17    0.83 (MET)
x_reg[8]$_SDFFE_PN0P_/D (sg13g2_dfrbpq_1)    0.32    1.15    0.83 (MET)
x_reg[8]$_SDFFE_PN0P_/D (sg13g2_dfrbpq_1)    0.32    1.15    0.83 (MET)
x_reg[4]$_SDFFE_PN0P_/D (sg13g2_dfrbpq_1)    0.32    1.16    0.83 (MET)
x_reg[6]$_SDFFE_PN0P_/D (sg13g2_dfrbpq_1)    0.34    1.17    0.83 (MET)
y_reg[2]$_SDFFE_PN0P_/D (sg13g2_dfrbpq_1)    0.31    1.14    0.83 (MET)
y_reg[2]$_SDFFE_PN0P_/D (sg13g2_dfrbpq_1)    0.31    1.14    0.83 (MET)
y_reg[2]$_SDFFE_PN0P_/D (sg13g2_dfrbpq_1)    0.31    1.14    0.83 (MET)
y_reg[2]$_SDFFE_PN0P_/D (sg13g2_dfrbpq_1)    0.31    1.14    0.83 (MET)
y_reg[6]$_SDFFE_PN0P_/D (sg13g2_dfrbpq_1)    0.34    1.18    0.83 (MET)
y_reg[3]$_SDFFE_PN0P_/D (sg13g2_dfrbpq_1)    0.31    1.14    0.83 (MET)
y_reg[3]$_SDFFE_PN0P_/D (sg13g2_dfrbpq_1)    0.31    1.14    0.83 (MET)
y_reg[3]$_SDFFE_PN0P_/D (sg13g2_dfrbpq_1)    0.34    1.17    0.83 (MET)
y_reg[3]$_SDFFE_PN0P_/D (sg13g2_dfrbpq_1)    0.34    1.17    0.83 (MET)
y_reg[3]$_SDFFE_PN0P_/D (sg13g2_dfrbpq_1)    0.34    1.17    0.83 (MET)
y_reg[3]$_SDFFE_PN0P_/D (sg13g2_dfrbpq_1)    0.34    1.17    0.83 (MET)
y_reg[2]$_SDFFE_PN0P_/D (sg13g2_dfrbpq_1)    0.34    1.17    0.83 (MET)
y_reg[2]$_SDFFE_PN0P_/D (sg13g2_dfrbpq_1)    0.34    1.17    0.83 (MET)
y_reg[3]$_SDFFE_PN0P_/D (sg13g2_dfrbpq_1)    0.34    1.17    0.83 (MET)
y_reg[3]$_SDFFE_PN0P_/D (sg13g2_dfrbpq_1)    0.34    1.17    0.83 (MET)
y_reg[5]$_SDFFE_PN0P_/D (sg13g2_dfrbpq_1)    0.34    1.17    0.83 (MET)
y_reg[5]$_SDFFE_PN0P_/D (sg13g2_dfrbpq_1)    0.34    1.17    0.83 (MET)
x_reg[7]$_SDFFE_PN0P_/D (sg13g2_dfrbpq_1)    0.35    1.18    0.83 (MET)
y_reg[3]$_SDFFE_PN0P_/D (sg13g2_dfrbpq_1)    0.31    1.14    0.83 (MET)
y_reg[3]$_SDFFE_PN0P_/D (sg13g2_dfrbpq_1)    0.31    1.14    0.83 (MET)
x_reg[4]$_SDFFE_PN0P_/D (sg13g2_dfrbpq_1)    0.32    1.16    0.83 (MET)
x_reg[4]$_SDFFE_PN0P_/D (sg13g2_dfrbpq_1)    0.32    1.16    0.83 (MET)
x_reg[5]$_SDFFE_PN0P_/D (sg13g2_dfrbpq_1)    0.34    1.17    0.83 (MET)
x_reg[5]$_SDFFE_PN0P_/D (sg13g2_dfrbpq_1)    0.34    1.17    0.83 (MET)
y_reg[3]$_SDFFE_PN0P_/D (sg13g2_dfrbpq_1)    0.34    1.17    0.83 (MET)
x_reg[2]$_SDFFE_PN0P_/D (sg13g2_dfrbpq_1)    0.31    1.14    0.83 (MET)
x_reg[2]$_SDFFE_PN0P_/D (sg13g2_dfrbpq_1)    0.31    1.14    0.83 (MET)
x_reg[2]$_SDFFE_PN0P_/D (sg13g2_dfrbpq_1)    0.31    1.14    0.83 (MET)
x_reg[2]$_SDFFE_PN0P_/D (sg13g2_dfrbpq_1)    0.31    1.14    0.83 (MET)
y_reg[6]$_SDFFE_PN0P_/D (sg13g2_dfrbpq_1)    0.34    1.18    0.83 (MET)
y_reg[6]$_SDFFE_PN0P_/D (sg13g2_dfrbpq_1)    0.34    1.18    0.83 (MET)
y_reg[3]$_SDFFE_PN0P_/D (sg13g2_dfrbpq_1)    0.34    1.17    0.83 (MET)
y_reg[3]$_SDFFE_PN0P_/D (sg13g2_dfrbpq_1)    0.34    1.17    0.83 (MET)
y_reg[3]$_SDFFE_PN0P_/D (sg13g2_dfrbpq_1)    0.34    1.17    0.83 (MET)
y_reg[3]$_SDFFE_PN0P_/D (sg13g2_dfrbpq_1)    0.34    1.17    0.83 (MET)
x_reg[4]$_SDFFE_PN0P_/D (sg13g2_dfrbpq_1)    0.32    1.16    0.83 (MET)
x_reg[4]$_SDFFE_PN0P_/D (sg13g2_dfrbpq_1)    0.32    1.16    0.83 (MET)
y_reg[2]$_SDFFE_PN0P_/D (sg13g2_dfrbpq_1)    0.34    1.17    0.83 (MET)
y_reg[2]$_SDFFE_PN0P_/D (sg13g2_dfrbpq_1)    0.34    1.17    0.83 (MET)
x_reg[5]$_SDFFE_PN0P_/D (sg13g2_dfrbpq_1)    0.34    1.18    0.83 (MET)
x_reg[5]$_SDFFE_PN0P_/D (sg13g2_dfrbpq_1)    0.34    1.18    0.83 (MET)
x_reg[5]$_SDFFE_PN0P_/D (sg13g2_dfrbpq_1)    0.34    1.18    0.83 (MET)
x_reg[5]$_SDFFE_PN0P_/D (sg13g2_dfrbpq_1)    0.34    1.18    0.83 (MET)
x_reg[5]$_SDFFE_PN0P_/D (sg13g2_dfrbpq_1)    0.34    1.18    0.83 (MET)
x_reg[5]$_SDFFE_PN0P_/D (sg13g2_dfrbpq_1)    0.34    1.18    0.83 (MET)
x_reg[4]$_SDFFE_PN0P_/D (sg13g2_dfrbpq_1)    0.32    1.16    0.83 (MET)
x_reg[4]$_SDFFE_PN0P_/D (sg13g2_dfrbpq_1)    0.32    1.16    0.83 (MET)
x_reg[4]$_SDFFE_PN0P_/D (sg13g2_dfrbpq_1)    0.32    1.16    0.83 (MET)
y_reg[3]$_SDFFE_PN0P_/D (sg13g2_dfrbpq_1)    0.31    1.15    0.83 (MET)
y_reg[3]$_SDFFE_PN0P_/D (sg13g2_dfrbpq_1)    0.31    1.15    0.83 (MET)
y_reg[3]$_SDFFE_PN0P_/D (sg13g2_dfrbpq_1)    0.31    1.15    0.83 (MET)
y_reg[3]$_SDFFE_PN0P_/D (sg13g2_dfrbpq_1)    0.31    1.15    0.83 (MET)
y_reg[5]$_SDFFE_PN0P_/D (sg13g2_dfrbpq_1)    0.34    1.17    0.83 (MET)
y_reg[5]$_SDFFE_PN0P_/D (sg13g2_dfrbpq_1)    0.34    1.17    0.83 (MET)
y_reg[3]$_SDFFE_PN0P_/D (sg13g2_dfrbpq_1)    0.34    1.17    0.83 (MET)
y_reg[3]$_SDFFE_PN0P_/D (sg13g2_dfrbpq_1)    0.34    1.17    0.83 (MET)
y_reg[5]$_SDFFE_PN0P_/D (sg13g2_dfrbpq_1)    0.34    1.17    0.83 (MET)
y_reg[5]$_SDFFE_PN0P_/D (sg13g2_dfrbpq_1)    0.34    1.17    0.83 (MET)
y_reg[3]$_SDFFE_PN0P_/D (sg13g2_dfrbpq_1)    0.31    1.15    0.83 (MET)
y_reg[6]$_SDFFE_PN0P_/D (sg13g2_dfrbpq_1)    0.34    1.18    0.83 (MET)
y_reg[6]$_SDFFE_PN0P_/D (sg13g2_dfrbpq_1)    0.34    1.18    0.83 (MET)
y_reg[6]$_SDFFE_PN0P_/D (sg13g2_dfrbpq_1)    0.34    1.18    0.83 (MET)
y_reg[6]$_SDFFE_PN0P_/D (sg13g2_dfrbpq_1)    0.34    1.18    0.83 (MET)
x_reg[6]$_SDFFE_PN0P_/D (sg13g2_dfrbpq_1)    0.31    1.14    0.83 (MET)
x_reg[6]$_SDFFE_PN0P_/D (sg13g2_dfrbpq_1)    0.31    1.14    0.83 (MET)
x_reg[4]$_SDFFE_PN0P_/D (sg13g2_dfrbpq_1)    0.32    1.16    0.83 (MET)
x_reg[4]$_SDFFE_PN0P_/D (sg13g2_dfrbpq_1)    0.32    1.16    0.83 (MET)
x_reg[4]$_SDFFE_PN0P_/D (sg13g2_dfrbpq_1)    0.32    1.16    0.83 (MET)
x_reg[4]$_SDFFE_PN0P_/D (sg13g2_dfrbpq_1)    0.32    1.16    0.83 (MET)
y_reg[5]$_SDFFE_PN0P_/D (sg13g2_dfrbpq_1)    0.31    1.14    0.83 (MET)
y_reg[5]$_SDFFE_PN0P_/D (sg13g2_dfrbpq_1)    0.34    1.17    0.83 (MET)
y_reg[5]$_SDFFE_PN0P_/D (sg13g2_dfrbpq_1)    0.34    1.17    0.83 (MET)
y_reg[6]$_SDFFE_PN0P_/D (sg13g2_dfrbpq_1)    0.34    1.18    0.83 (MET)
y_reg[6]$_SDFFE_PN0P_/D (sg13g2_dfrbpq_1)    0.34    1.18    0.83 (MET)
y_reg[6]$_SDFFE_PN0P_/D (sg13g2_dfrbpq_1)    0.34    1.18    0.83 (MET)
y_reg[6]$_SDFFE_PN0P_/D (sg13g2_dfrbpq_1)    0.34    1.18    0.83 (MET)
y_reg[3]$_SDFFE_PN0P_/D (sg13g2_dfrbpq_1)    0.34    1.18    0.83 (MET)
y_reg[3]$_SDFFE_PN0P_/D (sg13g2_dfrbpq_1)    0.34    1.18    0.83 (MET)
y_reg[3]$_SDFFE_PN0P_/D (sg13g2_dfrbpq_1)    0.34    1.18    0.83 (MET)
y_reg[3]$_SDFFE_PN0P_/D (sg13g2_dfrbpq_1)    0.34    1.18    0.83 (MET)
x_reg[5]$_SDFFE_PN0P_/D (sg13g2_dfrbpq_1)    0.34    1.18    0.83 (MET)
x_reg[5]$_SDFFE_PN0P_/D (sg13g2_dfrbpq_1)    0.34    1.18    0.83 (MET)
x_reg[5]$_SDFFE_PN0P_/D (sg13g2_dfrbpq_1)    0.34    1.18    0.83 (MET)
x_reg[5]$_SDFFE_PN0P_/D (sg13g2_dfrbpq_1)    0.34    1.18    0.83 (MET)
x_reg[4]$_SDFFE_PN0P_/D (sg13g2_dfrbpq_1)    0.32    1.16    0.83 (MET)
x_reg[4]$_SDFFE_PN0P_/D (sg13g2_dfrbpq_1)    0.32    1.16    0.83 (MET)
x_reg[4]$_SDFFE_PN0P_/D (sg13g2_dfrbpq_1)    0.32    1.16    0.83 (MET)
x_reg[4]$_SDFFE_PN0P_/D (sg13g2_dfrbpq_1)    0.32    1.16    0.83 (MET)
x_reg[4]$_SDFFE_PN0P_/D (sg13g2_dfrbpq_1)    0.32    1.16    0.83 (MET)
x_reg[4]$_SDFFE_PN0P_/D (sg13g2_dfrbpq_1)    0.32    1.16    0.83 (MET)
y_reg[3]$_SDFFE_PN0P_/D (sg13g2_dfrbpq_1)    0.31    1.15    0.83 (MET)
y_reg[3]$_SDFFE_PN0P_/D (sg13g2_dfrbpq_1)    0.31    1.15    0.83 (MET)
y_reg[3]$_SDFFE_PN0P_/D (sg13g2_dfrbpq_1)    0.34    1.18    0.83 (MET)
y_reg[3]$_SDFFE_PN0P_/D (sg13g2_dfrbpq_1)    0.34    1.18    0.83 (MET)
y_reg[3]$_SDFFE_PN0P_/D (sg13g2_dfrbpq_1)    0.34    1.18    0.83 (MET)
y_reg[3]$_SDFFE_PN0P_/D (sg13g2_dfrbpq_1)    0.34    1.18    0.83 (MET)
y_reg[3]$_SDFFE_PN0P_/D (sg13g2_dfrbpq_1)    0.34    1.18    0.83 (MET)
y_reg[3]$_SDFFE_PN0P_/D (sg13g2_dfrbpq_1)    0.34    1.18    0.83 (MET)
y_reg[3]$_SDFFE_PN0P_/D (sg13g2_dfrbpq_1)    0.34    1.18    0.83 (MET)
y_reg[3]$_SDFFE_PN0P_/D (sg13g2_dfrbpq_1)    0.34    1.18    0.83 (MET)
y_reg[1]$_SDFFE_PN0P_/D (sg13g2_dfrbpq_1)    0.34    1.18    0.83 (MET)
y_reg[1]$_SDFFE_PN0P_/D (sg13g2_dfrbpq_1)    0.34    1.18    0.83 (MET)
y_reg[5]$_SDFFE_PN0P_/D (sg13g2_dfrbpq_1)    0.34    1.17    0.83 (MET)
y_reg[5]$_SDFFE_PN0P_/D (sg13g2_dfrbpq_1)    0.34    1.17    0.83 (MET)
y_reg[5]$_SDFFE_PN0P_/D (sg13g2_dfrbpq_1)    0.34    1.17    0.83 (MET)
y_reg[5]$_SDFFE_PN0P_/D (sg13g2_dfrbpq_1)    0.34    1.17    0.83 (MET)
y_reg[6]$_SDFFE_PN0P_/D (sg13g2_dfrbpq_1)    0.34    1.18    0.83 (MET)
y_reg[6]$_SDFFE_PN0P_/D (sg13g2_dfrbpq_1)    0.34    1.18    0.83 (MET)
y_reg[6]$_SDFFE_PN0P_/D (sg13g2_dfrbpq_1)    0.34    1.18    0.83 (MET)
y_reg[6]$_SDFFE_PN0P_/D (sg13g2_dfrbpq_1)    0.34    1.18    0.83 (MET)
y_reg[6]$_SDFFE_PN0P_/D (sg13g2_dfrbpq_1)    0.34    1.18    0.83 (MET)
y_reg[6]$_SDFFE_PN0P_/D (sg13g2_dfrbpq_1)    0.34    1.18    0.83 (MET)
y_reg[6]$_SDFFE_PN0P_/D (sg13g2_dfrbpq_1)    0.34    1.18    0.83 (MET)
y_reg[6]$_SDFFE_PN0P_/D (sg13g2_dfrbpq_1)    0.34    1.18    0.83 (MET)
x_reg[5]$_SDFFE_PN0P_/D (sg13g2_dfrbpq_1)    0.31    1.15    0.83 (MET)
x_reg[5]$_SDFFE_PN0P_/D (sg13g2_dfrbpq_1)    0.31    1.15    0.83 (MET)
x_reg[5]$_SDFFE_PN0P_/D (sg13g2_dfrbpq_1)    0.31    1.15    0.83 (MET)
x_reg[5]$_SDFFE_PN0P_/D (sg13g2_dfrbpq_1)    0.31    1.15    0.83 (MET)
y_reg[2]$_SDFFE_PN0P_/D (sg13g2_dfrbpq_1)    0.34    1.18    0.83 (MET)
y_reg[2]$_SDFFE_PN0P_/D (sg13g2_dfrbpq_1)    0.34    1.18    0.83 (MET)
y_reg[5]$_SDFFE_PN0P_/D (sg13g2_dfrbpq_1)    0.31    1.15    0.83 (MET)
y_reg[5]$_SDFFE_PN0P_/D (sg13g2_dfrbpq_1)    0.31    1.15    0.83 (MET)
x_reg[4]$_SDFFE_PN0P_/D (sg13g2_dfrbpq_1)    0.35    1.19    0.83 (MET)
x_reg[4]$_SDFFE_PN0P_/D (sg13g2_dfrbpq_1)    0.35    1.19    0.83 (MET)
x_reg[4]$_SDFFE_PN0P_/D (sg13g2_dfrbpq_1)    0.35    1.19    0.83 (MET)
x_reg[4]$_SDFFE_PN0P_/D (sg13g2_dfrbpq_1)    0.35    1.19    0.83 (MET)
x_reg[4]$_SDFFE_PN0P_/D (sg13g2_dfrbpq_1)    0.35    1.19    0.83 (MET)
x_reg[4]$_SDFFE_PN0P_/D (sg13g2_dfrbpq_1)    0.35    1.19    0.83 (MET)
x_reg[4]$_SDFFE_PN0P_/D (sg13g2_dfrbpq_1)    0.35    1.19    0.83 (MET)
x_reg[4]$_SDFFE_PN0P_/D (sg13g2_dfrbpq_1)    0.35    1.19    0.83 (MET)
y_reg[1]$_SDFFE_PN0P_/D (sg13g2_dfrbpq_1)    0.34    1.18    0.83 (MET)
y_reg[1]$_SDFFE_PN0P_/D (sg13g2_dfrbpq_1)    0.34    1.18    0.83 (MET)
y_reg[1]$_SDFFE_PN0P_/D (sg13g2_dfrbpq_1)    0.34    1.18    0.83 (MET)
y_reg[1]$_SDFFE_PN0P_/D (sg13g2_dfrbpq_1)    0.34    1.18    0.83 (MET)
x_reg[6]$_SDFFE_PN0P_/D (sg13g2_dfrbpq_1)    0.34    1.17    0.83 (MET)
x_reg[6]$_SDFFE_PN0P_/D (sg13g2_dfrbpq_1)    0.34    1.17    0.83 (MET)
y_reg[3]$_SDFFE_PN0P_/D (sg13g2_dfrbpq_1)    0.34    1.18    0.83 (MET)
y_reg[3]$_SDFFE_PN0P_/D (sg13g2_dfrbpq_1)    0.34    1.18    0.83 (MET)
y_reg[3]$_SDFFE_PN0P_/D (sg13g2_dfrbpq_1)    0.34    1.18    0.83 (MET)
y_reg[3]$_SDFFE_PN0P_/D (sg13g2_dfrbpq_1)    0.34    1.18    0.83 (MET)
y_reg[3]$_SDFFE_PN0P_/D (sg13g2_dfrbpq_1)    0.34    1.18    0.83 (MET)
y_reg[3]$_SDFFE_PN0P_/D (sg13g2_dfrbpq_1)    0.34    1.18    0.83 (MET)
y_reg[3]$_SDFFE_PN0P_/D (sg13g2_dfrbpq_1)    0.34    1.18    0.83 (MET)
y_reg[3]$_SDFFE_PN0P_/D (sg13g2_dfrbpq_1)    0.34    1.18    0.83 (MET)
x_reg[5]$_SDFFE_PN0P_/D (sg13g2_dfrbpq_1)    0.31    1.15    0.84 (MET)
x_reg[5]$_SDFFE_PN0P_/D (sg13g2_dfrbpq_1)    0.31    1.15    0.84 (MET)
x_reg[5]$_SDFFE_PN0P_/D (sg13g2_dfrbpq_1)    0.31    1.15    0.84 (MET)
x_reg[5]$_SDFFE_PN0P_/D (sg13g2_dfrbpq_1)    0.31    1.15    0.84 (MET)
x_reg[5]$_SDFFE_PN0P_/D (sg13g2_dfrbpq_1)    0.31    1.15    0.84 (MET)
x_reg[5]$_SDFFE_PN0P_/D (sg13g2_dfrbpq_1)    0.31    1.15    0.84 (MET)
x_reg[5]$_SDFFE_PN0P_/D (sg13g2_dfrbpq_1)    0.31    1.15    0.84 (MET)
x_reg[5]$_SDFFE_PN0P_/D (sg13g2_dfrbpq_1)    0.31    1.15    0.84 (MET)
x_reg[5]$_SDFFE_PN0P_/D (sg13g2_dfrbpq_1)    0.31    1.15    0.84 (MET)
x_reg[5]$_SDFFE_PN0P_/D (sg13g2_dfrbpq_1)    0.31    1.15    0.84 (MET)
x_reg[5]$_SDFFE_PN0P_/D (sg13g2_dfrbpq_1)    0.31    1.15    0.84 (MET)
x_reg[5]$_SDFFE_PN0P_/D (sg13g2_dfrbpq_1)    0.31    1.15    0.84 (MET)
y_reg[3]$_SDFFE_PN0P_/D (sg13g2_dfrbpq_1)    0.34    1.18    0.84 (MET)
y_reg[3]$_SDFFE_PN0P_/D (sg13g2_dfrbpq_1)    0.34    1.18    0.84 (MET)
y_reg[3]$_SDFFE_PN0P_/D (sg13g2_dfrbpq_1)    0.34    1.18    0.84 (MET)
y_reg[3]$_SDFFE_PN0P_/D (sg13g2_dfrbpq_1)    0.34    1.18    0.84 (MET)
z_reg[9]$_SDFFE_PN0P_/D (sg13g2_dfrbpq_1)    0.34    1.18    0.84 (MET)
z_reg[9]$_SDFFE_PN0P_/D (sg13g2_dfrbpq_1)    0.34    1.18    0.84 (MET)
z_reg[9]$_SDFFE_PN0P_/D (sg13g2_dfrbpq_1)    0.34    1.18    0.84 (MET)
z_reg[9]$_SDFFE_PN0P_/D (sg13g2_dfrbpq_1)    0.34    1.18    0.84 (MET)
y_reg[3]$_SDFFE_PN0P_/D (sg13g2_dfrbpq_1)    0.34    1.18    0.84 (MET)
x_reg[4]$_SDFFE_PN0P_/D (sg13g2_dfrbpq_1)    0.35    1.19    0.84 (MET)
x_reg[4]$_SDFFE_PN0P_/D (sg13g2_dfrbpq_1)    0.35    1.19    0.84 (MET)
x_reg[4]$_SDFFE_PN0P_/D (sg13g2_dfrbpq_1)    0.35    1.19    0.84 (MET)
x_reg[4]$_SDFFE_PN0P_/D (sg13g2_dfrbpq_1)    0.35    1.19    0.84 (MET)
y_reg[5]$_SDFFE_PN0P_/D (sg13g2_dfrbpq_1)    0.31    1.15    0.84 (MET)
x_reg[4]$_SDFFE_PN0P_/D (sg13g2_dfrbpq_1)    0.35    1.19    0.84 (MET)
x_reg[4]$_SDFFE_PN0P_/D (sg13g2_dfrbpq_1)    0.35    1.19    0.84 (MET)
x_reg[4]$_SDFFE_PN0P_/D (sg13g2_dfrbpq_1)    0.35    1.19    0.84 (MET)
x_reg[4]$_SDFFE_PN0P_/D (sg13g2_dfrbpq_1)    0.35    1.19    0.84 (MET)
z_reg[9]$_SDFFE_PN0P_/D (sg13g2_dfrbpq_1)    0.34    1.18    0.84 (MET)
z_reg[9]$_SDFFE_PN0P_/D (sg13g2_dfrbpq_1)    0.34    1.18    0.84 (MET)
z_reg[9]$_SDFFE_PN0P_/D (sg13g2_dfrbpq_1)    0.34    1.18    0.84 (MET)
z_reg[9]$_SDFFE_PN0P_/D (sg13g2_dfrbpq_1)    0.34    1.18    0.84 (MET)
z_reg[9]$_SDFFE_PN0P_/D (sg13g2_dfrbpq_1)    0.34    1.18    0.84 (MET)
z_reg[9]$_SDFFE_PN0P_/D (sg13g2_dfrbpq_1)    0.34    1.18    0.84 (MET)
z_reg[9]$_SDFFE_PN0P_/D (sg13g2_dfrbpq_1)    0.34    1.18    0.84 (MET)
z_reg[9]$_SDFFE_PN0P_/D (sg13g2_dfrbpq_1)    0.34    1.18    0.84 (MET)
x_reg[4]$_SDFFE_PN0P_/D (sg13g2_dfrbpq_1)    0.35    1.19    0.84 (MET)
x_reg[4]$_SDFFE_PN0P_/D (sg13g2_dfrbpq_1)    0.35    1.19    0.84 (MET)
x_reg[4]$_SDFFE_PN0P_/D (sg13g2_dfrbpq_1)    0.35    1.19    0.84 (MET)
x_reg[4]$_SDFFE_PN0P_/D (sg13g2_dfrbpq_1)    0.35    1.19    0.84 (MET)
y_reg[1]$_SDFFE_PN0P_/D (sg13g2_dfrbpq_1)    0.34    1.18    0.84 (MET)
y_reg[1]$_SDFFE_PN0P_/D (sg13g2_dfrbpq_1)    0.34    1.18    0.84 (MET)
x_reg[6]$_SDFFE_PN0P_/D (sg13g2_dfrbpq_1)    0.34    1.17    0.84 (MET)
y_reg[3]$_SDFFE_PN0P_/D (sg13g2_dfrbpq_1)    0.34    1.18    0.84 (MET)
y_reg[3]$_SDFFE_PN0P_/D (sg13g2_dfrbpq_1)    0.34    1.18    0.84 (MET)
y_reg[3]$_SDFFE_PN0P_/D (sg13g2_dfrbpq_1)    0.34    1.18    0.84 (MET)
y_reg[3]$_SDFFE_PN0P_/D (sg13g2_dfrbpq_1)    0.34    1.18    0.84 (MET)
y_reg[5]$_SDFFE_PN0P_/D (sg13g2_dfrbpq_1)    0.34    1.18    0.84 (MET)
y_reg[5]$_SDFFE_PN0P_/D (sg13g2_dfrbpq_1)    0.34    1.18    0.84 (MET)
y_reg[5]$_SDFFE_PN0P_/D (sg13g2_dfrbpq_1)    0.34    1.18    0.84 (MET)
y_reg[5]$_SDFFE_PN0P_/D (sg13g2_dfrbpq_1)    0.34    1.18    0.84 (MET)
x_reg[6]$_SDFFE_PN0P_/D (sg13g2_dfrbpq_1)    0.34    1.17    0.84 (MET)
x_reg[5]$_SDFFE_PN0P_/D (sg13g2_dfrbpq_1)    0.31    1.15    0.84 (MET)
x_reg[5]$_SDFFE_PN0P_/D (sg13g2_dfrbpq_1)    0.31    1.15    0.84 (MET)
x_reg[5]$_SDFFE_PN0P_/D (sg13g2_dfrbpq_1)    0.31    1.15    0.84 (MET)
x_reg[5]$_SDFFE_PN0P_/D (sg13g2_dfrbpq_1)    0.31    1.15    0.84 (MET)
x_reg[5]$_SDFFE_PN0P_/D (sg13g2_dfrbpq_1)    0.31    1.15    0.84 (MET)
x_reg[5]$_SDFFE_PN0P_/D (sg13g2_dfrbpq_1)    0.31    1.15    0.84 (MET)
x_reg[5]$_SDFFE_PN0P_/D (sg13g2_dfrbpq_1)    0.31    1.15    0.84 (MET)
x_reg[5]$_SDFFE_PN0P_/D (sg13g2_dfrbpq_1)    0.31    1.15    0.84 (MET)
y_reg[3]$_SDFFE_PN0P_/D (sg13g2_dfrbpq_1)    0.34    1.18    0.84 (MET)
y_reg[3]$_SDFFE_PN0P_/D (sg13g2_dfrbpq_1)    0.34    1.18    0.84 (MET)
y_reg[3]$_SDFFE_PN0P_/D (sg13g2_dfrbpq_1)    0.34    1.18    0.84 (MET)
y_reg[3]$_SDFFE_PN0P_/D (sg13g2_dfrbpq_1)    0.34    1.18    0.84 (MET)
x_reg[4]$_SDFFE_PN0P_/D (sg13g2_dfrbpq_1)    0.32    1.16    0.84 (MET)
y_reg[2]$_SDFFE_PN0P_/D (sg13g2_dfrbpq_1)    0.34    1.18    0.84 (MET)
x_reg[4]$_SDFFE_PN0P_/D (sg13g2_dfrbpq_1)    0.35    1.19    0.84 (MET)
x_reg[4]$_SDFFE_PN0P_/D (sg13g2_dfrbpq_1)    0.35    1.19    0.84 (MET)
x_reg[4]$_SDFFE_PN0P_/D (sg13g2_dfrbpq_1)    0.35    1.19    0.84 (MET)
x_reg[4]$_SDFFE_PN0P_/D (sg13g2_dfrbpq_1)    0.35    1.19    0.84 (MET)
x_reg[4]$_SDFFE_PN0P_/D (sg13g2_dfrbpq_1)    0.35    1.19    0.84 (MET)
x_reg[4]$_SDFFE_PN0P_/D (sg13g2_dfrbpq_1)    0.35    1.19    0.84 (MET)
x_reg[4]$_SDFFE_PN0P_/D (sg13g2_dfrbpq_1)    0.35    1.19    0.84 (MET)
x_reg[4]$_SDFFE_PN0P_/D (sg13g2_dfrbpq_1)    0.35    1.19    0.84 (MET)
x_reg[4]$_SDFFE_PN0P_/D (sg13g2_dfrbpq_1)    0.35    1.19    0.84 (MET)
x_reg[4]$_SDFFE_PN0P_/D (sg13g2_dfrbpq_1)    0.35    1.19    0.84 (MET)
x_reg[4]$_SDFFE_PN0P_/D (sg13g2_dfrbpq_1)    0.35    1.19    0.84 (MET)
x_reg[4]$_SDFFE_PN0P_/D (sg13g2_dfrbpq_1)    0.35    1.19    0.84 (MET)
x_reg[4]$_SDFFE_PN0P_/D (sg13g2_dfrbpq_1)    0.35    1.19    0.84 (MET)
x_reg[4]$_SDFFE_PN0P_/D (sg13g2_dfrbpq_1)    0.35    1.19    0.84 (MET)
x_reg[4]$_SDFFE_PN0P_/D (sg13g2_dfrbpq_1)    0.35    1.19    0.84 (MET)
x_reg[4]$_SDFFE_PN0P_/D (sg13g2_dfrbpq_1)    0.35    1.19    0.84 (MET)
x_reg[4]$_SDFFE_PN0P_/D (sg13g2_dfrbpq_1)    0.35    1.19    0.84 (MET)
x_reg[4]$_SDFFE_PN0P_/D (sg13g2_dfrbpq_1)    0.35    1.19    0.84 (MET)
x_reg[4]$_SDFFE_PN0P_/D (sg13g2_dfrbpq_1)    0.35    1.19    0.84 (MET)
x_reg[4]$_SDFFE_PN0P_/D (sg13g2_dfrbpq_1)    0.35    1.19    0.84 (MET)
z_reg[9]$_SDFFE_PN0P_/D (sg13g2_dfrbpq_1)    0.34    1.18    0.84 (MET)
z_reg[9]$_SDFFE_PN0P_/D (sg13g2_dfrbpq_1)    0.34    1.18    0.84 (MET)
z_reg[9]$_SDFFE_PN0P_/D (sg13g2_dfrbpq_1)    0.34    1.18    0.84 (MET)
z_reg[9]$_SDFFE_PN0P_/D (sg13g2_dfrbpq_1)    0.34    1.18    0.84 (MET)
z_reg[9]$_SDFFE_PN0P_/D (sg13g2_dfrbpq_1)    0.34    1.18    0.84 (MET)
z_reg[9]$_SDFFE_PN0P_/D (sg13g2_dfrbpq_1)    0.34    1.18    0.84 (MET)
z_reg[9]$_SDFFE_PN0P_/D (sg13g2_dfrbpq_1)    0.34    1.18    0.84 (MET)
z_reg[9]$_SDFFE_PN0P_/D (sg13g2_dfrbpq_1)    0.34    1.18    0.84 (MET)
z_reg[9]$_SDFFE_PN0P_/D (sg13g2_dfrbpq_1)    0.34    1.18    0.84 (MET)
z_reg[9]$_SDFFE_PN0P_/D (sg13g2_dfrbpq_1)    0.34    1.18    0.84 (MET)
z_reg[9]$_SDFFE_PN0P_/D (sg13g2_dfrbpq_1)    0.34    1.18    0.84 (MET)
z_reg[9]$_SDFFE_PN0P_/D (sg13g2_dfrbpq_1)    0.34    1.18    0.84 (MET)
x_reg[5]$_SDFFE_PN0P_/D (sg13g2_dfrbpq_1)    0.34    1.18    0.84 (MET)
x_reg[5]$_SDFFE_PN0P_/D (sg13g2_dfrbpq_1)    0.34    1.18    0.84 (MET)
x_reg[4]$_SDFFE_PN0P_/D (sg13g2_dfrbpq_1)    0.35    1.19    0.84 (MET)
x_reg[4]$_SDFFE_PN0P_/D (sg13g2_dfrbpq_1)    0.35    1.19    0.84 (MET)
x_reg[4]$_SDFFE_PN0P_/D (sg13g2_dfrbpq_1)    0.35    1.19    0.84 (MET)
x_reg[4]$_SDFFE_PN0P_/D (sg13g2_dfrbpq_1)    0.35    1.19    0.84 (MET)
y_reg[5]$_SDFFE_PN0P_/D (sg13g2_dfrbpq_1)    0.31    1.15    0.84 (MET)
y_reg[5]$_SDFFE_PN0P_/D (sg13g2_dfrbpq_1)    0.31    1.15    0.84 (MET)
x_reg[5]$_SDFFE_PN0P_/D (sg13g2_dfrbpq_1)    0.34    1.18    0.84 (MET)
x_reg[5]$_SDFFE_PN0P_/D (sg13g2_dfrbpq_1)    0.34    1.18    0.84 (MET)
x_reg[5]$_SDFFE_PN0P_/D (sg13g2_dfrbpq_1)    0.34    1.18    0.84 (MET)
x_reg[5]$_SDFFE_PN0P_/D (sg13g2_dfrbpq_1)    0.34    1.18    0.84 (MET)
x_reg[5]$_SDFFE_PN0P_/D (sg13g2_dfrbpq_1)    0.34    1.18    0.84 (MET)
x_reg[5]$_SDFFE_PN0P_/D (sg13g2_dfrbpq_1)    0.34    1.18    0.84 (MET)
x_reg[5]$_SDFFE_PN0P_/D (sg13g2_dfrbpq_1)    0.34    1.18    0.84 (MET)
x_reg[5]$_SDFFE_PN0P_/D (sg13g2_dfrbpq_1)    0.34    1.18    0.84 (MET)
x_reg[4]$_SDFFE_PN0P_/D (sg13g2_dfrbpq_1)    0.35    1.19    0.84 (MET)
x_reg[4]$_SDFFE_PN0P_/D (sg13g2_dfrbpq_1)    0.35    1.19    0.84 (MET)
x_reg[4]$_SDFFE_PN0P_/D (sg13g2_dfrbpq_1)    0.35    1.19    0.84 (MET)
x_reg[4]$_SDFFE_PN0P_/D (sg13g2_dfrbpq_1)    0.35    1.19    0.84 (MET)
x_reg[4]$_SDFFE_PN0P_/D (sg13g2_dfrbpq_1)    0.35    1.19    0.84 (MET)
x_reg[4]$_SDFFE_PN0P_/D (sg13g2_dfrbpq_1)    0.35    1.19    0.84 (MET)
x_reg[4]$_SDFFE_PN0P_/D (sg13g2_dfrbpq_1)    0.35    1.19    0.84 (MET)
x_reg[4]$_SDFFE_PN0P_/D (sg13g2_dfrbpq_1)    0.35    1.19    0.84 (MET)
x_reg[6]$_SDFFE_PN0P_/D (sg13g2_dfrbpq_1)    0.31    1.14    0.84 (MET)
x_reg[6]$_SDFFE_PN0P_/D (sg13g2_dfrbpq_1)    0.31    1.14    0.84 (MET)
y_reg[3]$_SDFFE_PN0P_/D (sg13g2_dfrbpq_1)    0.34    1.18    0.84 (MET)
y_reg[3]$_SDFFE_PN0P_/D (sg13g2_dfrbpq_1)    0.34    1.18    0.84 (MET)
y_reg[3]$_SDFFE_PN0P_/D (sg13g2_dfrbpq_1)    0.34    1.18    0.84 (MET)
y_reg[3]$_SDFFE_PN0P_/D (sg13g2_dfrbpq_1)    0.34    1.18    0.84 (MET)
y_reg[3]$_SDFFE_PN0P_/D (sg13g2_dfrbpq_1)    0.34    1.18    0.84 (MET)
y_reg[3]$_SDFFE_PN0P_/D (sg13g2_dfrbpq_1)    0.34    1.18    0.84 (MET)
y_reg[3]$_SDFFE_PN0P_/D (sg13g2_dfrbpq_1)    0.34    1.18    0.84 (MET)
y_reg[3]$_SDFFE_PN0P_/D (sg13g2_dfrbpq_1)    0.34    1.18    0.84 (MET)
x_reg[4]$_SDFFE_PN0P_/D (sg13g2_dfrbpq_1)    0.32    1.16    0.84 (MET)
x_reg[4]$_SDFFE_PN0P_/D (sg13g2_dfrbpq_1)    0.32    1.16    0.84 (MET)
z_reg[9]$_SDFFE_PN0P_/D (sg13g2_dfrbpq_1)    0.32    1.15    0.84 (MET)
y_reg[3]$_SDFFE_PN0P_/D (sg13g2_dfrbpq_1)    0.34    1.18    0.84 (MET)
y_reg[3]$_SDFFE_PN0P_/D (sg13g2_dfrbpq_1)    0.34    1.18    0.84 (MET)
x_reg[4]$_SDFFE_PN0P_/D (sg13g2_dfrbpq_1)    0.35    1.19    0.84 (MET)
x_reg[4]$_SDFFE_PN0P_/D (sg13g2_dfrbpq_1)    0.35    1.19    0.84 (MET)
x_reg[4]$_SDFFE_PN0P_/D (sg13g2_dfrbpq_1)    0.35    1.19    0.84 (MET)
x_reg[4]$_SDFFE_PN0P_/D (sg13g2_dfrbpq_1)    0.35    1.19    0.84 (MET)
y_reg[3]$_SDFFE_PN0P_/D (sg13g2_dfrbpq_1)    0.31    1.15    0.84 (MET)
y_reg[3]$_SDFFE_PN0P_/D (sg13g2_dfrbpq_1)    0.34    1.18    0.84 (MET)
y_reg[3]$_SDFFE_PN0P_/D (sg13g2_dfrbpq_1)    0.34    1.18    0.84 (MET)
y_reg[3]$_SDFFE_PN0P_/D (sg13g2_dfrbpq_1)    0.34    1.18    0.84 (MET)
y_reg[3]$_SDFFE_PN0P_/D (sg13g2_dfrbpq_1)    0.34    1.18    0.84 (MET)
x_reg[4]$_SDFFE_PN0P_/D (sg13g2_dfrbpq_1)    0.35    1.19    0.84 (MET)
x_reg[4]$_SDFFE_PN0P_/D (sg13g2_dfrbpq_1)    0.35    1.19    0.84 (MET)
x_reg[4]$_SDFFE_PN0P_/D (sg13g2_dfrbpq_1)    0.35    1.19    0.84 (MET)
x_reg[4]$_SDFFE_PN0P_/D (sg13g2_dfrbpq_1)    0.35    1.19    0.84 (MET)
x_reg[6]$_SDFFE_PN0P_/D (sg13g2_dfrbpq_1)    0.34    1.17    0.84 (MET)
y_reg[3]$_SDFFE_PN0P_/D (sg13g2_dfrbpq_1)    0.34    1.18    0.84 (MET)
y_reg[3]$_SDFFE_PN0P_/D (sg13g2_dfrbpq_1)    0.34    1.18    0.84 (MET)
y_reg[3]$_SDFFE_PN0P_/D (sg13g2_dfrbpq_1)    0.31    1.15    0.84 (MET)
y_reg[3]$_SDFFE_PN0P_/D (sg13g2_dfrbpq_1)    0.31    1.15    0.84 (MET)
y_reg[3]$_SDFFE_PN0P_/D (sg13g2_dfrbpq_1)    0.31    1.15    0.84 (MET)
y_reg[3]$_SDFFE_PN0P_/D (sg13g2_dfrbpq_1)    0.31    1.15    0.84 (MET)
x_reg[6]$_SDFFE_PN0P_/D (sg13g2_dfrbpq_1)    0.31    1.14    0.84 (MET)
x_reg[4]$_SDFFE_PN0P_/D (sg13g2_dfrbpq_1)    0.35    1.19    0.84 (MET)
x_reg[4]$_SDFFE_PN0P_/D (sg13g2_dfrbpq_1)    0.35    1.19    0.84 (MET)
x_reg[4]$_SDFFE_PN0P_/D (sg13g2_dfrbpq_1)    0.35    1.19    0.84 (MET)
x_reg[4]$_SDFFE_PN0P_/D (sg13g2_dfrbpq_1)    0.35    1.19    0.84 (MET)
x_reg[4]$_SDFFE_PN0P_/D (sg13g2_dfrbpq_1)    0.35    1.19    0.84 (MET)
x_reg[4]$_SDFFE_PN0P_/D (sg13g2_dfrbpq_1)    0.35    1.19    0.84 (MET)
x_reg[4]$_SDFFE_PN0P_/D (sg13g2_dfrbpq_1)    0.35    1.19    0.84 (MET)
x_reg[4]$_SDFFE_PN0P_/D (sg13g2_dfrbpq_1)    0.35    1.19    0.84 (MET)
x_reg[4]$_SDFFE_PN0P_/D (sg13g2_dfrbpq_1)    0.35    1.19    0.84 (MET)
x_reg[4]$_SDFFE_PN0P_/D (sg13g2_dfrbpq_1)    0.35    1.19    0.84 (MET)
x_reg[4]$_SDFFE_PN0P_/D (sg13g2_dfrbpq_1)    0.35    1.19    0.84 (MET)
x_reg[4]$_SDFFE_PN0P_/D (sg13g2_dfrbpq_1)    0.35    1.19    0.84 (MET)
y_reg[5]$_SDFFE_PN0P_/D (sg13g2_dfrbpq_1)    0.34    1.18    0.84 (MET)
y_reg[5]$_SDFFE_PN0P_/D (sg13g2_dfrbpq_1)    0.34    1.18    0.84 (MET)
y_reg[5]$_SDFFE_PN0P_/D (sg13g2_dfrbpq_1)    0.34    1.18    0.84 (MET)
y_reg[5]$_SDFFE_PN0P_/D (sg13g2_dfrbpq_1)    0.34    1.18    0.84 (MET)
y_reg[5]$_SDFFE_PN0P_/D (sg13g2_dfrbpq_1)    0.34    1.18    0.84 (MET)
y_reg[5]$_SDFFE_PN0P_/D (sg13g2_dfrbpq_1)    0.34    1.18    0.84 (MET)
y_reg[5]$_SDFFE_PN0P_/D (sg13g2_dfrbpq_1)    0.34    1.18    0.84 (MET)
y_reg[5]$_SDFFE_PN0P_/D (sg13g2_dfrbpq_1)    0.34    1.18    0.84 (MET)
y_reg[5]$_SDFFE_PN0P_/D (sg13g2_dfrbpq_1)    0.34    1.18    0.84 (MET)
y_reg[5]$_SDFFE_PN0P_/D (sg13g2_dfrbpq_1)    0.34    1.18    0.84 (MET)
y_reg[5]$_SDFFE_PN0P_/D (sg13g2_dfrbpq_1)    0.34    1.18    0.84 (MET)
y_reg[5]$_SDFFE_PN0P_/D (sg13g2_dfrbpq_1)    0.34    1.18    0.84 (MET)
y_reg[5]$_SDFFE_PN0P_/D (sg13g2_dfrbpq_1)    0.34    1.18    0.84 (MET)
y_reg[5]$_SDFFE_PN0P_/D (sg13g2_dfrbpq_1)    0.34    1.18    0.84 (MET)
y_reg[5]$_SDFFE_PN0P_/D (sg13g2_dfrbpq_1)    0.34    1.18    0.84 (MET)
y_reg[5]$_SDFFE_PN0P_/D (sg13g2_dfrbpq_1)    0.34    1.18    0.84 (MET)
x_reg[5]$_SDFFE_PN0P_/D (sg13g2_dfrbpq_1)    0.34    1.18    0.84 (MET)
x_reg[5]$_SDFFE_PN0P_/D (sg13g2_dfrbpq_1)    0.34    1.18    0.84 (MET)
x_reg[4]$_SDFFE_PN0P_/D (sg13g2_dfrbpq_1)    0.35    1.19    0.84 (MET)
x_reg[4]$_SDFFE_PN0P_/D (sg13g2_dfrbpq_1)    0.35    1.19    0.84 (MET)
x_reg[4]$_SDFFE_PN0P_/D (sg13g2_dfrbpq_1)    0.35    1.19    0.84 (MET)
x_reg[4]$_SDFFE_PN0P_/D (sg13g2_dfrbpq_1)    0.35    1.19    0.84 (MET)
x_reg[4]$_SDFFE_PN0P_/D (sg13g2_dfrbpq_1)    0.35    1.19    0.84 (MET)
x_reg[4]$_SDFFE_PN0P_/D (sg13g2_dfrbpq_1)    0.35    1.19    0.84 (MET)
x_reg[4]$_SDFFE_PN0P_/D (sg13g2_dfrbpq_1)    0.35    1.19    0.84 (MET)
x_reg[4]$_SDFFE_PN0P_/D (sg13g2_dfrbpq_1)    0.35    1.19    0.84 (MET)
x_reg[4]$_SDFFE_PN0P_/D (sg13g2_dfrbpq_1)    0.35    1.19    0.84 (MET)
x_reg[4]$_SDFFE_PN0P_/D (sg13g2_dfrbpq_1)    0.35    1.19    0.84 (MET)
x_reg[4]$_SDFFE_PN0P_/D (sg13g2_dfrbpq_1)    0.35    1.19    0.84 (MET)
x_reg[4]$_SDFFE_PN0P_/D (sg13g2_dfrbpq_1)    0.35    1.19    0.84 (MET)
x_reg[4]$_SDFFE_PN0P_/D (sg13g2_dfrbpq_1)    0.35    1.19    0.84 (MET)
x_reg[4]$_SDFFE_PN0P_/D (sg13g2_dfrbpq_1)    0.35    1.19    0.84 (MET)
x_reg[4]$_SDFFE_PN0P_/D (sg13g2_dfrbpq_1)    0.35    1.19    0.84 (MET)
x_reg[4]$_SDFFE_PN0P_/D (sg13g2_dfrbpq_1)    0.35    1.19    0.84 (MET)
x_reg[4]$_SDFFE_PN0P_/D (sg13g2_dfrbpq_1)    0.35    1.19    0.84 (MET)
x_reg[4]$_SDFFE_PN0P_/D (sg13g2_dfrbpq_1)    0.35    1.19    0.84 (MET)
x_reg[4]$_SDFFE_PN0P_/D (sg13g2_dfrbpq_1)    0.32    1.16    0.84 (MET)
x_reg[4]$_SDFFE_PN0P_/D (sg13g2_dfrbpq_1)    0.32    1.16    0.84 (MET)
x_reg[5]$_SDFFE_PN0P_/D (sg13g2_dfrbpq_1)    0.34    1.18    0.84 (MET)
x_reg[5]$_SDFFE_PN0P_/D (sg13g2_dfrbpq_1)    0.34    1.18    0.84 (MET)
x_reg[5]$_SDFFE_PN0P_/D (sg13g2_dfrbpq_1)    0.34    1.18    0.84 (MET)
x_reg[5]$_SDFFE_PN0P_/D (sg13g2_dfrbpq_1)    0.34    1.18    0.84 (MET)
x_reg[4]$_SDFFE_PN0P_/D (sg13g2_dfrbpq_1)    0.35    1.19    0.84 (MET)
x_reg[4]$_SDFFE_PN0P_/D (sg13g2_dfrbpq_1)    0.35    1.19    0.84 (MET)
y_reg[1]$_SDFFE_PN0P_/D (sg13g2_dfrbpq_1)    0.34    1.18    0.84 (MET)
y_reg[1]$_SDFFE_PN0P_/D (sg13g2_dfrbpq_1)    0.34    1.18    0.84 (MET)
y_reg[3]$_SDFFE_PN0P_/D (sg13g2_dfrbpq_1)    0.34    1.18    0.84 (MET)
y_reg[3]$_SDFFE_PN0P_/D (sg13g2_dfrbpq_1)    0.34    1.18    0.84 (MET)
y_reg[3]$_SDFFE_PN0P_/D (sg13g2_dfrbpq_1)    0.34    1.18    0.84 (MET)
y_reg[3]$_SDFFE_PN0P_/D (sg13g2_dfrbpq_1)    0.34    1.18    0.84 (MET)
y_reg[5]$_SDFFE_PN0P_/D (sg13g2_dfrbpq_1)    0.34    1.18    0.84 (MET)
y_reg[5]$_SDFFE_PN0P_/D (sg13g2_dfrbpq_1)    0.34    1.18    0.84 (MET)
y_reg[5]$_SDFFE_PN0P_/D (sg13g2_dfrbpq_1)    0.34    1.18    0.84 (MET)
y_reg[5]$_SDFFE_PN0P_/D (sg13g2_dfrbpq_1)    0.34    1.18    0.84 (MET)
y_reg[5]$_SDFFE_PN0P_/D (sg13g2_dfrbpq_1)    0.34    1.18    0.84 (MET)
y_reg[5]$_SDFFE_PN0P_/D (sg13g2_dfrbpq_1)    0.34    1.18    0.84 (MET)
y_reg[5]$_SDFFE_PN0P_/D (sg13g2_dfrbpq_1)    0.34    1.18    0.84 (MET)
y_reg[5]$_SDFFE_PN0P_/D (sg13g2_dfrbpq_1)    0.34    1.18    0.84 (MET)
y_reg[5]$_SDFFE_PN0P_/D (sg13g2_dfrbpq_1)    0.34    1.18    0.84 (MET)
y_reg[5]$_SDFFE_PN0P_/D (sg13g2_dfrbpq_1)    0.34    1.18    0.84 (MET)
y_reg[5]$_SDFFE_PN0P_/D (sg13g2_dfrbpq_1)    0.34    1.18    0.84 (MET)
y_reg[5]$_SDFFE_PN0P_/D (sg13g2_dfrbpq_1)    0.34    1.18    0.84 (MET)
y_reg[5]$_SDFFE_PN0P_/D (sg13g2_dfrbpq_1)    0.34    1.18    0.84 (MET)
y_reg[5]$_SDFFE_PN0P_/D (sg13g2_dfrbpq_1)    0.34    1.18    0.84 (MET)
y_reg[5]$_SDFFE_PN0P_/D (sg13g2_dfrbpq_1)    0.34    1.18    0.84 (MET)
y_reg[5]$_SDFFE_PN0P_/D (sg13g2_dfrbpq_1)    0.34    1.18    0.84 (MET)
y_reg[3]$_SDFFE_PN0P_/D (sg13g2_dfrbpq_1)    0.31    1.15    0.84 (MET)
y_reg[3]$_SDFFE_PN0P_/D (sg13g2_dfrbpq_1)    0.31    1.15    0.84 (MET)
y_reg[3]$_SDFFE_PN0P_/D (sg13g2_dfrbpq_1)    0.31    1.15    0.84 (MET)
y_reg[3]$_SDFFE_PN0P_/D (sg13g2_dfrbpq_1)    0.31    1.15    0.84 (MET)
x_reg[5]$_SDFFE_PN0P_/D (sg13g2_dfrbpq_1)    0.34    1.18    0.84 (MET)
x_reg[5]$_SDFFE_PN0P_/D (sg13g2_dfrbpq_1)    0.34    1.18    0.84 (MET)
x_reg[4]$_SDFFE_PN0P_/D (sg13g2_dfrbpq_1)    0.35    1.19    0.84 (MET)
x_reg[4]$_SDFFE_PN0P_/D (sg13g2_dfrbpq_1)    0.35    1.19    0.84 (MET)
x_reg[5]$_SDFFE_PN0P_/D (sg13g2_dfrbpq_1)    0.31    1.15    0.84 (MET)
x_reg[5]$_SDFFE_PN0P_/D (sg13g2_dfrbpq_1)    0.31    1.15    0.84 (MET)
x_reg[5]$_SDFFE_PN0P_/D (sg13g2_dfrbpq_1)    0.31    1.15    0.84 (MET)
x_reg[6]$_SDFFE_PN0P_/D (sg13g2_dfrbpq_1)    0.34    1.18    0.84 (MET)
x_reg[6]$_SDFFE_PN0P_/D (sg13g2_dfrbpq_1)    0.34    1.18    0.84 (MET)
y_reg[3]$_SDFFE_PN0P_/D (sg13g2_dfrbpq_1)    0.31    1.15    0.84 (MET)
y_reg[3]$_SDFFE_PN0P_/D (sg13g2_dfrbpq_1)    0.31    1.15    0.84 (MET)
y_reg[3]$_SDFFE_PN0P_/D (sg13g2_dfrbpq_1)    0.31    1.15    0.84 (MET)
y_reg[3]$_SDFFE_PN0P_/D (sg13g2_dfrbpq_1)    0.31    1.15    0.84 (MET)
y_reg[5]$_SDFFE_PN0P_/D (sg13g2_dfrbpq_1)    0.34    1.18    0.84 (MET)
y_reg[5]$_SDFFE_PN0P_/D (sg13g2_dfrbpq_1)    0.34    1.18    0.84 (MET)
y_reg[5]$_SDFFE_PN0P_/D (sg13g2_dfrbpq_1)    0.34    1.18    0.84 (MET)
y_reg[5]$_SDFFE_PN0P_/D (sg13g2_dfrbpq_1)    0.34    1.18    0.84 (MET)
y_reg[5]$_SDFFE_PN0P_/D (sg13g2_dfrbpq_1)    0.34    1.18    0.84 (MET)
y_reg[5]$_SDFFE_PN0P_/D (sg13g2_dfrbpq_1)    0.34    1.18    0.84 (MET)
y_reg[5]$_SDFFE_PN0P_/D (sg13g2_dfrbpq_1)    0.34    1.18    0.84 (MET)
y_reg[5]$_SDFFE_PN0P_/D (sg13g2_dfrbpq_1)    0.34    1.18    0.84 (MET)
y_reg[5]$_SDFFE_PN0P_/D (sg13g2_dfrbpq_1)    0.34    1.18    0.84 (MET)
y_reg[5]$_SDFFE_PN0P_/D (sg13g2_dfrbpq_1)    0.34    1.18    0.84 (MET)
y_reg[5]$_SDFFE_PN0P_/D (sg13g2_dfrbpq_1)    0.34    1.18    0.84 (MET)
y_reg[5]$_SDFFE_PN0P_/D (sg13g2_dfrbpq_1)    0.34    1.18    0.84 (MET)
y_reg[5]$_SDFFE_PN0P_/D (sg13g2_dfrbpq_1)    0.34    1.18    0.84 (MET)
y_reg[5]$_SDFFE_PN0P_/D (sg13g2_dfrbpq_1)    0.34    1.18    0.84 (MET)
y_reg[5]$_SDFFE_PN0P_/D (sg13g2_dfrbpq_1)    0.34    1.18    0.84 (MET)
y_reg[5]$_SDFFE_PN0P_/D (sg13g2_dfrbpq_1)    0.34    1.18    0.84 (MET)
y_reg[5]$_SDFFE_PN0P_/D (sg13g2_dfrbpq_1)    0.34    1.18    0.84 (MET)
y_reg[5]$_SDFFE_PN0P_/D (sg13g2_dfrbpq_1)    0.34    1.18    0.84 (MET)
y_reg[5]$_SDFFE_PN0P_/D (sg13g2_dfrbpq_1)    0.34    1.18    0.84 (MET)
y_reg[5]$_SDFFE_PN0P_/D (sg13g2_dfrbpq_1)    0.34    1.18    0.84 (MET)
y_reg[5]$_SDFFE_PN0P_/D (sg13g2_dfrbpq_1)    0.34    1.18    0.84 (MET)
y_reg[5]$_SDFFE_PN0P_/D (sg13g2_dfrbpq_1)    0.34    1.18    0.84 (MET)
y_reg[5]$_SDFFE_PN0P_/D (sg13g2_dfrbpq_1)    0.34    1.18    0.84 (MET)
y_reg[5]$_SDFFE_PN0P_/D (sg13g2_dfrbpq_1)    0.34    1.18    0.84 (MET)
y_reg[5]$_SDFFE_PN0P_/D (sg13g2_dfrbpq_1)    0.34    1.18    0.84 (MET)
y_reg[5]$_SDFFE_PN0P_/D (sg13g2_dfrbpq_1)    0.34    1.18    0.84 (MET)
y_reg[5]$_SDFFE_PN0P_/D (sg13g2_dfrbpq_1)    0.34    1.18    0.84 (MET)
y_reg[5]$_SDFFE_PN0P_/D (sg13g2_dfrbpq_1)    0.34    1.18    0.84 (MET)
y_reg[5]$_SDFFE_PN0P_/D (sg13g2_dfrbpq_1)    0.34    1.18    0.84 (MET)
y_reg[5]$_SDFFE_PN0P_/D (sg13g2_dfrbpq_1)    0.34    1.18    0.84 (MET)
y_reg[5]$_SDFFE_PN0P_/D (sg13g2_dfrbpq_1)    0.34    1.18    0.84 (MET)
y_reg[5]$_SDFFE_PN0P_/D (sg13g2_dfrbpq_1)    0.34    1.18    0.84 (MET)
x_reg[5]$_SDFFE_PN0P_/D (sg13g2_dfrbpq_1)    0.31    1.15    0.84 (MET)
x_reg[4]$_SDFFE_PN0P_/D (sg13g2_dfrbpq_1)    0.32    1.16    0.84 (MET)
x_reg[4]$_SDFFE_PN0P_/D (sg13g2_dfrbpq_1)    0.32    1.16    0.84 (MET)
x_reg[4]$_SDFFE_PN0P_/D (sg13g2_dfrbpq_1)    0.32    1.16    0.84 (MET)
x_reg[4]$_SDFFE_PN0P_/D (sg13g2_dfrbpq_1)    0.32    1.16    0.84 (MET)
x_reg[4]$_SDFFE_PN0P_/D (sg13g2_dfrbpq_1)    0.32    1.16    0.84 (MET)
x_reg[4]$_SDFFE_PN0P_/D (sg13g2_dfrbpq_1)    0.32    1.16    0.84 (MET)
x_reg[4]$_SDFFE_PN0P_/D (sg13g2_dfrbpq_1)    0.32    1.16    0.84 (MET)
x_reg[4]$_SDFFE_PN0P_/D (sg13g2_dfrbpq_1)    0.32    1.16    0.84 (MET)
y_reg[3]$_SDFFE_PN0P_/D (sg13g2_dfrbpq_1)    0.31    1.15    0.84 (MET)
y_reg[2]$_SDFFE_PN0P_/D (sg13g2_dfrbpq_1)    0.31    1.15    0.84 (MET)
y_reg[3]$_SDFFE_PN0P_/D (sg13g2_dfrbpq_1)    0.31    1.15    0.84 (MET)
y_reg[3]$_SDFFE_PN0P_/D (sg13g2_dfrbpq_1)    0.31    1.15    0.84 (MET)
y_reg[3]$_SDFFE_PN0P_/D (sg13g2_dfrbpq_1)    0.31    1.15    0.84 (MET)
y_reg[3]$_SDFFE_PN0P_/D (sg13g2_dfrbpq_1)    0.31    1.15    0.84 (MET)
x_reg[5]$_SDFFE_PN0P_/D (sg13g2_dfrbpq_1)    0.31    1.15    0.84 (MET)
x_reg[5]$_SDFFE_PN0P_/D (sg13g2_dfrbpq_1)    0.31    1.15    0.84 (MET)
x_reg[5]$_SDFFE_PN0P_/D (sg13g2_dfrbpq_1)    0.31    1.15    0.84 (MET)
x_reg[5]$_SDFFE_PN0P_/D (sg13g2_dfrbpq_1)    0.31    1.15    0.84 (MET)
x_reg[6]$_SDFFE_PN0P_/D (sg13g2_dfrbpq_1)    0.34    1.18    0.84 (MET)
x_reg[6]$_SDFFE_PN0P_/D (sg13g2_dfrbpq_1)    0.34    1.18    0.84 (MET)
y_reg[4]$_SDFFE_PN0P_/D (sg13g2_dfrbpq_1)    0.34    1.18    0.84 (MET)
y_reg[4]$_SDFFE_PN0P_/D (sg13g2_dfrbpq_1)    0.34    1.18    0.84 (MET)
y_reg[4]$_SDFFE_PN0P_/D (sg13g2_dfrbpq_1)    0.34    1.18    0.84 (MET)
y_reg[4]$_SDFFE_PN0P_/D (sg13g2_dfrbpq_1)    0.34    1.18    0.84 (MET)
x_reg[4]$_SDFFE_PN0P_/D (sg13g2_dfrbpq_1)    0.35    1.19    0.84 (MET)
x_reg[4]$_SDFFE_PN0P_/D (sg13g2_dfrbpq_1)    0.35    1.19    0.84 (MET)
x_reg[4]$_SDFFE_PN0P_/D (sg13g2_dfrbpq_1)    0.35    1.19    0.84 (MET)
x_reg[4]$_SDFFE_PN0P_/D (sg13g2_dfrbpq_1)    0.35    1.19    0.84 (MET)
x_reg[5]$_SDFFE_PN0P_/D (sg13g2_dfrbpq_1)    0.31    1.15    0.84 (MET)
x_reg[5]$_SDFFE_PN0P_/D (sg13g2_dfrbpq_1)    0.31    1.15    0.84 (MET)
y_reg[3]$_SDFFE_PN0P_/D (sg13g2_dfrbpq_1)    0.31    1.15    0.84 (MET)
y_reg[3]$_SDFFE_PN0P_/D (sg13g2_dfrbpq_1)    0.31    1.15    0.84 (MET)
y_reg[3]$_SDFFE_PN0P_/D (sg13g2_dfrbpq_1)    0.31    1.15    0.84 (MET)
y_reg[3]$_SDFFE_PN0P_/D (sg13g2_dfrbpq_1)    0.31    1.15    0.84 (MET)
y_reg[3]$_SDFFE_PN0P_/D (sg13g2_dfrbpq_1)    0.31    1.15    0.84 (MET)
y_reg[3]$_SDFFE_PN0P_/D (sg13g2_dfrbpq_1)    0.31    1.15    0.84 (MET)
y_reg[3]$_SDFFE_PN0P_/D (sg13g2_dfrbpq_1)    0.31    1.15    0.84 (MET)
y_reg[3]$_SDFFE_PN0P_/D (sg13g2_dfrbpq_1)    0.31    1.15    0.84 (MET)
y_reg[2]$_SDFFE_PN0P_/D (sg13g2_dfrbpq_1)    0.31    1.15    0.84 (MET)
y_reg[3]$_SDFFE_PN0P_/D (sg13g2_dfrbpq_1)    0.34    1.18    0.84 (MET)
y_reg[3]$_SDFFE_PN0P_/D (sg13g2_dfrbpq_1)    0.34    1.18    0.84 (MET)
y_reg[4]$_SDFFE_PN0P_/D (sg13g2_dfrbpq_1)    0.34    1.18    0.84 (MET)
y_reg[4]$_SDFFE_PN0P_/D (sg13g2_dfrbpq_1)    0.34    1.18    0.84 (MET)
y_reg[4]$_SDFFE_PN0P_/D (sg13g2_dfrbpq_1)    0.34    1.18    0.84 (MET)
y_reg[4]$_SDFFE_PN0P_/D (sg13g2_dfrbpq_1)    0.34    1.18    0.84 (MET)
x_reg[9]$_SDFFE_PN0P_/D (sg13g2_dfrbpq_1)    0.34    1.18    0.84 (MET)
x_reg[5]$_SDFFE_PN0P_/D (sg13g2_dfrbpq_1)    0.31    1.15    0.84 (MET)
x_reg[5]$_SDFFE_PN0P_/D (sg13g2_dfrbpq_1)    0.31    1.15    0.84 (MET)
x_reg[5]$_SDFFE_PN0P_/D (sg13g2_dfrbpq_1)    0.31    1.15    0.84 (MET)
x_reg[5]$_SDFFE_PN0P_/D (sg13g2_dfrbpq_1)    0.31    1.15    0.84 (MET)
x_reg[5]$_SDFFE_PN0P_/D (sg13g2_dfrbpq_1)    0.31    1.15    0.84 (MET)
x_reg[5]$_SDFFE_PN0P_/D (sg13g2_dfrbpq_1)    0.31    1.15    0.84 (MET)
y_reg[1]$_SDFFE_PN0P_/D (sg13g2_dfrbpq_1)    0.34    1.18    0.84 (MET)
y_reg[1]$_SDFFE_PN0P_/D (sg13g2_dfrbpq_1)    0.34    1.18    0.84 (MET)
y_reg[1]$_SDFFE_PN0P_/D (sg13g2_dfrbpq_1)    0.34    1.18    0.84 (MET)
y_reg[1]$_SDFFE_PN0P_/D (sg13g2_dfrbpq_1)    0.34    1.18    0.84 (MET)
x_reg[4]$_SDFFE_PN0P_/D (sg13g2_dfrbpq_1)    0.32    1.16    0.84 (MET)
x_reg[4]$_SDFFE_PN0P_/D (sg13g2_dfrbpq_1)    0.32    1.16    0.84 (MET)
x_reg[4]$_SDFFE_PN0P_/D (sg13g2_dfrbpq_1)    0.35    1.19    0.84 (MET)
x_reg[4]$_SDFFE_PN0P_/D (sg13g2_dfrbpq_1)    0.35    1.19    0.84 (MET)
x_reg[4]$_SDFFE_PN0P_/D (sg13g2_dfrbpq_1)    0.35    1.19    0.84 (MET)
x_reg[4]$_SDFFE_PN0P_/D (sg13g2_dfrbpq_1)    0.35    1.19    0.84 (MET)
x_reg[4]$_SDFFE_PN0P_/D (sg13g2_dfrbpq_1)    0.35    1.19    0.84 (MET)
x_reg[4]$_SDFFE_PN0P_/D (sg13g2_dfrbpq_1)    0.35    1.19    0.84 (MET)
y_reg[3]$_SDFFE_PN0P_/D (sg13g2_dfrbpq_1)    0.34    1.18    0.84 (MET)
y_reg[3]$_SDFFE_PN0P_/D (sg13g2_dfrbpq_1)    0.34    1.18    0.84 (MET)
y_reg[3]$_SDFFE_PN0P_/D (sg13g2_dfrbpq_1)    0.31    1.15    0.84 (MET)
y_reg[3]$_SDFFE_PN0P_/D (sg13g2_dfrbpq_1)    0.31    1.15    0.84 (MET)
y_reg[3]$_SDFFE_PN0P_/D (sg13g2_dfrbpq_1)    0.31    1.15    0.84 (MET)
y_reg[3]$_SDFFE_PN0P_/D (sg13g2_dfrbpq_1)    0.31    1.15    0.84 (MET)
x_reg[5]$_SDFFE_PN0P_/D (sg13g2_dfrbpq_1)    0.31    1.15    0.84 (MET)
x_reg[6]$_SDFFE_PN0P_/D (sg13g2_dfrbpq_1)    0.31    1.15    0.84 (MET)
y_reg[1]$_SDFFE_PN0P_/D (sg13g2_dfrbpq_1)    0.34    1.18    0.84 (MET)
y_reg[1]$_SDFFE_PN0P_/D (sg13g2_dfrbpq_1)    0.34    1.18    0.84 (MET)
x_reg[4]$_SDFFE_PN0P_/D (sg13g2_dfrbpq_1)    0.32    1.16    0.84 (MET)
x_reg[4]$_SDFFE_PN0P_/D (sg13g2_dfrbpq_1)    0.32    1.16    0.84 (MET)
x_reg[4]$_SDFFE_PN0P_/D (sg13g2_dfrbpq_1)    0.32    1.16    0.84 (MET)
x_reg[4]$_SDFFE_PN0P_/D (sg13g2_dfrbpq_1)    0.32    1.16    0.84 (MET)
x_reg[4]$_SDFFE_PN0P_/D (sg13g2_dfrbpq_1)    0.32    1.16    0.84 (MET)
x_reg[4]$_SDFFE_PN0P_/D (sg13g2_dfrbpq_1)    0.32    1.16    0.84 (MET)
x_reg[4]$_SDFFE_PN0P_/D (sg13g2_dfrbpq_1)    0.32    1.16    0.84 (MET)
x_reg[4]$_SDFFE_PN0P_/D (sg13g2_dfrbpq_1)    0.32    1.16    0.84 (MET)
x_reg[5]$_SDFFE_PN0P_/D (sg13g2_dfrbpq_1)    0.31    1.15    0.84 (MET)
y_reg[3]$_SDFFE_PN0P_/D (sg13g2_dfrbpq_1)    0.31    1.15    0.84 (MET)
y_reg[3]$_SDFFE_PN0P_/D (sg13g2_dfrbpq_1)    0.31    1.15    0.84 (MET)
y_reg[3]$_SDFFE_PN0P_/D (sg13g2_dfrbpq_1)    0.31    1.15    0.84 (MET)
y_reg[3]$_SDFFE_PN0P_/D (sg13g2_dfrbpq_1)    0.31    1.15    0.84 (MET)
y_reg[3]$_SDFFE_PN0P_/D (sg13g2_dfrbpq_1)    0.31    1.15    0.84 (MET)
y_reg[3]$_SDFFE_PN0P_/D (sg13g2_dfrbpq_1)    0.31    1.15    0.84 (MET)
y_reg[3]$_SDFFE_PN0P_/D (sg13g2_dfrbpq_1)    0.31    1.15    0.84 (MET)
y_reg[3]$_SDFFE_PN0P_/D (sg13g2_dfrbpq_1)    0.31    1.15    0.84 (MET)
y_reg[3]$_SDFFE_PN0P_/D (sg13g2_dfrbpq_1)    0.31    1.15    0.84 (MET)
y_reg[3]$_SDFFE_PN0P_/D (sg13g2_dfrbpq_1)    0.31    1.15    0.84 (MET)
y_reg[3]$_SDFFE_PN0P_/D (sg13g2_dfrbpq_1)    0.31    1.15    0.84 (MET)
y_reg[3]$_SDFFE_PN0P_/D (sg13g2_dfrbpq_1)    0.31    1.15    0.84 (MET)
y_reg[3]$_SDFFE_PN0P_/D (sg13g2_dfrbpq_1)    0.31    1.15    0.84 (MET)
y_reg[3]$_SDFFE_PN0P_/D (sg13g2_dfrbpq_1)    0.31    1.15    0.84 (MET)
y_reg[3]$_SDFFE_PN0P_/D (sg13g2_dfrbpq_1)    0.31    1.15    0.84 (MET)
y_reg[3]$_SDFFE_PN0P_/D (sg13g2_dfrbpq_1)    0.31    1.15    0.84 (MET)
y_reg[3]$_SDFFE_PN0P_/D (sg13g2_dfrbpq_1)    0.34    1.18    0.84 (MET)
y_reg[3]$_SDFFE_PN0P_/D (sg13g2_dfrbpq_1)    0.34    1.18    0.84 (MET)
y_reg[3]$_SDFFE_PN0P_/D (sg13g2_dfrbpq_1)    0.34    1.18    0.84 (MET)
y_reg[3]$_SDFFE_PN0P_/D (sg13g2_dfrbpq_1)    0.34    1.18    0.84 (MET)
y_reg[4]$_SDFFE_PN0P_/D (sg13g2_dfrbpq_1)    0.34    1.18    0.84 (MET)
y_reg[4]$_SDFFE_PN0P_/D (sg13g2_dfrbpq_1)    0.34    1.18    0.84 (MET)
y_reg[4]$_SDFFE_PN0P_/D (sg13g2_dfrbpq_1)    0.34    1.18    0.84 (MET)
y_reg[4]$_SDFFE_PN0P_/D (sg13g2_dfrbpq_1)    0.34    1.18    0.84 (MET)
y_reg[4]$_SDFFE_PN0P_/D (sg13g2_dfrbpq_1)    0.34    1.18    0.84 (MET)
y_reg[4]$_SDFFE_PN0P_/D (sg13g2_dfrbpq_1)    0.34    1.18    0.84 (MET)
y_reg[4]$_SDFFE_PN0P_/D (sg13g2_dfrbpq_1)    0.34    1.18    0.84 (MET)
y_reg[4]$_SDFFE_PN0P_/D (sg13g2_dfrbpq_1)    0.34    1.18    0.84 (MET)
y_reg[3]$_SDFFE_PN0P_/D (sg13g2_dfrbpq_1)    0.34    1.18    0.84 (MET)
y_reg[3]$_SDFFE_PN0P_/D (sg13g2_dfrbpq_1)    0.34    1.18    0.84 (MET)
y_reg[2]$_SDFFE_PN0P_/D (sg13g2_dfrbpq_1)    0.31    1.15    0.84 (MET)
y_reg[2]$_SDFFE_PN0P_/D (sg13g2_dfrbpq_1)    0.31    1.15    0.84 (MET)
x_reg[4]$_SDFFE_PN0P_/D (sg13g2_dfrbpq_1)    0.35    1.19    0.84 (MET)
x_reg[4]$_SDFFE_PN0P_/D (sg13g2_dfrbpq_1)    0.35    1.19    0.84 (MET)
x_reg[4]$_SDFFE_PN0P_/D (sg13g2_dfrbpq_1)    0.35    1.19    0.84 (MET)
x_reg[4]$_SDFFE_PN0P_/D (sg13g2_dfrbpq_1)    0.35    1.19    0.84 (MET)
x_reg[4]$_SDFFE_PN0P_/D (sg13g2_dfrbpq_1)    0.35    1.19    0.84 (MET)
x_reg[4]$_SDFFE_PN0P_/D (sg13g2_dfrbpq_1)    0.35    1.19    0.84 (MET)
x_reg[4]$_SDFFE_PN0P_/D (sg13g2_dfrbpq_1)    0.35    1.19    0.84 (MET)
x_reg[4]$_SDFFE_PN0P_/D (sg13g2_dfrbpq_1)    0.35    1.19    0.84 (MET)
x_reg[2]$_SDFFE_PN0P_/D (sg13g2_dfrbpq_1)    0.31    1.15    0.84 (MET)
x_reg[2]$_SDFFE_PN0P_/D (sg13g2_dfrbpq_1)    0.31    1.15    0.84 (MET)
x_reg[2]$_SDFFE_PN0P_/D (sg13g2_dfrbpq_1)    0.31    1.15    0.84 (MET)
x_reg[2]$_SDFFE_PN0P_/D (sg13g2_dfrbpq_1)    0.31    1.15    0.84 (MET)
y_reg[3]$_SDFFE_PN0P_/D (sg13g2_dfrbpq_1)    0.34    1.18    0.84 (MET)
y_reg[3]$_SDFFE_PN0P_/D (sg13g2_dfrbpq_1)    0.34    1.18    0.84 (MET)
x_reg[5]$_SDFFE_PN0P_/D (sg13g2_dfrbpq_1)    0.31    1.15    0.84 (MET)
x_reg[4]$_SDFFE_PN0P_/D (sg13g2_dfrbpq_1)    0.35    1.19    0.84 (MET)
x_reg[4]$_SDFFE_PN0P_/D (sg13g2_dfrbpq_1)    0.35    1.19    0.84 (MET)
x_reg[4]$_SDFFE_PN0P_/D (sg13g2_dfrbpq_1)    0.35    1.19    0.84 (MET)
x_reg[4]$_SDFFE_PN0P_/D (sg13g2_dfrbpq_1)    0.35    1.19    0.84 (MET)
x_reg[5]$_SDFFE_PN0P_/D (sg13g2_dfrbpq_1)    0.31    1.15    0.84 (MET)
x_reg[5]$_SDFFE_PN0P_/D (sg13g2_dfrbpq_1)    0.31    1.15    0.84 (MET)
x_reg[5]$_SDFFE_PN0P_/D (sg13g2_dfrbpq_1)    0.31    1.15    0.84 (MET)
x_reg[5]$_SDFFE_PN0P_/D (sg13g2_dfrbpq_1)    0.31    1.15    0.84 (MET)
x_reg[5]$_SDFFE_PN0P_/D (sg13g2_dfrbpq_1)    0.31    1.15    0.84 (MET)
x_reg[5]$_SDFFE_PN0P_/D (sg13g2_dfrbpq_1)    0.31    1.15    0.84 (MET)
x_reg[5]$_SDFFE_PN0P_/D (sg13g2_dfrbpq_1)    0.31    1.15    0.84 (MET)
x_reg[5]$_SDFFE_PN0P_/D (sg13g2_dfrbpq_1)    0.31    1.15    0.84 (MET)
x_reg[6]$_SDFFE_PN0P_/D (sg13g2_dfrbpq_1)    0.34    1.18    0.84 (MET)
x_reg[6]$_SDFFE_PN0P_/D (sg13g2_dfrbpq_1)    0.34    1.18    0.84 (MET)
x_reg[5]$_SDFFE_PN0P_/D (sg13g2_dfrbpq_1)    0.31    1.15    0.84 (MET)
x_reg[4]$_SDFFE_PN0P_/D (sg13g2_dfrbpq_1)    0.35    1.19    0.84 (MET)
x_reg[4]$_SDFFE_PN0P_/D (sg13g2_dfrbpq_1)    0.35    1.19    0.84 (MET)
x_reg[4]$_SDFFE_PN0P_/D (sg13g2_dfrbpq_1)    0.35    1.19    0.84 (MET)
x_reg[4]$_SDFFE_PN0P_/D (sg13g2_dfrbpq_1)    0.35    1.19    0.84 (MET)
y_reg[2]$_SDFFE_PN0P_/D (sg13g2_dfrbpq_1)    0.31    1.15    0.84 (MET)
y_reg[2]$_SDFFE_PN0P_/D (sg13g2_dfrbpq_1)    0.31    1.15    0.84 (MET)
y_reg[3]$_SDFFE_PN0P_/D (sg13g2_dfrbpq_1)    0.31    1.15    0.84 (MET)
y_reg[3]$_SDFFE_PN0P_/D (sg13g2_dfrbpq_1)    0.31    1.15    0.84 (MET)
y_reg[3]$_SDFFE_PN0P_/D (sg13g2_dfrbpq_1)    0.31    1.15    0.84 (MET)
y_reg[3]$_SDFFE_PN0P_/D (sg13g2_dfrbpq_1)    0.31    1.15    0.84 (MET)
x_reg[5]$_SDFFE_PN0P_/D (sg13g2_dfrbpq_1)    0.31    1.15    0.84 (MET)
x_reg[5]$_SDFFE_PN0P_/D (sg13g2_dfrbpq_1)    0.31    1.15    0.84 (MET)
x_reg[6]$_SDFFE_PN0P_/D (sg13g2_dfrbpq_1)    0.34    1.18    0.84 (MET)
x_reg[4]$_SDFFE_PN0P_/D (sg13g2_dfrbpq_1)    0.35    1.19    0.84 (MET)
x_reg[4]$_SDFFE_PN0P_/D (sg13g2_dfrbpq_1)    0.35    1.19    0.84 (MET)
x_reg[4]$_SDFFE_PN0P_/D (sg13g2_dfrbpq_1)    0.35    1.19    0.84 (MET)
x_reg[4]$_SDFFE_PN0P_/D (sg13g2_dfrbpq_1)    0.35    1.19    0.84 (MET)
x_reg[5]$_SDFFE_PN0P_/D (sg13g2_dfrbpq_1)    0.34    1.18    0.84 (MET)
x_reg[5]$_SDFFE_PN0P_/D (sg13g2_dfrbpq_1)    0.34    1.18    0.84 (MET)
x_reg[5]$_SDFFE_PN0P_/D (sg13g2_dfrbpq_1)    0.34    1.18    0.84 (MET)
x_reg[5]$_SDFFE_PN0P_/D (sg13g2_dfrbpq_1)    0.34    1.18    0.84 (MET)
x_reg[5]$_SDFFE_PN0P_/D (sg13g2_dfrbpq_1)    0.34    1.18    0.84 (MET)
x_reg[5]$_SDFFE_PN0P_/D (sg13g2_dfrbpq_1)    0.34    1.18    0.84 (MET)
x_reg[5]$_SDFFE_PN0P_/D (sg13g2_dfrbpq_1)    0.34    1.18    0.84 (MET)
x_reg[5]$_SDFFE_PN0P_/D (sg13g2_dfrbpq_1)    0.34    1.18    0.84 (MET)
x_reg[5]$_SDFFE_PN0P_/D (sg13g2_dfrbpq_1)    0.34    1.18    0.84 (MET)
x_reg[5]$_SDFFE_PN0P_/D (sg13g2_dfrbpq_1)    0.34    1.18    0.84 (MET)
x_reg[5]$_SDFFE_PN0P_/D (sg13g2_dfrbpq_1)    0.34    1.18    0.84 (MET)
x_reg[5]$_SDFFE_PN0P_/D (sg13g2_dfrbpq_1)    0.34    1.18    0.84 (MET)
x_reg[5]$_SDFFE_PN0P_/D (sg13g2_dfrbpq_1)    0.31    1.15    0.84 (MET)
x_reg[5]$_SDFFE_PN0P_/D (sg13g2_dfrbpq_1)    0.31    1.15    0.84 (MET)
y_reg[3]$_SDFFE_PN0P_/D (sg13g2_dfrbpq_1)    0.31    1.15    0.84 (MET)
y_reg[3]$_SDFFE_PN0P_/D (sg13g2_dfrbpq_1)    0.31    1.15    0.84 (MET)
y_reg[3]$_SDFFE_PN0P_/D (sg13g2_dfrbpq_1)    0.31    1.15    0.84 (MET)
y_reg[3]$_SDFFE_PN0P_/D (sg13g2_dfrbpq_1)    0.31    1.15    0.84 (MET)
y_reg[3]$_SDFFE_PN0P_/D (sg13g2_dfrbpq_1)    0.31    1.15    0.84 (MET)
y_reg[3]$_SDFFE_PN0P_/D (sg13g2_dfrbpq_1)    0.31    1.15    0.84 (MET)
y_reg[3]$_SDFFE_PN0P_/D (sg13g2_dfrbpq_1)    0.31    1.15    0.84 (MET)
y_reg[3]$_SDFFE_PN0P_/D (sg13g2_dfrbpq_1)    0.31    1.15    0.84 (MET)
y_reg[3]$_SDFFE_PN0P_/D (sg13g2_dfrbpq_1)    0.31    1.15    0.84 (MET)
y_reg[3]$_SDFFE_PN0P_/D (sg13g2_dfrbpq_1)    0.31    1.15    0.84 (MET)
y_reg[3]$_SDFFE_PN0P_/D (sg13g2_dfrbpq_1)    0.31    1.15    0.84 (MET)
y_reg[3]$_SDFFE_PN0P_/D (sg13g2_dfrbpq_1)    0.31    1.15    0.84 (MET)
y_reg[3]$_SDFFE_PN0P_/D (sg13g2_dfrbpq_1)    0.31    1.15    0.84 (MET)
y_reg[3]$_SDFFE_PN0P_/D (sg13g2_dfrbpq_1)    0.31    1.15    0.84 (MET)
y_reg[3]$_SDFFE_PN0P_/D (sg13g2_dfrbpq_1)    0.31    1.15    0.84 (MET)
y_reg[3]$_SDFFE_PN0P_/D (sg13g2_dfrbpq_1)    0.31    1.15    0.84 (MET)
x_reg[4]$_SDFFE_PN0P_/D (sg13g2_dfrbpq_1)    0.35    1.19    0.84 (MET)
x_reg[4]$_SDFFE_PN0P_/D (sg13g2_dfrbpq_1)    0.35    1.19    0.84 (MET)
x_reg[4]$_SDFFE_PN0P_/D (sg13g2_dfrbpq_1)    0.35    1.19    0.84 (MET)
x_reg[4]$_SDFFE_PN0P_/D (sg13g2_dfrbpq_1)    0.35    1.19    0.84 (MET)
x_reg[4]$_SDFFE_PN0P_/D (sg13g2_dfrbpq_1)    0.32    1.16    0.84 (MET)
x_reg[4]$_SDFFE_PN0P_/D (sg13g2_dfrbpq_1)    0.32    1.16    0.84 (MET)
x_reg[4]$_SDFFE_PN0P_/D (sg13g2_dfrbpq_1)    0.32    1.16    0.84 (MET)
x_reg[4]$_SDFFE_PN0P_/D (sg13g2_dfrbpq_1)    0.32    1.16    0.84 (MET)
y_reg[3]$_SDFFE_PN0P_/D (sg13g2_dfrbpq_1)    0.34    1.18    0.84 (MET)
y_reg[3]$_SDFFE_PN0P_/D (sg13g2_dfrbpq_1)    0.34    1.18    0.84 (MET)
y_reg[3]$_SDFFE_PN0P_/D (sg13g2_dfrbpq_1)    0.34    1.18    0.84 (MET)
y_reg[3]$_SDFFE_PN0P_/D (sg13g2_dfrbpq_1)    0.34    1.18    0.84 (MET)
y_reg[3]$_SDFFE_PN0P_/D (sg13g2_dfrbpq_1)    0.34    1.18    0.84 (MET)
y_reg[3]$_SDFFE_PN0P_/D (sg13g2_dfrbpq_1)    0.34    1.18    0.84 (MET)
y_reg[2]$_SDFFE_PN0P_/D (sg13g2_dfrbpq_1)    0.34    1.18    0.84 (MET)
x_reg[5]$_SDFFE_PN0P_/D (sg13g2_dfrbpq_1)    0.31    1.15    0.84 (MET)
x_reg[5]$_SDFFE_PN0P_/D (sg13g2_dfrbpq_1)    0.31    1.15    0.84 (MET)
y_reg[1]$_SDFFE_PN0P_/D (sg13g2_dfrbpq_1)    0.34    1.18    0.84 (MET)
y_reg[1]$_SDFFE_PN0P_/D (sg13g2_dfrbpq_1)    0.34    1.18    0.84 (MET)
y_reg[1]$_SDFFE_PN0P_/D (sg13g2_dfrbpq_1)    0.34    1.18    0.84 (MET)
y_reg[1]$_SDFFE_PN0P_/D (sg13g2_dfrbpq_1)    0.34    1.18    0.84 (MET)
x_reg[5]$_SDFFE_PN0P_/D (sg13g2_dfrbpq_1)    0.31    1.15    0.84 (MET)
x_reg[5]$_SDFFE_PN0P_/D (sg13g2_dfrbpq_1)    0.31    1.15    0.84 (MET)
x_reg[5]$_SDFFE_PN0P_/D (sg13g2_dfrbpq_1)    0.31    1.15    0.84 (MET)
x_reg[5]$_SDFFE_PN0P_/D (sg13g2_dfrbpq_1)    0.31    1.15    0.84 (MET)
x_reg[1]$_SDFFE_PN0P_/D (sg13g2_dfrbpq_1)    0.35    1.19    0.84 (MET)
x_reg[1]$_SDFFE_PN0P_/D (sg13g2_dfrbpq_1)    0.35    1.19    0.84 (MET)
x_reg[2]$_SDFFE_PN0P_/D (sg13g2_dfrbpq_1)    0.31    1.15    0.84 (MET)
x_reg[2]$_SDFFE_PN0P_/D (sg13g2_dfrbpq_1)    0.31    1.15    0.84 (MET)
x_reg[4]$_SDFFE_PN0P_/D (sg13g2_dfrbpq_1)    0.35    1.19    0.84 (MET)
x_reg[4]$_SDFFE_PN0P_/D (sg13g2_dfrbpq_1)    0.35    1.19    0.84 (MET)
x_reg[4]$_SDFFE_PN0P_/D (sg13g2_dfrbpq_1)    0.35    1.19    0.84 (MET)
x_reg[4]$_SDFFE_PN0P_/D (sg13g2_dfrbpq_1)    0.35    1.19    0.84 (MET)
x_reg[5]$_SDFFE_PN0P_/D (sg13g2_dfrbpq_1)    0.31    1.15    0.84 (MET)
x_reg[5]$_SDFFE_PN0P_/D (sg13g2_dfrbpq_1)    0.31    1.15    0.84 (MET)
y_reg[2]$_SDFFE_PN0P_/D (sg13g2_dfrbpq_1)    0.34    1.18    0.84 (MET)
x_reg[4]$_SDFFE_PN0P_/D (sg13g2_dfrbpq_1)    0.35    1.19    0.84 (MET)
x_reg[4]$_SDFFE_PN0P_/D (sg13g2_dfrbpq_1)    0.35    1.19    0.84 (MET)
x_reg[4]$_SDFFE_PN0P_/D (sg13g2_dfrbpq_1)    0.35    1.19    0.84 (MET)
x_reg[4]$_SDFFE_PN0P_/D (sg13g2_dfrbpq_1)    0.35    1.19    0.84 (MET)
x_reg[4]$_SDFFE_PN0P_/D (sg13g2_dfrbpq_1)    0.35    1.19    0.84 (MET)
x_reg[4]$_SDFFE_PN0P_/D (sg13g2_dfrbpq_1)    0.35    1.19    0.84 (MET)
x_reg[4]$_SDFFE_PN0P_/D (sg13g2_dfrbpq_1)    0.35    1.19    0.84 (MET)
x_reg[4]$_SDFFE_PN0P_/D (sg13g2_dfrbpq_1)    0.35    1.19    0.84 (MET)
y_reg[3]$_SDFFE_PN0P_/D (sg13g2_dfrbpq_1)    0.34    1.18    0.84 (MET)
y_reg[3]$_SDFFE_PN0P_/D (sg13g2_dfrbpq_1)    0.34    1.18    0.84 (MET)
x_reg[1]$_SDFFE_PN0P_/D (sg13g2_dfrbpq_1)    0.32    1.16    0.84 (MET)
x_reg[5]$_SDFFE_PN0P_/D (sg13g2_dfrbpq_1)    0.34    1.18    0.84 (MET)
x_reg[4]$_SDFFE_PN0P_/D (sg13g2_dfrbpq_1)    0.35    1.19    0.84 (MET)
x_reg[4]$_SDFFE_PN0P_/D (sg13g2_dfrbpq_1)    0.35    1.19    0.84 (MET)
x_reg[4]$_SDFFE_PN0P_/D (sg13g2_dfrbpq_1)    0.35    1.19    0.84 (MET)
x_reg[4]$_SDFFE_PN0P_/D (sg13g2_dfrbpq_1)    0.35    1.19    0.84 (MET)
x_reg[4]$_SDFFE_PN0P_/D (sg13g2_dfrbpq_1)    0.35    1.19    0.84 (MET)
x_reg[9]$_SDFFE_PN0P_/D (sg13g2_dfrbpq_1)    0.34    1.18    0.84 (MET)
x_reg[5]$_SDFFE_PN0P_/D (sg13g2_dfrbpq_1)    0.34    1.18    0.84 (MET)
x_reg[5]$_SDFFE_PN0P_/D (sg13g2_dfrbpq_1)    0.34    1.18    0.84 (MET)
x_reg[5]$_SDFFE_PN0P_/D (sg13g2_dfrbpq_1)    0.31    1.15    0.84 (MET)
x_reg[5]$_SDFFE_PN0P_/D (sg13g2_dfrbpq_1)    0.31    1.15    0.84 (MET)
x_reg[5]$_SDFFE_PN0P_/D (sg13g2_dfrbpq_1)    0.31    1.15    0.84 (MET)
x_reg[5]$_SDFFE_PN0P_/D (sg13g2_dfrbpq_1)    0.31    1.15    0.84 (MET)
y_reg[3]$_SDFFE_PN0P_/D (sg13g2_dfrbpq_1)    0.34    1.18    0.84 (MET)
y_reg[3]$_SDFFE_PN0P_/D (sg13g2_dfrbpq_1)    0.34    1.18    0.84 (MET)
x_reg[4]$_SDFFE_PN0P_/D (sg13g2_dfrbpq_1)    0.35    1.19    0.84 (MET)
x_reg[4]$_SDFFE_PN0P_/D (sg13g2_dfrbpq_1)    0.35    1.19    0.84 (MET)
x_reg[4]$_SDFFE_PN0P_/D (sg13g2_dfrbpq_1)    0.35    1.19    0.84 (MET)
x_reg[4]$_SDFFE_PN0P_/D (sg13g2_dfrbpq_1)    0.35    1.19    0.84 (MET)
x_reg[5]$_SDFFE_PN0P_/D (sg13g2_dfrbpq_1)    0.31    1.15    0.84 (MET)
x_reg[5]$_SDFFE_PN0P_/D (sg13g2_dfrbpq_1)    0.31    1.15    0.84 (MET)
x_reg[5]$_SDFFE_PN0P_/D (sg13g2_dfrbpq_1)    0.31    1.15    0.84 (MET)
x_reg[5]$_SDFFE_PN0P_/D (sg13g2_dfrbpq_1)    0.31    1.15    0.84 (MET)
x_reg[6]$_SDFFE_PN0P_/D (sg13g2_dfrbpq_1)    0.34    1.18    0.84 (MET)
x_reg[4]$_SDFFE_PN0P_/D (sg13g2_dfrbpq_1)    0.35    1.19    0.84 (MET)
x_reg[4]$_SDFFE_PN0P_/D (sg13g2_dfrbpq_1)    0.35    1.19    0.84 (MET)
x_reg[4]$_SDFFE_PN0P_/D (sg13g2_dfrbpq_1)    0.35    1.19    0.84 (MET)
x_reg[4]$_SDFFE_PN0P_/D (sg13g2_dfrbpq_1)    0.35    1.19    0.84 (MET)
y_reg[2]$_SDFFE_PN0P_/D (sg13g2_dfrbpq_1)    0.34    1.18    0.84 (MET)
y_reg[2]$_SDFFE_PN0P_/D (sg13g2_dfrbpq_1)    0.34    1.18    0.84 (MET)
y_reg[2]$_SDFFE_PN0P_/D (sg13g2_dfrbpq_1)    0.34    1.18    0.84 (MET)
y_reg[2]$_SDFFE_PN0P_/D (sg13g2_dfrbpq_1)    0.34    1.18    0.84 (MET)
x_reg[6]$_SDFFE_PN0P_/D (sg13g2_dfrbpq_1)    0.34    1.18    0.84 (MET)
x_reg[1]$_SDFFE_PN0P_/D (sg13g2_dfrbpq_1)    0.32    1.16    0.84 (MET)
x_reg[1]$_SDFFE_PN0P_/D (sg13g2_dfrbpq_1)    0.32    1.16    0.84 (MET)
x_reg[1]$_SDFFE_PN0P_/D (sg13g2_dfrbpq_1)    0.32    1.16    0.84 (MET)
x_reg[1]$_SDFFE_PN0P_/D (sg13g2_dfrbpq_1)    0.32    1.16    0.84 (MET)
x_reg[7]$_SDFFE_PN0P_/D (sg13g2_dfrbpq_1)    0.35    1.19    0.84 (MET)
x_reg[5]$_SDFFE_PN0P_/D (sg13g2_dfrbpq_1)    0.31    1.15    0.84 (MET)
x_reg[5]$_SDFFE_PN0P_/D (sg13g2_dfrbpq_1)    0.31    1.15    0.84 (MET)
x_reg[5]$_SDFFE_PN0P_/D (sg13g2_dfrbpq_1)    0.31    1.15    0.84 (MET)
x_reg[5]$_SDFFE_PN0P_/D (sg13g2_dfrbpq_1)    0.31    1.15    0.84 (MET)
x_reg[5]$_SDFFE_PN0P_/D (sg13g2_dfrbpq_1)    0.31    1.15    0.84 (MET)
x_reg[5]$_SDFFE_PN0P_/D (sg13g2_dfrbpq_1)    0.31    1.15    0.84 (MET)
x_reg[5]$_SDFFE_PN0P_/D (sg13g2_dfrbpq_1)    0.31    1.15    0.84 (MET)
x_reg[5]$_SDFFE_PN0P_/D (sg13g2_dfrbpq_1)    0.31    1.15    0.84 (MET)
y_reg[3]$_SDFFE_PN0P_/D (sg13g2_dfrbpq_1)    0.34    1.18    0.84 (MET)
x_reg[8]$_SDFFE_PN0P_/D (sg13g2_dfrbpq_1)    0.32    1.16    0.84 (MET)
x_reg[8]$_SDFFE_PN0P_/D (sg13g2_dfrbpq_1)    0.32    1.16    0.84 (MET)
y_reg[3]$_SDFFE_PN0P_/D (sg13g2_dfrbpq_1)    0.34    1.18    0.84 (MET)
y_reg[3]$_SDFFE_PN0P_/D (sg13g2_dfrbpq_1)    0.34    1.18    0.84 (MET)
y_reg[3]$_SDFFE_PN0P_/D (sg13g2_dfrbpq_1)    0.34    1.18    0.84 (MET)
y_reg[3]$_SDFFE_PN0P_/D (sg13g2_dfrbpq_1)    0.34    1.18    0.84 (MET)
y_reg[3]$_SDFFE_PN0P_/D (sg13g2_dfrbpq_1)    0.34    1.18    0.84 (MET)
y_reg[3]$_SDFFE_PN0P_/D (sg13g2_dfrbpq_1)    0.34    1.18    0.84 (MET)
x_reg[5]$_SDFFE_PN0P_/D (sg13g2_dfrbpq_1)    0.34    1.18    0.84 (MET)
x_reg[5]$_SDFFE_PN0P_/D (sg13g2_dfrbpq_1)    0.34    1.18    0.84 (MET)
x_reg[5]$_SDFFE_PN0P_/D (sg13g2_dfrbpq_1)    0.34    1.18    0.84 (MET)
x_reg[5]$_SDFFE_PN0P_/D (sg13g2_dfrbpq_1)    0.34    1.18    0.84 (MET)
x_reg[4]$_SDFFE_PN0P_/D (sg13g2_dfrbpq_1)    0.35    1.19    0.84 (MET)
x_reg[4]$_SDFFE_PN0P_/D (sg13g2_dfrbpq_1)    0.35    1.19    0.84 (MET)
y_reg[3]$_SDFFE_PN0P_/D (sg13g2_dfrbpq_1)    0.31    1.15    0.84 (MET)
y_reg[3]$_SDFFE_PN0P_/D (sg13g2_dfrbpq_1)    0.31    1.15    0.84 (MET)
y_reg[3]$_SDFFE_PN0P_/D (sg13g2_dfrbpq_1)    0.34    1.18    0.84 (MET)
y_reg[1]$_SDFFE_PN0P_/D (sg13g2_dfrbpq_1)    0.34    1.19    0.84 (MET)
y_reg[1]$_SDFFE_PN0P_/D (sg13g2_dfrbpq_1)    0.34    1.19    0.84 (MET)
y_reg[1]$_SDFFE_PN0P_/D (sg13g2_dfrbpq_1)    0.34    1.19    0.84 (MET)
y_reg[1]$_SDFFE_PN0P_/D (sg13g2_dfrbpq_1)    0.34    1.19    0.84 (MET)
x_reg[5]$_SDFFE_PN0P_/D (sg13g2_dfrbpq_1)    0.34    1.18    0.84 (MET)
x_reg[5]$_SDFFE_PN0P_/D (sg13g2_dfrbpq_1)    0.34    1.18    0.84 (MET)
x_reg[5]$_SDFFE_PN0P_/D (sg13g2_dfrbpq_1)    0.34    1.18    0.84 (MET)
x_reg[5]$_SDFFE_PN0P_/D (sg13g2_dfrbpq_1)    0.34    1.18    0.84 (MET)
x_reg[5]$_SDFFE_PN0P_/D (sg13g2_dfrbpq_1)    0.31    1.15    0.84 (MET)
x_reg[5]$_SDFFE_PN0P_/D (sg13g2_dfrbpq_1)    0.31    1.15    0.84 (MET)
x_reg[5]$_SDFFE_PN0P_/D (sg13g2_dfrbpq_1)    0.31    1.15    0.84 (MET)
x_reg[5]$_SDFFE_PN0P_/D (sg13g2_dfrbpq_1)    0.31    1.15    0.84 (MET)
x_reg[5]$_SDFFE_PN0P_/D (sg13g2_dfrbpq_1)    0.31    1.15    0.84 (MET)
x_reg[5]$_SDFFE_PN0P_/D (sg13g2_dfrbpq_1)    0.31    1.15    0.84 (MET)
x_reg[5]$_SDFFE_PN0P_/D (sg13g2_dfrbpq_1)    0.31    1.15    0.84 (MET)
x_reg[5]$_SDFFE_PN0P_/D (sg13g2_dfrbpq_1)    0.31    1.15    0.84 (MET)
x_reg[5]$_SDFFE_PN0P_/D (sg13g2_dfrbpq_1)    0.31    1.15    0.84 (MET)
x_reg[5]$_SDFFE_PN0P_/D (sg13g2_dfrbpq_1)    0.31    1.15    0.84 (MET)
x_reg[5]$_SDFFE_PN0P_/D (sg13g2_dfrbpq_1)    0.31    1.15    0.84 (MET)
x_reg[5]$_SDFFE_PN0P_/D (sg13g2_dfrbpq_1)    0.31    1.15    0.84 (MET)
x_reg[5]$_SDFFE_PN0P_/D (sg13g2_dfrbpq_1)    0.31    1.15    0.84 (MET)
x_reg[5]$_SDFFE_PN0P_/D (sg13g2_dfrbpq_1)    0.31    1.15    0.84 (MET)
x_reg[5]$_SDFFE_PN0P_/D (sg13g2_dfrbpq_1)    0.31    1.15    0.84 (MET)
x_reg[5]$_SDFFE_PN0P_/D (sg13g2_dfrbpq_1)    0.31    1.15    0.84 (MET)
x_reg[4]$_SDFFE_PN0P_/D (sg13g2_dfrbpq_1)    0.32    1.16    0.84 (MET)
y_reg[3]$_SDFFE_PN0P_/D (sg13g2_dfrbpq_1)    0.34    1.18    0.84 (MET)
y_reg[3]$_SDFFE_PN0P_/D (sg13g2_dfrbpq_1)    0.34    1.18    0.84 (MET)
y_reg[3]$_SDFFE_PN0P_/D (sg13g2_dfrbpq_1)    0.34    1.18    0.84 (MET)
y_reg[3]$_SDFFE_PN0P_/D (sg13g2_dfrbpq_1)    0.34    1.18    0.84 (MET)
y_reg[2]$_SDFFE_PN0P_/D (sg13g2_dfrbpq_1)    0.34    1.18    0.84 (MET)
x_reg[4]$_SDFFE_PN0P_/D (sg13g2_dfrbpq_1)    0.35    1.20    0.84 (MET)
x_reg[4]$_SDFFE_PN0P_/D (sg13g2_dfrbpq_1)    0.35    1.20    0.84 (MET)
x_reg[4]$_SDFFE_PN0P_/D (sg13g2_dfrbpq_1)    0.35    1.20    0.84 (MET)
x_reg[4]$_SDFFE_PN0P_/D (sg13g2_dfrbpq_1)    0.35    1.20    0.84 (MET)
y_reg[3]$_SDFFE_PN0P_/D (sg13g2_dfrbpq_1)    0.31    1.15    0.84 (MET)
y_reg[3]$_SDFFE_PN0P_/D (sg13g2_dfrbpq_1)    0.31    1.15    0.84 (MET)
x_reg[4]$_SDFFE_PN0P_/D (sg13g2_dfrbpq_1)    0.35    1.20    0.84 (MET)
x_reg[4]$_SDFFE_PN0P_/D (sg13g2_dfrbpq_1)    0.35    1.20    0.84 (MET)
x_reg[4]$_SDFFE_PN0P_/D (sg13g2_dfrbpq_1)    0.35    1.20    0.84 (MET)
x_reg[4]$_SDFFE_PN0P_/D (sg13g2_dfrbpq_1)    0.35    1.20    0.84 (MET)
x_reg[4]$_SDFFE_PN0P_/D (sg13g2_dfrbpq_1)    0.35    1.20    0.84 (MET)
x_reg[4]$_SDFFE_PN0P_/D (sg13g2_dfrbpq_1)    0.35    1.20    0.84 (MET)
x_reg[4]$_SDFFE_PN0P_/D (sg13g2_dfrbpq_1)    0.35    1.20    0.84 (MET)
x_reg[4]$_SDFFE_PN0P_/D (sg13g2_dfrbpq_1)    0.35    1.20    0.84 (MET)
y_reg[3]$_SDFFE_PN0P_/D (sg13g2_dfrbpq_1)    0.31    1.15    0.84 (MET)
y_reg[3]$_SDFFE_PN0P_/D (sg13g2_dfrbpq_1)    0.31    1.15    0.84 (MET)
y_reg[3]$_SDFFE_PN0P_/D (sg13g2_dfrbpq_1)    0.31    1.15    0.84 (MET)
y_reg[3]$_SDFFE_PN0P_/D (sg13g2_dfrbpq_1)    0.31    1.15    0.84 (MET)
y_reg[2]$_SDFFE_PN0P_/D (sg13g2_dfrbpq_1)    0.34    1.18    0.84 (MET)
y_reg[2]$_SDFFE_PN0P_/D (sg13g2_dfrbpq_1)    0.34    1.18    0.84 (MET)
y_reg[2]$_SDFFE_PN0P_/D (sg13g2_dfrbpq_1)    0.34    1.18    0.84 (MET)
y_reg[2]$_SDFFE_PN0P_/D (sg13g2_dfrbpq_1)    0.34    1.18    0.84 (MET)
x_reg[5]$_SDFFE_PN0P_/D (sg13g2_dfrbpq_1)    0.34    1.18    0.84 (MET)
x_reg[5]$_SDFFE_PN0P_/D (sg13g2_dfrbpq_1)    0.34    1.18    0.84 (MET)
x_reg[5]$_SDFFE_PN0P_/D (sg13g2_dfrbpq_1)    0.34    1.18    0.84 (MET)
x_reg[5]$_SDFFE_PN0P_/D (sg13g2_dfrbpq_1)    0.34    1.18    0.84 (MET)
x_reg[5]$_SDFFE_PN0P_/D (sg13g2_dfrbpq_1)    0.34    1.18    0.84 (MET)
x_reg[5]$_SDFFE_PN0P_/D (sg13g2_dfrbpq_1)    0.34    1.18    0.84 (MET)
x_reg[5]$_SDFFE_PN0P_/D (sg13g2_dfrbpq_1)    0.34    1.18    0.84 (MET)
x_reg[5]$_SDFFE_PN0P_/D (sg13g2_dfrbpq_1)    0.34    1.18    0.84 (MET)
iter_cnt[2]$_SDFFE_PN0P_/D (sg13g2_dfrbpq_1)    0.34    1.18    0.84 (MET)
iter_cnt[2]$_SDFFE_PN0P_/D (sg13g2_dfrbpq_1)    0.34    1.18    0.84 (MET)
y_reg[3]$_SDFFE_PN0P_/D (sg13g2_dfrbpq_1)    0.34    1.18    0.84 (MET)
y_reg[3]$_SDFFE_PN0P_/D (sg13g2_dfrbpq_1)    0.34    1.18    0.84 (MET)
y_reg[2]$_SDFFE_PN0P_/D (sg13g2_dfrbpq_1)    0.34    1.18    0.84 (MET)
y_reg[3]$_SDFFE_PN0P_/D (sg13g2_dfrbpq_1)    0.31    1.15    0.84 (MET)
x_reg[1]$_SDFFE_PN0P_/D (sg13g2_dfrbpq_1)    0.35    1.19    0.84 (MET)
x_reg[6]$_SDFFE_PN0P_/D (sg13g2_dfrbpq_1)    0.34    1.18    0.84 (MET)
x_reg[6]$_SDFFE_PN0P_/D (sg13g2_dfrbpq_1)    0.34    1.18    0.84 (MET)
y_reg[1]$_SDFFE_PN0P_/D (sg13g2_dfrbpq_1)    0.34    1.19    0.84 (MET)
y_reg[1]$_SDFFE_PN0P_/D (sg13g2_dfrbpq_1)    0.34    1.19    0.84 (MET)
x_reg[6]$_SDFFE_PN0P_/D (sg13g2_dfrbpq_1)    0.31    1.15    0.84 (MET)
y_reg[3]$_SDFFE_PN0P_/D (sg13g2_dfrbpq_1)    0.31    1.15    0.84 (MET)
y_reg[3]$_SDFFE_PN0P_/D (sg13g2_dfrbpq_1)    0.31    1.15    0.84 (MET)
y_reg[3]$_SDFFE_PN0P_/D (sg13g2_dfrbpq_1)    0.31    1.15    0.84 (MET)
y_reg[3]$_SDFFE_PN0P_/D (sg13g2_dfrbpq_1)    0.31    1.15    0.84 (MET)
x_reg[1]$_SDFFE_PN0P_/D (sg13g2_dfrbpq_1)    0.35    1.19    0.84 (MET)
x_reg[1]$_SDFFE_PN0P_/D (sg13g2_dfrbpq_1)    0.35    1.19    0.84 (MET)
y_reg[2]$_SDFFE_PN0P_/D (sg13g2_dfrbpq_1)    0.31    1.15    0.84 (MET)
y_reg[3]$_SDFFE_PN0P_/D (sg13g2_dfrbpq_1)    0.34    1.18    0.84 (MET)
y_reg[3]$_SDFFE_PN0P_/D (sg13g2_dfrbpq_1)    0.34    1.18    0.84 (MET)
x_reg[4]$_SDFFE_PN0P_/D (sg13g2_dfrbpq_1)    0.32    1.17    0.84 (MET)
x_reg[4]$_SDFFE_PN0P_/D (sg13g2_dfrbpq_1)    0.32    1.17    0.84 (MET)
x_reg[4]$_SDFFE_PN0P_/D (sg13g2_dfrbpq_1)    0.32    1.17    0.84 (MET)
x_reg[4]$_SDFFE_PN0P_/D (sg13g2_dfrbpq_1)    0.32    1.17    0.84 (MET)
x_reg[4]$_SDFFE_PN0P_/D (sg13g2_dfrbpq_1)    0.32    1.17    0.84 (MET)
x_reg[4]$_SDFFE_PN0P_/D (sg13g2_dfrbpq_1)    0.32    1.17    0.84 (MET)
x_reg[4]$_SDFFE_PN0P_/D (sg13g2_dfrbpq_1)    0.32    1.17    0.84 (MET)
x_reg[4]$_SDFFE_PN0P_/D (sg13g2_dfrbpq_1)    0.32    1.17    0.84 (MET)
x_reg[4]$_SDFFE_PN0P_/D (sg13g2_dfrbpq_1)    0.32    1.17    0.84 (MET)
x_reg[4]$_SDFFE_PN0P_/D (sg13g2_dfrbpq_1)    0.32    1.17    0.84 (MET)
x_reg[4]$_SDFFE_PN0P_/D (sg13g2_dfrbpq_1)    0.32    1.17    0.84 (MET)
x_reg[4]$_SDFFE_PN0P_/D (sg13g2_dfrbpq_1)    0.32    1.17    0.84 (MET)
x_reg[4]$_SDFFE_PN0P_/D (sg13g2_dfrbpq_1)    0.32    1.17    0.84 (MET)
x_reg[4]$_SDFFE_PN0P_/D (sg13g2_dfrbpq_1)    0.32    1.17    0.84 (MET)
x_reg[4]$_SDFFE_PN0P_/D (sg13g2_dfrbpq_1)    0.32    1.17    0.84 (MET)
x_reg[4]$_SDFFE_PN0P_/D (sg13g2_dfrbpq_1)    0.32    1.17    0.84 (MET)
x_reg[4]$_SDFFE_PN0P_/D (sg13g2_dfrbpq_1)    0.32    1.17    0.84 (MET)
x_reg[4]$_SDFFE_PN0P_/D (sg13g2_dfrbpq_1)    0.32    1.17    0.84 (MET)
x_reg[2]$_SDFFE_PN0P_/D (sg13g2_dfrbpq_1)    0.31    1.15    0.84 (MET)
x_reg[9]$_SDFFE_PN0P_/D (sg13g2_dfrbpq_1)    0.34    1.18    0.84 (MET)
x_reg[6]$_SDFFE_PN0P_/D (sg13g2_dfrbpq_1)    0.31    1.15    0.84 (MET)
y_reg[3]$_SDFFE_PN0P_/D (sg13g2_dfrbpq_1)    0.31    1.15    0.84 (MET)
y_reg[3]$_SDFFE_PN0P_/D (sg13g2_dfrbpq_1)    0.31    1.15    0.84 (MET)
x_reg[1]$_SDFFE_PN0P_/D (sg13g2_dfrbpq_1)    0.35    1.19    0.84 (MET)
x_reg[1]$_SDFFE_PN0P_/D (sg13g2_dfrbpq_1)    0.35    1.19    0.84 (MET)
y_reg[3]$_SDFFE_PN0P_/D (sg13g2_dfrbpq_1)    0.34    1.18    0.84 (MET)
y_reg[3]$_SDFFE_PN0P_/D (sg13g2_dfrbpq_1)    0.34    1.18    0.84 (MET)
x_reg[5]$_SDFFE_PN0P_/D (sg13g2_dfrbpq_1)    0.31    1.16    0.84 (MET)
x_reg[5]$_SDFFE_PN0P_/D (sg13g2_dfrbpq_1)    0.31    1.16    0.84 (MET)
x_reg[5]$_SDFFE_PN0P_/D (sg13g2_dfrbpq_1)    0.31    1.16    0.84 (MET)
x_reg[5]$_SDFFE_PN0P_/D (sg13g2_dfrbpq_1)    0.31    1.16    0.84 (MET)
y_reg[3]$_SDFFE_PN0P_/D (sg13g2_dfrbpq_1)    0.34    1.18    0.84 (MET)
y_reg[3]$_SDFFE_PN0P_/D (sg13g2_dfrbpq_1)    0.31    1.16    0.84 (MET)
y_reg[3]$_SDFFE_PN0P_/D (sg13g2_dfrbpq_1)    0.34    1.18    0.84 (MET)
y_reg[3]$_SDFFE_PN0P_/D (sg13g2_dfrbpq_1)    0.34    1.18    0.84 (MET)
y_reg[3]$_SDFFE_PN0P_/D (sg13g2_dfrbpq_1)    0.34    1.18    0.84 (MET)
y_reg[3]$_SDFFE_PN0P_/D (sg13g2_dfrbpq_1)    0.34    1.18    0.84 (MET)
y_reg[3]$_SDFFE_PN0P_/D (sg13g2_dfrbpq_1)    0.34    1.18    0.84 (MET)
y_reg[3]$_SDFFE_PN0P_/D (sg13g2_dfrbpq_1)    0.34    1.18    0.84 (MET)
y_reg[3]$_SDFFE_PN0P_/D (sg13g2_dfrbpq_1)    0.34    1.18    0.84 (MET)
y_reg[3]$_SDFFE_PN0P_/D (sg13g2_dfrbpq_1)    0.34    1.18    0.84 (MET)
y_reg[3]$_SDFFE_PN0P_/D (sg13g2_dfrbpq_1)    0.34    1.18    0.84 (MET)
y_reg[3]$_SDFFE_PN0P_/D (sg13g2_dfrbpq_1)    0.34    1.18    0.84 (MET)
y_reg[3]$_SDFFE_PN0P_/D (sg13g2_dfrbpq_1)    0.34    1.18    0.84 (MET)
x_reg[5]$_SDFFE_PN0P_/D (sg13g2_dfrbpq_1)    0.34    1.19    0.84 (MET)
x_reg[5]$_SDFFE_PN0P_/D (sg13g2_dfrbpq_1)    0.34    1.19    0.84 (MET)
x_reg[5]$_SDFFE_PN0P_/D (sg13g2_dfrbpq_1)    0.34    1.19    0.84 (MET)
x_reg[5]$_SDFFE_PN0P_/D (sg13g2_dfrbpq_1)    0.34    1.19    0.84 (MET)
x_reg[5]$_SDFFE_PN0P_/D (sg13g2_dfrbpq_1)    0.34    1.19    0.84 (MET)
x_reg[5]$_SDFFE_PN0P_/D (sg13g2_dfrbpq_1)    0.34    1.19    0.84 (MET)
x_reg[5]$_SDFFE_PN0P_/D (sg13g2_dfrbpq_1)    0.34    1.19    0.84 (MET)
x_reg[5]$_SDFFE_PN0P_/D (sg13g2_dfrbpq_1)    0.34    1.19    0.84 (MET)
x_reg[5]$_SDFFE_PN0P_/D (sg13g2_dfrbpq_1)    0.34    1.19    0.84 (MET)
x_reg[5]$_SDFFE_PN0P_/D (sg13g2_dfrbpq_1)    0.34    1.19    0.84 (MET)
x_reg[5]$_SDFFE_PN0P_/D (sg13g2_dfrbpq_1)    0.34    1.19    0.84 (MET)
x_reg[5]$_SDFFE_PN0P_/D (sg13g2_dfrbpq_1)    0.34    1.19    0.84 (MET)
x_reg[4]$_SDFFE_PN0P_/D (sg13g2_dfrbpq_1)    0.35    1.20    0.84 (MET)
x_reg[4]$_SDFFE_PN0P_/D (sg13g2_dfrbpq_1)    0.35    1.20    0.84 (MET)
x_reg[6]$_SDFFE_PN0P_/D (sg13g2_dfrbpq_1)    0.31    1.15    0.84 (MET)
x_reg[6]$_SDFFE_PN0P_/D (sg13g2_dfrbpq_1)    0.31    1.15    0.84 (MET)
y_reg[2]$_SDFFE_PN0P_/D (sg13g2_dfrbpq_1)    0.31    1.15    0.84 (MET)
y_reg[2]$_SDFFE_PN0P_/D (sg13g2_dfrbpq_1)    0.31    1.15    0.84 (MET)
y_reg[1]$_SDFFE_PN0P_/D (sg13g2_dfrbpq_1)    0.34    1.19    0.84 (MET)
y_reg[1]$_SDFFE_PN0P_/D (sg13g2_dfrbpq_1)    0.34    1.19    0.84 (MET)
z_reg[9]$_SDFFE_PN0P_/D (sg13g2_dfrbpq_1)    0.32    1.16    0.84 (MET)
x_reg[2]$_SDFFE_PN0P_/D (sg13g2_dfrbpq_1)    0.31    1.15    0.84 (MET)
x_reg[2]$_SDFFE_PN0P_/D (sg13g2_dfrbpq_1)    0.31    1.15    0.84 (MET)
y_reg[3]$_SDFFE_PN0P_/D (sg13g2_dfrbpq_1)    0.31    1.16    0.84 (MET)
y_reg[3]$_SDFFE_PN0P_/D (sg13g2_dfrbpq_1)    0.31    1.16    0.84 (MET)
x_reg[4]$_SDFFE_PN0P_/D (sg13g2_dfrbpq_1)    0.32    1.17    0.84 (MET)
x_reg[4]$_SDFFE_PN0P_/D (sg13g2_dfrbpq_1)    0.32    1.17    0.84 (MET)
x_reg[4]$_SDFFE_PN0P_/D (sg13g2_dfrbpq_1)    0.32    1.17    0.84 (MET)
x_reg[4]$_SDFFE_PN0P_/D (sg13g2_dfrbpq_1)    0.32    1.17    0.84 (MET)
x_reg[4]$_SDFFE_PN0P_/D (sg13g2_dfrbpq_1)    0.32    1.17    0.84 (MET)
x_reg[4]$_SDFFE_PN0P_/D (sg13g2_dfrbpq_1)    0.32    1.17    0.84 (MET)
x_reg[4]$_SDFFE_PN0P_/D (sg13g2_dfrbpq_1)    0.32    1.17    0.84 (MET)
x_reg[4]$_SDFFE_PN0P_/D (sg13g2_dfrbpq_1)    0.32    1.17    0.84 (MET)
x_reg[4]$_SDFFE_PN0P_/D (sg13g2_dfrbpq_1)    0.32    1.17    0.84 (MET)
x_reg[4]$_SDFFE_PN0P_/D (sg13g2_dfrbpq_1)    0.32    1.17    0.84 (MET)
x_reg[4]$_SDFFE_PN0P_/D (sg13g2_dfrbpq_1)    0.32    1.17    0.84 (MET)
x_reg[4]$_SDFFE_PN0P_/D (sg13g2_dfrbpq_1)    0.32    1.17    0.84 (MET)
x_reg[4]$_SDFFE_PN0P_/D (sg13g2_dfrbpq_1)    0.32    1.17    0.84 (MET)
x_reg[4]$_SDFFE_PN0P_/D (sg13g2_dfrbpq_1)    0.32    1.17    0.84 (MET)
x_reg[4]$_SDFFE_PN0P_/D (sg13g2_dfrbpq_1)    0.32    1.17    0.84 (MET)
x_reg[4]$_SDFFE_PN0P_/D (sg13g2_dfrbpq_1)    0.32    1.17    0.84 (MET)
x_reg[4]$_SDFFE_PN0P_/D (sg13g2_dfrbpq_1)    0.32    1.17    0.84 (MET)
x_reg[4]$_SDFFE_PN0P_/D (sg13g2_dfrbpq_1)    0.32    1.17    0.84 (MET)
x_reg[4]$_SDFFE_PN0P_/D (sg13g2_dfrbpq_1)    0.32    1.17    0.84 (MET)
x_reg[4]$_SDFFE_PN0P_/D (sg13g2_dfrbpq_1)    0.32    1.17    0.84 (MET)
x_reg[4]$_SDFFE_PN0P_/D (sg13g2_dfrbpq_1)    0.32    1.17    0.84 (MET)
x_reg[4]$_SDFFE_PN0P_/D (sg13g2_dfrbpq_1)    0.32    1.17    0.84 (MET)
x_reg[4]$_SDFFE_PN0P_/D (sg13g2_dfrbpq_1)    0.32    1.17    0.84 (MET)
x_reg[4]$_SDFFE_PN0P_/D (sg13g2_dfrbpq_1)    0.32    1.17    0.84 (MET)
x_reg[4]$_SDFFE_PN0P_/D (sg13g2_dfrbpq_1)    0.32    1.17    0.84 (MET)
x_reg[4]$_SDFFE_PN0P_/D (sg13g2_dfrbpq_1)    0.32    1.17    0.84 (MET)
x_reg[4]$_SDFFE_PN0P_/D (sg13g2_dfrbpq_1)    0.32    1.17    0.84 (MET)
x_reg[4]$_SDFFE_PN0P_/D (sg13g2_dfrbpq_1)    0.32    1.17    0.84 (MET)
x_reg[4]$_SDFFE_PN0P_/D (sg13g2_dfrbpq_1)    0.32    1.17    0.84 (MET)
x_reg[4]$_SDFFE_PN0P_/D (sg13g2_dfrbpq_1)    0.32    1.17    0.84 (MET)
x_reg[4]$_SDFFE_PN0P_/D (sg13g2_dfrbpq_1)    0.32    1.17    0.84 (MET)
x_reg[4]$_SDFFE_PN0P_/D (sg13g2_dfrbpq_1)    0.32    1.17    0.84 (MET)
y_reg[2]$_SDFFE_PN0P_/D (sg13g2_dfrbpq_1)    0.34    1.18    0.84 (MET)
y_reg[2]$_SDFFE_PN0P_/D (sg13g2_dfrbpq_1)    0.34    1.18    0.84 (MET)
x_reg[5]$_SDFFE_PN0P_/D (sg13g2_dfrbpq_1)    0.31    1.16    0.84 (MET)
x_reg[5]$_SDFFE_PN0P_/D (sg13g2_dfrbpq_1)    0.31    1.16    0.84 (MET)
x_reg[5]$_SDFFE_PN0P_/D (sg13g2_dfrbpq_1)    0.31    1.16    0.84 (MET)
x_reg[5]$_SDFFE_PN0P_/D (sg13g2_dfrbpq_1)    0.31    1.16    0.84 (MET)
x_reg[5]$_SDFFE_PN0P_/D (sg13g2_dfrbpq_1)    0.31    1.16    0.84 (MET)
x_reg[5]$_SDFFE_PN0P_/D (sg13g2_dfrbpq_1)    0.31    1.16    0.84 (MET)
x_reg[5]$_SDFFE_PN0P_/D (sg13g2_dfrbpq_1)    0.31    1.16    0.84 (MET)
x_reg[5]$_SDFFE_PN0P_/D (sg13g2_dfrbpq_1)    0.31    1.16    0.84 (MET)
y_reg[3]$_SDFFE_PN0P_/D (sg13g2_dfrbpq_1)    0.34    1.19    0.84 (MET)
y_reg[3]$_SDFFE_PN0P_/D (sg13g2_dfrbpq_1)    0.34    1.19    0.84 (MET)
y_reg[3]$_SDFFE_PN0P_/D (sg13g2_dfrbpq_1)    0.34    1.19    0.84 (MET)
y_reg[3]$_SDFFE_PN0P_/D (sg13g2_dfrbpq_1)    0.34    1.19    0.84 (MET)
x_reg[1]$_SDFFE_PN0P_/D (sg13g2_dfrbpq_1)    0.35    1.19    0.84 (MET)
x_reg[1]$_SDFFE_PN0P_/D (sg13g2_dfrbpq_1)    0.35    1.19    0.84 (MET)
x_reg[1]$_SDFFE_PN0P_/D (sg13g2_dfrbpq_1)    0.35    1.19    0.84 (MET)
x_reg[1]$_SDFFE_PN0P_/D (sg13g2_dfrbpq_1)    0.35    1.19    0.84 (MET)
x_reg[2]$_SDFFE_PN0P_/D (sg13g2_dfrbpq_1)    0.31    1.15    0.84 (MET)
x_reg[2]$_SDFFE_PN0P_/D (sg13g2_dfrbpq_1)    0.31    1.15    0.84 (MET)
y_reg[3]$_SDFFE_PN0P_/D (sg13g2_dfrbpq_1)    0.31    1.16    0.84 (MET)
y_reg[3]$_SDFFE_PN0P_/D (sg13g2_dfrbpq_1)    0.31    1.16    0.84 (MET)
y_reg[2]$_SDFFE_PN0P_/D (sg13g2_dfrbpq_1)    0.34    1.18    0.84 (MET)
y_reg[2]$_SDFFE_PN0P_/D (sg13g2_dfrbpq_1)    0.34    1.18    0.84 (MET)
y_reg[2]$_SDFFE_PN0P_/D (sg13g2_dfrbpq_1)    0.34    1.18    0.84 (MET)
y_reg[2]$_SDFFE_PN0P_/D (sg13g2_dfrbpq_1)    0.34    1.18    0.84 (MET)
y_reg[3]$_SDFFE_PN0P_/D (sg13g2_dfrbpq_1)    0.31    1.16    0.84 (MET)
y_reg[3]$_SDFFE_PN0P_/D (sg13g2_dfrbpq_1)    0.34    1.19    0.84 (MET)
y_reg[3]$_SDFFE_PN0P_/D (sg13g2_dfrbpq_1)    0.34    1.19    0.84 (MET)
y_reg[6]$_SDFFE_PN0P_/D (sg13g2_dfrbpq_1)    0.34    1.19    0.84 (MET)
y_reg[6]$_SDFFE_PN0P_/D (sg13g2_dfrbpq_1)    0.34    1.19    0.84 (MET)
y_reg[6]$_SDFFE_PN0P_/D (sg13g2_dfrbpq_1)    0.34    1.19    0.84 (MET)
y_reg[6]$_SDFFE_PN0P_/D (sg13g2_dfrbpq_1)    0.34    1.19    0.84 (MET)
y_reg[3]$_SDFFE_PN0P_/D (sg13g2_dfrbpq_1)    0.31    1.16    0.84 (MET)
y_reg[3]$_SDFFE_PN0P_/D (sg13g2_dfrbpq_1)    0.31    1.16    0.84 (MET)
y_reg[1]$_SDFFE_PN0P_/D (sg13g2_dfrbpq_1)    0.34    1.19    0.84 (MET)
y_reg[1]$_SDFFE_PN0P_/D (sg13g2_dfrbpq_1)    0.34    1.19    0.84 (MET)
y_reg[1]$_SDFFE_PN0P_/D (sg13g2_dfrbpq_1)    0.34    1.19    0.84 (MET)
y_reg[1]$_SDFFE_PN0P_/D (sg13g2_dfrbpq_1)    0.34    1.19    0.84 (MET)
y_reg[1]$_SDFFE_PN0P_/D (sg13g2_dfrbpq_1)    0.34    1.19    0.84 (MET)
y_reg[1]$_SDFFE_PN0P_/D (sg13g2_dfrbpq_1)    0.34    1.19    0.84 (MET)
y_reg[3]$_SDFFE_PN0P_/D (sg13g2_dfrbpq_1)    0.34    1.19    0.84 (MET)
y_reg[3]$_SDFFE_PN0P_/D (sg13g2_dfrbpq_1)    0.34    1.19    0.84 (MET)
y_reg[3]$_SDFFE_PN0P_/D (sg13g2_dfrbpq_1)    0.34    1.19    0.84 (MET)
y_reg[3]$_SDFFE_PN0P_/D (sg13g2_dfrbpq_1)    0.34    1.19    0.84 (MET)
y_reg[3]$_SDFFE_PN0P_/D (sg13g2_dfrbpq_1)    0.34    1.19    0.84 (MET)
y_reg[3]$_SDFFE_PN0P_/D (sg13g2_dfrbpq_1)    0.34    1.19    0.84 (MET)
y_reg[3]$_SDFFE_PN0P_/D (sg13g2_dfrbpq_1)    0.34    1.19    0.84 (MET)
y_reg[3]$_SDFFE_PN0P_/D (sg13g2_dfrbpq_1)    0.34    1.19    0.84 (MET)
y_reg[3]$_SDFFE_PN0P_/D (sg13g2_dfrbpq_1)    0.31    1.16    0.84 (MET)
y_reg[3]$_SDFFE_PN0P_/D (sg13g2_dfrbpq_1)    0.31    1.16    0.84 (MET)
y_reg[3]$_SDFFE_PN0P_/D (sg13g2_dfrbpq_1)    0.31    1.16    0.84 (MET)
y_reg[3]$_SDFFE_PN0P_/D (sg13g2_dfrbpq_1)    0.31    1.16    0.84 (MET)
y_reg[3]$_SDFFE_PN0P_/D (sg13g2_dfrbpq_1)    0.31    1.16    0.84 (MET)
y_reg[3]$_SDFFE_PN0P_/D (sg13g2_dfrbpq_1)    0.31    1.16    0.84 (MET)
x_reg[8]$_SDFFE_PN0P_/D (sg13g2_dfrbpq_1)    0.32    1.16    0.84 (MET)
x_reg[8]$_SDFFE_PN0P_/D (sg13g2_dfrbpq_1)    0.32    1.16    0.84 (MET)
y_reg[3]$_SDFFE_PN0P_/D (sg13g2_dfrbpq_1)    0.31    1.16    0.84 (MET)
x_reg[2]$_SDFFE_PN0P_/D (sg13g2_dfrbpq_1)    0.31    1.16    0.84 (MET)
x_reg[2]$_SDFFE_PN0P_/D (sg13g2_dfrbpq_1)    0.31    1.16    0.84 (MET)
x_reg[2]$_SDFFE_PN0P_/D (sg13g2_dfrbpq_1)    0.31    1.16    0.84 (MET)
x_reg[2]$_SDFFE_PN0P_/D (sg13g2_dfrbpq_1)    0.31    1.16    0.84 (MET)
x_reg[2]$_SDFFE_PN0P_/D (sg13g2_dfrbpq_1)    0.31    1.16    0.84 (MET)
x_reg[2]$_SDFFE_PN0P_/D (sg13g2_dfrbpq_1)    0.31    1.16    0.84 (MET)
x_reg[2]$_SDFFE_PN0P_/D (sg13g2_dfrbpq_1)    0.31    1.16    0.84 (MET)
x_reg[2]$_SDFFE_PN0P_/D (sg13g2_dfrbpq_1)    0.31    1.16    0.84 (MET)
y_reg[1]$_SDFFE_PN0P_/D (sg13g2_dfrbpq_1)    0.34    1.19    0.84 (MET)
y_reg[1]$_SDFFE_PN0P_/D (sg13g2_dfrbpq_1)    0.34    1.19    0.84 (MET)
y_reg[1]$_SDFFE_PN0P_/D (sg13g2_dfrbpq_1)    0.34    1.19    0.84 (MET)
y_reg[1]$_SDFFE_PN0P_/D (sg13g2_dfrbpq_1)    0.34    1.19    0.84 (MET)
y_reg[3]$_SDFFE_PN0P_/D (sg13g2_dfrbpq_1)    0.31    1.16    0.84 (MET)
y_reg[3]$_SDFFE_PN0P_/D (sg13g2_dfrbpq_1)    0.31    1.16    0.84 (MET)
y_reg[3]$_SDFFE_PN0P_/D (sg13g2_dfrbpq_1)    0.31    1.16    0.84 (MET)
y_reg[3]$_SDFFE_PN0P_/D (sg13g2_dfrbpq_1)    0.31    1.16    0.84 (MET)
y_reg[3]$_SDFFE_PN0P_/D (sg13g2_dfrbpq_1)    0.31    1.16    0.84 (MET)
y_reg[3]$_SDFFE_PN0P_/D (sg13g2_dfrbpq_1)    0.31    1.16    0.84 (MET)
y_reg[3]$_SDFFE_PN0P_/D (sg13g2_dfrbpq_1)    0.31    1.16    0.84 (MET)
y_reg[3]$_SDFFE_PN0P_/D (sg13g2_dfrbpq_1)    0.31    1.16    0.84 (MET)
y_reg[3]$_SDFFE_PN0P_/D (sg13g2_dfrbpq_1)    0.34    1.19    0.85 (MET)
y_reg[3]$_SDFFE_PN0P_/D (sg13g2_dfrbpq_1)    0.34    1.19    0.85 (MET)
y_reg[3]$_SDFFE_PN0P_/D (sg13g2_dfrbpq_1)    0.34    1.19    0.85 (MET)
y_reg[3]$_SDFFE_PN0P_/D (sg13g2_dfrbpq_1)    0.34    1.19    0.85 (MET)
y_reg[1]$_SDFFE_PN0P_/D (sg13g2_dfrbpq_1)    0.34    1.19    0.85 (MET)
y_reg[1]$_SDFFE_PN0P_/D (sg13g2_dfrbpq_1)    0.34    1.19    0.85 (MET)
y_reg[1]$_SDFFE_PN0P_/D (sg13g2_dfrbpq_1)    0.34    1.19    0.85 (MET)
y_reg[1]$_SDFFE_PN0P_/D (sg13g2_dfrbpq_1)    0.34    1.19    0.85 (MET)
x_reg[4]$_SDFFE_PN0P_/D (sg13g2_dfrbpq_1)    0.32    1.17    0.85 (MET)
x_reg[6]$_SDFFE_PN0P_/D (sg13g2_dfrbpq_1)    0.34    1.18    0.85 (MET)
x_reg[6]$_SDFFE_PN0P_/D (sg13g2_dfrbpq_1)    0.34    1.18    0.85 (MET)
x_reg[6]$_SDFFE_PN0P_/D (sg13g2_dfrbpq_1)    0.34    1.18    0.85 (MET)
x_reg[6]$_SDFFE_PN0P_/D (sg13g2_dfrbpq_1)    0.34    1.18    0.85 (MET)
x_reg[6]$_SDFFE_PN0P_/D (sg13g2_dfrbpq_1)    0.34    1.18    0.85 (MET)
x_reg[6]$_SDFFE_PN0P_/D (sg13g2_dfrbpq_1)    0.34    1.18    0.85 (MET)
x_reg[6]$_SDFFE_PN0P_/D (sg13g2_dfrbpq_1)    0.34    1.18    0.85 (MET)
x_reg[6]$_SDFFE_PN0P_/D (sg13g2_dfrbpq_1)    0.34    1.18    0.85 (MET)
y_reg[5]$_SDFFE_PN0P_/D (sg13g2_dfrbpq_1)    0.31    1.16    0.85 (MET)
x_reg[6]$_SDFFE_PN0P_/D (sg13g2_dfrbpq_1)    0.31    1.15    0.85 (MET)
x_reg[6]$_SDFFE_PN0P_/D (sg13g2_dfrbpq_1)    0.31    1.15    0.85 (MET)
y_reg[4]$_SDFFE_PN0P_/D (sg13g2_dfrbpq_1)    0.31    1.16    0.85 (MET)
y_reg[4]$_SDFFE_PN0P_/D (sg13g2_dfrbpq_1)    0.31    1.16    0.85 (MET)
x_reg[5]$_SDFFE_PN0P_/D (sg13g2_dfrbpq_1)    0.31    1.16    0.85 (MET)
x_reg[5]$_SDFFE_PN0P_/D (sg13g2_dfrbpq_1)    0.31    1.16    0.85 (MET)
x_reg[5]$_SDFFE_PN0P_/D (sg13g2_dfrbpq_1)    0.31    1.16    0.85 (MET)
x_reg[5]$_SDFFE_PN0P_/D (sg13g2_dfrbpq_1)    0.31    1.16    0.85 (MET)
x_reg[5]$_SDFFE_PN0P_/D (sg13g2_dfrbpq_1)    0.31    1.16    0.85 (MET)
x_reg[5]$_SDFFE_PN0P_/D (sg13g2_dfrbpq_1)    0.31    1.16    0.85 (MET)
x_reg[5]$_SDFFE_PN0P_/D (sg13g2_dfrbpq_1)    0.31    1.16    0.85 (MET)
x_reg[5]$_SDFFE_PN0P_/D (sg13g2_dfrbpq_1)    0.31    1.16    0.85 (MET)
y_reg[2]$_SDFFE_PN0P_/D (sg13g2_dfrbpq_1)    0.34    1.19    0.85 (MET)
y_reg[2]$_SDFFE_PN0P_/D (sg13g2_dfrbpq_1)    0.34    1.19    0.85 (MET)
y_reg[4]$_SDFFE_PN0P_/D (sg13g2_dfrbpq_1)    0.31    1.16    0.85 (MET)
y_reg[4]$_SDFFE_PN0P_/D (sg13g2_dfrbpq_1)    0.31    1.16    0.85 (MET)
y_reg[3]$_SDFFE_PN0P_/D (sg13g2_dfrbpq_1)    0.34    1.19    0.85 (MET)
y_reg[3]$_SDFFE_PN0P_/D (sg13g2_dfrbpq_1)    0.34    1.19    0.85 (MET)
y_reg[3]$_SDFFE_PN0P_/D (sg13g2_dfrbpq_1)    0.31    1.16    0.85 (MET)
y_reg[3]$_SDFFE_PN0P_/D (sg13g2_dfrbpq_1)    0.31    1.16    0.85 (MET)
y_reg[3]$_SDFFE_PN0P_/D (sg13g2_dfrbpq_1)    0.31    1.16    0.85 (MET)
y_reg[3]$_SDFFE_PN0P_/D (sg13g2_dfrbpq_1)    0.31    1.16    0.85 (MET)
y_reg[3]$_SDFFE_PN0P_/D (sg13g2_dfrbpq_1)    0.31    1.16    0.85 (MET)
y_reg[3]$_SDFFE_PN0P_/D (sg13g2_dfrbpq_1)    0.31    1.16    0.85 (MET)
y_reg[3]$_SDFFE_PN0P_/D (sg13g2_dfrbpq_1)    0.31    1.16    0.85 (MET)
y_reg[3]$_SDFFE_PN0P_/D (sg13g2_dfrbpq_1)    0.31    1.16    0.85 (MET)
y_reg[3]$_SDFFE_PN0P_/D (sg13g2_dfrbpq_1)    0.31    1.16    0.85 (MET)
y_reg[3]$_SDFFE_PN0P_/D (sg13g2_dfrbpq_1)    0.31    1.16    0.85 (MET)
y_reg[5]$_SDFFE_PN0P_/D (sg13g2_dfrbpq_1)    0.31    1.16    0.85 (MET)
x_reg[4]$_SDFFE_PN0P_/D (sg13g2_dfrbpq_1)    0.35    1.20    0.85 (MET)
x_reg[4]$_SDFFE_PN0P_/D (sg13g2_dfrbpq_1)    0.35    1.20    0.85 (MET)
x_reg[4]$_SDFFE_PN0P_/D (sg13g2_dfrbpq_1)    0.35    1.20    0.85 (MET)
x_reg[4]$_SDFFE_PN0P_/D (sg13g2_dfrbpq_1)    0.35    1.20    0.85 (MET)
x_reg[4]$_SDFFE_PN0P_/D (sg13g2_dfrbpq_1)    0.35    1.20    0.85 (MET)
x_reg[4]$_SDFFE_PN0P_/D (sg13g2_dfrbpq_1)    0.35    1.20    0.85 (MET)
x_reg[4]$_SDFFE_PN0P_/D (sg13g2_dfrbpq_1)    0.35    1.20    0.85 (MET)
x_reg[4]$_SDFFE_PN0P_/D (sg13g2_dfrbpq_1)    0.35    1.20    0.85 (MET)
y_reg[1]$_SDFFE_PN0P_/D (sg13g2_dfrbpq_1)    0.34    1.19    0.85 (MET)
y_reg[1]$_SDFFE_PN0P_/D (sg13g2_dfrbpq_1)    0.34    1.19    0.85 (MET)
y_reg[1]$_SDFFE_PN0P_/D (sg13g2_dfrbpq_1)    0.34    1.19    0.85 (MET)
y_reg[1]$_SDFFE_PN0P_/D (sg13g2_dfrbpq_1)    0.34    1.19    0.85 (MET)
y_reg[2]$_SDFFE_PN0P_/D (sg13g2_dfrbpq_1)    0.31    1.16    0.85 (MET)
x_reg[4]$_SDFFE_PN0P_/D (sg13g2_dfrbpq_1)    0.35    1.20    0.85 (MET)
y_reg[4]$_SDFFE_PN0P_/D (sg13g2_dfrbpq_1)    0.31    1.16    0.85 (MET)
y_reg[4]$_SDFFE_PN0P_/D (sg13g2_dfrbpq_1)    0.31    1.16    0.85 (MET)
y_reg[4]$_SDFFE_PN0P_/D (sg13g2_dfrbpq_1)    0.31    1.16    0.85 (MET)
y_reg[4]$_SDFFE_PN0P_/D (sg13g2_dfrbpq_1)    0.31    1.16    0.85 (MET)
y_reg[3]$_SDFFE_PN0P_/D (sg13g2_dfrbpq_1)    0.34    1.19    0.85 (MET)
y_reg[3]$_SDFFE_PN0P_/D (sg13g2_dfrbpq_1)    0.34    1.19    0.85 (MET)
y_reg[3]$_SDFFE_PN0P_/D (sg13g2_dfrbpq_1)    0.34    1.19    0.85 (MET)
y_reg[3]$_SDFFE_PN0P_/D (sg13g2_dfrbpq_1)    0.34    1.19    0.85 (MET)
y_reg[3]$_SDFFE_PN0P_/D (sg13g2_dfrbpq_1)    0.34    1.19    0.85 (MET)
y_reg[3]$_SDFFE_PN0P_/D (sg13g2_dfrbpq_1)    0.34    1.19    0.85 (MET)
y_reg[3]$_SDFFE_PN0P_/D (sg13g2_dfrbpq_1)    0.34    1.19    0.85 (MET)
y_reg[3]$_SDFFE_PN0P_/D (sg13g2_dfrbpq_1)    0.34    1.19    0.85 (MET)
y_reg[5]$_SDFFE_PN0P_/D (sg13g2_dfrbpq_1)    0.31    1.16    0.85 (MET)
y_reg[5]$_SDFFE_PN0P_/D (sg13g2_dfrbpq_1)    0.31    1.16    0.85 (MET)
y_reg[3]$_SDFFE_PN0P_/D (sg13g2_dfrbpq_1)    0.34    1.19    0.85 (MET)
y_reg[3]$_SDFFE_PN0P_/D (sg13g2_dfrbpq_1)    0.34    1.19    0.85 (MET)
x_reg[5]$_SDFFE_PN0P_/D (sg13g2_dfrbpq_1)    0.31    1.16    0.85 (MET)
x_reg[5]$_SDFFE_PN0P_/D (sg13g2_dfrbpq_1)    0.31    1.16    0.85 (MET)
x_reg[5]$_SDFFE_PN0P_/D (sg13g2_dfrbpq_1)    0.31    1.16    0.85 (MET)
x_reg[5]$_SDFFE_PN0P_/D (sg13g2_dfrbpq_1)    0.31    1.16    0.85 (MET)
x_reg[5]$_SDFFE_PN0P_/D (sg13g2_dfrbpq_1)    0.31    1.16    0.85 (MET)
x_reg[5]$_SDFFE_PN0P_/D (sg13g2_dfrbpq_1)    0.31    1.16    0.85 (MET)
x_reg[5]$_SDFFE_PN0P_/D (sg13g2_dfrbpq_1)    0.31    1.16    0.85 (MET)
x_reg[5]$_SDFFE_PN0P_/D (sg13g2_dfrbpq_1)    0.31    1.16    0.85 (MET)
x_reg[5]$_SDFFE_PN0P_/D (sg13g2_dfrbpq_1)    0.31    1.16    0.85 (MET)
x_reg[5]$_SDFFE_PN0P_/D (sg13g2_dfrbpq_1)    0.31    1.16    0.85 (MET)
x_reg[5]$_SDFFE_PN0P_/D (sg13g2_dfrbpq_1)    0.31    1.16    0.85 (MET)
x_reg[5]$_SDFFE_PN0P_/D (sg13g2_dfrbpq_1)    0.31    1.16    0.85 (MET)
x_reg[5]$_SDFFE_PN0P_/D (sg13g2_dfrbpq_1)    0.31    1.16    0.85 (MET)
x_reg[5]$_SDFFE_PN0P_/D (sg13g2_dfrbpq_1)    0.31    1.16    0.85 (MET)
x_reg[5]$_SDFFE_PN0P_/D (sg13g2_dfrbpq_1)    0.31    1.16    0.85 (MET)
x_reg[5]$_SDFFE_PN0P_/D (sg13g2_dfrbpq_1)    0.31    1.16    0.85 (MET)
x_reg[2]$_SDFFE_PN0P_/D (sg13g2_dfrbpq_1)    0.31    1.16    0.85 (MET)
x_reg[2]$_SDFFE_PN0P_/D (sg13g2_dfrbpq_1)    0.31    1.16    0.85 (MET)
x_reg[4]$_SDFFE_PN0P_/D (sg13g2_dfrbpq_1)    0.32    1.17    0.85 (MET)
x_reg[4]$_SDFFE_PN0P_/D (sg13g2_dfrbpq_1)    0.32    1.17    0.85 (MET)
x_reg[4]$_SDFFE_PN0P_/D (sg13g2_dfrbpq_1)    0.35    1.20    0.85 (MET)
x_reg[4]$_SDFFE_PN0P_/D (sg13g2_dfrbpq_1)    0.35    1.20    0.85 (MET)
x_reg[4]$_SDFFE_PN0P_/D (sg13g2_dfrbpq_1)    0.35    1.20    0.85 (MET)
x_reg[4]$_SDFFE_PN0P_/D (sg13g2_dfrbpq_1)    0.35    1.20    0.85 (MET)
x_reg[4]$_SDFFE_PN0P_/D (sg13g2_dfrbpq_1)    0.35    1.20    0.85 (MET)
x_reg[4]$_SDFFE_PN0P_/D (sg13g2_dfrbpq_1)    0.35    1.20    0.85 (MET)
x_reg[4]$_SDFFE_PN0P_/D (sg13g2_dfrbpq_1)    0.35    1.20    0.85 (MET)
x_reg[4]$_SDFFE_PN0P_/D (sg13g2_dfrbpq_1)    0.35    1.20    0.85 (MET)
x_reg[6]$_SDFFE_PN0P_/D (sg13g2_dfrbpq_1)    0.31    1.15    0.85 (MET)
x_reg[6]$_SDFFE_PN0P_/D (sg13g2_dfrbpq_1)    0.31    1.15    0.85 (MET)
y_reg[4]$_SDFFE_PN0P_/D (sg13g2_dfrbpq_1)    0.31    1.16    0.85 (MET)
y_reg[4]$_SDFFE_PN0P_/D (sg13g2_dfrbpq_1)    0.31    1.16    0.85 (MET)
y_reg[4]$_SDFFE_PN0P_/D (sg13g2_dfrbpq_1)    0.31    1.16    0.85 (MET)
y_reg[4]$_SDFFE_PN0P_/D (sg13g2_dfrbpq_1)    0.31    1.16    0.85 (MET)
x_reg[1]$_SDFFE_PN0P_/D (sg13g2_dfrbpq_1)    0.32    1.17    0.85 (MET)
x_reg[6]$_SDFFE_PN0P_/D (sg13g2_dfrbpq_1)    0.31    1.15    0.85 (MET)
x_reg[6]$_SDFFE_PN0P_/D (sg13g2_dfrbpq_1)    0.31    1.15    0.85 (MET)
x_reg[5]$_SDFFE_PN0P_/D (sg13g2_dfrbpq_1)    0.34    1.19    0.85 (MET)
x_reg[5]$_SDFFE_PN0P_/D (sg13g2_dfrbpq_1)    0.34    1.19    0.85 (MET)
x_reg[5]$_SDFFE_PN0P_/D (sg13g2_dfrbpq_1)    0.34    1.19    0.85 (MET)
x_reg[5]$_SDFFE_PN0P_/D (sg13g2_dfrbpq_1)    0.34    1.19    0.85 (MET)
x_reg[6]$_SDFFE_PN0P_/D (sg13g2_dfrbpq_1)    0.31    1.15    0.85 (MET)
y_reg[4]$_SDFFE_PN0P_/D (sg13g2_dfrbpq_1)    0.31    1.16    0.85 (MET)
y_reg[4]$_SDFFE_PN0P_/D (sg13g2_dfrbpq_1)    0.31    1.16    0.85 (MET)
y_reg[4]$_SDFFE_PN0P_/D (sg13g2_dfrbpq_1)    0.31    1.16    0.85 (MET)
y_reg[4]$_SDFFE_PN0P_/D (sg13g2_dfrbpq_1)    0.31    1.16    0.85 (MET)
x_reg[4]$_SDFFE_PN0P_/D (sg13g2_dfrbpq_1)    0.32    1.17    0.85 (MET)
x_reg[4]$_SDFFE_PN0P_/D (sg13g2_dfrbpq_1)    0.32    1.17    0.85 (MET)
x_reg[4]$_SDFFE_PN0P_/D (sg13g2_dfrbpq_1)    0.32    1.17    0.85 (MET)
x_reg[4]$_SDFFE_PN0P_/D (sg13g2_dfrbpq_1)    0.32    1.17    0.85 (MET)
x_reg[4]$_SDFFE_PN0P_/D (sg13g2_dfrbpq_1)    0.32    1.17    0.85 (MET)
x_reg[4]$_SDFFE_PN0P_/D (sg13g2_dfrbpq_1)    0.32    1.17    0.85 (MET)
x_reg[4]$_SDFFE_PN0P_/D (sg13g2_dfrbpq_1)    0.32    1.17    0.85 (MET)
x_reg[4]$_SDFFE_PN0P_/D (sg13g2_dfrbpq_1)    0.32    1.17    0.85 (MET)
y_reg[5]$_SDFFE_PN0P_/D (sg13g2_dfrbpq_1)    0.34    1.19    0.85 (MET)
x_reg[9]$_SDFFE_PN0P_/D (sg13g2_dfrbpq_1)    0.34    1.19    0.85 (MET)
x_reg[9]$_SDFFE_PN0P_/D (sg13g2_dfrbpq_1)    0.34    1.19    0.85 (MET)
y_reg[5]$_SDFFE_PN0P_/D (sg13g2_dfrbpq_1)    0.31    1.16    0.85 (MET)
y_reg[5]$_SDFFE_PN0P_/D (sg13g2_dfrbpq_1)    0.31    1.16    0.85 (MET)
y_reg[2]$_SDFFE_PN0P_/D (sg13g2_dfrbpq_1)    0.31    1.16    0.85 (MET)
y_reg[2]$_SDFFE_PN0P_/D (sg13g2_dfrbpq_1)    0.31    1.16    0.85 (MET)
x_reg[6]$_SDFFE_PN0P_/D (sg13g2_dfrbpq_1)    0.31    1.15    0.85 (MET)
x_reg[6]$_SDFFE_PN0P_/D (sg13g2_dfrbpq_1)    0.31    1.15    0.85 (MET)
y_reg[2]$_SDFFE_PN0P_/D (sg13g2_dfrbpq_1)    0.34    1.19    0.85 (MET)
x_reg[4]$_SDFFE_PN0P_/D (sg13g2_dfrbpq_1)    0.35    1.20    0.85 (MET)
x_reg[4]$_SDFFE_PN0P_/D (sg13g2_dfrbpq_1)    0.35    1.20    0.85 (MET)
x_reg[4]$_SDFFE_PN0P_/D (sg13g2_dfrbpq_1)    0.32    1.17    0.85 (MET)
x_reg[4]$_SDFFE_PN0P_/D (sg13g2_dfrbpq_1)    0.32    1.17    0.85 (MET)
x_reg[4]$_SDFFE_PN0P_/D (sg13g2_dfrbpq_1)    0.32    1.17    0.85 (MET)
x_reg[4]$_SDFFE_PN0P_/D (sg13g2_dfrbpq_1)    0.32    1.17    0.85 (MET)
x_reg[4]$_SDFFE_PN0P_/D (sg13g2_dfrbpq_1)    0.32    1.17    0.85 (MET)
x_reg[4]$_SDFFE_PN0P_/D (sg13g2_dfrbpq_1)    0.32    1.17    0.85 (MET)
x_reg[4]$_SDFFE_PN0P_/D (sg13g2_dfrbpq_1)    0.32    1.17    0.85 (MET)
x_reg[4]$_SDFFE_PN0P_/D (sg13g2_dfrbpq_1)    0.32    1.17    0.85 (MET)
y_reg[5]$_SDFFE_PN0P_/D (sg13g2_dfrbpq_1)    0.34    1.19    0.85 (MET)
y_reg[5]$_SDFFE_PN0P_/D (sg13g2_dfrbpq_1)    0.31    1.16    0.85 (MET)
y_reg[5]$_SDFFE_PN0P_/D (sg13g2_dfrbpq_1)    0.31    1.16    0.85 (MET)
y_reg[3]$_SDFFE_PN0P_/D (sg13g2_dfrbpq_1)    0.34    1.19    0.85 (MET)
y_reg[3]$_SDFFE_PN0P_/D (sg13g2_dfrbpq_1)    0.34    1.19    0.85 (MET)
y_reg[4]$_SDFFE_PN0P_/D (sg13g2_dfrbpq_1)    0.31    1.16    0.85 (MET)
y_reg[4]$_SDFFE_PN0P_/D (sg13g2_dfrbpq_1)    0.31    1.16    0.85 (MET)
y_reg[4]$_SDFFE_PN0P_/D (sg13g2_dfrbpq_1)    0.31    1.16    0.85 (MET)
y_reg[4]$_SDFFE_PN0P_/D (sg13g2_dfrbpq_1)    0.31    1.16    0.85 (MET)
y_reg[4]$_SDFFE_PN0P_/D (sg13g2_dfrbpq_1)    0.31    1.16    0.85 (MET)
y_reg[4]$_SDFFE_PN0P_/D (sg13g2_dfrbpq_1)    0.31    1.16    0.85 (MET)
y_reg[4]$_SDFFE_PN0P_/D (sg13g2_dfrbpq_1)    0.31    1.16    0.85 (MET)
y_reg[4]$_SDFFE_PN0P_/D (sg13g2_dfrbpq_1)    0.31    1.16    0.85 (MET)
y_reg[3]$_SDFFE_PN0P_/D (sg13g2_dfrbpq_1)    0.34    1.19    0.85 (MET)
y_reg[3]$_SDFFE_PN0P_/D (sg13g2_dfrbpq_1)    0.34    1.19    0.85 (MET)
y_reg[3]$_SDFFE_PN0P_/D (sg13g2_dfrbpq_1)    0.34    1.19    0.85 (MET)
y_reg[3]$_SDFFE_PN0P_/D (sg13g2_dfrbpq_1)    0.34    1.19    0.85 (MET)
x_reg[6]$_SDFFE_PN0P_/D (sg13g2_dfrbpq_1)    0.34    1.18    0.85 (MET)
x_reg[6]$_SDFFE_PN0P_/D (sg13g2_dfrbpq_1)    0.34    1.18    0.85 (MET)
y_reg[5]$_SDFFE_PN0P_/D (sg13g2_dfrbpq_1)    0.34    1.19    0.85 (MET)
y_reg[5]$_SDFFE_PN0P_/D (sg13g2_dfrbpq_1)    0.34    1.19    0.85 (MET)
x_reg[4]$_SDFFE_PN0P_/D (sg13g2_dfrbpq_1)    0.32    1.17    0.85 (MET)
x_reg[4]$_SDFFE_PN0P_/D (sg13g2_dfrbpq_1)    0.32    1.17    0.85 (MET)
x_reg[4]$_SDFFE_PN0P_/D (sg13g2_dfrbpq_1)    0.32    1.17    0.85 (MET)
x_reg[4]$_SDFFE_PN0P_/D (sg13g2_dfrbpq_1)    0.32    1.17    0.85 (MET)
x_reg[4]$_SDFFE_PN0P_/D (sg13g2_dfrbpq_1)    0.32    1.17    0.85 (MET)
x_reg[4]$_SDFFE_PN0P_/D (sg13g2_dfrbpq_1)    0.32    1.17    0.85 (MET)
x_reg[4]$_SDFFE_PN0P_/D (sg13g2_dfrbpq_1)    0.32    1.17    0.85 (MET)
x_reg[4]$_SDFFE_PN0P_/D (sg13g2_dfrbpq_1)    0.32    1.17    0.85 (MET)
x_reg[4]$_SDFFE_PN0P_/D (sg13g2_dfrbpq_1)    0.32    1.17    0.85 (MET)
x_reg[4]$_SDFFE_PN0P_/D (sg13g2_dfrbpq_1)    0.32    1.17    0.85 (MET)
x_reg[4]$_SDFFE_PN0P_/D (sg13g2_dfrbpq_1)    0.32    1.17    0.85 (MET)
x_reg[4]$_SDFFE_PN0P_/D (sg13g2_dfrbpq_1)    0.32    1.17    0.85 (MET)
x_reg[4]$_SDFFE_PN0P_/D (sg13g2_dfrbpq_1)    0.32    1.17    0.85 (MET)
x_reg[4]$_SDFFE_PN0P_/D (sg13g2_dfrbpq_1)    0.32    1.17    0.85 (MET)
x_reg[4]$_SDFFE_PN0P_/D (sg13g2_dfrbpq_1)    0.32    1.17    0.85 (MET)
x_reg[4]$_SDFFE_PN0P_/D (sg13g2_dfrbpq_1)    0.32    1.17    0.85 (MET)
x_reg[4]$_SDFFE_PN0P_/D (sg13g2_dfrbpq_1)    0.35    1.20    0.85 (MET)
x_reg[4]$_SDFFE_PN0P_/D (sg13g2_dfrbpq_1)    0.35    1.20    0.85 (MET)
x_reg[4]$_SDFFE_PN0P_/D (sg13g2_dfrbpq_1)    0.35    1.20    0.85 (MET)
x_reg[4]$_SDFFE_PN0P_/D (sg13g2_dfrbpq_1)    0.35    1.20    0.85 (MET)
x_reg[4]$_SDFFE_PN0P_/D (sg13g2_dfrbpq_1)    0.35    1.20    0.85 (MET)
x_reg[4]$_SDFFE_PN0P_/D (sg13g2_dfrbpq_1)    0.35    1.20    0.85 (MET)
x_reg[4]$_SDFFE_PN0P_/D (sg13g2_dfrbpq_1)    0.35    1.20    0.85 (MET)
x_reg[4]$_SDFFE_PN0P_/D (sg13g2_dfrbpq_1)    0.35    1.20    0.85 (MET)
x_reg[4]$_SDFFE_PN0P_/D (sg13g2_dfrbpq_1)    0.32    1.17    0.85 (MET)
x_reg[4]$_SDFFE_PN0P_/D (sg13g2_dfrbpq_1)    0.32    1.17    0.85 (MET)
x_reg[4]$_SDFFE_PN0P_/D (sg13g2_dfrbpq_1)    0.32    1.17    0.85 (MET)
x_reg[4]$_SDFFE_PN0P_/D (sg13g2_dfrbpq_1)    0.32    1.17    0.85 (MET)
x_reg[4]$_SDFFE_PN0P_/D (sg13g2_dfrbpq_1)    0.32    1.17    0.85 (MET)
x_reg[4]$_SDFFE_PN0P_/D (sg13g2_dfrbpq_1)    0.32    1.17    0.85 (MET)
x_reg[4]$_SDFFE_PN0P_/D (sg13g2_dfrbpq_1)    0.32    1.17    0.85 (MET)
x_reg[4]$_SDFFE_PN0P_/D (sg13g2_dfrbpq_1)    0.32    1.17    0.85 (MET)
x_reg[4]$_SDFFE_PN0P_/D (sg13g2_dfrbpq_1)    0.32    1.17    0.85 (MET)
x_reg[4]$_SDFFE_PN0P_/D (sg13g2_dfrbpq_1)    0.32    1.17    0.85 (MET)
x_reg[4]$_SDFFE_PN0P_/D (sg13g2_dfrbpq_1)    0.32    1.17    0.85 (MET)
x_reg[4]$_SDFFE_PN0P_/D (sg13g2_dfrbpq_1)    0.32    1.17    0.85 (MET)
x_reg[4]$_SDFFE_PN0P_/D (sg13g2_dfrbpq_1)    0.32    1.17    0.85 (MET)
x_reg[4]$_SDFFE_PN0P_/D (sg13g2_dfrbpq_1)    0.32    1.17    0.85 (MET)
x_reg[4]$_SDFFE_PN0P_/D (sg13g2_dfrbpq_1)    0.32    1.17    0.85 (MET)
x_reg[4]$_SDFFE_PN0P_/D (sg13g2_dfrbpq_1)    0.32    1.17    0.85 (MET)
y_reg[5]$_SDFFE_PN0P_/D (sg13g2_dfrbpq_1)    0.31    1.16    0.85 (MET)
y_reg[5]$_SDFFE_PN0P_/D (sg13g2_dfrbpq_1)    0.31    1.16    0.85 (MET)
y_reg[5]$_SDFFE_PN0P_/D (sg13g2_dfrbpq_1)    0.31    1.16    0.85 (MET)
y_reg[5]$_SDFFE_PN0P_/D (sg13g2_dfrbpq_1)    0.31    1.16    0.85 (MET)
y_reg[3]$_SDFFE_PN0P_/D (sg13g2_dfrbpq_1)    0.34    1.19    0.85 (MET)
y_reg[3]$_SDFFE_PN0P_/D (sg13g2_dfrbpq_1)    0.34    1.19    0.85 (MET)
y_reg[3]$_SDFFE_PN0P_/D (sg13g2_dfrbpq_1)    0.34    1.19    0.85 (MET)
y_reg[3]$_SDFFE_PN0P_/D (sg13g2_dfrbpq_1)    0.34    1.19    0.85 (MET)
y_reg[3]$_SDFFE_PN0P_/D (sg13g2_dfrbpq_1)    0.34    1.19    0.85 (MET)
x_reg[4]$_SDFFE_PN0P_/D (sg13g2_dfrbpq_1)    0.35    1.20    0.85 (MET)
x_reg[4]$_SDFFE_PN0P_/D (sg13g2_dfrbpq_1)    0.35    1.20    0.85 (MET)
x_reg[4]$_SDFFE_PN0P_/D (sg13g2_dfrbpq_1)    0.35    1.20    0.85 (MET)
x_reg[4]$_SDFFE_PN0P_/D (sg13g2_dfrbpq_1)    0.35    1.20    0.85 (MET)
x_reg[4]$_SDFFE_PN0P_/D (sg13g2_dfrbpq_1)    0.35    1.20    0.85 (MET)
x_reg[4]$_SDFFE_PN0P_/D (sg13g2_dfrbpq_1)    0.35    1.20    0.85 (MET)
x_reg[4]$_SDFFE_PN0P_/D (sg13g2_dfrbpq_1)    0.35    1.20    0.85 (MET)
x_reg[4]$_SDFFE_PN0P_/D (sg13g2_dfrbpq_1)    0.35    1.20    0.85 (MET)
x_reg[4]$_SDFFE_PN0P_/D (sg13g2_dfrbpq_1)    0.35    1.20    0.85 (MET)
x_reg[6]$_SDFFE_PN0P_/D (sg13g2_dfrbpq_1)    0.31    1.16    0.85 (MET)
x_reg[6]$_SDFFE_PN0P_/D (sg13g2_dfrbpq_1)    0.31    1.16    0.85 (MET)
x_reg[6]$_SDFFE_PN0P_/D (sg13g2_dfrbpq_1)    0.31    1.16    0.85 (MET)
x_reg[6]$_SDFFE_PN0P_/D (sg13g2_dfrbpq_1)    0.31    1.16    0.85 (MET)
x_reg[6]$_SDFFE_PN0P_/D (sg13g2_dfrbpq_1)    0.34    1.18    0.85 (MET)
y_reg[5]$_SDFFE_PN0P_/D (sg13g2_dfrbpq_1)    0.31    1.16    0.85 (MET)
y_reg[5]$_SDFFE_PN0P_/D (sg13g2_dfrbpq_1)    0.31    1.16    0.85 (MET)
x_reg[4]$_SDFFE_PN0P_/D (sg13g2_dfrbpq_1)    0.35    1.20    0.85 (MET)
x_reg[4]$_SDFFE_PN0P_/D (sg13g2_dfrbpq_1)    0.35    1.20    0.85 (MET)
x_reg[4]$_SDFFE_PN0P_/D (sg13g2_dfrbpq_1)    0.35    1.20    0.85 (MET)
x_reg[4]$_SDFFE_PN0P_/D (sg13g2_dfrbpq_1)    0.35    1.20    0.85 (MET)
x_reg[4]$_SDFFE_PN0P_/D (sg13g2_dfrbpq_1)    0.35    1.20    0.85 (MET)
x_reg[4]$_SDFFE_PN0P_/D (sg13g2_dfrbpq_1)    0.35    1.20    0.85 (MET)
x_reg[4]$_SDFFE_PN0P_/D (sg13g2_dfrbpq_1)    0.35    1.20    0.85 (MET)
x_reg[4]$_SDFFE_PN0P_/D (sg13g2_dfrbpq_1)    0.35    1.20    0.85 (MET)
x_reg[4]$_SDFFE_PN0P_/D (sg13g2_dfrbpq_1)    0.35    1.20    0.85 (MET)
x_reg[4]$_SDFFE_PN0P_/D (sg13g2_dfrbpq_1)    0.35    1.20    0.85 (MET)
x_reg[4]$_SDFFE_PN0P_/D (sg13g2_dfrbpq_1)    0.35    1.20    0.85 (MET)
x_reg[4]$_SDFFE_PN0P_/D (sg13g2_dfrbpq_1)    0.35    1.20    0.85 (MET)
x_reg[4]$_SDFFE_PN0P_/D (sg13g2_dfrbpq_1)    0.35    1.20    0.85 (MET)
x_reg[4]$_SDFFE_PN0P_/D (sg13g2_dfrbpq_1)    0.35    1.20    0.85 (MET)
x_reg[4]$_SDFFE_PN0P_/D (sg13g2_dfrbpq_1)    0.35    1.20    0.85 (MET)
x_reg[4]$_SDFFE_PN0P_/D (sg13g2_dfrbpq_1)    0.35    1.20    0.85 (MET)
x_reg[4]$_SDFFE_PN0P_/D (sg13g2_dfrbpq_1)    0.35    1.20    0.85 (MET)
x_reg[4]$_SDFFE_PN0P_/D (sg13g2_dfrbpq_1)    0.35    1.20    0.85 (MET)
x_reg[4]$_SDFFE_PN0P_/D (sg13g2_dfrbpq_1)    0.35    1.20    0.85 (MET)
x_reg[4]$_SDFFE_PN0P_/D (sg13g2_dfrbpq_1)    0.35    1.20    0.85 (MET)
x_reg[4]$_SDFFE_PN0P_/D (sg13g2_dfrbpq_1)    0.35    1.20    0.85 (MET)
x_reg[4]$_SDFFE_PN0P_/D (sg13g2_dfrbpq_1)    0.35    1.20    0.85 (MET)
x_reg[4]$_SDFFE_PN0P_/D (sg13g2_dfrbpq_1)    0.35    1.20    0.85 (MET)
x_reg[4]$_SDFFE_PN0P_/D (sg13g2_dfrbpq_1)    0.35    1.20    0.85 (MET)
x_reg[4]$_SDFFE_PN0P_/D (sg13g2_dfrbpq_1)    0.35    1.20    0.85 (MET)
x_reg[4]$_SDFFE_PN0P_/D (sg13g2_dfrbpq_1)    0.35    1.20    0.85 (MET)
x_reg[4]$_SDFFE_PN0P_/D (sg13g2_dfrbpq_1)    0.35    1.20    0.85 (MET)
x_reg[4]$_SDFFE_PN0P_/D (sg13g2_dfrbpq_1)    0.35    1.20    0.85 (MET)
x_reg[4]$_SDFFE_PN0P_/D (sg13g2_dfrbpq_1)    0.35    1.20    0.85 (MET)
x_reg[4]$_SDFFE_PN0P_/D (sg13g2_dfrbpq_1)    0.35    1.20    0.85 (MET)
x_reg[4]$_SDFFE_PN0P_/D (sg13g2_dfrbpq_1)    0.35    1.20    0.85 (MET)
x_reg[4]$_SDFFE_PN0P_/D (sg13g2_dfrbpq_1)    0.35    1.20    0.85 (MET)
x_reg[4]$_SDFFE_PN0P_/D (sg13g2_dfrbpq_1)    0.35    1.20    0.85 (MET)
x_reg[4]$_SDFFE_PN0P_/D (sg13g2_dfrbpq_1)    0.35    1.20    0.85 (MET)
x_reg[4]$_SDFFE_PN0P_/D (sg13g2_dfrbpq_1)    0.35    1.20    0.85 (MET)
x_reg[4]$_SDFFE_PN0P_/D (sg13g2_dfrbpq_1)    0.35    1.20    0.85 (MET)
x_reg[2]$_SDFFE_PN0P_/D (sg13g2_dfrbpq_1)    0.31    1.16    0.85 (MET)
x_reg[4]$_SDFFE_PN0P_/D (sg13g2_dfrbpq_1)    0.35    1.20    0.85 (MET)
x_reg[4]$_SDFFE_PN0P_/D (sg13g2_dfrbpq_1)    0.35    1.20    0.85 (MET)
x_reg[4]$_SDFFE_PN0P_/D (sg13g2_dfrbpq_1)    0.35    1.20    0.85 (MET)
x_reg[4]$_SDFFE_PN0P_/D (sg13g2_dfrbpq_1)    0.35    1.20    0.85 (MET)
y_reg[4]$_SDFFE_PN0P_/D (sg13g2_dfrbpq_1)    0.34    1.19    0.85 (MET)
y_reg[4]$_SDFFE_PN0P_/D (sg13g2_dfrbpq_1)    0.34    1.19    0.85 (MET)
y_reg[4]$_SDFFE_PN0P_/D (sg13g2_dfrbpq_1)    0.34    1.19    0.85 (MET)
y_reg[4]$_SDFFE_PN0P_/D (sg13g2_dfrbpq_1)    0.34    1.19    0.85 (MET)
x_reg[7]$_SDFFE_PN0P_/D (sg13g2_dfrbpq_1)    0.30    1.15    0.85 (MET)
x_reg[7]$_SDFFE_PN0P_/D (sg13g2_dfrbpq_1)    0.30    1.15    0.85 (MET)
y_reg[5]$_SDFFE_PN0P_/D (sg13g2_dfrbpq_1)    0.31    1.16    0.85 (MET)
x_reg[2]$_SDFFE_PN0P_/D (sg13g2_dfrbpq_1)    0.31    1.16    0.85 (MET)
y_reg[4]$_SDFFE_PN0P_/D (sg13g2_dfrbpq_1)    0.34    1.19    0.85 (MET)
y_reg[4]$_SDFFE_PN0P_/D (sg13g2_dfrbpq_1)    0.34    1.19    0.85 (MET)
y_reg[4]$_SDFFE_PN0P_/D (sg13g2_dfrbpq_1)    0.34    1.19    0.85 (MET)
y_reg[4]$_SDFFE_PN0P_/D (sg13g2_dfrbpq_1)    0.34    1.19    0.85 (MET)
y_reg[5]$_SDFFE_PN0P_/D (sg13g2_dfrbpq_1)    0.31    1.16    0.85 (MET)
x_reg[5]$_SDFFE_PN0P_/D (sg13g2_dfrbpq_1)    0.34    1.19    0.85 (MET)
x_reg[5]$_SDFFE_PN0P_/D (sg13g2_dfrbpq_1)    0.34    1.19    0.85 (MET)
x_reg[5]$_SDFFE_PN0P_/D (sg13g2_dfrbpq_1)    0.34    1.19    0.85 (MET)
x_reg[5]$_SDFFE_PN0P_/D (sg13g2_dfrbpq_1)    0.34    1.19    0.85 (MET)
y_reg[5]$_SDFFE_PN0P_/D (sg13g2_dfrbpq_1)    0.31    1.16    0.85 (MET)
y_reg[5]$_SDFFE_PN0P_/D (sg13g2_dfrbpq_1)    0.31    1.16    0.85 (MET)
x_reg[2]$_SDFFE_PN0P_/D (sg13g2_dfrbpq_1)    0.31    1.16    0.85 (MET)
x_reg[2]$_SDFFE_PN0P_/D (sg13g2_dfrbpq_1)    0.31    1.16    0.85 (MET)
y_reg[3]$_SDFFE_PN0P_/D (sg13g2_dfrbpq_1)    0.34    1.19    0.85 (MET)
y_reg[3]$_SDFFE_PN0P_/D (sg13g2_dfrbpq_1)    0.34    1.19    0.85 (MET)
y_reg[3]$_SDFFE_PN0P_/D (sg13g2_dfrbpq_1)    0.34    1.19    0.85 (MET)
y_reg[3]$_SDFFE_PN0P_/D (sg13g2_dfrbpq_1)    0.34    1.19    0.85 (MET)
y_reg[5]$_SDFFE_PN0P_/D (sg13g2_dfrbpq_1)    0.31    1.16    0.85 (MET)
y_reg[5]$_SDFFE_PN0P_/D (sg13g2_dfrbpq_1)    0.31    1.16    0.85 (MET)
y_reg[5]$_SDFFE_PN0P_/D (sg13g2_dfrbpq_1)    0.31    1.16    0.85 (MET)
y_reg[5]$_SDFFE_PN0P_/D (sg13g2_dfrbpq_1)    0.31    1.16    0.85 (MET)
y_reg[4]$_SDFFE_PN0P_/D (sg13g2_dfrbpq_1)    0.34    1.19    0.85 (MET)
y_reg[4]$_SDFFE_PN0P_/D (sg13g2_dfrbpq_1)    0.34    1.19    0.85 (MET)
y_reg[4]$_SDFFE_PN0P_/D (sg13g2_dfrbpq_1)    0.34    1.19    0.85 (MET)
y_reg[4]$_SDFFE_PN0P_/D (sg13g2_dfrbpq_1)    0.34    1.19    0.85 (MET)
y_reg[4]$_SDFFE_PN0P_/D (sg13g2_dfrbpq_1)    0.34    1.19    0.85 (MET)
y_reg[4]$_SDFFE_PN0P_/D (sg13g2_dfrbpq_1)    0.34    1.19    0.85 (MET)
y_reg[4]$_SDFFE_PN0P_/D (sg13g2_dfrbpq_1)    0.34    1.19    0.85 (MET)
y_reg[4]$_SDFFE_PN0P_/D (sg13g2_dfrbpq_1)    0.34    1.19    0.85 (MET)
y_reg[6]$_SDFFE_PN0P_/D (sg13g2_dfrbpq_1)    0.34    1.19    0.85 (MET)
y_reg[6]$_SDFFE_PN0P_/D (sg13g2_dfrbpq_1)    0.34    1.19    0.85 (MET)
y_reg[6]$_SDFFE_PN0P_/D (sg13g2_dfrbpq_1)    0.34    1.19    0.85 (MET)
y_reg[6]$_SDFFE_PN0P_/D (sg13g2_dfrbpq_1)    0.34    1.19    0.85 (MET)
y_reg[5]$_SDFFE_PN0P_/D (sg13g2_dfrbpq_1)    0.31    1.16    0.85 (MET)
y_reg[5]$_SDFFE_PN0P_/D (sg13g2_dfrbpq_1)    0.31    1.16    0.85 (MET)
x_reg[2]$_SDFFE_PN0P_/D (sg13g2_dfrbpq_1)    0.31    1.16    0.85 (MET)
x_reg[2]$_SDFFE_PN0P_/D (sg13g2_dfrbpq_1)    0.31    1.16    0.85 (MET)
y_reg[5]$_SDFFE_PN0P_/D (sg13g2_dfrbpq_1)    0.31    1.16    0.85 (MET)
y_reg[5]$_SDFFE_PN0P_/D (sg13g2_dfrbpq_1)    0.31    1.16    0.85 (MET)
y_reg[6]$_SDFFE_PN0P_/D (sg13g2_dfrbpq_1)    0.34    1.19    0.85 (MET)
y_reg[6]$_SDFFE_PN0P_/D (sg13g2_dfrbpq_1)    0.34    1.19    0.85 (MET)
y_reg[6]$_SDFFE_PN0P_/D (sg13g2_dfrbpq_1)    0.34    1.19    0.85 (MET)
y_reg[6]$_SDFFE_PN0P_/D (sg13g2_dfrbpq_1)    0.34    1.19    0.85 (MET)
x_reg[6]$_SDFFE_PN0P_/D (sg13g2_dfrbpq_1)    0.31    1.16    0.85 (MET)
x_reg[6]$_SDFFE_PN0P_/D (sg13g2_dfrbpq_1)    0.31    1.16    0.85 (MET)
x_reg[6]$_SDFFE_PN0P_/D (sg13g2_dfrbpq_1)    0.31    1.16    0.85 (MET)
x_reg[6]$_SDFFE_PN0P_/D (sg13g2_dfrbpq_1)    0.31    1.16    0.85 (MET)
y_reg[5]$_SDFFE_PN0P_/D (sg13g2_dfrbpq_1)    0.31    1.16    0.85 (MET)
y_reg[5]$_SDFFE_PN0P_/D (sg13g2_dfrbpq_1)    0.31    1.16    0.85 (MET)
y_reg[5]$_SDFFE_PN0P_/D (sg13g2_dfrbpq_1)    0.31    1.16    0.85 (MET)
y_reg[5]$_SDFFE_PN0P_/D (sg13g2_dfrbpq_1)    0.31    1.16    0.85 (MET)
y_reg[5]$_SDFFE_PN0P_/D (sg13g2_dfrbpq_1)    0.31    1.16    0.85 (MET)
y_reg[5]$_SDFFE_PN0P_/D (sg13g2_dfrbpq_1)    0.31    1.16    0.85 (MET)
x_reg[4]$_SDFFE_PN0P_/D (sg13g2_dfrbpq_1)    0.35    1.20    0.85 (MET)
x_reg[4]$_SDFFE_PN0P_/D (sg13g2_dfrbpq_1)    0.35    1.20    0.85 (MET)
x_reg[4]$_SDFFE_PN0P_/D (sg13g2_dfrbpq_1)    0.35    1.20    0.85 (MET)
x_reg[4]$_SDFFE_PN0P_/D (sg13g2_dfrbpq_1)    0.35    1.20    0.85 (MET)
y_reg[5]$_SDFFE_PN0P_/D (sg13g2_dfrbpq_1)    0.31    1.16    0.85 (MET)
y_reg[5]$_SDFFE_PN0P_/D (sg13g2_dfrbpq_1)    0.31    1.16    0.85 (MET)
x_reg[4]$_SDFFE_PN0P_/D (sg13g2_dfrbpq_1)    0.35    1.20    0.85 (MET)
x_reg[4]$_SDFFE_PN0P_/D (sg13g2_dfrbpq_1)    0.35    1.20    0.85 (MET)
x_reg[4]$_SDFFE_PN0P_/D (sg13g2_dfrbpq_1)    0.35    1.20    0.85 (MET)
x_reg[4]$_SDFFE_PN0P_/D (sg13g2_dfrbpq_1)    0.35    1.20    0.85 (MET)
x_reg[4]$_SDFFE_PN0P_/D (sg13g2_dfrbpq_1)    0.35    1.20    0.85 (MET)
x_reg[4]$_SDFFE_PN0P_/D (sg13g2_dfrbpq_1)    0.35    1.20    0.85 (MET)
x_reg[4]$_SDFFE_PN0P_/D (sg13g2_dfrbpq_1)    0.35    1.20    0.85 (MET)
x_reg[4]$_SDFFE_PN0P_/D (sg13g2_dfrbpq_1)    0.35    1.20    0.85 (MET)
y_reg[5]$_SDFFE_PN0P_/D (sg13g2_dfrbpq_1)    0.31    1.16    0.85 (MET)
y_reg[5]$_SDFFE_PN0P_/D (sg13g2_dfrbpq_1)    0.31    1.16    0.85 (MET)
y_reg[5]$_SDFFE_PN0P_/D (sg13g2_dfrbpq_1)    0.31    1.16    0.85 (MET)
y_reg[5]$_SDFFE_PN0P_/D (sg13g2_dfrbpq_1)    0.31    1.16    0.85 (MET)
y_reg[2]$_SDFFE_PN0P_/D (sg13g2_dfrbpq_1)    0.34    1.19    0.85 (MET)
y_reg[1]$_SDFFE_PN0P_/D (sg13g2_dfrbpq_1)    0.34    1.19    0.85 (MET)
x_reg[2]$_SDFFE_PN0P_/D (sg13g2_dfrbpq_1)    0.31    1.16    0.85 (MET)
y_reg[6]$_SDFFE_PN0P_/D (sg13g2_dfrbpq_1)    0.34    1.19    0.85 (MET)
y_reg[6]$_SDFFE_PN0P_/D (sg13g2_dfrbpq_1)    0.34    1.19    0.85 (MET)
y_reg[6]$_SDFFE_PN0P_/D (sg13g2_dfrbpq_1)    0.34    1.19    0.85 (MET)
y_reg[6]$_SDFFE_PN0P_/D (sg13g2_dfrbpq_1)    0.34    1.19    0.85 (MET)
y_reg[6]$_SDFFE_PN0P_/D (sg13g2_dfrbpq_1)    0.34    1.19    0.85 (MET)
y_reg[6]$_SDFFE_PN0P_/D (sg13g2_dfrbpq_1)    0.34    1.19    0.85 (MET)
y_reg[6]$_SDFFE_PN0P_/D (sg13g2_dfrbpq_1)    0.34    1.19    0.85 (MET)
y_reg[6]$_SDFFE_PN0P_/D (sg13g2_dfrbpq_1)    0.34    1.19    0.85 (MET)
x_reg[6]$_SDFFE_PN0P_/D (sg13g2_dfrbpq_1)    0.31    1.16    0.85 (MET)
x_reg[6]$_SDFFE_PN0P_/D (sg13g2_dfrbpq_1)    0.31    1.16    0.85 (MET)
x_reg[1]$_SDFFE_PN0P_/D (sg13g2_dfrbpq_1)    0.35    1.20    0.85 (MET)
x_reg[4]$_SDFFE_PN0P_/D (sg13g2_dfrbpq_1)    0.35    1.20    0.85 (MET)
x_reg[4]$_SDFFE_PN0P_/D (sg13g2_dfrbpq_1)    0.35    1.20    0.85 (MET)
x_reg[4]$_SDFFE_PN0P_/D (sg13g2_dfrbpq_1)    0.35    1.20    0.85 (MET)
x_reg[4]$_SDFFE_PN0P_/D (sg13g2_dfrbpq_1)    0.35    1.20    0.85 (MET)
x_reg[4]$_SDFFE_PN0P_/D (sg13g2_dfrbpq_1)    0.35    1.20    0.85 (MET)
x_reg[4]$_SDFFE_PN0P_/D (sg13g2_dfrbpq_1)    0.35    1.20    0.85 (MET)
x_reg[4]$_SDFFE_PN0P_/D (sg13g2_dfrbpq_1)    0.35    1.20    0.85 (MET)
x_reg[4]$_SDFFE_PN0P_/D (sg13g2_dfrbpq_1)    0.35    1.20    0.85 (MET)
y_reg[3]$_SDFFE_PN0P_/D (sg13g2_dfrbpq_1)    0.34    1.19    0.85 (MET)
x_reg[4]$_SDFFE_PN0P_/D (sg13g2_dfrbpq_1)    0.35    1.20    0.85 (MET)
x_reg[4]$_SDFFE_PN0P_/D (sg13g2_dfrbpq_1)    0.35    1.20    0.85 (MET)
x_reg[4]$_SDFFE_PN0P_/D (sg13g2_dfrbpq_1)    0.35    1.20    0.85 (MET)
x_reg[4]$_SDFFE_PN0P_/D (sg13g2_dfrbpq_1)    0.35    1.20    0.85 (MET)
x_reg[4]$_SDFFE_PN0P_/D (sg13g2_dfrbpq_1)    0.35    1.20    0.85 (MET)
x_reg[4]$_SDFFE_PN0P_/D (sg13g2_dfrbpq_1)    0.35    1.20    0.85 (MET)
x_reg[4]$_SDFFE_PN0P_/D (sg13g2_dfrbpq_1)    0.35    1.20    0.85 (MET)
x_reg[4]$_SDFFE_PN0P_/D (sg13g2_dfrbpq_1)    0.35    1.20    0.85 (MET)
x_reg[2]$_SDFFE_PN0P_/D (sg13g2_dfrbpq_1)    0.31    1.16    0.85 (MET)
x_reg[2]$_SDFFE_PN0P_/D (sg13g2_dfrbpq_1)    0.31    1.16    0.85 (MET)
x_reg[2]$_SDFFE_PN0P_/D (sg13g2_dfrbpq_1)    0.31    1.16    0.85 (MET)
x_reg[2]$_SDFFE_PN0P_/D (sg13g2_dfrbpq_1)    0.31    1.16    0.85 (MET)
x_reg[2]$_SDFFE_PN0P_/D (sg13g2_dfrbpq_1)    0.31    1.16    0.85 (MET)
y_reg[5]$_SDFFE_PN0P_/D (sg13g2_dfrbpq_1)    0.34    1.19    0.85 (MET)
y_reg[5]$_SDFFE_PN0P_/D (sg13g2_dfrbpq_1)    0.34    1.19    0.85 (MET)
y_reg[3]$_SDFFE_PN0P_/D (sg13g2_dfrbpq_1)    0.34    1.19    0.85 (MET)
y_reg[3]$_SDFFE_PN0P_/D (sg13g2_dfrbpq_1)    0.34    1.19    0.85 (MET)
y_reg[3]$_SDFFE_PN0P_/D (sg13g2_dfrbpq_1)    0.34    1.19    0.85 (MET)
y_reg[3]$_SDFFE_PN0P_/D (sg13g2_dfrbpq_1)    0.34    1.19    0.85 (MET)
x_reg[4]$_SDFFE_PN0P_/D (sg13g2_dfrbpq_1)    0.35    1.20    0.85 (MET)
x_reg[4]$_SDFFE_PN0P_/D (sg13g2_dfrbpq_1)    0.35    1.20    0.85 (MET)
x_reg[4]$_SDFFE_PN0P_/D (sg13g2_dfrbpq_1)    0.35    1.20    0.85 (MET)
x_reg[4]$_SDFFE_PN0P_/D (sg13g2_dfrbpq_1)    0.35    1.20    0.85 (MET)
x_reg[4]$_SDFFE_PN0P_/D (sg13g2_dfrbpq_1)    0.35    1.20    0.85 (MET)
x_reg[4]$_SDFFE_PN0P_/D (sg13g2_dfrbpq_1)    0.35    1.20    0.85 (MET)
x_reg[4]$_SDFFE_PN0P_/D (sg13g2_dfrbpq_1)    0.35    1.20    0.85 (MET)
x_reg[4]$_SDFFE_PN0P_/D (sg13g2_dfrbpq_1)    0.35    1.20    0.85 (MET)
x_reg[7]$_SDFFE_PN0P_/D (sg13g2_dfrbpq_1)    0.30    1.15    0.85 (MET)
x_reg[7]$_SDFFE_PN0P_/D (sg13g2_dfrbpq_1)    0.30    1.15    0.85 (MET)
y_reg[5]$_SDFFE_PN0P_/D (sg13g2_dfrbpq_1)    0.31    1.16    0.85 (MET)
y_reg[5]$_SDFFE_PN0P_/D (sg13g2_dfrbpq_1)    0.31    1.16    0.85 (MET)
y_reg[5]$_SDFFE_PN0P_/D (sg13g2_dfrbpq_1)    0.31    1.16    0.85 (MET)
y_reg[5]$_SDFFE_PN0P_/D (sg13g2_dfrbpq_1)    0.31    1.16    0.85 (MET)
y_reg[2]$_SDFFE_PN0P_/D (sg13g2_dfrbpq_1)    0.34    1.19    0.85 (MET)
y_reg[2]$_SDFFE_PN0P_/D (sg13g2_dfrbpq_1)    0.34    1.19    0.85 (MET)
y_reg[3]$_SDFFE_PN0P_/D (sg13g2_dfrbpq_1)    0.31    1.16    0.85 (MET)
y_reg[3]$_SDFFE_PN0P_/D (sg13g2_dfrbpq_1)    0.31    1.16    0.85 (MET)
y_reg[5]$_SDFFE_PN0P_/D (sg13g2_dfrbpq_1)    0.34    1.19    0.85 (MET)
y_reg[5]$_SDFFE_PN0P_/D (sg13g2_dfrbpq_1)    0.34    1.19    0.85 (MET)
x_reg[4]$_SDFFE_PN0P_/D (sg13g2_dfrbpq_1)    0.35    1.20    0.85 (MET)
x_reg[4]$_SDFFE_PN0P_/D (sg13g2_dfrbpq_1)    0.35    1.20    0.85 (MET)
x_reg[4]$_SDFFE_PN0P_/D (sg13g2_dfrbpq_1)    0.35    1.20    0.85 (MET)
x_reg[4]$_SDFFE_PN0P_/D (sg13g2_dfrbpq_1)    0.35    1.20    0.85 (MET)
x_reg[4]$_SDFFE_PN0P_/D (sg13g2_dfrbpq_1)    0.35    1.20    0.85 (MET)
x_reg[4]$_SDFFE_PN0P_/D (sg13g2_dfrbpq_1)    0.35    1.20    0.85 (MET)
x_reg[4]$_SDFFE_PN0P_/D (sg13g2_dfrbpq_1)    0.35    1.20    0.85 (MET)
x_reg[4]$_SDFFE_PN0P_/D (sg13g2_dfrbpq_1)    0.35    1.20    0.85 (MET)
y_reg[5]$_SDFFE_PN0P_/D (sg13g2_dfrbpq_1)    0.34    1.19    0.85 (MET)
y_reg[5]$_SDFFE_PN0P_/D (sg13g2_dfrbpq_1)    0.34    1.19    0.85 (MET)
x_reg[4]$_SDFFE_PN0P_/D (sg13g2_dfrbpq_1)    0.32    1.17    0.85 (MET)
x_reg[4]$_SDFFE_PN0P_/D (sg13g2_dfrbpq_1)    0.32    1.17    0.85 (MET)
x_reg[2]$_SDFFE_PN0P_/D (sg13g2_dfrbpq_1)    0.31    1.16    0.85 (MET)
x_reg[2]$_SDFFE_PN0P_/D (sg13g2_dfrbpq_1)    0.31    1.16    0.85 (MET)
x_reg[6]$_SDFFE_PN0P_/D (sg13g2_dfrbpq_1)    0.34    1.19    0.85 (MET)
x_reg[6]$_SDFFE_PN0P_/D (sg13g2_dfrbpq_1)    0.34    1.19    0.85 (MET)
x_reg[1]$_SDFFE_PN0P_/D (sg13g2_dfrbpq_1)    0.32    1.17    0.85 (MET)
y_reg[2]$_SDFFE_PN0P_/D (sg13g2_dfrbpq_1)    0.34    1.19    0.85 (MET)
y_reg[2]$_SDFFE_PN0P_/D (sg13g2_dfrbpq_1)    0.34    1.19    0.85 (MET)
y_reg[2]$_SDFFE_PN0P_/D (sg13g2_dfrbpq_1)    0.31    1.16    0.85 (MET)
y_reg[2]$_SDFFE_PN0P_/D (sg13g2_dfrbpq_1)    0.31    1.16    0.85 (MET)
x_reg[2]$_SDFFE_PN0P_/D (sg13g2_dfrbpq_1)    0.31    1.16    0.85 (MET)
x_reg[2]$_SDFFE_PN0P_/D (sg13g2_dfrbpq_1)    0.31    1.16    0.85 (MET)
y_reg[3]$_SDFFE_PN0P_/D (sg13g2_dfrbpq_1)    0.31    1.16    0.85 (MET)
y_reg[5]$_SDFFE_PN0P_/D (sg13g2_dfrbpq_1)    0.34    1.19    0.85 (MET)
y_reg[5]$_SDFFE_PN0P_/D (sg13g2_dfrbpq_1)    0.34    1.19    0.85 (MET)
y_reg[3]$_SDFFE_PN0P_/D (sg13g2_dfrbpq_1)    0.31    1.16    0.85 (MET)
y_reg[3]$_SDFFE_PN0P_/D (sg13g2_dfrbpq_1)    0.31    1.16    0.85 (MET)
y_reg[5]$_SDFFE_PN0P_/D (sg13g2_dfrbpq_1)    0.34    1.19    0.85 (MET)
y_reg[5]$_SDFFE_PN0P_/D (sg13g2_dfrbpq_1)    0.34    1.19    0.85 (MET)
y_reg[5]$_SDFFE_PN0P_/D (sg13g2_dfrbpq_1)    0.34    1.19    0.85 (MET)
y_reg[5]$_SDFFE_PN0P_/D (sg13g2_dfrbpq_1)    0.34    1.19    0.85 (MET)
x_reg[4]$_SDFFE_PN0P_/D (sg13g2_dfrbpq_1)    0.35    1.20    0.85 (MET)
x_reg[4]$_SDFFE_PN0P_/D (sg13g2_dfrbpq_1)    0.35    1.20    0.85 (MET)
x_reg[4]$_SDFFE_PN0P_/D (sg13g2_dfrbpq_1)    0.35    1.20    0.85 (MET)
x_reg[4]$_SDFFE_PN0P_/D (sg13g2_dfrbpq_1)    0.35    1.20    0.85 (MET)
x_reg[4]$_SDFFE_PN0P_/D (sg13g2_dfrbpq_1)    0.35    1.20    0.85 (MET)
x_reg[4]$_SDFFE_PN0P_/D (sg13g2_dfrbpq_1)    0.35    1.20    0.85 (MET)
x_reg[4]$_SDFFE_PN0P_/D (sg13g2_dfrbpq_1)    0.35    1.20    0.85 (MET)
x_reg[4]$_SDFFE_PN0P_/D (sg13g2_dfrbpq_1)    0.35    1.20    0.85 (MET)
x_reg[4]$_SDFFE_PN0P_/D (sg13g2_dfrbpq_1)    0.35    1.20    0.85 (MET)
x_reg[4]$_SDFFE_PN0P_/D (sg13g2_dfrbpq_1)    0.35    1.20    0.85 (MET)
x_reg[4]$_SDFFE_PN0P_/D (sg13g2_dfrbpq_1)    0.35    1.20    0.85 (MET)
x_reg[4]$_SDFFE_PN0P_/D (sg13g2_dfrbpq_1)    0.35    1.20    0.85 (MET)
x_reg[4]$_SDFFE_PN0P_/D (sg13g2_dfrbpq_1)    0.35    1.20    0.85 (MET)
x_reg[4]$_SDFFE_PN0P_/D (sg13g2_dfrbpq_1)    0.35    1.20    0.85 (MET)
x_reg[4]$_SDFFE_PN0P_/D (sg13g2_dfrbpq_1)    0.35    1.20    0.85 (MET)
x_reg[4]$_SDFFE_PN0P_/D (sg13g2_dfrbpq_1)    0.35    1.20    0.85 (MET)
x_reg[4]$_SDFFE_PN0P_/D (sg13g2_dfrbpq_1)    0.35    1.20    0.85 (MET)
x_reg[4]$_SDFFE_PN0P_/D (sg13g2_dfrbpq_1)    0.35    1.20    0.85 (MET)
x_reg[4]$_SDFFE_PN0P_/D (sg13g2_dfrbpq_1)    0.35    1.20    0.85 (MET)
x_reg[4]$_SDFFE_PN0P_/D (sg13g2_dfrbpq_1)    0.35    1.20    0.85 (MET)
x_reg[4]$_SDFFE_PN0P_/D (sg13g2_dfrbpq_1)    0.35    1.20    0.85 (MET)
x_reg[4]$_SDFFE_PN0P_/D (sg13g2_dfrbpq_1)    0.35    1.20    0.85 (MET)
x_reg[4]$_SDFFE_PN0P_/D (sg13g2_dfrbpq_1)    0.35    1.20    0.85 (MET)
x_reg[4]$_SDFFE_PN0P_/D (sg13g2_dfrbpq_1)    0.35    1.20    0.85 (MET)
x_reg[4]$_SDFFE_PN0P_/D (sg13g2_dfrbpq_1)    0.35    1.20    0.85 (MET)
x_reg[4]$_SDFFE_PN0P_/D (sg13g2_dfrbpq_1)    0.35    1.20    0.85 (MET)
x_reg[4]$_SDFFE_PN0P_/D (sg13g2_dfrbpq_1)    0.35    1.20    0.85 (MET)
x_reg[4]$_SDFFE_PN0P_/D (sg13g2_dfrbpq_1)    0.35    1.20    0.85 (MET)
x_reg[4]$_SDFFE_PN0P_/D (sg13g2_dfrbpq_1)    0.35    1.20    0.85 (MET)
x_reg[4]$_SDFFE_PN0P_/D (sg13g2_dfrbpq_1)    0.35    1.20    0.85 (MET)
x_reg[4]$_SDFFE_PN0P_/D (sg13g2_dfrbpq_1)    0.35    1.20    0.85 (MET)
x_reg[4]$_SDFFE_PN0P_/D (sg13g2_dfrbpq_1)    0.35    1.20    0.85 (MET)
x_reg[9]$_SDFFE_PN0P_/D (sg13g2_dfrbpq_1)    0.32    1.17    0.85 (MET)
x_reg[2]$_SDFFE_PN0P_/D (sg13g2_dfrbpq_1)    0.31    1.16    0.85 (MET)
x_reg[2]$_SDFFE_PN0P_/D (sg13g2_dfrbpq_1)    0.31    1.16    0.85 (MET)
y_reg[3]$_SDFFE_PN0P_/D (sg13g2_dfrbpq_1)    0.31    1.16    0.85 (MET)
y_reg[3]$_SDFFE_PN0P_/D (sg13g2_dfrbpq_1)    0.31    1.16    0.85 (MET)
y_reg[3]$_SDFFE_PN0P_/D (sg13g2_dfrbpq_1)    0.31    1.16    0.85 (MET)
y_reg[3]$_SDFFE_PN0P_/D (sg13g2_dfrbpq_1)    0.31    1.16    0.85 (MET)
y_reg[3]$_SDFFE_PN0P_/D (sg13g2_dfrbpq_1)    0.34    1.19    0.85 (MET)
y_reg[3]$_SDFFE_PN0P_/D (sg13g2_dfrbpq_1)    0.34    1.19    0.85 (MET)
y_reg[3]$_SDFFE_PN0P_/D (sg13g2_dfrbpq_1)    0.34    1.19    0.85 (MET)
y_reg[3]$_SDFFE_PN0P_/D (sg13g2_dfrbpq_1)    0.34    1.19    0.85 (MET)
y_reg[5]$_SDFFE_PN0P_/D (sg13g2_dfrbpq_1)    0.34    1.19    0.85 (MET)
y_reg[5]$_SDFFE_PN0P_/D (sg13g2_dfrbpq_1)    0.34    1.19    0.85 (MET)
y_reg[5]$_SDFFE_PN0P_/D (sg13g2_dfrbpq_1)    0.34    1.19    0.85 (MET)
y_reg[5]$_SDFFE_PN0P_/D (sg13g2_dfrbpq_1)    0.34    1.19    0.85 (MET)
x_reg[8]$_SDFFE_PN0P_/D (sg13g2_dfrbpq_1)    0.32    1.17    0.85 (MET)
x_reg[2]$_SDFFE_PN0P_/D (sg13g2_dfrbpq_1)    0.31    1.16    0.85 (MET)
x_reg[2]$_SDFFE_PN0P_/D (sg13g2_dfrbpq_1)    0.31    1.16    0.85 (MET)
x_reg[2]$_SDFFE_PN0P_/D (sg13g2_dfrbpq_1)    0.31    1.16    0.85 (MET)
x_reg[2]$_SDFFE_PN0P_/D (sg13g2_dfrbpq_1)    0.31    1.16    0.85 (MET)
y_reg[5]$_SDFFE_PN0P_/D (sg13g2_dfrbpq_1)    0.34    1.19    0.85 (MET)
y_reg[5]$_SDFFE_PN0P_/D (sg13g2_dfrbpq_1)    0.34    1.19    0.85 (MET)
y_reg[5]$_SDFFE_PN0P_/D (sg13g2_dfrbpq_1)    0.34    1.19    0.85 (MET)
y_reg[5]$_SDFFE_PN0P_/D (sg13g2_dfrbpq_1)    0.34    1.19    0.85 (MET)
x_reg[2]$_SDFFE_PN0P_/D (sg13g2_dfrbpq_1)    0.31    1.16    0.85 (MET)
x_reg[2]$_SDFFE_PN0P_/D (sg13g2_dfrbpq_1)    0.31    1.16    0.85 (MET)
x_reg[2]$_SDFFE_PN0P_/D (sg13g2_dfrbpq_1)    0.31    1.16    0.85 (MET)
x_reg[2]$_SDFFE_PN0P_/D (sg13g2_dfrbpq_1)    0.31    1.16    0.85 (MET)
x_reg[4]$_SDFFE_PN0P_/D (sg13g2_dfrbpq_1)    0.35    1.20    0.85 (MET)
x_reg[4]$_SDFFE_PN0P_/D (sg13g2_dfrbpq_1)    0.35    1.20    0.85 (MET)
x_reg[4]$_SDFFE_PN0P_/D (sg13g2_dfrbpq_1)    0.35    1.20    0.85 (MET)
x_reg[4]$_SDFFE_PN0P_/D (sg13g2_dfrbpq_1)    0.35    1.20    0.85 (MET)
x_reg[4]$_SDFFE_PN0P_/D (sg13g2_dfrbpq_1)    0.35    1.20    0.85 (MET)
x_reg[4]$_SDFFE_PN0P_/D (sg13g2_dfrbpq_1)    0.35    1.20    0.85 (MET)
x_reg[4]$_SDFFE_PN0P_/D (sg13g2_dfrbpq_1)    0.35    1.20    0.85 (MET)
x_reg[4]$_SDFFE_PN0P_/D (sg13g2_dfrbpq_1)    0.35    1.20    0.85 (MET)
y_reg[5]$_SDFFE_PN0P_/D (sg13g2_dfrbpq_1)    0.34    1.19    0.85 (MET)
y_reg[5]$_SDFFE_PN0P_/D (sg13g2_dfrbpq_1)    0.34    1.19    0.85 (MET)
y_reg[5]$_SDFFE_PN0P_/D (sg13g2_dfrbpq_1)    0.34    1.19    0.85 (MET)
y_reg[5]$_SDFFE_PN0P_/D (sg13g2_dfrbpq_1)    0.34    1.19    0.85 (MET)
x_reg[4]$_SDFFE_PN0P_/D (sg13g2_dfrbpq_1)    0.35    1.20    0.85 (MET)
x_reg[4]$_SDFFE_PN0P_/D (sg13g2_dfrbpq_1)    0.35    1.20    0.85 (MET)
y_reg[3]$_SDFFE_PN0P_/D (sg13g2_dfrbpq_1)    0.31    1.16    0.85 (MET)
y_reg[3]$_SDFFE_PN0P_/D (sg13g2_dfrbpq_1)    0.31    1.16    0.85 (MET)
x_reg[9]$_SDFFE_PN0P_/D (sg13g2_dfrbpq_1)    0.32    1.17    0.85 (MET)
x_reg[9]$_SDFFE_PN0P_/D (sg13g2_dfrbpq_1)    0.32    1.17    0.85 (MET)
x_reg[2]$_SDFFE_PN0P_/D (sg13g2_dfrbpq_1)    0.31    1.16    0.85 (MET)
x_reg[2]$_SDFFE_PN0P_/D (sg13g2_dfrbpq_1)    0.31    1.16    0.85 (MET)
x_reg[2]$_SDFFE_PN0P_/D (sg13g2_dfrbpq_1)    0.31    1.16    0.85 (MET)
x_reg[2]$_SDFFE_PN0P_/D (sg13g2_dfrbpq_1)    0.31    1.16    0.85 (MET)
x_reg[5]$_SDFFE_PN0P_/D (sg13g2_dfrbpq_1)    0.34    1.19    0.85 (MET)
x_reg[5]$_SDFFE_PN0P_/D (sg13g2_dfrbpq_1)    0.34    1.19    0.85 (MET)
x_reg[4]$_SDFFE_PN0P_/D (sg13g2_dfrbpq_1)    0.32    1.17    0.85 (MET)
x_reg[4]$_SDFFE_PN0P_/D (sg13g2_dfrbpq_1)    0.32    1.17    0.85 (MET)
x_reg[4]$_SDFFE_PN0P_/D (sg13g2_dfrbpq_1)    0.32    1.17    0.85 (MET)
x_reg[4]$_SDFFE_PN0P_/D (sg13g2_dfrbpq_1)    0.32    1.17    0.85 (MET)
y_reg[3]$_SDFFE_PN0P_/D (sg13g2_dfrbpq_1)    0.31    1.16    0.85 (MET)
y_reg[3]$_SDFFE_PN0P_/D (sg13g2_dfrbpq_1)    0.31    1.16    0.85 (MET)
y_reg[3]$_SDFFE_PN0P_/D (sg13g2_dfrbpq_1)    0.31    1.16    0.85 (MET)
y_reg[3]$_SDFFE_PN0P_/D (sg13g2_dfrbpq_1)    0.31    1.16    0.85 (MET)
y_reg[2]$_SDFFE_PN0P_/D (sg13g2_dfrbpq_1)    0.31    1.16    0.85 (MET)
y_reg[2]$_SDFFE_PN0P_/D (sg13g2_dfrbpq_1)    0.31    1.16    0.85 (MET)
y_reg[2]$_SDFFE_PN0P_/D (sg13g2_dfrbpq_1)    0.31    1.16    0.85 (MET)
y_reg[2]$_SDFFE_PN0P_/D (sg13g2_dfrbpq_1)    0.31    1.16    0.85 (MET)
z_reg[9]$_SDFFE_PN0P_/D (sg13g2_dfrbpq_1)    0.32    1.17    0.85 (MET)
z_reg[9]$_SDFFE_PN0P_/D (sg13g2_dfrbpq_1)    0.32    1.17    0.85 (MET)
x_reg[5]$_SDFFE_PN0P_/D (sg13g2_dfrbpq_1)    0.34    1.19    0.85 (MET)
x_reg[5]$_SDFFE_PN0P_/D (sg13g2_dfrbpq_1)    0.34    1.19    0.85 (MET)
x_reg[5]$_SDFFE_PN0P_/D (sg13g2_dfrbpq_1)    0.34    1.19    0.85 (MET)
x_reg[5]$_SDFFE_PN0P_/D (sg13g2_dfrbpq_1)    0.34    1.19    0.85 (MET)
y_reg[3]$_SDFFE_PN0P_/D (sg13g2_dfrbpq_1)    0.34    1.19    0.85 (MET)
y_reg[3]$_SDFFE_PN0P_/D (sg13g2_dfrbpq_1)    0.34    1.19    0.85 (MET)
x_reg[9]$_SDFFE_PN0P_/D (sg13g2_dfrbpq_1)    0.32    1.17    0.85 (MET)
x_reg[9]$_SDFFE_PN0P_/D (sg13g2_dfrbpq_1)    0.32    1.17    0.85 (MET)
y_reg[5]$_SDFFE_PN0P_/D (sg13g2_dfrbpq_1)    0.34    1.19    0.85 (MET)
y_reg[5]$_SDFFE_PN0P_/D (sg13g2_dfrbpq_1)    0.34    1.19    0.85 (MET)
y_reg[5]$_SDFFE_PN0P_/D (sg13g2_dfrbpq_1)    0.34    1.19    0.85 (MET)
y_reg[5]$_SDFFE_PN0P_/D (sg13g2_dfrbpq_1)    0.34    1.19    0.85 (MET)
y_reg[5]$_SDFFE_PN0P_/D (sg13g2_dfrbpq_1)    0.34    1.19    0.85 (MET)
y_reg[5]$_SDFFE_PN0P_/D (sg13g2_dfrbpq_1)    0.34    1.19    0.85 (MET)
y_reg[5]$_SDFFE_PN0P_/D (sg13g2_dfrbpq_1)    0.34    1.19    0.85 (MET)
y_reg[5]$_SDFFE_PN0P_/D (sg13g2_dfrbpq_1)    0.34    1.19    0.85 (MET)
x_reg[4]$_SDFFE_PN0P_/D (sg13g2_dfrbpq_1)    0.35    1.20    0.85 (MET)
x_reg[4]$_SDFFE_PN0P_/D (sg13g2_dfrbpq_1)    0.35    1.20    0.85 (MET)
x_reg[4]$_SDFFE_PN0P_/D (sg13g2_dfrbpq_1)    0.35    1.20    0.85 (MET)
x_reg[4]$_SDFFE_PN0P_/D (sg13g2_dfrbpq_1)    0.35    1.20    0.85 (MET)
x_reg[4]$_SDFFE_PN0P_/D (sg13g2_dfrbpq_1)    0.35    1.20    0.85 (MET)
x_reg[4]$_SDFFE_PN0P_/D (sg13g2_dfrbpq_1)    0.35    1.20    0.85 (MET)
x_reg[4]$_SDFFE_PN0P_/D (sg13g2_dfrbpq_1)    0.35    1.20    0.85 (MET)
x_reg[4]$_SDFFE_PN0P_/D (sg13g2_dfrbpq_1)    0.35    1.20    0.85 (MET)
x_reg[4]$_SDFFE_PN0P_/D (sg13g2_dfrbpq_1)    0.35    1.20    0.85 (MET)
x_reg[4]$_SDFFE_PN0P_/D (sg13g2_dfrbpq_1)    0.35    1.20    0.85 (MET)
x_reg[4]$_SDFFE_PN0P_/D (sg13g2_dfrbpq_1)    0.35    1.20    0.85 (MET)
x_reg[4]$_SDFFE_PN0P_/D (sg13g2_dfrbpq_1)    0.35    1.20    0.85 (MET)
x_reg[4]$_SDFFE_PN0P_/D (sg13g2_dfrbpq_1)    0.35    1.20    0.85 (MET)
x_reg[4]$_SDFFE_PN0P_/D (sg13g2_dfrbpq_1)    0.35    1.20    0.85 (MET)
x_reg[4]$_SDFFE_PN0P_/D (sg13g2_dfrbpq_1)    0.35    1.20    0.85 (MET)
x_reg[4]$_SDFFE_PN0P_/D (sg13g2_dfrbpq_1)    0.35    1.20    0.85 (MET)
y_reg[3]$_SDFFE_PN0P_/D (sg13g2_dfrbpq_1)    0.34    1.19    0.85 (MET)
y_reg[3]$_SDFFE_PN0P_/D (sg13g2_dfrbpq_1)    0.34    1.19    0.85 (MET)
x_reg[4]$_SDFFE_PN0P_/D (sg13g2_dfrbpq_1)    0.35    1.20    0.85 (MET)
x_reg[4]$_SDFFE_PN0P_/D (sg13g2_dfrbpq_1)    0.35    1.20    0.85 (MET)
x_reg[4]$_SDFFE_PN0P_/D (sg13g2_dfrbpq_1)    0.35    1.20    0.85 (MET)
x_reg[4]$_SDFFE_PN0P_/D (sg13g2_dfrbpq_1)    0.35    1.20    0.85 (MET)
x_reg[1]$_SDFFE_PN0P_/D (sg13g2_dfrbpq_1)    0.35    1.20    0.85 (MET)
y_reg[1]$_SDFFE_PN0P_/D (sg13g2_dfrbpq_1)    0.31    1.17    0.85 (MET)
x_reg[2]$_SDFFE_PN0P_/D (sg13g2_dfrbpq_1)    0.31    1.16    0.85 (MET)
x_reg[2]$_SDFFE_PN0P_/D (sg13g2_dfrbpq_1)    0.31    1.16    0.85 (MET)
x_reg[2]$_SDFFE_PN0P_/D (sg13g2_dfrbpq_1)    0.31    1.16    0.85 (MET)
x_reg[2]$_SDFFE_PN0P_/D (sg13g2_dfrbpq_1)    0.31    1.16    0.85 (MET)
x_reg[2]$_SDFFE_PN0P_/D (sg13g2_dfrbpq_1)    0.31    1.16    0.85 (MET)
x_reg[2]$_SDFFE_PN0P_/D (sg13g2_dfrbpq_1)    0.31    1.16    0.85 (MET)
x_reg[2]$_SDFFE_PN0P_/D (sg13g2_dfrbpq_1)    0.31    1.16    0.85 (MET)
x_reg[2]$_SDFFE_PN0P_/D (sg13g2_dfrbpq_1)    0.31    1.16    0.85 (MET)
y_reg[3]$_SDFFE_PN0P_/D (sg13g2_dfrbpq_1)    0.34    1.19    0.85 (MET)
y_reg[3]$_SDFFE_PN0P_/D (sg13g2_dfrbpq_1)    0.34    1.19    0.85 (MET)
x_reg[9]$_SDFFE_PN0P_/D (sg13g2_dfrbpq_1)    0.32    1.17    0.85 (MET)
x_reg[9]$_SDFFE_PN0P_/D (sg13g2_dfrbpq_1)    0.32    1.17    0.85 (MET)
x_reg[9]$_SDFFE_PN0P_/D (sg13g2_dfrbpq_1)    0.32    1.17    0.85 (MET)
x_reg[9]$_SDFFE_PN0P_/D (sg13g2_dfrbpq_1)    0.32    1.17    0.85 (MET)
y_reg[2]$_SDFFE_PN0P_/D (sg13g2_dfrbpq_1)    0.34    1.19    0.85 (MET)
y_reg[2]$_SDFFE_PN0P_/D (sg13g2_dfrbpq_1)    0.34    1.19    0.85 (MET)
iter_cnt[2]$_SDFFE_PN0P_/D (sg13g2_dfrbpq_1)    0.34    1.19    0.85 (MET)
iter_cnt[2]$_SDFFE_PN0P_/D (sg13g2_dfrbpq_1)    0.34    1.19    0.85 (MET)
iter_cnt[2]$_SDFFE_PN0P_/D (sg13g2_dfrbpq_1)    0.34    1.19    0.85 (MET)
iter_cnt[2]$_SDFFE_PN0P_/D (sg13g2_dfrbpq_1)    0.34    1.19    0.85 (MET)
y_reg[2]$_SDFFE_PN0P_/D (sg13g2_dfrbpq_1)    0.34    1.19    0.85 (MET)
y_reg[2]$_SDFFE_PN0P_/D (sg13g2_dfrbpq_1)    0.34    1.19    0.85 (MET)
y_reg[3]$_SDFFE_PN0P_/D (sg13g2_dfrbpq_1)    0.31    1.16    0.85 (MET)
x_reg[4]$_SDFFE_PN0P_/D (sg13g2_dfrbpq_1)    0.32    1.17    0.85 (MET)
x_reg[4]$_SDFFE_PN0P_/D (sg13g2_dfrbpq_1)    0.32    1.17    0.85 (MET)
x_reg[4]$_SDFFE_PN0P_/D (sg13g2_dfrbpq_1)    0.32    1.17    0.85 (MET)
x_reg[4]$_SDFFE_PN0P_/D (sg13g2_dfrbpq_1)    0.32    1.17    0.85 (MET)
x_reg[4]$_SDFFE_PN0P_/D (sg13g2_dfrbpq_1)    0.32    1.17    0.85 (MET)
x_reg[4]$_SDFFE_PN0P_/D (sg13g2_dfrbpq_1)    0.32    1.17    0.85 (MET)
x_reg[4]$_SDFFE_PN0P_/D (sg13g2_dfrbpq_1)    0.32    1.17    0.85 (MET)
x_reg[4]$_SDFFE_PN0P_/D (sg13g2_dfrbpq_1)    0.32    1.17    0.85 (MET)
x_reg[4]$_SDFFE_PN0P_/D (sg13g2_dfrbpq_1)    0.32    1.17    0.85 (MET)
x_reg[4]$_SDFFE_PN0P_/D (sg13g2_dfrbpq_1)    0.32    1.17    0.85 (MET)
x_reg[4]$_SDFFE_PN0P_/D (sg13g2_dfrbpq_1)    0.32    1.17    0.85 (MET)
x_reg[4]$_SDFFE_PN0P_/D (sg13g2_dfrbpq_1)    0.32    1.17    0.85 (MET)
x_reg[4]$_SDFFE_PN0P_/D (sg13g2_dfrbpq_1)    0.32    1.17    0.85 (MET)
x_reg[4]$_SDFFE_PN0P_/D (sg13g2_dfrbpq_1)    0.32    1.17    0.85 (MET)
x_reg[4]$_SDFFE_PN0P_/D (sg13g2_dfrbpq_1)    0.32    1.17    0.85 (MET)
x_reg[4]$_SDFFE_PN0P_/D (sg13g2_dfrbpq_1)    0.32    1.17    0.85 (MET)
x_reg[4]$_SDFFE_PN0P_/D (sg13g2_dfrbpq_1)    0.35    1.21    0.85 (MET)
x_reg[4]$_SDFFE_PN0P_/D (sg13g2_dfrbpq_1)    0.35    1.21    0.85 (MET)
x_reg[4]$_SDFFE_PN0P_/D (sg13g2_dfrbpq_1)    0.35    1.21    0.85 (MET)
x_reg[4]$_SDFFE_PN0P_/D (sg13g2_dfrbpq_1)    0.35    1.21    0.85 (MET)
x_reg[4]$_SDFFE_PN0P_/D (sg13g2_dfrbpq_1)    0.35    1.21    0.85 (MET)
x_reg[4]$_SDFFE_PN0P_/D (sg13g2_dfrbpq_1)    0.35    1.21    0.85 (MET)
x_reg[4]$_SDFFE_PN0P_/D (sg13g2_dfrbpq_1)    0.35    1.21    0.85 (MET)
x_reg[4]$_SDFFE_PN0P_/D (sg13g2_dfrbpq_1)    0.35    1.21    0.85 (MET)
y_reg[3]$_SDFFE_PN0P_/D (sg13g2_dfrbpq_1)    0.34    1.19    0.85 (MET)
y_reg[3]$_SDFFE_PN0P_/D (sg13g2_dfrbpq_1)    0.34    1.19    0.85 (MET)
x_reg[2]$_SDFFE_PN0P_/D (sg13g2_dfrbpq_1)    0.31    1.16    0.85 (MET)
x_reg[2]$_SDFFE_PN0P_/D (sg13g2_dfrbpq_1)    0.31    1.16    0.85 (MET)
x_reg[4]$_SDFFE_PN0P_/D (sg13g2_dfrbpq_1)    0.35    1.21    0.85 (MET)
x_reg[4]$_SDFFE_PN0P_/D (sg13g2_dfrbpq_1)    0.35    1.21    0.85 (MET)
x_reg[4]$_SDFFE_PN0P_/D (sg13g2_dfrbpq_1)    0.35    1.21    0.85 (MET)
x_reg[4]$_SDFFE_PN0P_/D (sg13g2_dfrbpq_1)    0.35    1.21    0.85 (MET)
x_reg[4]$_SDFFE_PN0P_/D (sg13g2_dfrbpq_1)    0.35    1.21    0.85 (MET)
x_reg[4]$_SDFFE_PN0P_/D (sg13g2_dfrbpq_1)    0.35    1.21    0.85 (MET)
x_reg[4]$_SDFFE_PN0P_/D (sg13g2_dfrbpq_1)    0.35    1.21    0.85 (MET)
x_reg[4]$_SDFFE_PN0P_/D (sg13g2_dfrbpq_1)    0.35    1.21    0.85 (MET)
x_reg[4]$_SDFFE_PN0P_/D (sg13g2_dfrbpq_1)    0.35    1.21    0.85 (MET)
x_reg[4]$_SDFFE_PN0P_/D (sg13g2_dfrbpq_1)    0.35    1.21    0.85 (MET)
x_reg[4]$_SDFFE_PN0P_/D (sg13g2_dfrbpq_1)    0.35    1.21    0.85 (MET)
x_reg[4]$_SDFFE_PN0P_/D (sg13g2_dfrbpq_1)    0.35    1.21    0.85 (MET)
x_reg[4]$_SDFFE_PN0P_/D (sg13g2_dfrbpq_1)    0.35    1.21    0.85 (MET)
x_reg[4]$_SDFFE_PN0P_/D (sg13g2_dfrbpq_1)    0.35    1.21    0.85 (MET)
x_reg[4]$_SDFFE_PN0P_/D (sg13g2_dfrbpq_1)    0.35    1.21    0.85 (MET)
x_reg[4]$_SDFFE_PN0P_/D (sg13g2_dfrbpq_1)    0.35    1.21    0.85 (MET)
y_reg[1]$_SDFFE_PN0P_/D (sg13g2_dfrbpq_1)    0.34    1.20    0.85 (MET)
y_reg[3]$_SDFFE_PN0P_/D (sg13g2_dfrbpq_1)    0.34    1.19    0.85 (MET)
y_reg[3]$_SDFFE_PN0P_/D (sg13g2_dfrbpq_1)    0.34    1.19    0.85 (MET)
y_reg[3]$_SDFFE_PN0P_/D (sg13g2_dfrbpq_1)    0.34    1.19    0.85 (MET)
y_reg[3]$_SDFFE_PN0P_/D (sg13g2_dfrbpq_1)    0.34    1.19    0.85 (MET)
y_reg[1]$_SDFFE_PN0P_/D (sg13g2_dfrbpq_1)    0.31    1.17    0.85 (MET)
y_reg[1]$_SDFFE_PN0P_/D (sg13g2_dfrbpq_1)    0.31    1.17    0.85 (MET)
x_reg[9]$_SDFFE_PN0P_/D (sg13g2_dfrbpq_1)    0.34    1.19    0.85 (MET)
y_reg[3]$_SDFFE_PN0P_/D (sg13g2_dfrbpq_1)    0.31    1.16    0.85 (MET)
y_reg[3]$_SDFFE_PN0P_/D (sg13g2_dfrbpq_1)    0.31    1.16    0.85 (MET)
y_reg[2]$_SDFFE_PN0P_/D (sg13g2_dfrbpq_1)    0.31    1.16    0.85 (MET)
y_reg[2]$_SDFFE_PN0P_/D (sg13g2_dfrbpq_1)    0.31    1.16    0.85 (MET)
y_reg[3]$_SDFFE_PN0P_/D (sg13g2_dfrbpq_1)    0.34    1.19    0.85 (MET)
y_reg[3]$_SDFFE_PN0P_/D (sg13g2_dfrbpq_1)    0.31    1.16    0.85 (MET)
y_reg[3]$_SDFFE_PN0P_/D (sg13g2_dfrbpq_1)    0.31    1.16    0.85 (MET)
x_reg[4]$_SDFFE_PN0P_/D (sg13g2_dfrbpq_1)    0.35    1.21    0.85 (MET)
x_reg[4]$_SDFFE_PN0P_/D (sg13g2_dfrbpq_1)    0.35    1.21    0.85 (MET)
x_reg[4]$_SDFFE_PN0P_/D (sg13g2_dfrbpq_1)    0.35    1.21    0.85 (MET)
x_reg[4]$_SDFFE_PN0P_/D (sg13g2_dfrbpq_1)    0.35    1.21    0.85 (MET)
x_reg[4]$_SDFFE_PN0P_/D (sg13g2_dfrbpq_1)    0.35    1.21    0.85 (MET)
x_reg[4]$_SDFFE_PN0P_/D (sg13g2_dfrbpq_1)    0.35    1.21    0.85 (MET)
x_reg[4]$_SDFFE_PN0P_/D (sg13g2_dfrbpq_1)    0.35    1.21    0.85 (MET)
x_reg[4]$_SDFFE_PN0P_/D (sg13g2_dfrbpq_1)    0.35    1.21    0.85 (MET)
x_reg[4]$_SDFFE_PN0P_/D (sg13g2_dfrbpq_1)    0.35    1.21    0.85 (MET)
x_reg[4]$_SDFFE_PN0P_/D (sg13g2_dfrbpq_1)    0.35    1.21    0.85 (MET)
x_reg[4]$_SDFFE_PN0P_/D (sg13g2_dfrbpq_1)    0.35    1.21    0.85 (MET)
x_reg[4]$_SDFFE_PN0P_/D (sg13g2_dfrbpq_1)    0.35    1.21    0.85 (MET)
x_reg[4]$_SDFFE_PN0P_/D (sg13g2_dfrbpq_1)    0.35    1.21    0.85 (MET)
x_reg[4]$_SDFFE_PN0P_/D (sg13g2_dfrbpq_1)    0.35    1.21    0.85 (MET)
x_reg[4]$_SDFFE_PN0P_/D (sg13g2_dfrbpq_1)    0.35    1.21    0.85 (MET)
x_reg[4]$_SDFFE_PN0P_/D (sg13g2_dfrbpq_1)    0.35    1.21    0.85 (MET)
y_reg[3]$_SDFFE_PN0P_/D (sg13g2_dfrbpq_1)    0.34    1.19    0.85 (MET)
y_reg[3]$_SDFFE_PN0P_/D (sg13g2_dfrbpq_1)    0.34    1.19    0.85 (MET)
y_reg[3]$_SDFFE_PN0P_/D (sg13g2_dfrbpq_1)    0.34    1.19    0.85 (MET)
y_reg[3]$_SDFFE_PN0P_/D (sg13g2_dfrbpq_1)    0.34    1.19    0.85 (MET)
x_reg[8]$_SDFFE_PN0P_/D (sg13g2_dfrbpq_1)    0.32    1.17    0.85 (MET)
x_reg[2]$_SDFFE_PN0P_/D (sg13g2_dfrbpq_1)    0.31    1.16    0.85 (MET)
x_reg[2]$_SDFFE_PN0P_/D (sg13g2_dfrbpq_1)    0.31    1.16    0.85 (MET)
x_reg[2]$_SDFFE_PN0P_/D (sg13g2_dfrbpq_1)    0.31    1.16    0.85 (MET)
x_reg[2]$_SDFFE_PN0P_/D (sg13g2_dfrbpq_1)    0.31    1.16    0.85 (MET)
x_reg[4]$_SDFFE_PN0P_/D (sg13g2_dfrbpq_1)    0.35    1.21    0.85 (MET)
x_reg[4]$_SDFFE_PN0P_/D (sg13g2_dfrbpq_1)    0.35    1.21    0.85 (MET)
x_reg[4]$_SDFFE_PN0P_/D (sg13g2_dfrbpq_1)    0.35    1.21    0.85 (MET)
x_reg[4]$_SDFFE_PN0P_/D (sg13g2_dfrbpq_1)    0.35    1.21    0.85 (MET)
y_reg[1]$_SDFFE_PN0P_/D (sg13g2_dfrbpq_1)    0.34    1.20    0.85 (MET)
y_reg[1]$_SDFFE_PN0P_/D (sg13g2_dfrbpq_1)    0.34    1.20    0.85 (MET)
y_reg[1]$_SDFFE_PN0P_/D (sg13g2_dfrbpq_1)    0.34    1.20    0.85 (MET)
y_reg[1]$_SDFFE_PN0P_/D (sg13g2_dfrbpq_1)    0.34    1.20    0.85 (MET)
y_reg[3]$_SDFFE_PN0P_/D (sg13g2_dfrbpq_1)    0.31    1.16    0.85 (MET)
y_reg[3]$_SDFFE_PN0P_/D (sg13g2_dfrbpq_1)    0.31    1.16    0.85 (MET)
y_reg[3]$_SDFFE_PN0P_/D (sg13g2_dfrbpq_1)    0.31    1.16    0.85 (MET)
y_reg[3]$_SDFFE_PN0P_/D (sg13g2_dfrbpq_1)    0.31    1.16    0.85 (MET)
y_reg[3]$_SDFFE_PN0P_/D (sg13g2_dfrbpq_1)    0.31    1.16    0.85 (MET)
y_reg[3]$_SDFFE_PN0P_/D (sg13g2_dfrbpq_1)    0.31    1.16    0.85 (MET)
y_reg[3]$_SDFFE_PN0P_/D (sg13g2_dfrbpq_1)    0.31    1.16    0.85 (MET)
y_reg[3]$_SDFFE_PN0P_/D (sg13g2_dfrbpq_1)    0.31    1.16    0.85 (MET)
x_reg[6]$_SDFFE_PN0P_/D (sg13g2_dfrbpq_1)    0.31    1.16    0.85 (MET)
x_reg[4]$_SDFFE_PN0P_/D (sg13g2_dfrbpq_1)    0.32    1.18    0.85 (MET)
x_reg[4]$_SDFFE_PN0P_/D (sg13g2_dfrbpq_1)    0.32    1.18    0.85 (MET)
x_reg[4]$_SDFFE_PN0P_/D (sg13g2_dfrbpq_1)    0.32    1.18    0.85 (MET)
x_reg[4]$_SDFFE_PN0P_/D (sg13g2_dfrbpq_1)    0.32    1.18    0.85 (MET)
x_reg[4]$_SDFFE_PN0P_/D (sg13g2_dfrbpq_1)    0.32    1.18    0.85 (MET)
x_reg[4]$_SDFFE_PN0P_/D (sg13g2_dfrbpq_1)    0.32    1.18    0.85 (MET)
x_reg[4]$_SDFFE_PN0P_/D (sg13g2_dfrbpq_1)    0.32    1.18    0.85 (MET)
x_reg[4]$_SDFFE_PN0P_/D (sg13g2_dfrbpq_1)    0.32    1.18    0.85 (MET)
x_reg[4]$_SDFFE_PN0P_/D (sg13g2_dfrbpq_1)    0.32    1.18    0.85 (MET)
x_reg[4]$_SDFFE_PN0P_/D (sg13g2_dfrbpq_1)    0.32    1.18    0.85 (MET)
x_reg[4]$_SDFFE_PN0P_/D (sg13g2_dfrbpq_1)    0.32    1.18    0.85 (MET)
x_reg[4]$_SDFFE_PN0P_/D (sg13g2_dfrbpq_1)    0.32    1.18    0.85 (MET)
x_reg[4]$_SDFFE_PN0P_/D (sg13g2_dfrbpq_1)    0.32    1.18    0.85 (MET)
x_reg[4]$_SDFFE_PN0P_/D (sg13g2_dfrbpq_1)    0.32    1.18    0.85 (MET)
x_reg[4]$_SDFFE_PN0P_/D (sg13g2_dfrbpq_1)    0.32    1.18    0.85 (MET)
x_reg[4]$_SDFFE_PN0P_/D (sg13g2_dfrbpq_1)    0.32    1.18    0.85 (MET)
x_reg[4]$_SDFFE_PN0P_/D (sg13g2_dfrbpq_1)    0.32    1.18    0.85 (MET)
x_reg[4]$_SDFFE_PN0P_/D (sg13g2_dfrbpq_1)    0.32    1.18    0.85 (MET)
x_reg[4]$_SDFFE_PN0P_/D (sg13g2_dfrbpq_1)    0.32    1.18    0.85 (MET)
x_reg[4]$_SDFFE_PN0P_/D (sg13g2_dfrbpq_1)    0.32    1.18    0.85 (MET)
x_reg[4]$_SDFFE_PN0P_/D (sg13g2_dfrbpq_1)    0.32    1.18    0.85 (MET)
x_reg[4]$_SDFFE_PN0P_/D (sg13g2_dfrbpq_1)    0.32    1.18    0.85 (MET)
x_reg[4]$_SDFFE_PN0P_/D (sg13g2_dfrbpq_1)    0.32    1.18    0.85 (MET)
x_reg[4]$_SDFFE_PN0P_/D (sg13g2_dfrbpq_1)    0.32    1.18    0.85 (MET)
x_reg[4]$_SDFFE_PN0P_/D (sg13g2_dfrbpq_1)    0.32    1.18    0.85 (MET)
x_reg[4]$_SDFFE_PN0P_/D (sg13g2_dfrbpq_1)    0.32    1.18    0.85 (MET)
x_reg[4]$_SDFFE_PN0P_/D (sg13g2_dfrbpq_1)    0.32    1.18    0.85 (MET)
x_reg[4]$_SDFFE_PN0P_/D (sg13g2_dfrbpq_1)    0.32    1.18    0.85 (MET)
x_reg[4]$_SDFFE_PN0P_/D (sg13g2_dfrbpq_1)    0.32    1.18    0.85 (MET)
x_reg[4]$_SDFFE_PN0P_/D (sg13g2_dfrbpq_1)    0.32    1.18    0.85 (MET)
x_reg[4]$_SDFFE_PN0P_/D (sg13g2_dfrbpq_1)    0.32    1.18    0.85 (MET)
x_reg[4]$_SDFFE_PN0P_/D (sg13g2_dfrbpq_1)    0.32    1.18    0.85 (MET)
x_reg[4]$_SDFFE_PN0P_/D (sg13g2_dfrbpq_1)    0.32    1.18    0.85 (MET)
y_reg[3]$_SDFFE_PN0P_/D (sg13g2_dfrbpq_1)    0.34    1.19    0.85 (MET)
y_reg[3]$_SDFFE_PN0P_/D (sg13g2_dfrbpq_1)    0.34    1.19    0.85 (MET)
y_reg[3]$_SDFFE_PN0P_/D (sg13g2_dfrbpq_1)    0.34    1.19    0.85 (MET)
y_reg[3]$_SDFFE_PN0P_/D (sg13g2_dfrbpq_1)    0.34    1.19    0.85 (MET)
x_reg[5]$_SDFFE_PN0P_/D (sg13g2_dfrbpq_1)    0.34    1.20    0.85 (MET)
x_reg[6]$_SDFFE_PN0P_/D (sg13g2_dfrbpq_1)    0.31    1.16    0.85 (MET)
x_reg[4]$_SDFFE_PN0P_/D (sg13g2_dfrbpq_1)    0.35    1.21    0.85 (MET)
x_reg[4]$_SDFFE_PN0P_/D (sg13g2_dfrbpq_1)    0.35    1.21    0.85 (MET)
x_reg[4]$_SDFFE_PN0P_/D (sg13g2_dfrbpq_1)    0.35    1.21    0.85 (MET)
x_reg[4]$_SDFFE_PN0P_/D (sg13g2_dfrbpq_1)    0.35    1.21    0.85 (MET)
x_reg[4]$_SDFFE_PN0P_/D (sg13g2_dfrbpq_1)    0.35    1.21    0.85 (MET)
x_reg[4]$_SDFFE_PN0P_/D (sg13g2_dfrbpq_1)    0.35    1.21    0.85 (MET)
x_reg[4]$_SDFFE_PN0P_/D (sg13g2_dfrbpq_1)    0.35    1.21    0.85 (MET)
x_reg[4]$_SDFFE_PN0P_/D (sg13g2_dfrbpq_1)    0.35    1.21    0.85 (MET)
x_reg[4]$_SDFFE_PN0P_/D (sg13g2_dfrbpq_1)    0.35    1.21    0.85 (MET)
x_reg[4]$_SDFFE_PN0P_/D (sg13g2_dfrbpq_1)    0.35    1.21    0.85 (MET)
x_reg[4]$_SDFFE_PN0P_/D (sg13g2_dfrbpq_1)    0.35    1.21    0.85 (MET)
x_reg[4]$_SDFFE_PN0P_/D (sg13g2_dfrbpq_1)    0.35    1.21    0.85 (MET)
x_reg[4]$_SDFFE_PN0P_/D (sg13g2_dfrbpq_1)    0.35    1.21    0.85 (MET)
x_reg[4]$_SDFFE_PN0P_/D (sg13g2_dfrbpq_1)    0.35    1.21    0.85 (MET)
x_reg[4]$_SDFFE_PN0P_/D (sg13g2_dfrbpq_1)    0.35    1.21    0.85 (MET)
x_reg[4]$_SDFFE_PN0P_/D (sg13g2_dfrbpq_1)    0.35    1.21    0.85 (MET)
x_reg[4]$_SDFFE_PN0P_/D (sg13g2_dfrbpq_1)    0.35    1.21    0.85 (MET)
x_reg[4]$_SDFFE_PN0P_/D (sg13g2_dfrbpq_1)    0.35    1.21    0.85 (MET)
x_reg[4]$_SDFFE_PN0P_/D (sg13g2_dfrbpq_1)    0.35    1.21    0.85 (MET)
x_reg[4]$_SDFFE_PN0P_/D (sg13g2_dfrbpq_1)    0.35    1.21    0.85 (MET)
x_reg[4]$_SDFFE_PN0P_/D (sg13g2_dfrbpq_1)    0.35    1.21    0.85 (MET)
x_reg[4]$_SDFFE_PN0P_/D (sg13g2_dfrbpq_1)    0.35    1.21    0.85 (MET)
x_reg[4]$_SDFFE_PN0P_/D (sg13g2_dfrbpq_1)    0.35    1.21    0.85 (MET)
x_reg[4]$_SDFFE_PN0P_/D (sg13g2_dfrbpq_1)    0.35    1.21    0.85 (MET)
x_reg[4]$_SDFFE_PN0P_/D (sg13g2_dfrbpq_1)    0.35    1.21    0.85 (MET)
x_reg[4]$_SDFFE_PN0P_/D (sg13g2_dfrbpq_1)    0.35    1.21    0.85 (MET)
x_reg[4]$_SDFFE_PN0P_/D (sg13g2_dfrbpq_1)    0.35    1.21    0.85 (MET)
x_reg[4]$_SDFFE_PN0P_/D (sg13g2_dfrbpq_1)    0.35    1.21    0.85 (MET)
x_reg[4]$_SDFFE_PN0P_/D (sg13g2_dfrbpq_1)    0.35    1.21    0.85 (MET)
x_reg[4]$_SDFFE_PN0P_/D (sg13g2_dfrbpq_1)    0.35    1.21    0.85 (MET)
x_reg[4]$_SDFFE_PN0P_/D (sg13g2_dfrbpq_1)    0.35    1.21    0.85 (MET)
x_reg[4]$_SDFFE_PN0P_/D (sg13g2_dfrbpq_1)    0.35    1.21    0.85 (MET)
x_reg[4]$_SDFFE_PN0P_/D (sg13g2_dfrbpq_1)    0.35    1.21    0.85 (MET)
x_reg[4]$_SDFFE_PN0P_/D (sg13g2_dfrbpq_1)    0.35    1.21    0.85 (MET)
x_reg[4]$_SDFFE_PN0P_/D (sg13g2_dfrbpq_1)    0.35    1.21    0.85 (MET)
x_reg[4]$_SDFFE_PN0P_/D (sg13g2_dfrbpq_1)    0.35    1.21    0.85 (MET)
y_reg[2]$_SDFFE_PN0P_/D (sg13g2_dfrbpq_1)    0.31    1.16    0.85 (MET)
y_reg[2]$_SDFFE_PN0P_/D (sg13g2_dfrbpq_1)    0.31    1.16    0.85 (MET)
y_reg[2]$_SDFFE_PN0P_/D (sg13g2_dfrbpq_1)    0.31    1.16    0.85 (MET)
y_reg[2]$_SDFFE_PN0P_/D (sg13g2_dfrbpq_1)    0.31    1.16    0.85 (MET)
x_reg[4]$_SDFFE_PN0P_/D (sg13g2_dfrbpq_1)    0.35    1.21    0.85 (MET)
x_reg[4]$_SDFFE_PN0P_/D (sg13g2_dfrbpq_1)    0.35    1.21    0.85 (MET)
y_reg[3]$_SDFFE_PN0P_/D (sg13g2_dfrbpq_1)    0.34    1.19    0.85 (MET)
y_reg[3]$_SDFFE_PN0P_/D (sg13g2_dfrbpq_1)    0.34    1.19    0.85 (MET)
y_reg[3]$_SDFFE_PN0P_/D (sg13g2_dfrbpq_1)    0.34    1.19    0.85 (MET)
y_reg[3]$_SDFFE_PN0P_/D (sg13g2_dfrbpq_1)    0.34    1.19    0.85 (MET)
x_reg[4]$_SDFFE_PN0P_/D (sg13g2_dfrbpq_1)    0.32    1.18    0.85 (MET)
x_reg[4]$_SDFFE_PN0P_/D (sg13g2_dfrbpq_1)    0.32    1.18    0.85 (MET)
x_reg[4]$_SDFFE_PN0P_/D (sg13g2_dfrbpq_1)    0.32    1.18    0.85 (MET)
x_reg[4]$_SDFFE_PN0P_/D (sg13g2_dfrbpq_1)    0.32    1.18    0.85 (MET)
y_reg[2]$_SDFFE_PN0P_/D (sg13g2_dfrbpq_1)    0.34    1.19    0.85 (MET)
y_reg[2]$_SDFFE_PN0P_/D (sg13g2_dfrbpq_1)    0.34    1.19    0.85 (MET)
y_reg[2]$_SDFFE_PN0P_/D (sg13g2_dfrbpq_1)    0.34    1.19    0.85 (MET)
y_reg[2]$_SDFFE_PN0P_/D (sg13g2_dfrbpq_1)    0.34    1.19    0.85 (MET)
y_reg[3]$_SDFFE_PN0P_/D (sg13g2_dfrbpq_1)    0.34    1.19    0.85 (MET)
y_reg[3]$_SDFFE_PN0P_/D (sg13g2_dfrbpq_1)    0.34    1.19    0.85 (MET)
y_reg[3]$_SDFFE_PN0P_/D (sg13g2_dfrbpq_1)    0.31    1.17    0.85 (MET)
y_reg[3]$_SDFFE_PN0P_/D (sg13g2_dfrbpq_1)    0.31    1.17    0.85 (MET)
y_reg[3]$_SDFFE_PN0P_/D (sg13g2_dfrbpq_1)    0.31    1.17    0.85 (MET)
y_reg[3]$_SDFFE_PN0P_/D (sg13g2_dfrbpq_1)    0.31    1.17    0.85 (MET)
y_reg[3]$_SDFFE_PN0P_/D (sg13g2_dfrbpq_1)    0.31    1.17    0.85 (MET)
y_reg[3]$_SDFFE_PN0P_/D (sg13g2_dfrbpq_1)    0.31    1.17    0.85 (MET)
y_reg[3]$_SDFFE_PN0P_/D (sg13g2_dfrbpq_1)    0.31    1.17    0.85 (MET)
y_reg[3]$_SDFFE_PN0P_/D (sg13g2_dfrbpq_1)    0.31    1.17    0.85 (MET)
y_reg[3]$_SDFFE_PN0P_/D (sg13g2_dfrbpq_1)    0.31    1.17    0.85 (MET)
y_reg[3]$_SDFFE_PN0P_/D (sg13g2_dfrbpq_1)    0.31    1.17    0.85 (MET)
y_reg[3]$_SDFFE_PN0P_/D (sg13g2_dfrbpq_1)    0.31    1.17    0.85 (MET)
y_reg[3]$_SDFFE_PN0P_/D (sg13g2_dfrbpq_1)    0.31    1.17    0.85 (MET)
x_reg[4]$_SDFFE_PN0P_/D (sg13g2_dfrbpq_1)    0.35    1.21    0.85 (MET)
x_reg[4]$_SDFFE_PN0P_/D (sg13g2_dfrbpq_1)    0.35    1.21    0.85 (MET)
y_reg[3]$_SDFFE_PN0P_/D (sg13g2_dfrbpq_1)    0.34    1.19    0.85 (MET)
y_reg[3]$_SDFFE_PN0P_/D (sg13g2_dfrbpq_1)    0.34    1.19    0.85 (MET)
x_reg[4]$_SDFFE_PN0P_/D (sg13g2_dfrbpq_1)    0.32    1.18    0.85 (MET)
x_reg[4]$_SDFFE_PN0P_/D (sg13g2_dfrbpq_1)    0.32    1.18    0.85 (MET)
x_reg[6]$_SDFFE_PN0P_/D (sg13g2_dfrbpq_1)    0.31    1.16    0.85 (MET)
x_reg[6]$_SDFFE_PN0P_/D (sg13g2_dfrbpq_1)    0.31    1.16    0.85 (MET)
x_reg[8]$_SDFFE_PN0P_/D (sg13g2_dfrbpq_1)    0.32    1.17    0.85 (MET)
x_reg[4]$_SDFFE_PN0P_/D (sg13g2_dfrbpq_1)    0.32    1.18    0.85 (MET)
x_reg[4]$_SDFFE_PN0P_/D (sg13g2_dfrbpq_1)    0.32    1.18    0.85 (MET)
y_reg[3]$_SDFFE_PN0P_/D (sg13g2_dfrbpq_1)    0.34    1.19    0.85 (MET)
y_reg[3]$_SDFFE_PN0P_/D (sg13g2_dfrbpq_1)    0.34    1.19    0.85 (MET)
y_reg[5]$_SDFFE_PN0P_/D (sg13g2_dfrbpq_1)    0.31    1.16    0.85 (MET)
y_reg[5]$_SDFFE_PN0P_/D (sg13g2_dfrbpq_1)    0.31    1.16    0.85 (MET)
x_reg[4]$_SDFFE_PN0P_/D (sg13g2_dfrbpq_1)    0.32    1.18    0.85 (MET)
x_reg[4]$_SDFFE_PN0P_/D (sg13g2_dfrbpq_1)    0.32    1.18    0.85 (MET)
x_reg[4]$_SDFFE_PN0P_/D (sg13g2_dfrbpq_1)    0.32    1.18    0.85 (MET)
x_reg[4]$_SDFFE_PN0P_/D (sg13g2_dfrbpq_1)    0.32    1.18    0.85 (MET)
y_reg[1]$_SDFFE_PN0P_/D (sg13g2_dfrbpq_1)    0.34    1.20    0.85 (MET)
y_reg[1]$_SDFFE_PN0P_/D (sg13g2_dfrbpq_1)    0.34    1.20    0.85 (MET)
y_reg[1]$_SDFFE_PN0P_/D (sg13g2_dfrbpq_1)    0.34    1.20    0.85 (MET)
y_reg[1]$_SDFFE_PN0P_/D (sg13g2_dfrbpq_1)    0.34    1.20    0.85 (MET)
x_reg[8]$_SDFFE_PN0P_/D (sg13g2_dfrbpq_1)    0.32    1.17    0.85 (MET)
x_reg[8]$_SDFFE_PN0P_/D (sg13g2_dfrbpq_1)    0.32    1.17    0.85 (MET)
x_reg[4]$_SDFFE_PN0P_/D (sg13g2_dfrbpq_1)    0.35    1.21    0.85 (MET)
x_reg[4]$_SDFFE_PN0P_/D (sg13g2_dfrbpq_1)    0.35    1.21    0.85 (MET)
y_reg[3]$_SDFFE_PN0P_/D (sg13g2_dfrbpq_1)    0.31    1.17    0.85 (MET)
y_reg[3]$_SDFFE_PN0P_/D (sg13g2_dfrbpq_1)    0.31    1.17    0.85 (MET)
y_reg[3]$_SDFFE_PN0P_/D (sg13g2_dfrbpq_1)    0.31    1.17    0.85 (MET)
y_reg[3]$_SDFFE_PN0P_/D (sg13g2_dfrbpq_1)    0.31    1.17    0.85 (MET)
y_reg[3]$_SDFFE_PN0P_/D (sg13g2_dfrbpq_1)    0.31    1.17    0.85 (MET)
y_reg[3]$_SDFFE_PN0P_/D (sg13g2_dfrbpq_1)    0.31    1.17    0.85 (MET)
y_reg[3]$_SDFFE_PN0P_/D (sg13g2_dfrbpq_1)    0.31    1.17    0.85 (MET)
y_reg[3]$_SDFFE_PN0P_/D (sg13g2_dfrbpq_1)    0.31    1.17    0.85 (MET)
y_reg[3]$_SDFFE_PN0P_/D (sg13g2_dfrbpq_1)    0.34    1.20    0.85 (MET)
x_reg[6]$_SDFFE_PN0P_/D (sg13g2_dfrbpq_1)    0.34    1.19    0.85 (MET)
x_reg[4]$_SDFFE_PN0P_/D (sg13g2_dfrbpq_1)    0.32    1.18    0.85 (MET)
x_reg[4]$_SDFFE_PN0P_/D (sg13g2_dfrbpq_1)    0.32    1.18    0.85 (MET)
x_reg[4]$_SDFFE_PN0P_/D (sg13g2_dfrbpq_1)    0.32    1.18    0.85 (MET)
x_reg[4]$_SDFFE_PN0P_/D (sg13g2_dfrbpq_1)    0.32    1.18    0.85 (MET)
x_reg[4]$_SDFFE_PN0P_/D (sg13g2_dfrbpq_1)    0.32    1.18    0.85 (MET)
x_reg[4]$_SDFFE_PN0P_/D (sg13g2_dfrbpq_1)    0.32    1.18    0.85 (MET)
x_reg[4]$_SDFFE_PN0P_/D (sg13g2_dfrbpq_1)    0.32    1.18    0.85 (MET)
x_reg[4]$_SDFFE_PN0P_/D (sg13g2_dfrbpq_1)    0.32    1.18    0.85 (MET)
y_reg[3]$_SDFFE_PN0P_/D (sg13g2_dfrbpq_1)    0.34    1.20    0.85 (MET)
y_reg[3]$_SDFFE_PN0P_/D (sg13g2_dfrbpq_1)    0.34    1.20    0.85 (MET)
y_reg[3]$_SDFFE_PN0P_/D (sg13g2_dfrbpq_1)    0.34    1.20    0.85 (MET)
y_reg[3]$_SDFFE_PN0P_/D (sg13g2_dfrbpq_1)    0.34    1.20    0.85 (MET)
y_reg[3]$_SDFFE_PN0P_/D (sg13g2_dfrbpq_1)    0.34    1.20    0.85 (MET)
y_reg[3]$_SDFFE_PN0P_/D (sg13g2_dfrbpq_1)    0.34    1.20    0.85 (MET)
y_reg[3]$_SDFFE_PN0P_/D (sg13g2_dfrbpq_1)    0.34    1.20    0.85 (MET)
y_reg[3]$_SDFFE_PN0P_/D (sg13g2_dfrbpq_1)    0.34    1.20    0.85 (MET)
y_reg[1]$_SDFFE_PN0P_/D (sg13g2_dfrbpq_1)    0.34    1.20    0.85 (MET)
x_reg[4]$_SDFFE_PN0P_/D (sg13g2_dfrbpq_1)    0.32    1.18    0.85 (MET)
y_reg[6]$_SDFFE_PN0P_/D (sg13g2_dfrbpq_1)    0.34    1.20    0.85 (MET)
y_reg[3]$_SDFFE_PN0P_/D (sg13g2_dfrbpq_1)    0.34    1.20    0.85 (MET)
y_reg[3]$_SDFFE_PN0P_/D (sg13g2_dfrbpq_1)    0.34    1.20    0.85 (MET)
y_reg[3]$_SDFFE_PN0P_/D (sg13g2_dfrbpq_1)    0.34    1.20    0.85 (MET)
y_reg[3]$_SDFFE_PN0P_/D (sg13g2_dfrbpq_1)    0.34    1.20    0.85 (MET)
x_reg[1]$_SDFFE_PN0P_/D (sg13g2_dfrbpq_1)    0.32    1.18    0.85 (MET)
x_reg[4]$_SDFFE_PN0P_/D (sg13g2_dfrbpq_1)    0.32    1.18    0.85 (MET)
x_reg[4]$_SDFFE_PN0P_/D (sg13g2_dfrbpq_1)    0.32    1.18    0.85 (MET)
x_reg[4]$_SDFFE_PN0P_/D (sg13g2_dfrbpq_1)    0.32    1.18    0.85 (MET)
x_reg[4]$_SDFFE_PN0P_/D (sg13g2_dfrbpq_1)    0.32    1.18    0.85 (MET)
y_reg[2]$_SDFFE_PN0P_/D (sg13g2_dfrbpq_1)    0.34    1.20    0.85 (MET)
y_reg[2]$_SDFFE_PN0P_/D (sg13g2_dfrbpq_1)    0.34    1.20    0.85 (MET)
y_reg[1]$_SDFFE_PN0P_/D (sg13g2_dfrbpq_1)    0.31    1.17    0.85 (MET)
x_reg[2]$_SDFFE_PN0P_/D (sg13g2_dfrbpq_1)    0.31    1.16    0.85 (MET)
x_reg[2]$_SDFFE_PN0P_/D (sg13g2_dfrbpq_1)    0.31    1.16    0.85 (MET)
x_reg[2]$_SDFFE_PN0P_/D (sg13g2_dfrbpq_1)    0.31    1.16    0.85 (MET)
x_reg[2]$_SDFFE_PN0P_/D (sg13g2_dfrbpq_1)    0.31    1.16    0.85 (MET)
y_reg[5]$_SDFFE_PN0P_/D (sg13g2_dfrbpq_1)    0.31    1.17    0.85 (MET)
y_reg[5]$_SDFFE_PN0P_/D (sg13g2_dfrbpq_1)    0.31    1.17    0.85 (MET)
y_reg[5]$_SDFFE_PN0P_/D (sg13g2_dfrbpq_1)    0.31    1.17    0.85 (MET)
y_reg[5]$_SDFFE_PN0P_/D (sg13g2_dfrbpq_1)    0.31    1.17    0.85 (MET)
y_reg[6]$_SDFFE_PN0P_/D (sg13g2_dfrbpq_1)    0.34    1.20    0.85 (MET)
x_reg[4]$_SDFFE_PN0P_/D (sg13g2_dfrbpq_1)    0.32    1.18    0.85 (MET)
x_reg[4]$_SDFFE_PN0P_/D (sg13g2_dfrbpq_1)    0.32    1.18    0.85 (MET)
x_reg[4]$_SDFFE_PN0P_/D (sg13g2_dfrbpq_1)    0.32    1.18    0.85 (MET)
x_reg[4]$_SDFFE_PN0P_/D (sg13g2_dfrbpq_1)    0.32    1.18    0.85 (MET)
x_reg[4]$_SDFFE_PN0P_/D (sg13g2_dfrbpq_1)    0.32    1.18    0.85 (MET)
x_reg[4]$_SDFFE_PN0P_/D (sg13g2_dfrbpq_1)    0.32    1.18    0.85 (MET)
x_reg[4]$_SDFFE_PN0P_/D (sg13g2_dfrbpq_1)    0.32    1.18    0.85 (MET)
x_reg[4]$_SDFFE_PN0P_/D (sg13g2_dfrbpq_1)    0.32    1.18    0.85 (MET)
x_reg[4]$_SDFFE_PN0P_/D (sg13g2_dfrbpq_1)    0.32    1.18    0.85 (MET)
x_reg[4]$_SDFFE_PN0P_/D (sg13g2_dfrbpq_1)    0.32    1.18    0.85 (MET)
x_reg[4]$_SDFFE_PN0P_/D (sg13g2_dfrbpq_1)    0.32    1.18    0.85 (MET)
x_reg[4]$_SDFFE_PN0P_/D (sg13g2_dfrbpq_1)    0.32    1.18    0.85 (MET)
x_reg[4]$_SDFFE_PN0P_/D (sg13g2_dfrbpq_1)    0.32    1.18    0.85 (MET)
x_reg[4]$_SDFFE_PN0P_/D (sg13g2_dfrbpq_1)    0.32    1.18    0.85 (MET)
x_reg[4]$_SDFFE_PN0P_/D (sg13g2_dfrbpq_1)    0.32    1.18    0.85 (MET)
x_reg[4]$_SDFFE_PN0P_/D (sg13g2_dfrbpq_1)    0.32    1.18    0.85 (MET)
y_reg[1]$_SDFFE_PN0P_/D (sg13g2_dfrbpq_1)    0.34    1.20    0.85 (MET)
y_reg[1]$_SDFFE_PN0P_/D (sg13g2_dfrbpq_1)    0.34    1.20    0.85 (MET)
y_reg[1]$_SDFFE_PN0P_/D (sg13g2_dfrbpq_1)    0.34    1.20    0.85 (MET)
y_reg[1]$_SDFFE_PN0P_/D (sg13g2_dfrbpq_1)    0.34    1.20    0.85 (MET)
y_reg[3]$_SDFFE_PN0P_/D (sg13g2_dfrbpq_1)    0.31    1.17    0.85 (MET)
y_reg[3]$_SDFFE_PN0P_/D (sg13g2_dfrbpq_1)    0.34    1.20    0.85 (MET)
y_reg[3]$_SDFFE_PN0P_/D (sg13g2_dfrbpq_1)    0.34    1.20    0.85 (MET)
y_reg[3]$_SDFFE_PN0P_/D (sg13g2_dfrbpq_1)    0.34    1.20    0.85 (MET)
y_reg[3]$_SDFFE_PN0P_/D (sg13g2_dfrbpq_1)    0.34    1.20    0.85 (MET)
y_reg[3]$_SDFFE_PN0P_/D (sg13g2_dfrbpq_1)    0.34    1.20    0.85 (MET)
y_reg[1]$_SDFFE_PN0P_/D (sg13g2_dfrbpq_1)    0.31    1.17    0.86 (MET)
y_reg[1]$_SDFFE_PN0P_/D (sg13g2_dfrbpq_1)    0.31    1.17    0.86 (MET)
x_reg[4]$_SDFFE_PN0P_/D (sg13g2_dfrbpq_1)    0.35    1.21    0.86 (MET)
x_reg[4]$_SDFFE_PN0P_/D (sg13g2_dfrbpq_1)    0.35    1.21    0.86 (MET)
y_reg[3]$_SDFFE_PN0P_/D (sg13g2_dfrbpq_1)    0.34    1.20    0.86 (MET)
x_reg[4]$_SDFFE_PN0P_/D (sg13g2_dfrbpq_1)    0.32    1.18    0.86 (MET)
x_reg[4]$_SDFFE_PN0P_/D (sg13g2_dfrbpq_1)    0.32    1.18    0.86 (MET)
y_reg[3]$_SDFFE_PN0P_/D (sg13g2_dfrbpq_1)    0.31    1.17    0.86 (MET)
y_reg[3]$_SDFFE_PN0P_/D (sg13g2_dfrbpq_1)    0.31    1.17    0.86 (MET)
y_reg[3]$_SDFFE_PN0P_/D (sg13g2_dfrbpq_1)    0.34    1.20    0.86 (MET)
y_reg[3]$_SDFFE_PN0P_/D (sg13g2_dfrbpq_1)    0.34    1.20    0.86 (MET)
y_reg[3]$_SDFFE_PN0P_/D (sg13g2_dfrbpq_1)    0.34    1.20    0.86 (MET)
y_reg[3]$_SDFFE_PN0P_/D (sg13g2_dfrbpq_1)    0.34    1.20    0.86 (MET)
y_reg[3]$_SDFFE_PN0P_/D (sg13g2_dfrbpq_1)    0.34    1.20    0.86 (MET)
y_reg[3]$_SDFFE_PN0P_/D (sg13g2_dfrbpq_1)    0.34    1.20    0.86 (MET)
y_reg[3]$_SDFFE_PN0P_/D (sg13g2_dfrbpq_1)    0.34    1.20    0.86 (MET)
y_reg[3]$_SDFFE_PN0P_/D (sg13g2_dfrbpq_1)    0.34    1.20    0.86 (MET)
y_reg[3]$_SDFFE_PN0P_/D (sg13g2_dfrbpq_1)    0.31    1.17    0.86 (MET)
y_reg[3]$_SDFFE_PN0P_/D (sg13g2_dfrbpq_1)    0.31    1.17    0.86 (MET)
y_reg[5]$_SDFFE_PN0P_/D (sg13g2_dfrbpq_1)    0.31    1.17    0.86 (MET)
y_reg[6]$_SDFFE_PN0P_/D (sg13g2_dfrbpq_1)    0.34    1.20    0.86 (MET)
y_reg[6]$_SDFFE_PN0P_/D (sg13g2_dfrbpq_1)    0.34    1.20    0.86 (MET)
x_reg[6]$_SDFFE_PN0P_/D (sg13g2_dfrbpq_1)    0.31    1.16    0.86 (MET)
x_reg[6]$_SDFFE_PN0P_/D (sg13g2_dfrbpq_1)    0.31    1.16    0.86 (MET)
x_reg[4]$_SDFFE_PN0P_/D (sg13g2_dfrbpq_1)    0.35    1.21    0.86 (MET)
x_reg[4]$_SDFFE_PN0P_/D (sg13g2_dfrbpq_1)    0.35    1.21    0.86 (MET)
x_reg[2]$_SDFFE_PN0P_/D (sg13g2_dfrbpq_1)    0.31    1.17    0.86 (MET)
x_reg[9]$_SDFFE_PN0P_/D (sg13g2_dfrbpq_1)    0.34    1.20    0.86 (MET)
x_reg[4]$_SDFFE_PN0P_/D (sg13g2_dfrbpq_1)    0.32    1.18    0.86 (MET)
x_reg[4]$_SDFFE_PN0P_/D (sg13g2_dfrbpq_1)    0.32    1.18    0.86 (MET)
x_reg[4]$_SDFFE_PN0P_/D (sg13g2_dfrbpq_1)    0.32    1.18    0.86 (MET)
x_reg[4]$_SDFFE_PN0P_/D (sg13g2_dfrbpq_1)    0.32    1.18    0.86 (MET)
x_reg[4]$_SDFFE_PN0P_/D (sg13g2_dfrbpq_1)    0.32    1.18    0.86 (MET)
x_reg[4]$_SDFFE_PN0P_/D (sg13g2_dfrbpq_1)    0.32    1.18    0.86 (MET)
x_reg[4]$_SDFFE_PN0P_/D (sg13g2_dfrbpq_1)    0.32    1.18    0.86 (MET)
x_reg[4]$_SDFFE_PN0P_/D (sg13g2_dfrbpq_1)    0.32    1.18    0.86 (MET)
x_reg[4]$_SDFFE_PN0P_/D (sg13g2_dfrbpq_1)    0.32    1.18    0.86 (MET)
x_reg[4]$_SDFFE_PN0P_/D (sg13g2_dfrbpq_1)    0.32    1.18    0.86 (MET)
x_reg[4]$_SDFFE_PN0P_/D (sg13g2_dfrbpq_1)    0.32    1.18    0.86 (MET)
x_reg[4]$_SDFFE_PN0P_/D (sg13g2_dfrbpq_1)    0.32    1.18    0.86 (MET)
x_reg[4]$_SDFFE_PN0P_/D (sg13g2_dfrbpq_1)    0.32    1.18    0.86 (MET)
x_reg[4]$_SDFFE_PN0P_/D (sg13g2_dfrbpq_1)    0.32    1.18    0.86 (MET)
x_reg[4]$_SDFFE_PN0P_/D (sg13g2_dfrbpq_1)    0.32    1.18    0.86 (MET)
x_reg[4]$_SDFFE_PN0P_/D (sg13g2_dfrbpq_1)    0.32    1.18    0.86 (MET)
x_reg[4]$_SDFFE_PN0P_/D (sg13g2_dfrbpq_1)    0.32    1.18    0.86 (MET)
x_reg[4]$_SDFFE_PN0P_/D (sg13g2_dfrbpq_1)    0.32    1.18    0.86 (MET)
x_reg[4]$_SDFFE_PN0P_/D (sg13g2_dfrbpq_1)    0.35    1.21    0.86 (MET)
x_reg[4]$_SDFFE_PN0P_/D (sg13g2_dfrbpq_1)    0.35    1.21    0.86 (MET)
x_reg[2]$_SDFFE_PN0P_/D (sg13g2_dfrbpq_1)    0.31    1.17    0.86 (MET)
x_reg[2]$_SDFFE_PN0P_/D (sg13g2_dfrbpq_1)    0.31    1.17    0.86 (MET)
x_reg[2]$_SDFFE_PN0P_/D (sg13g2_dfrbpq_1)    0.31    1.17    0.86 (MET)
x_reg[2]$_SDFFE_PN0P_/D (sg13g2_dfrbpq_1)    0.31    1.17    0.86 (MET)
y_reg[3]$_SDFFE_PN0P_/D (sg13g2_dfrbpq_1)    0.34    1.20    0.86 (MET)
y_reg[3]$_SDFFE_PN0P_/D (sg13g2_dfrbpq_1)    0.34    1.20    0.86 (MET)
x_reg[4]$_SDFFE_PN0P_/D (sg13g2_dfrbpq_1)    0.35    1.21    0.86 (MET)
x_reg[4]$_SDFFE_PN0P_/D (sg13g2_dfrbpq_1)    0.35    1.21    0.86 (MET)
x_reg[4]$_SDFFE_PN0P_/D (sg13g2_dfrbpq_1)    0.35    1.21    0.86 (MET)
x_reg[4]$_SDFFE_PN0P_/D (sg13g2_dfrbpq_1)    0.35    1.21    0.86 (MET)
y_reg[3]$_SDFFE_PN0P_/D (sg13g2_dfrbpq_1)    0.31    1.17    0.86 (MET)
y_reg[3]$_SDFFE_PN0P_/D (sg13g2_dfrbpq_1)    0.31    1.17    0.86 (MET)
y_reg[3]$_SDFFE_PN0P_/D (sg13g2_dfrbpq_1)    0.31    1.17    0.86 (MET)
y_reg[3]$_SDFFE_PN0P_/D (sg13g2_dfrbpq_1)    0.31    1.17    0.86 (MET)
y_reg[3]$_SDFFE_PN0P_/D (sg13g2_dfrbpq_1)    0.34    1.20    0.86 (MET)
y_reg[3]$_SDFFE_PN0P_/D (sg13g2_dfrbpq_1)    0.34    1.20    0.86 (MET)
x_reg[6]$_SDFFE_PN0P_/D (sg13g2_dfrbpq_1)    0.34    1.19    0.86 (MET)
x_reg[6]$_SDFFE_PN0P_/D (sg13g2_dfrbpq_1)    0.34    1.19    0.86 (MET)
x_reg[8]$_SDFFE_PN0P_/D (sg13g2_dfrbpq_1)    0.32    1.17    0.86 (MET)
x_reg[8]$_SDFFE_PN0P_/D (sg13g2_dfrbpq_1)    0.32    1.17    0.86 (MET)
y_reg[1]$_SDFFE_PN0P_/D (sg13g2_dfrbpq_1)    0.34    1.20    0.86 (MET)
x_reg[1]$_SDFFE_PN0P_/D (sg13g2_dfrbpq_1)    0.35    1.21    0.86 (MET)
y_reg[3]$_SDFFE_PN0P_/D (sg13g2_dfrbpq_1)    0.34    1.20    0.86 (MET)
y_reg[3]$_SDFFE_PN0P_/D (sg13g2_dfrbpq_1)    0.34    1.20    0.86 (MET)
y_reg[2]$_SDFFE_PN0P_/D (sg13g2_dfrbpq_1)    0.34    1.20    0.86 (MET)
y_reg[2]$_SDFFE_PN0P_/D (sg13g2_dfrbpq_1)    0.34    1.20    0.86 (MET)
y_reg[5]$_SDFFE_PN0P_/D (sg13g2_dfrbpq_1)    0.31    1.17    0.86 (MET)
y_reg[5]$_SDFFE_PN0P_/D (sg13g2_dfrbpq_1)    0.31    1.17    0.86 (MET)
y_reg[3]$_SDFFE_PN0P_/D (sg13g2_dfrbpq_1)    0.34    1.20    0.86 (MET)
y_reg[3]$_SDFFE_PN0P_/D (sg13g2_dfrbpq_1)    0.34    1.20    0.86 (MET)
y_reg[3]$_SDFFE_PN0P_/D (sg13g2_dfrbpq_1)    0.34    1.20    0.86 (MET)
y_reg[3]$_SDFFE_PN0P_/D (sg13g2_dfrbpq_1)    0.34    1.20    0.86 (MET)
y_reg[5]$_SDFFE_PN0P_/D (sg13g2_dfrbpq_1)    0.31    1.17    0.86 (MET)
y_reg[5]$_SDFFE_PN0P_/D (sg13g2_dfrbpq_1)    0.31    1.17    0.86 (MET)
y_reg[3]$_SDFFE_PN0P_/D (sg13g2_dfrbpq_1)    0.34    1.20    0.86 (MET)
y_reg[3]$_SDFFE_PN0P_/D (sg13g2_dfrbpq_1)    0.34    1.20    0.86 (MET)
y_reg[5]$_SDFFE_PN0P_/D (sg13g2_dfrbpq_1)    0.34    1.20    0.86 (MET)
y_reg[5]$_SDFFE_PN0P_/D (sg13g2_dfrbpq_1)    0.34    1.20    0.86 (MET)
y_reg[2]$_SDFFE_PN0P_/D (sg13g2_dfrbpq_1)    0.31    1.17    0.86 (MET)
x_reg[2]$_SDFFE_PN0P_/D (sg13g2_dfrbpq_1)    0.31    1.17    0.86 (MET)
x_reg[2]$_SDFFE_PN0P_/D (sg13g2_dfrbpq_1)    0.31    1.17    0.86 (MET)
x_reg[2]$_SDFFE_PN0P_/D (sg13g2_dfrbpq_1)    0.31    1.17    0.86 (MET)
x_reg[2]$_SDFFE_PN0P_/D (sg13g2_dfrbpq_1)    0.31    1.17    0.86 (MET)
x_reg[4]$_SDFFE_PN0P_/D (sg13g2_dfrbpq_1)    0.35    1.21    0.86 (MET)
x_reg[4]$_SDFFE_PN0P_/D (sg13g2_dfrbpq_1)    0.35    1.21    0.86 (MET)
x_reg[4]$_SDFFE_PN0P_/D (sg13g2_dfrbpq_1)    0.35    1.21    0.86 (MET)
x_reg[4]$_SDFFE_PN0P_/D (sg13g2_dfrbpq_1)    0.35    1.21    0.86 (MET)
x_reg[4]$_SDFFE_PN0P_/D (sg13g2_dfrbpq_1)    0.32    1.18    0.86 (MET)
x_reg[4]$_SDFFE_PN0P_/D (sg13g2_dfrbpq_1)    0.32    1.18    0.86 (MET)
x_reg[4]$_SDFFE_PN0P_/D (sg13g2_dfrbpq_1)    0.32    1.18    0.86 (MET)
x_reg[4]$_SDFFE_PN0P_/D (sg13g2_dfrbpq_1)    0.32    1.18    0.86 (MET)
y_reg[3]$_SDFFE_PN0P_/D (sg13g2_dfrbpq_1)    0.34    1.20    0.86 (MET)
y_reg[3]$_SDFFE_PN0P_/D (sg13g2_dfrbpq_1)    0.34    1.20    0.86 (MET)
y_reg[5]$_SDFFE_PN0P_/D (sg13g2_dfrbpq_1)    0.34    1.20    0.86 (MET)
y_reg[5]$_SDFFE_PN0P_/D (sg13g2_dfrbpq_1)    0.34    1.20    0.86 (MET)
y_reg[3]$_SDFFE_PN0P_/D (sg13g2_dfrbpq_1)    0.31    1.17    0.86 (MET)
y_reg[3]$_SDFFE_PN0P_/D (sg13g2_dfrbpq_1)    0.31    1.17    0.86 (MET)
y_reg[3]$_SDFFE_PN0P_/D (sg13g2_dfrbpq_1)    0.31    1.17    0.86 (MET)
x_reg[6]$_SDFFE_PN0P_/D (sg13g2_dfrbpq_1)    0.31    1.16    0.86 (MET)
x_reg[6]$_SDFFE_PN0P_/D (sg13g2_dfrbpq_1)    0.31    1.16    0.86 (MET)
x_reg[6]$_SDFFE_PN0P_/D (sg13g2_dfrbpq_1)    0.31    1.16    0.86 (MET)
x_reg[6]$_SDFFE_PN0P_/D (sg13g2_dfrbpq_1)    0.31    1.16    0.86 (MET)
y_reg[5]$_SDFFE_PN0P_/D (sg13g2_dfrbpq_1)    0.31    1.17    0.86 (MET)
y_reg[5]$_SDFFE_PN0P_/D (sg13g2_dfrbpq_1)    0.31    1.17    0.86 (MET)
x_reg[4]$_SDFFE_PN0P_/D (sg13g2_dfrbpq_1)    0.35    1.21    0.86 (MET)
y_reg[3]$_SDFFE_PN0P_/D (sg13g2_dfrbpq_1)    0.34    1.20    0.86 (MET)
y_reg[3]$_SDFFE_PN0P_/D (sg13g2_dfrbpq_1)    0.34    1.20    0.86 (MET)
y_reg[3]$_SDFFE_PN0P_/D (sg13g2_dfrbpq_1)    0.34    1.20    0.86 (MET)
y_reg[3]$_SDFFE_PN0P_/D (sg13g2_dfrbpq_1)    0.34    1.20    0.86 (MET)
y_reg[3]$_SDFFE_PN0P_/D (sg13g2_dfrbpq_1)    0.34    1.20    0.86 (MET)
x_reg[7]$_SDFFE_PN0P_/D (sg13g2_dfrbpq_1)    0.35    1.20    0.86 (MET)
y_reg[1]$_SDFFE_PN0P_/D (sg13g2_dfrbpq_1)    0.31    1.17    0.86 (MET)
y_reg[3]$_SDFFE_PN0P_/D (sg13g2_dfrbpq_1)    0.31    1.17    0.86 (MET)
y_reg[3]$_SDFFE_PN0P_/D (sg13g2_dfrbpq_1)    0.31    1.17    0.86 (MET)
x_reg[6]$_SDFFE_PN0P_/D (sg13g2_dfrbpq_1)    0.34    1.19    0.86 (MET)
y_reg[5]$_SDFFE_PN0P_/D (sg13g2_dfrbpq_1)    0.31    1.17    0.86 (MET)
y_reg[5]$_SDFFE_PN0P_/D (sg13g2_dfrbpq_1)    0.31    1.17    0.86 (MET)
y_reg[5]$_SDFFE_PN0P_/D (sg13g2_dfrbpq_1)    0.31    1.17    0.86 (MET)
y_reg[5]$_SDFFE_PN0P_/D (sg13g2_dfrbpq_1)    0.31    1.17    0.86 (MET)
x_reg[4]$_SDFFE_PN0P_/D (sg13g2_dfrbpq_1)    0.35    1.21    0.86 (MET)
x_reg[4]$_SDFFE_PN0P_/D (sg13g2_dfrbpq_1)    0.35    1.21    0.86 (MET)
y_reg[6]$_SDFFE_PN0P_/D (sg13g2_dfrbpq_1)    0.34    1.20    0.86 (MET)
y_reg[3]$_SDFFE_PN0P_/D (sg13g2_dfrbpq_1)    0.34    1.20    0.86 (MET)
y_reg[2]$_SDFFE_PN0P_/D (sg13g2_dfrbpq_1)    0.31    1.17    0.86 (MET)
y_reg[2]$_SDFFE_PN0P_/D (sg13g2_dfrbpq_1)    0.31    1.17    0.86 (MET)
y_reg[5]$_SDFFE_PN0P_/D (sg13g2_dfrbpq_1)    0.34    1.20    0.86 (MET)
y_reg[5]$_SDFFE_PN0P_/D (sg13g2_dfrbpq_1)    0.34    1.20    0.86 (MET)
y_reg[5]$_SDFFE_PN0P_/D (sg13g2_dfrbpq_1)    0.34    1.20    0.86 (MET)
y_reg[5]$_SDFFE_PN0P_/D (sg13g2_dfrbpq_1)    0.34    1.20    0.86 (MET)
y_reg[3]$_SDFFE_PN0P_/D (sg13g2_dfrbpq_1)    0.34    1.20    0.86 (MET)
y_reg[3]$_SDFFE_PN0P_/D (sg13g2_dfrbpq_1)    0.34    1.20    0.86 (MET)
y_reg[3]$_SDFFE_PN0P_/D (sg13g2_dfrbpq_1)    0.34    1.20    0.86 (MET)
y_reg[3]$_SDFFE_PN0P_/D (sg13g2_dfrbpq_1)    0.34    1.20    0.86 (MET)
y_reg[3]$_SDFFE_PN0P_/D (sg13g2_dfrbpq_1)    0.34    1.20    0.86 (MET)
y_reg[3]$_SDFFE_PN0P_/D (sg13g2_dfrbpq_1)    0.31    1.17    0.86 (MET)
y_reg[3]$_SDFFE_PN0P_/D (sg13g2_dfrbpq_1)    0.31    1.17    0.86 (MET)
x_reg[4]$_SDFFE_PN0P_/D (sg13g2_dfrbpq_1)    0.32    1.18    0.86 (MET)
y_reg[3]$_SDFFE_PN0P_/D (sg13g2_dfrbpq_1)    0.31    1.17    0.86 (MET)
y_reg[3]$_SDFFE_PN0P_/D (sg13g2_dfrbpq_1)    0.31    1.17    0.86 (MET)
y_reg[3]$_SDFFE_PN0P_/D (sg13g2_dfrbpq_1)    0.31    1.17    0.86 (MET)
y_reg[3]$_SDFFE_PN0P_/D (sg13g2_dfrbpq_1)    0.31    1.17    0.86 (MET)
y_reg[1]$_SDFFE_PN0P_/D (sg13g2_dfrbpq_1)    0.34    1.20    0.86 (MET)
y_reg[1]$_SDFFE_PN0P_/D (sg13g2_dfrbpq_1)    0.34    1.20    0.86 (MET)
y_reg[5]$_SDFFE_PN0P_/D (sg13g2_dfrbpq_1)    0.34    1.20    0.86 (MET)
y_reg[6]$_SDFFE_PN0P_/D (sg13g2_dfrbpq_1)    0.34    1.20    0.86 (MET)
y_reg[3]$_SDFFE_PN0P_/D (sg13g2_dfrbpq_1)    0.34    1.20    0.86 (MET)
x_reg[4]$_SDFFE_PN0P_/D (sg13g2_dfrbpq_1)    0.35    1.21    0.86 (MET)
x_reg[4]$_SDFFE_PN0P_/D (sg13g2_dfrbpq_1)    0.35    1.21    0.86 (MET)
y_reg[1]$_SDFFE_PN0P_/D (sg13g2_dfrbpq_1)    0.34    1.20    0.86 (MET)
x_reg[9]$_SDFFE_PN0P_/D (sg13g2_dfrbpq_1)    0.34    1.20    0.86 (MET)
y_reg[5]$_SDFFE_PN0P_/D (sg13g2_dfrbpq_1)    0.31    1.17    0.86 (MET)
y_reg[5]$_SDFFE_PN0P_/D (sg13g2_dfrbpq_1)    0.31    1.17    0.86 (MET)
y_reg[5]$_SDFFE_PN0P_/D (sg13g2_dfrbpq_1)    0.31    1.17    0.86 (MET)
y_reg[5]$_SDFFE_PN0P_/D (sg13g2_dfrbpq_1)    0.31    1.17    0.86 (MET)
y_reg[1]$_SDFFE_PN0P_/D (sg13g2_dfrbpq_1)    0.31    1.17    0.86 (MET)
y_reg[1]$_SDFFE_PN0P_/D (sg13g2_dfrbpq_1)    0.31    1.17    0.86 (MET)
x_reg[1]$_SDFFE_PN0P_/D (sg13g2_dfrbpq_1)    0.32    1.18    0.86 (MET)
x_reg[1]$_SDFFE_PN0P_/D (sg13g2_dfrbpq_1)    0.32    1.18    0.86 (MET)
y_reg[3]$_SDFFE_PN0P_/D (sg13g2_dfrbpq_1)    0.31    1.17    0.86 (MET)
y_reg[3]$_SDFFE_PN0P_/D (sg13g2_dfrbpq_1)    0.31    1.17    0.86 (MET)
y_reg[3]$_SDFFE_PN0P_/D (sg13g2_dfrbpq_1)    0.31    1.17    0.86 (MET)
y_reg[3]$_SDFFE_PN0P_/D (sg13g2_dfrbpq_1)    0.31    1.17    0.86 (MET)
z_reg[9]$_SDFFE_PN0P_/D (sg13g2_dfrbpq_1)    0.34    1.20    0.86 (MET)
y_reg[2]$_SDFFE_PN0P_/D (sg13g2_dfrbpq_1)    0.31    1.17    0.86 (MET)
y_reg[2]$_SDFFE_PN0P_/D (sg13g2_dfrbpq_1)    0.31    1.17    0.86 (MET)
y_reg[4]$_SDFFE_PN0P_/D (sg13g2_dfrbpq_1)    0.34    1.20    0.86 (MET)
y_reg[4]$_SDFFE_PN0P_/D (sg13g2_dfrbpq_1)    0.34    1.20    0.86 (MET)
y_reg[4]$_SDFFE_PN0P_/D (sg13g2_dfrbpq_1)    0.34    1.20    0.86 (MET)
y_reg[4]$_SDFFE_PN0P_/D (sg13g2_dfrbpq_1)    0.34    1.20    0.86 (MET)
y_reg[4]$_SDFFE_PN0P_/D (sg13g2_dfrbpq_1)    0.34    1.20    0.86 (MET)
y_reg[4]$_SDFFE_PN0P_/D (sg13g2_dfrbpq_1)    0.34    1.20    0.86 (MET)
y_reg[4]$_SDFFE_PN0P_/D (sg13g2_dfrbpq_1)    0.34    1.20    0.86 (MET)
y_reg[4]$_SDFFE_PN0P_/D (sg13g2_dfrbpq_1)    0.34    1.20    0.86 (MET)
x_reg[4]$_SDFFE_PN0P_/D (sg13g2_dfrbpq_1)    0.35    1.21    0.86 (MET)
x_reg[4]$_SDFFE_PN0P_/D (sg13g2_dfrbpq_1)    0.35    1.21    0.86 (MET)
y_reg[5]$_SDFFE_PN0P_/D (sg13g2_dfrbpq_1)    0.34    1.20    0.86 (MET)
y_reg[5]$_SDFFE_PN0P_/D (sg13g2_dfrbpq_1)    0.31    1.17    0.86 (MET)
y_reg[5]$_SDFFE_PN0P_/D (sg13g2_dfrbpq_1)    0.31    1.17    0.86 (MET)
y_reg[5]$_SDFFE_PN0P_/D (sg13g2_dfrbpq_1)    0.31    1.17    0.86 (MET)
y_reg[5]$_SDFFE_PN0P_/D (sg13g2_dfrbpq_1)    0.31    1.17    0.86 (MET)
x_reg[6]$_SDFFE_PN0P_/D (sg13g2_dfrbpq_1)    0.34    1.19    0.86 (MET)
x_reg[6]$_SDFFE_PN0P_/D (sg13g2_dfrbpq_1)    0.34    1.19    0.86 (MET)
x_reg[6]$_SDFFE_PN0P_/D (sg13g2_dfrbpq_1)    0.34    1.19    0.86 (MET)
x_reg[6]$_SDFFE_PN0P_/D (sg13g2_dfrbpq_1)    0.34    1.19    0.86 (MET)
y_reg[3]$_SDFFE_PN0P_/D (sg13g2_dfrbpq_1)    0.34    1.20    0.86 (MET)
y_reg[3]$_SDFFE_PN0P_/D (sg13g2_dfrbpq_1)    0.34    1.20    0.86 (MET)
x_reg[6]$_SDFFE_PN0P_/D (sg13g2_dfrbpq_1)    0.34    1.19    0.86 (MET)
x_reg[6]$_SDFFE_PN0P_/D (sg13g2_dfrbpq_1)    0.34    1.19    0.86 (MET)
x_reg[6]$_SDFFE_PN0P_/D (sg13g2_dfrbpq_1)    0.34    1.19    0.86 (MET)
x_reg[6]$_SDFFE_PN0P_/D (sg13g2_dfrbpq_1)    0.34    1.19    0.86 (MET)
y_reg[3]$_SDFFE_PN0P_/D (sg13g2_dfrbpq_1)    0.34    1.20    0.86 (MET)
y_reg[3]$_SDFFE_PN0P_/D (sg13g2_dfrbpq_1)    0.34    1.20    0.86 (MET)
y_reg[3]$_SDFFE_PN0P_/D (sg13g2_dfrbpq_1)    0.34    1.20    0.86 (MET)
y_reg[3]$_SDFFE_PN0P_/D (sg13g2_dfrbpq_1)    0.34    1.20    0.86 (MET)
x_reg[4]$_SDFFE_PN0P_/D (sg13g2_dfrbpq_1)    0.35    1.21    0.86 (MET)
x_reg[4]$_SDFFE_PN0P_/D (sg13g2_dfrbpq_1)    0.35    1.21    0.86 (MET)
x_reg[4]$_SDFFE_PN0P_/D (sg13g2_dfrbpq_1)    0.35    1.21    0.86 (MET)
x_reg[4]$_SDFFE_PN0P_/D (sg13g2_dfrbpq_1)    0.35    1.21    0.86 (MET)
y_reg[4]$_SDFFE_PN0P_/D (sg13g2_dfrbpq_1)    0.34    1.20    0.86 (MET)
y_reg[4]$_SDFFE_PN0P_/D (sg13g2_dfrbpq_1)    0.34    1.20    0.86 (MET)
y_reg[4]$_SDFFE_PN0P_/D (sg13g2_dfrbpq_1)    0.34    1.20    0.86 (MET)
y_reg[4]$_SDFFE_PN0P_/D (sg13g2_dfrbpq_1)    0.34    1.20    0.86 (MET)
y_reg[4]$_SDFFE_PN0P_/D (sg13g2_dfrbpq_1)    0.34    1.20    0.86 (MET)
y_reg[4]$_SDFFE_PN0P_/D (sg13g2_dfrbpq_1)    0.34    1.20    0.86 (MET)
y_reg[4]$_SDFFE_PN0P_/D (sg13g2_dfrbpq_1)    0.34    1.20    0.86 (MET)
y_reg[4]$_SDFFE_PN0P_/D (sg13g2_dfrbpq_1)    0.34    1.20    0.86 (MET)
y_reg[3]$_SDFFE_PN0P_/D (sg13g2_dfrbpq_1)    0.34    1.20    0.86 (MET)
y_reg[3]$_SDFFE_PN0P_/D (sg13g2_dfrbpq_1)    0.34    1.20    0.86 (MET)
y_reg[3]$_SDFFE_PN0P_/D (sg13g2_dfrbpq_1)    0.34    1.20    0.86 (MET)
y_reg[3]$_SDFFE_PN0P_/D (sg13g2_dfrbpq_1)    0.34    1.20    0.86 (MET)
y_reg[3]$_SDFFE_PN0P_/D (sg13g2_dfrbpq_1)    0.34    1.20    0.86 (MET)
y_reg[3]$_SDFFE_PN0P_/D (sg13g2_dfrbpq_1)    0.34    1.20    0.86 (MET)
x_reg[4]$_SDFFE_PN0P_/D (sg13g2_dfrbpq_1)    0.35    1.21    0.86 (MET)
x_reg[4]$_SDFFE_PN0P_/D (sg13g2_dfrbpq_1)    0.35    1.21    0.86 (MET)
x_reg[4]$_SDFFE_PN0P_/D (sg13g2_dfrbpq_1)    0.35    1.21    0.86 (MET)
x_reg[4]$_SDFFE_PN0P_/D (sg13g2_dfrbpq_1)    0.35    1.21    0.86 (MET)
y_reg[6]$_SDFFE_PN0P_/D (sg13g2_dfrbpq_1)    0.34    1.20    0.86 (MET)
y_reg[6]$_SDFFE_PN0P_/D (sg13g2_dfrbpq_1)    0.34    1.20    0.86 (MET)
y_reg[3]$_SDFFE_PN0P_/D (sg13g2_dfrbpq_1)    0.34    1.20    0.86 (MET)
y_reg[3]$_SDFFE_PN0P_/D (sg13g2_dfrbpq_1)    0.34    1.20    0.86 (MET)
x_reg[4]$_SDFFE_PN0P_/D (sg13g2_dfrbpq_1)    0.32    1.18    0.86 (MET)
x_reg[4]$_SDFFE_PN0P_/D (sg13g2_dfrbpq_1)    0.32    1.18    0.86 (MET)
y_reg[5]$_SDFFE_PN0P_/D (sg13g2_dfrbpq_1)    0.34    1.20    0.86 (MET)
y_reg[5]$_SDFFE_PN0P_/D (sg13g2_dfrbpq_1)    0.34    1.20    0.86 (MET)
x_reg[4]$_SDFFE_PN0P_/D (sg13g2_dfrbpq_1)    0.35    1.21    0.86 (MET)
x_reg[4]$_SDFFE_PN0P_/D (sg13g2_dfrbpq_1)    0.35    1.21    0.86 (MET)
x_reg[4]$_SDFFE_PN0P_/D (sg13g2_dfrbpq_1)    0.35    1.21    0.86 (MET)
x_reg[4]$_SDFFE_PN0P_/D (sg13g2_dfrbpq_1)    0.35    1.21    0.86 (MET)
x_reg[4]$_SDFFE_PN0P_/D (sg13g2_dfrbpq_1)    0.35    1.21    0.86 (MET)
x_reg[4]$_SDFFE_PN0P_/D (sg13g2_dfrbpq_1)    0.35    1.21    0.86 (MET)
x_reg[4]$_SDFFE_PN0P_/D (sg13g2_dfrbpq_1)    0.35    1.21    0.86 (MET)
x_reg[4]$_SDFFE_PN0P_/D (sg13g2_dfrbpq_1)    0.35    1.21    0.86 (MET)
x_reg[4]$_SDFFE_PN0P_/D (sg13g2_dfrbpq_1)    0.32    1.18    0.86 (MET)
x_reg[4]$_SDFFE_PN0P_/D (sg13g2_dfrbpq_1)    0.32    1.18    0.86 (MET)
y_reg[4]$_SDFFE_PN0P_/D (sg13g2_dfrbpq_1)    0.34    1.20    0.86 (MET)
y_reg[4]$_SDFFE_PN0P_/D (sg13g2_dfrbpq_1)    0.34    1.20    0.86 (MET)
y_reg[4]$_SDFFE_PN0P_/D (sg13g2_dfrbpq_1)    0.34    1.20    0.86 (MET)
y_reg[4]$_SDFFE_PN0P_/D (sg13g2_dfrbpq_1)    0.34    1.20    0.86 (MET)
y_reg[4]$_SDFFE_PN0P_/D (sg13g2_dfrbpq_1)    0.34    1.20    0.86 (MET)
y_reg[4]$_SDFFE_PN0P_/D (sg13g2_dfrbpq_1)    0.34    1.20    0.86 (MET)
y_reg[4]$_SDFFE_PN0P_/D (sg13g2_dfrbpq_1)    0.34    1.20    0.86 (MET)
y_reg[4]$_SDFFE_PN0P_/D (sg13g2_dfrbpq_1)    0.34    1.20    0.86 (MET)
y_reg[4]$_SDFFE_PN0P_/D (sg13g2_dfrbpq_1)    0.34    1.20    0.86 (MET)
y_reg[4]$_SDFFE_PN0P_/D (sg13g2_dfrbpq_1)    0.34    1.20    0.86 (MET)
y_reg[4]$_SDFFE_PN0P_/D (sg13g2_dfrbpq_1)    0.34    1.20    0.86 (MET)
y_reg[4]$_SDFFE_PN0P_/D (sg13g2_dfrbpq_1)    0.34    1.20    0.86 (MET)
y_reg[4]$_SDFFE_PN0P_/D (sg13g2_dfrbpq_1)    0.34    1.20    0.86 (MET)
y_reg[4]$_SDFFE_PN0P_/D (sg13g2_dfrbpq_1)    0.34    1.20    0.86 (MET)
y_reg[4]$_SDFFE_PN0P_/D (sg13g2_dfrbpq_1)    0.34    1.20    0.86 (MET)
y_reg[4]$_SDFFE_PN0P_/D (sg13g2_dfrbpq_1)    0.34    1.20    0.86 (MET)
x_reg[4]$_SDFFE_PN0P_/D (sg13g2_dfrbpq_1)    0.32    1.18    0.86 (MET)
z_reg[9]$_SDFFE_PN0P_/D (sg13g2_dfrbpq_1)    0.32    1.18    0.86 (MET)
z_reg[9]$_SDFFE_PN0P_/D (sg13g2_dfrbpq_1)    0.32    1.18    0.86 (MET)
y_reg[2]$_SDFFE_PN0P_/D (sg13g2_dfrbpq_1)    0.31    1.17    0.86 (MET)
y_reg[2]$_SDFFE_PN0P_/D (sg13g2_dfrbpq_1)    0.31    1.17    0.86 (MET)
y_reg[2]$_SDFFE_PN0P_/D (sg13g2_dfrbpq_1)    0.31    1.17    0.86 (MET)
y_reg[2]$_SDFFE_PN0P_/D (sg13g2_dfrbpq_1)    0.31    1.17    0.86 (MET)
y_reg[5]$_SDFFE_PN0P_/D (sg13g2_dfrbpq_1)    0.31    1.17    0.86 (MET)
y_reg[5]$_SDFFE_PN0P_/D (sg13g2_dfrbpq_1)    0.31    1.17    0.86 (MET)
y_reg[5]$_SDFFE_PN0P_/D (sg13g2_dfrbpq_1)    0.31    1.17    0.86 (MET)
y_reg[5]$_SDFFE_PN0P_/D (sg13g2_dfrbpq_1)    0.31    1.17    0.86 (MET)
y_reg[5]$_SDFFE_PN0P_/D (sg13g2_dfrbpq_1)    0.31    1.17    0.86 (MET)
y_reg[5]$_SDFFE_PN0P_/D (sg13g2_dfrbpq_1)    0.31    1.17    0.86 (MET)
y_reg[5]$_SDFFE_PN0P_/D (sg13g2_dfrbpq_1)    0.31    1.17    0.86 (MET)
y_reg[5]$_SDFFE_PN0P_/D (sg13g2_dfrbpq_1)    0.31    1.17    0.86 (MET)
x_reg[2]$_SDFFE_PN0P_/D (sg13g2_dfrbpq_1)    0.31    1.17    0.86 (MET)
x_reg[2]$_SDFFE_PN0P_/D (sg13g2_dfrbpq_1)    0.31    1.17    0.86 (MET)
x_reg[4]$_SDFFE_PN0P_/D (sg13g2_dfrbpq_1)    0.35    1.21    0.86 (MET)
x_reg[4]$_SDFFE_PN0P_/D (sg13g2_dfrbpq_1)    0.35    1.21    0.86 (MET)
x_reg[4]$_SDFFE_PN0P_/D (sg13g2_dfrbpq_1)    0.35    1.21    0.86 (MET)
x_reg[4]$_SDFFE_PN0P_/D (sg13g2_dfrbpq_1)    0.35    1.21    0.86 (MET)
x_reg[4]$_SDFFE_PN0P_/D (sg13g2_dfrbpq_1)    0.35    1.21    0.86 (MET)
x_reg[4]$_SDFFE_PN0P_/D (sg13g2_dfrbpq_1)    0.35    1.21    0.86 (MET)
x_reg[4]$_SDFFE_PN0P_/D (sg13g2_dfrbpq_1)    0.35    1.21    0.86 (MET)
x_reg[4]$_SDFFE_PN0P_/D (sg13g2_dfrbpq_1)    0.35    1.21    0.86 (MET)
x_reg[6]$_SDFFE_PN0P_/D (sg13g2_dfrbpq_1)    0.31    1.17    0.86 (MET)
y_reg[3]$_SDFFE_PN0P_/D (sg13g2_dfrbpq_1)    0.34    1.20    0.86 (MET)
x_reg[5]$_SDFFE_PN0P_/D (sg13g2_dfrbpq_1)    0.34    1.20    0.86 (MET)
y_reg[3]$_SDFFE_PN0P_/D (sg13g2_dfrbpq_1)    0.34    1.20    0.86 (MET)
y_reg[3]$_SDFFE_PN0P_/D (sg13g2_dfrbpq_1)    0.34    1.20    0.86 (MET)
y_reg[3]$_SDFFE_PN0P_/D (sg13g2_dfrbpq_1)    0.34    1.20    0.86 (MET)
y_reg[3]$_SDFFE_PN0P_/D (sg13g2_dfrbpq_1)    0.34    1.20    0.86 (MET)
y_reg[3]$_SDFFE_PN0P_/D (sg13g2_dfrbpq_1)    0.34    1.20    0.86 (MET)
y_reg[3]$_SDFFE_PN0P_/D (sg13g2_dfrbpq_1)    0.34    1.20    0.86 (MET)
y_reg[3]$_SDFFE_PN0P_/D (sg13g2_dfrbpq_1)    0.34    1.20    0.86 (MET)
y_reg[3]$_SDFFE_PN0P_/D (sg13g2_dfrbpq_1)    0.34    1.20    0.86 (MET)
y_reg[6]$_SDFFE_PN0P_/D (sg13g2_dfrbpq_1)    0.34    1.20    0.86 (MET)
y_reg[6]$_SDFFE_PN0P_/D (sg13g2_dfrbpq_1)    0.34    1.20    0.86 (MET)
y_reg[6]$_SDFFE_PN0P_/D (sg13g2_dfrbpq_1)    0.34    1.20    0.86 (MET)
y_reg[6]$_SDFFE_PN0P_/D (sg13g2_dfrbpq_1)    0.34    1.20    0.86 (MET)
y_reg[6]$_SDFFE_PN0P_/D (sg13g2_dfrbpq_1)    0.34    1.20    0.86 (MET)
y_reg[6]$_SDFFE_PN0P_/D (sg13g2_dfrbpq_1)    0.34    1.20    0.86 (MET)
y_reg[6]$_SDFFE_PN0P_/D (sg13g2_dfrbpq_1)    0.34    1.20    0.86 (MET)
y_reg[6]$_SDFFE_PN0P_/D (sg13g2_dfrbpq_1)    0.34    1.20    0.86 (MET)
x_reg[9]$_SDFFE_PN0P_/D (sg13g2_dfrbpq_1)    0.34    1.20    0.86 (MET)
y_reg[3]$_SDFFE_PN0P_/D (sg13g2_dfrbpq_1)    0.34    1.20    0.86 (MET)
y_reg[2]$_SDFFE_PN0P_/D (sg13g2_dfrbpq_1)    0.31    1.17    0.86 (MET)
x_reg[6]$_SDFFE_PN0P_/D (sg13g2_dfrbpq_1)    0.31    1.17    0.86 (MET)
x_reg[6]$_SDFFE_PN0P_/D (sg13g2_dfrbpq_1)    0.31    1.17    0.86 (MET)
x_reg[6]$_SDFFE_PN0P_/D (sg13g2_dfrbpq_1)    0.31    1.17    0.86 (MET)
x_reg[6]$_SDFFE_PN0P_/D (sg13g2_dfrbpq_1)    0.31    1.17    0.86 (MET)
x_reg[4]$_SDFFE_PN0P_/D (sg13g2_dfrbpq_1)    0.32    1.18    0.86 (MET)
x_reg[4]$_SDFFE_PN0P_/D (sg13g2_dfrbpq_1)    0.32    1.18    0.86 (MET)
x_reg[4]$_SDFFE_PN0P_/D (sg13g2_dfrbpq_1)    0.32    1.18    0.86 (MET)
x_reg[4]$_SDFFE_PN0P_/D (sg13g2_dfrbpq_1)    0.32    1.18    0.86 (MET)
x_reg[4]$_SDFFE_PN0P_/D (sg13g2_dfrbpq_1)    0.35    1.21    0.86 (MET)
x_reg[4]$_SDFFE_PN0P_/D (sg13g2_dfrbpq_1)    0.35    1.21    0.86 (MET)
y_reg[2]$_SDFFE_PN0P_/D (sg13g2_dfrbpq_1)    0.34    1.20    0.86 (MET)
y_reg[2]$_SDFFE_PN0P_/D (sg13g2_dfrbpq_1)    0.34    1.20    0.86 (MET)
y_reg[6]$_SDFFE_PN0P_/D (sg13g2_dfrbpq_1)    0.34    1.20    0.86 (MET)
y_reg[6]$_SDFFE_PN0P_/D (sg13g2_dfrbpq_1)    0.34    1.20    0.86 (MET)
y_reg[6]$_SDFFE_PN0P_/D (sg13g2_dfrbpq_1)    0.34    1.20    0.86 (MET)
y_reg[6]$_SDFFE_PN0P_/D (sg13g2_dfrbpq_1)    0.34    1.20    0.86 (MET)
y_reg[6]$_SDFFE_PN0P_/D (sg13g2_dfrbpq_1)    0.34    1.20    0.86 (MET)
y_reg[6]$_SDFFE_PN0P_/D (sg13g2_dfrbpq_1)    0.34    1.20    0.86 (MET)
y_reg[6]$_SDFFE_PN0P_/D (sg13g2_dfrbpq_1)    0.34    1.20    0.86 (MET)
y_reg[6]$_SDFFE_PN0P_/D (sg13g2_dfrbpq_1)    0.34    1.20    0.86 (MET)
x_reg[4]$_SDFFE_PN0P_/D (sg13g2_dfrbpq_1)    0.32    1.18    0.86 (MET)
x_reg[4]$_SDFFE_PN0P_/D (sg13g2_dfrbpq_1)    0.32    1.18    0.86 (MET)
y_reg[3]$_SDFFE_PN0P_/D (sg13g2_dfrbpq_1)    0.34    1.20    0.86 (MET)
y_reg[3]$_SDFFE_PN0P_/D (sg13g2_dfrbpq_1)    0.34    1.20    0.86 (MET)
y_reg[3]$_SDFFE_PN0P_/D (sg13g2_dfrbpq_1)    0.34    1.20    0.86 (MET)
y_reg[3]$_SDFFE_PN0P_/D (sg13g2_dfrbpq_1)    0.34    1.20    0.86 (MET)
y_reg[3]$_SDFFE_PN0P_/D (sg13g2_dfrbpq_1)    0.34    1.20    0.86 (MET)
y_reg[3]$_SDFFE_PN0P_/D (sg13g2_dfrbpq_1)    0.34    1.20    0.86 (MET)
y_reg[3]$_SDFFE_PN0P_/D (sg13g2_dfrbpq_1)    0.34    1.20    0.86 (MET)
y_reg[3]$_SDFFE_PN0P_/D (sg13g2_dfrbpq_1)    0.34    1.20    0.86 (MET)
x_reg[4]$_SDFFE_PN0P_/D (sg13g2_dfrbpq_1)    0.35    1.21    0.86 (MET)
y_reg[2]$_SDFFE_PN0P_/D (sg13g2_dfrbpq_1)    0.31    1.17    0.86 (MET)
x_reg[4]$_SDFFE_PN0P_/D (sg13g2_dfrbpq_1)    0.35    1.21    0.86 (MET)
x_reg[4]$_SDFFE_PN0P_/D (sg13g2_dfrbpq_1)    0.35    1.21    0.86 (MET)
x_reg[1]$_SDFFE_PN0P_/D (sg13g2_dfrbpq_1)    0.35    1.21    0.86 (MET)
x_reg[6]$_SDFFE_PN0P_/D (sg13g2_dfrbpq_1)    0.31    1.17    0.86 (MET)
y_reg[3]$_SDFFE_PN0P_/D (sg13g2_dfrbpq_1)    0.34    1.20    0.86 (MET)
y_reg[3]$_SDFFE_PN0P_/D (sg13g2_dfrbpq_1)    0.34    1.20    0.86 (MET)
x_reg[4]$_SDFFE_PN0P_/D (sg13g2_dfrbpq_1)    0.32    1.18    0.86 (MET)
x_reg[4]$_SDFFE_PN0P_/D (sg13g2_dfrbpq_1)    0.32    1.18    0.86 (MET)
x_reg[4]$_SDFFE_PN0P_/D (sg13g2_dfrbpq_1)    0.32    1.18    0.86 (MET)
x_reg[4]$_SDFFE_PN0P_/D (sg13g2_dfrbpq_1)    0.32    1.18    0.86 (MET)
x_reg[4]$_SDFFE_PN0P_/D (sg13g2_dfrbpq_1)    0.32    1.18    0.86 (MET)
x_reg[4]$_SDFFE_PN0P_/D (sg13g2_dfrbpq_1)    0.32    1.18    0.86 (MET)
x_reg[4]$_SDFFE_PN0P_/D (sg13g2_dfrbpq_1)    0.32    1.18    0.86 (MET)
x_reg[4]$_SDFFE_PN0P_/D (sg13g2_dfrbpq_1)    0.32    1.18    0.86 (MET)
x_reg[4]$_SDFFE_PN0P_/D (sg13g2_dfrbpq_1)    0.32    1.18    0.86 (MET)
x_reg[4]$_SDFFE_PN0P_/D (sg13g2_dfrbpq_1)    0.32    1.18    0.86 (MET)
x_reg[4]$_SDFFE_PN0P_/D (sg13g2_dfrbpq_1)    0.32    1.18    0.86 (MET)
x_reg[4]$_SDFFE_PN0P_/D (sg13g2_dfrbpq_1)    0.32    1.18    0.86 (MET)
x_reg[4]$_SDFFE_PN0P_/D (sg13g2_dfrbpq_1)    0.32    1.18    0.86 (MET)
x_reg[4]$_SDFFE_PN0P_/D (sg13g2_dfrbpq_1)    0.32    1.18    0.86 (MET)
x_reg[4]$_SDFFE_PN0P_/D (sg13g2_dfrbpq_1)    0.32    1.18    0.86 (MET)
x_reg[4]$_SDFFE_PN0P_/D (sg13g2_dfrbpq_1)    0.32    1.18    0.86 (MET)
y_reg[1]$_SDFFE_PN0P_/D (sg13g2_dfrbpq_1)    0.34    1.20    0.86 (MET)
y_reg[1]$_SDFFE_PN0P_/D (sg13g2_dfrbpq_1)    0.34    1.20    0.86 (MET)
y_reg[2]$_SDFFE_PN0P_/D (sg13g2_dfrbpq_1)    0.31    1.17    0.86 (MET)
y_reg[2]$_SDFFE_PN0P_/D (sg13g2_dfrbpq_1)    0.31    1.17    0.86 (MET)
y_reg[1]$_SDFFE_PN0P_/D (sg13g2_dfrbpq_1)    0.31    1.17    0.86 (MET)
y_reg[5]$_SDFFE_PN0P_/D (sg13g2_dfrbpq_1)    0.34    1.20    0.86 (MET)
y_reg[5]$_SDFFE_PN0P_/D (sg13g2_dfrbpq_1)    0.34    1.20    0.86 (MET)
y_reg[5]$_SDFFE_PN0P_/D (sg13g2_dfrbpq_1)    0.34    1.20    0.86 (MET)
y_reg[5]$_SDFFE_PN0P_/D (sg13g2_dfrbpq_1)    0.34    1.20    0.86 (MET)
y_reg[4]$_SDFFE_PN0P_/D (sg13g2_dfrbpq_1)    0.34    1.20    0.86 (MET)
y_reg[4]$_SDFFE_PN0P_/D (sg13g2_dfrbpq_1)    0.34    1.20    0.86 (MET)
y_reg[6]$_SDFFE_PN0P_/D (sg13g2_dfrbpq_1)    0.34    1.20    0.86 (MET)
y_reg[6]$_SDFFE_PN0P_/D (sg13g2_dfrbpq_1)    0.34    1.20    0.86 (MET)
y_reg[6]$_SDFFE_PN0P_/D (sg13g2_dfrbpq_1)    0.34    1.20    0.86 (MET)
y_reg[6]$_SDFFE_PN0P_/D (sg13g2_dfrbpq_1)    0.34    1.20    0.86 (MET)
y_reg[6]$_SDFFE_PN0P_/D (sg13g2_dfrbpq_1)    0.34    1.20    0.86 (MET)
y_reg[6]$_SDFFE_PN0P_/D (sg13g2_dfrbpq_1)    0.34    1.20    0.86 (MET)
y_reg[6]$_SDFFE_PN0P_/D (sg13g2_dfrbpq_1)    0.34    1.20    0.86 (MET)
y_reg[6]$_SDFFE_PN0P_/D (sg13g2_dfrbpq_1)    0.34    1.20    0.86 (MET)
y_reg[6]$_SDFFE_PN0P_/D (sg13g2_dfrbpq_1)    0.34    1.20    0.86 (MET)
y_reg[6]$_SDFFE_PN0P_/D (sg13g2_dfrbpq_1)    0.34    1.20    0.86 (MET)
y_reg[6]$_SDFFE_PN0P_/D (sg13g2_dfrbpq_1)    0.34    1.20    0.86 (MET)
y_reg[6]$_SDFFE_PN0P_/D (sg13g2_dfrbpq_1)    0.34    1.20    0.86 (MET)
y_reg[6]$_SDFFE_PN0P_/D (sg13g2_dfrbpq_1)    0.34    1.20    0.86 (MET)
y_reg[6]$_SDFFE_PN0P_/D (sg13g2_dfrbpq_1)    0.34    1.20    0.86 (MET)
y_reg[6]$_SDFFE_PN0P_/D (sg13g2_dfrbpq_1)    0.34    1.20    0.86 (MET)
y_reg[6]$_SDFFE_PN0P_/D (sg13g2_dfrbpq_1)    0.34    1.20    0.86 (MET)
y_reg[1]$_SDFFE_PN0P_/D (sg13g2_dfrbpq_1)    0.34    1.20    0.86 (MET)
y_reg[1]$_SDFFE_PN0P_/D (sg13g2_dfrbpq_1)    0.34    1.20    0.86 (MET)
x_reg[6]$_SDFFE_PN0P_/D (sg13g2_dfrbpq_1)    0.31    1.17    0.86 (MET)
y_reg[3]$_SDFFE_PN0P_/D (sg13g2_dfrbpq_1)    0.34    1.20    0.86 (MET)
y_reg[3]$_SDFFE_PN0P_/D (sg13g2_dfrbpq_1)    0.34    1.20    0.86 (MET)
y_reg[2]$_SDFFE_PN0P_/D (sg13g2_dfrbpq_1)    0.31    1.17    0.86 (MET)
y_reg[2]$_SDFFE_PN0P_/D (sg13g2_dfrbpq_1)    0.31    1.17    0.86 (MET)
y_reg[5]$_SDFFE_PN0P_/D (sg13g2_dfrbpq_1)    0.34    1.20    0.86 (MET)
y_reg[5]$_SDFFE_PN0P_/D (sg13g2_dfrbpq_1)    0.34    1.20    0.86 (MET)
y_reg[5]$_SDFFE_PN0P_/D (sg13g2_dfrbpq_1)    0.34    1.20    0.86 (MET)
y_reg[5]$_SDFFE_PN0P_/D (sg13g2_dfrbpq_1)    0.34    1.20    0.86 (MET)
x_reg[4]$_SDFFE_PN0P_/D (sg13g2_dfrbpq_1)    0.35    1.21    0.86 (MET)
x_reg[4]$_SDFFE_PN0P_/D (sg13g2_dfrbpq_1)    0.35    1.21    0.86 (MET)
x_reg[4]$_SDFFE_PN0P_/D (sg13g2_dfrbpq_1)    0.35    1.21    0.86 (MET)
x_reg[4]$_SDFFE_PN0P_/D (sg13g2_dfrbpq_1)    0.35    1.21    0.86 (MET)
x_reg[4]$_SDFFE_PN0P_/D (sg13g2_dfrbpq_1)    0.35    1.21    0.86 (MET)
x_reg[4]$_SDFFE_PN0P_/D (sg13g2_dfrbpq_1)    0.35    1.21    0.86 (MET)
x_reg[4]$_SDFFE_PN0P_/D (sg13g2_dfrbpq_1)    0.35    1.21    0.86 (MET)
x_reg[4]$_SDFFE_PN0P_/D (sg13g2_dfrbpq_1)    0.35    1.21    0.86 (MET)
x_reg[4]$_SDFFE_PN0P_/D (sg13g2_dfrbpq_1)    0.35    1.21    0.86 (MET)
x_reg[4]$_SDFFE_PN0P_/D (sg13g2_dfrbpq_1)    0.35    1.21    0.86 (MET)
x_reg[4]$_SDFFE_PN0P_/D (sg13g2_dfrbpq_1)    0.35    1.21    0.86 (MET)
x_reg[4]$_SDFFE_PN0P_/D (sg13g2_dfrbpq_1)    0.35    1.21    0.86 (MET)
x_reg[4]$_SDFFE_PN0P_/D (sg13g2_dfrbpq_1)    0.35    1.21    0.86 (MET)
x_reg[4]$_SDFFE_PN0P_/D (sg13g2_dfrbpq_1)    0.35    1.21    0.86 (MET)
x_reg[4]$_SDFFE_PN0P_/D (sg13g2_dfrbpq_1)    0.35    1.21    0.86 (MET)
x_reg[4]$_SDFFE_PN0P_/D (sg13g2_dfrbpq_1)    0.35    1.21    0.86 (MET)
x_reg[2]$_SDFFE_PN0P_/D (sg13g2_dfrbpq_1)    0.31    1.17    0.86 (MET)
x_reg[2]$_SDFFE_PN0P_/D (sg13g2_dfrbpq_1)    0.31    1.17    0.86 (MET)
x_reg[2]$_SDFFE_PN0P_/D (sg13g2_dfrbpq_1)    0.31    1.17    0.86 (MET)
x_reg[2]$_SDFFE_PN0P_/D (sg13g2_dfrbpq_1)    0.31    1.17    0.86 (MET)
x_reg[2]$_SDFFE_PN0P_/D (sg13g2_dfrbpq_1)    0.31    1.17    0.86 (MET)
x_reg[2]$_SDFFE_PN0P_/D (sg13g2_dfrbpq_1)    0.31    1.17    0.86 (MET)
x_reg[2]$_SDFFE_PN0P_/D (sg13g2_dfrbpq_1)    0.31    1.17    0.86 (MET)
x_reg[2]$_SDFFE_PN0P_/D (sg13g2_dfrbpq_1)    0.31    1.17    0.86 (MET)
y_reg[4]$_SDFFE_PN0P_/D (sg13g2_dfrbpq_1)    0.34    1.20    0.86 (MET)
y_reg[4]$_SDFFE_PN0P_/D (sg13g2_dfrbpq_1)    0.34    1.20    0.86 (MET)
x_reg[6]$_SDFFE_PN0P_/D (sg13g2_dfrbpq_1)    0.31    1.17    0.86 (MET)
y_reg[1]$_SDFFE_PN0P_/D (sg13g2_dfrbpq_1)    0.34    1.20    0.86 (MET)
y_reg[1]$_SDFFE_PN0P_/D (sg13g2_dfrbpq_1)    0.34    1.20    0.86 (MET)
y_reg[5]$_SDFFE_PN0P_/D (sg13g2_dfrbpq_1)    0.34    1.20    0.86 (MET)
y_reg[5]$_SDFFE_PN0P_/D (sg13g2_dfrbpq_1)    0.34    1.20    0.86 (MET)
y_reg[5]$_SDFFE_PN0P_/D (sg13g2_dfrbpq_1)    0.34    1.20    0.86 (MET)
y_reg[5]$_SDFFE_PN0P_/D (sg13g2_dfrbpq_1)    0.34    1.20    0.86 (MET)
x_reg[5]$_SDFFE_PN0P_/D (sg13g2_dfrbpq_1)    0.34    1.20    0.86 (MET)
x_reg[5]$_SDFFE_PN0P_/D (sg13g2_dfrbpq_1)    0.34    1.20    0.86 (MET)
y_reg[2]$_SDFFE_PN0P_/D (sg13g2_dfrbpq_1)    0.34    1.20    0.86 (MET)
x_reg[4]$_SDFFE_PN0P_/D (sg13g2_dfrbpq_1)    0.35    1.21    0.86 (MET)
x_reg[4]$_SDFFE_PN0P_/D (sg13g2_dfrbpq_1)    0.35    1.21    0.86 (MET)
y_reg[1]$_SDFFE_PN0P_/D (sg13g2_dfrbpq_1)    0.31    1.17    0.86 (MET)
y_reg[1]$_SDFFE_PN0P_/D (sg13g2_dfrbpq_1)    0.31    1.17    0.86 (MET)
y_reg[5]$_SDFFE_PN0P_/D (sg13g2_dfrbpq_1)    0.34    1.20    0.86 (MET)
y_reg[5]$_SDFFE_PN0P_/D (sg13g2_dfrbpq_1)    0.34    1.20    0.86 (MET)
y_reg[5]$_SDFFE_PN0P_/D (sg13g2_dfrbpq_1)    0.34    1.20    0.86 (MET)
y_reg[5]$_SDFFE_PN0P_/D (sg13g2_dfrbpq_1)    0.34    1.20    0.86 (MET)
x_reg[4]$_SDFFE_PN0P_/D (sg13g2_dfrbpq_1)    0.32    1.18    0.86 (MET)
x_reg[4]$_SDFFE_PN0P_/D (sg13g2_dfrbpq_1)    0.32    1.18    0.86 (MET)
x_reg[4]$_SDFFE_PN0P_/D (sg13g2_dfrbpq_1)    0.32    1.18    0.86 (MET)
x_reg[4]$_SDFFE_PN0P_/D (sg13g2_dfrbpq_1)    0.32    1.18    0.86 (MET)
x_reg[4]$_SDFFE_PN0P_/D (sg13g2_dfrbpq_1)    0.32    1.18    0.86 (MET)
x_reg[4]$_SDFFE_PN0P_/D (sg13g2_dfrbpq_1)    0.32    1.18    0.86 (MET)
x_reg[4]$_SDFFE_PN0P_/D (sg13g2_dfrbpq_1)    0.32    1.18    0.86 (MET)
x_reg[4]$_SDFFE_PN0P_/D (sg13g2_dfrbpq_1)    0.32    1.18    0.86 (MET)
x_reg[4]$_SDFFE_PN0P_/D (sg13g2_dfrbpq_1)    0.32    1.18    0.86 (MET)
x_reg[4]$_SDFFE_PN0P_/D (sg13g2_dfrbpq_1)    0.32    1.18    0.86 (MET)
x_reg[4]$_SDFFE_PN0P_/D (sg13g2_dfrbpq_1)    0.32    1.18    0.86 (MET)
x_reg[4]$_SDFFE_PN0P_/D (sg13g2_dfrbpq_1)    0.32    1.18    0.86 (MET)
x_reg[4]$_SDFFE_PN0P_/D (sg13g2_dfrbpq_1)    0.32    1.18    0.86 (MET)
x_reg[4]$_SDFFE_PN0P_/D (sg13g2_dfrbpq_1)    0.32    1.18    0.86 (MET)
x_reg[4]$_SDFFE_PN0P_/D (sg13g2_dfrbpq_1)    0.32    1.18    0.86 (MET)
x_reg[4]$_SDFFE_PN0P_/D (sg13g2_dfrbpq_1)    0.32    1.18    0.86 (MET)
x_reg[4]$_SDFFE_PN0P_/D (sg13g2_dfrbpq_1)    0.32    1.18    0.86 (MET)
x_reg[4]$_SDFFE_PN0P_/D (sg13g2_dfrbpq_1)    0.32    1.18    0.86 (MET)
x_reg[4]$_SDFFE_PN0P_/D (sg13g2_dfrbpq_1)    0.32    1.18    0.86 (MET)
x_reg[4]$_SDFFE_PN0P_/D (sg13g2_dfrbpq_1)    0.32    1.18    0.86 (MET)
x_reg[4]$_SDFFE_PN0P_/D (sg13g2_dfrbpq_1)    0.32    1.18    0.86 (MET)
x_reg[4]$_SDFFE_PN0P_/D (sg13g2_dfrbpq_1)    0.32    1.18    0.86 (MET)
x_reg[4]$_SDFFE_PN0P_/D (sg13g2_dfrbpq_1)    0.32    1.18    0.86 (MET)
x_reg[4]$_SDFFE_PN0P_/D (sg13g2_dfrbpq_1)    0.32    1.18    0.86 (MET)
x_reg[4]$_SDFFE_PN0P_/D (sg13g2_dfrbpq_1)    0.32    1.18    0.86 (MET)
x_reg[4]$_SDFFE_PN0P_/D (sg13g2_dfrbpq_1)    0.32    1.18    0.86 (MET)
x_reg[4]$_SDFFE_PN0P_/D (sg13g2_dfrbpq_1)    0.32    1.18    0.86 (MET)
x_reg[4]$_SDFFE_PN0P_/D (sg13g2_dfrbpq_1)    0.32    1.18    0.86 (MET)
x_reg[4]$_SDFFE_PN0P_/D (sg13g2_dfrbpq_1)    0.32    1.18    0.86 (MET)
x_reg[4]$_SDFFE_PN0P_/D (sg13g2_dfrbpq_1)    0.32    1.18    0.86 (MET)
x_reg[4]$_SDFFE_PN0P_/D (sg13g2_dfrbpq_1)    0.32    1.18    0.86 (MET)
x_reg[4]$_SDFFE_PN0P_/D (sg13g2_dfrbpq_1)    0.32    1.18    0.86 (MET)
x_reg[4]$_SDFFE_PN0P_/D (sg13g2_dfrbpq_1)    0.35    1.21    0.86 (MET)
x_reg[4]$_SDFFE_PN0P_/D (sg13g2_dfrbpq_1)    0.35    1.21    0.86 (MET)
x_reg[4]$_SDFFE_PN0P_/D (sg13g2_dfrbpq_1)    0.35    1.21    0.86 (MET)
x_reg[4]$_SDFFE_PN0P_/D (sg13g2_dfrbpq_1)    0.35    1.21    0.86 (MET)
x_reg[4]$_SDFFE_PN0P_/D (sg13g2_dfrbpq_1)    0.35    1.21    0.86 (MET)
x_reg[4]$_SDFFE_PN0P_/D (sg13g2_dfrbpq_1)    0.35    1.21    0.86 (MET)
x_reg[4]$_SDFFE_PN0P_/D (sg13g2_dfrbpq_1)    0.35    1.21    0.86 (MET)
x_reg[4]$_SDFFE_PN0P_/D (sg13g2_dfrbpq_1)    0.35    1.21    0.86 (MET)
x_reg[4]$_SDFFE_PN0P_/D (sg13g2_dfrbpq_1)    0.35    1.21    0.86 (MET)
x_reg[4]$_SDFFE_PN0P_/D (sg13g2_dfrbpq_1)    0.35    1.21    0.86 (MET)
x_reg[4]$_SDFFE_PN0P_/D (sg13g2_dfrbpq_1)    0.35    1.21    0.86 (MET)
x_reg[4]$_SDFFE_PN0P_/D (sg13g2_dfrbpq_1)    0.35    1.21    0.86 (MET)
x_reg[4]$_SDFFE_PN0P_/D (sg13g2_dfrbpq_1)    0.35    1.21    0.86 (MET)
x_reg[4]$_SDFFE_PN0P_/D (sg13g2_dfrbpq_1)    0.35    1.21    0.86 (MET)
x_reg[4]$_SDFFE_PN0P_/D (sg13g2_dfrbpq_1)    0.35    1.21    0.86 (MET)
x_reg[4]$_SDFFE_PN0P_/D (sg13g2_dfrbpq_1)    0.35    1.21    0.86 (MET)
y_reg[5]$_SDFFE_PN0P_/D (sg13g2_dfrbpq_1)    0.34    1.20    0.86 (MET)
y_reg[5]$_SDFFE_PN0P_/D (sg13g2_dfrbpq_1)    0.34    1.20    0.86 (MET)
y_reg[5]$_SDFFE_PN0P_/D (sg13g2_dfrbpq_1)    0.34    1.20    0.86 (MET)
y_reg[5]$_SDFFE_PN0P_/D (sg13g2_dfrbpq_1)    0.34    1.20    0.86 (MET)
y_reg[5]$_SDFFE_PN0P_/D (sg13g2_dfrbpq_1)    0.34    1.20    0.86 (MET)
y_reg[5]$_SDFFE_PN0P_/D (sg13g2_dfrbpq_1)    0.34    1.20    0.86 (MET)
y_reg[5]$_SDFFE_PN0P_/D (sg13g2_dfrbpq_1)    0.34    1.20    0.86 (MET)
y_reg[5]$_SDFFE_PN0P_/D (sg13g2_dfrbpq_1)    0.34    1.20    0.86 (MET)
y_reg[4]$_SDFFE_PN0P_/D (sg13g2_dfrbpq_1)    0.34    1.21    0.86 (MET)
y_reg[4]$_SDFFE_PN0P_/D (sg13g2_dfrbpq_1)    0.34    1.21    0.86 (MET)
y_reg[4]$_SDFFE_PN0P_/D (sg13g2_dfrbpq_1)    0.34    1.21    0.86 (MET)
y_reg[4]$_SDFFE_PN0P_/D (sg13g2_dfrbpq_1)    0.34    1.21    0.86 (MET)
y_reg[1]$_SDFFE_PN0P_/D (sg13g2_dfrbpq_1)    0.34    1.20    0.86 (MET)
y_reg[1]$_SDFFE_PN0P_/D (sg13g2_dfrbpq_1)    0.34    1.20    0.86 (MET)
y_reg[1]$_SDFFE_PN0P_/D (sg13g2_dfrbpq_1)    0.34    1.20    0.86 (MET)
y_reg[1]$_SDFFE_PN0P_/D (sg13g2_dfrbpq_1)    0.34    1.20    0.86 (MET)
y_reg[5]$_SDFFE_PN0P_/D (sg13g2_dfrbpq_1)    0.34    1.20    0.86 (MET)
y_reg[5]$_SDFFE_PN0P_/D (sg13g2_dfrbpq_1)    0.34    1.20    0.86 (MET)
y_reg[5]$_SDFFE_PN0P_/D (sg13g2_dfrbpq_1)    0.34    1.20    0.86 (MET)
y_reg[5]$_SDFFE_PN0P_/D (sg13g2_dfrbpq_1)    0.34    1.20    0.86 (MET)
y_reg[5]$_SDFFE_PN0P_/D (sg13g2_dfrbpq_1)    0.34    1.20    0.86 (MET)
y_reg[5]$_SDFFE_PN0P_/D (sg13g2_dfrbpq_1)    0.34    1.20    0.86 (MET)
y_reg[5]$_SDFFE_PN0P_/D (sg13g2_dfrbpq_1)    0.34    1.20    0.86 (MET)
y_reg[5]$_SDFFE_PN0P_/D (sg13g2_dfrbpq_1)    0.34    1.20    0.86 (MET)
z_reg[9]$_SDFFE_PN0P_/D (sg13g2_dfrbpq_1)    0.34    1.20    0.86 (MET)
z_reg[9]$_SDFFE_PN0P_/D (sg13g2_dfrbpq_1)    0.34    1.20    0.86 (MET)
z_reg[9]$_SDFFE_PN0P_/D (sg13g2_dfrbpq_1)    0.34    1.20    0.86 (MET)
z_reg[9]$_SDFFE_PN0P_/D (sg13g2_dfrbpq_1)    0.34    1.20    0.86 (MET)
x_reg[4]$_SDFFE_PN0P_/D (sg13g2_dfrbpq_1)    0.35    1.21    0.86 (MET)
x_reg[4]$_SDFFE_PN0P_/D (sg13g2_dfrbpq_1)    0.35    1.21    0.86 (MET)
x_reg[4]$_SDFFE_PN0P_/D (sg13g2_dfrbpq_1)    0.35    1.21    0.86 (MET)
x_reg[4]$_SDFFE_PN0P_/D (sg13g2_dfrbpq_1)    0.35    1.21    0.86 (MET)
x_reg[4]$_SDFFE_PN0P_/D (sg13g2_dfrbpq_1)    0.35    1.21    0.86 (MET)
x_reg[4]$_SDFFE_PN0P_/D (sg13g2_dfrbpq_1)    0.35    1.21    0.86 (MET)
x_reg[4]$_SDFFE_PN0P_/D (sg13g2_dfrbpq_1)    0.35    1.21    0.86 (MET)
x_reg[4]$_SDFFE_PN0P_/D (sg13g2_dfrbpq_1)    0.35    1.21    0.86 (MET)
x_reg[4]$_SDFFE_PN0P_/D (sg13g2_dfrbpq_1)    0.35    1.21    0.86 (MET)
x_reg[4]$_SDFFE_PN0P_/D (sg13g2_dfrbpq_1)    0.35    1.21    0.86 (MET)
x_reg[4]$_SDFFE_PN0P_/D (sg13g2_dfrbpq_1)    0.35    1.21    0.86 (MET)
x_reg[4]$_SDFFE_PN0P_/D (sg13g2_dfrbpq_1)    0.35    1.21    0.86 (MET)
x_reg[4]$_SDFFE_PN0P_/D (sg13g2_dfrbpq_1)    0.35    1.21    0.86 (MET)
x_reg[4]$_SDFFE_PN0P_/D (sg13g2_dfrbpq_1)    0.35    1.21    0.86 (MET)
x_reg[4]$_SDFFE_PN0P_/D (sg13g2_dfrbpq_1)    0.35    1.21    0.86 (MET)
x_reg[4]$_SDFFE_PN0P_/D (sg13g2_dfrbpq_1)    0.35    1.21    0.86 (MET)
x_reg[4]$_SDFFE_PN0P_/D (sg13g2_dfrbpq_1)    0.35    1.21    0.86 (MET)
x_reg[4]$_SDFFE_PN0P_/D (sg13g2_dfrbpq_1)    0.35    1.21    0.86 (MET)
y_reg[2]$_SDFFE_PN0P_/D (sg13g2_dfrbpq_1)    0.31    1.17    0.86 (MET)
y_reg[3]$_SDFFE_PN0P_/D (sg13g2_dfrbpq_1)    0.31    1.17    0.86 (MET)
y_reg[3]$_SDFFE_PN0P_/D (sg13g2_dfrbpq_1)    0.31    1.17    0.86 (MET)
y_reg[3]$_SDFFE_PN0P_/D (sg13g2_dfrbpq_1)    0.31    1.17    0.86 (MET)
y_reg[3]$_SDFFE_PN0P_/D (sg13g2_dfrbpq_1)    0.31    1.17    0.86 (MET)
y_reg[5]$_SDFFE_PN0P_/D (sg13g2_dfrbpq_1)    0.34    1.20    0.86 (MET)
y_reg[5]$_SDFFE_PN0P_/D (sg13g2_dfrbpq_1)    0.34    1.20    0.86 (MET)
y_reg[5]$_SDFFE_PN0P_/D (sg13g2_dfrbpq_1)    0.34    1.20    0.86 (MET)
y_reg[5]$_SDFFE_PN0P_/D (sg13g2_dfrbpq_1)    0.34    1.20    0.86 (MET)
y_reg[5]$_SDFFE_PN0P_/D (sg13g2_dfrbpq_1)    0.34    1.20    0.86 (MET)
y_reg[5]$_SDFFE_PN0P_/D (sg13g2_dfrbpq_1)    0.34    1.20    0.86 (MET)
y_reg[5]$_SDFFE_PN0P_/D (sg13g2_dfrbpq_1)    0.34    1.20    0.86 (MET)
y_reg[5]$_SDFFE_PN0P_/D (sg13g2_dfrbpq_1)    0.34    1.20    0.86 (MET)
x_reg[6]$_SDFFE_PN0P_/D (sg13g2_dfrbpq_1)    0.34    1.20    0.86 (MET)
x_reg[6]$_SDFFE_PN0P_/D (sg13g2_dfrbpq_1)    0.34    1.20    0.86 (MET)
y_reg[5]$_SDFFE_PN0P_/D (sg13g2_dfrbpq_1)    0.34    1.20    0.86 (MET)
y_reg[5]$_SDFFE_PN0P_/D (sg13g2_dfrbpq_1)    0.34    1.20    0.86 (MET)
y_reg[5]$_SDFFE_PN0P_/D (sg13g2_dfrbpq_1)    0.34    1.20    0.86 (MET)
y_reg[5]$_SDFFE_PN0P_/D (sg13g2_dfrbpq_1)    0.34    1.20    0.86 (MET)
y_reg[5]$_SDFFE_PN0P_/D (sg13g2_dfrbpq_1)    0.34    1.20    0.86 (MET)
y_reg[5]$_SDFFE_PN0P_/D (sg13g2_dfrbpq_1)    0.34    1.20    0.86 (MET)
y_reg[5]$_SDFFE_PN0P_/D (sg13g2_dfrbpq_1)    0.34    1.20    0.86 (MET)
y_reg[5]$_SDFFE_PN0P_/D (sg13g2_dfrbpq_1)    0.34    1.20    0.86 (MET)
y_reg[5]$_SDFFE_PN0P_/D (sg13g2_dfrbpq_1)    0.34    1.20    0.86 (MET)
y_reg[5]$_SDFFE_PN0P_/D (sg13g2_dfrbpq_1)    0.34    1.20    0.86 (MET)
x_reg[6]$_SDFFE_PN0P_/D (sg13g2_dfrbpq_1)    0.31    1.17    0.86 (MET)
y_reg[2]$_SDFFE_PN0P_/D (sg13g2_dfrbpq_1)    0.31    1.17    0.86 (MET)
x_reg[6]$_SDFFE_PN0P_/D (sg13g2_dfrbpq_1)    0.34    1.20    0.86 (MET)
x_reg[6]$_SDFFE_PN0P_/D (sg13g2_dfrbpq_1)    0.34    1.20    0.86 (MET)
y_reg[4]$_SDFFE_PN0P_/D (sg13g2_dfrbpq_1)    0.34    1.21    0.86 (MET)
y_reg[3]$_SDFFE_PN0P_/D (sg13g2_dfrbpq_1)    0.34    1.20    0.86 (MET)
y_reg[5]$_SDFFE_PN0P_/D (sg13g2_dfrbpq_1)    0.34    1.20    0.86 (MET)
z_reg[9]$_SDFFE_PN0P_/D (sg13g2_dfrbpq_1)    0.34    1.20    0.86 (MET)
z_reg[9]$_SDFFE_PN0P_/D (sg13g2_dfrbpq_1)    0.34    1.20    0.86 (MET)
z_reg[9]$_SDFFE_PN0P_/D (sg13g2_dfrbpq_1)    0.34    1.20    0.86 (MET)
z_reg[9]$_SDFFE_PN0P_/D (sg13g2_dfrbpq_1)    0.34    1.20    0.86 (MET)
y_reg[3]$_SDFFE_PN0P_/D (sg13g2_dfrbpq_1)    0.31    1.17    0.86 (MET)
y_reg[3]$_SDFFE_PN0P_/D (sg13g2_dfrbpq_1)    0.31    1.17    0.86 (MET)
y_reg[3]$_SDFFE_PN0P_/D (sg13g2_dfrbpq_1)    0.31    1.17    0.86 (MET)
y_reg[3]$_SDFFE_PN0P_/D (sg13g2_dfrbpq_1)    0.31    1.17    0.86 (MET)
y_reg[5]$_SDFFE_PN0P_/D (sg13g2_dfrbpq_1)    0.34    1.20    0.86 (MET)
y_reg[5]$_SDFFE_PN0P_/D (sg13g2_dfrbpq_1)    0.34    1.20    0.86 (MET)
y_reg[5]$_SDFFE_PN0P_/D (sg13g2_dfrbpq_1)    0.34    1.20    0.86 (MET)

