max_delay/setup group clk

                                     Required  Actual
Endpoint                               Delay   Delay   Slack
------------------------------------------------------------
y_reg[4]$_SDFFE_PN0P_/D (sg13g2_dfrbpq_1)   15.48    3.25   12.23 (MET)
y_reg[4]$_SDFFE_PN0P_/D (sg13g2_dfrbpq_1)   15.48    3.25   12.23 (MET)
y_reg[5]$_SDFFE_PN0P_/D (sg13g2_dfrbpq_1)   15.48    3.23   12.24 (MET)
y_reg[5]$_SDFFE_PN0P_/D (sg13g2_dfrbpq_1)   15.48    3.23   12.24 (MET)
y_reg[2]$_SDFFE_PN0P_/D (sg13g2_dfrbpq_1)   15.48    3.22   12.26 (MET)
y_reg[2]$_SDFFE_PN0P_/D (sg13g2_dfrbpq_1)   15.48    3.22   12.26 (MET)
y_reg[3]$_SDFFE_PN0P_/D (sg13g2_dfrbpq_1)   15.48    3.22   12.26 (MET)
y_reg[3]$_SDFFE_PN0P_/D (sg13g2_dfrbpq_1)   15.48    3.22   12.26 (MET)
x_reg[8]$_SDFFE_PN0P_/D (sg13g2_dfrbpq_1)   15.49    3.21   12.27 (MET)
x_reg[8]$_SDFFE_PN0P_/D (sg13g2_dfrbpq_1)   15.49    3.21   12.27 (MET)
x_reg[8]$_SDFFE_PN0P_/D (sg13g2_dfrbpq_1)   15.49    3.19   12.30 (MET)
x_reg[8]$_SDFFE_PN0P_/D (sg13g2_dfrbpq_1)   15.49    3.19   12.30 (MET)
x_reg[8]$_SDFFE_PN0P_/D (sg13g2_dfrbpq_1)   15.49    3.19   12.30 (MET)
x_reg[8]$_SDFFE_PN0P_/D (sg13g2_dfrbpq_1)   15.49    3.19   12.30 (MET)
x_reg[8]$_SDFFE_PN0P_/D (sg13g2_dfrbpq_1)   15.49    3.19   12.30 (MET)
x_reg[8]$_SDFFE_PN0P_/D (sg13g2_dfrbpq_1)   15.49    3.18   12.30 (MET)
x_reg[8]$_SDFFE_PN0P_/D (sg13g2_dfrbpq_1)   15.49    3.18   12.30 (MET)
y_reg[4]$_SDFFE_PN0P_/D (sg13g2_dfrbpq_1)   15.48    3.18   12.30 (MET)
y_reg[4]$_SDFFE_PN0P_/D (sg13g2_dfrbpq_1)   15.48    3.18   12.30 (MET)
x_reg[8]$_SDFFE_PN0P_/D (sg13g2_dfrbpq_1)   15.49    3.18   12.30 (MET)
y_reg[4]$_SDFFE_PN0P_/D (sg13g2_dfrbpq_1)   15.48    3.18   12.30 (MET)
x_reg[8]$_SDFFE_PN0P_/D (sg13g2_dfrbpq_1)   15.49    3.18   12.30 (MET)
y_reg[2]$_SDFFE_PN0P_/D (sg13g2_dfrbpq_1)   15.48    3.17   12.31 (MET)
y_reg[2]$_SDFFE_PN0P_/D (sg13g2_dfrbpq_1)   15.48    3.17   12.31 (MET)
y_reg[2]$_SDFFE_PN0P_/D (sg13g2_dfrbpq_1)   15.48    3.17   12.31 (MET)
y_reg[8]$_SDFFE_PN0P_/D (sg13g2_dfrbpq_1)   15.49    3.17   12.31 (MET)
y_reg[5]$_SDFFE_PN0P_/D (sg13g2_dfrbpq_1)   15.48    3.16   12.32 (MET)
y_reg[5]$_SDFFE_PN0P_/D (sg13g2_dfrbpq_1)   15.48    3.16   12.32 (MET)
y_reg[5]$_SDFFE_PN0P_/D (sg13g2_dfrbpq_1)   15.48    3.16   12.32 (MET)
y_reg[3]$_SDFFE_PN0P_/D (sg13g2_dfrbpq_1)   15.48    3.16   12.32 (MET)
y_reg[3]$_SDFFE_PN0P_/D (sg13g2_dfrbpq_1)   15.48    3.16   12.32 (MET)
y_reg[3]$_SDFFE_PN0P_/D (sg13g2_dfrbpq_1)   15.48    3.16   12.32 (MET)
y_reg[4]$_SDFFE_PN0P_/D (sg13g2_dfrbpq_1)   15.48    3.16   12.32 (MET)
y_reg[4]$_SDFFE_PN0P_/D (sg13g2_dfrbpq_1)   15.48    3.16   12.32 (MET)
x_reg[8]$_SDFFE_PN0P_/D (sg13g2_dfrbpq_1)   15.49    3.17   12.33 (MET)
x_reg[8]$_SDFFE_PN0P_/D (sg13g2_dfrbpq_1)   15.49    3.17   12.33 (MET)
x_reg[8]$_SDFFE_PN0P_/D (sg13g2_dfrbpq_1)   15.49    3.16   12.33 (MET)
x_reg[9]$_SDFFE_PN0P_/D (sg13g2_dfrbpq_1)   15.49    3.16   12.33 (MET)
x_reg[9]$_SDFFE_PN0P_/D (sg13g2_dfrbpq_1)   15.49    3.16   12.33 (MET)
x_reg[8]$_SDFFE_PN0P_/D (sg13g2_dfrbpq_1)   15.49    3.16   12.33 (MET)
x_reg[8]$_SDFFE_PN0P_/D (sg13g2_dfrbpq_1)   15.49    3.16   12.33 (MET)
x_reg[8]$_SDFFE_PN0P_/D (sg13g2_dfrbpq_1)   15.49    3.16   12.33 (MET)
y_reg[5]$_SDFFE_PN0P_/D (sg13g2_dfrbpq_1)   15.48    3.14   12.34 (MET)
y_reg[5]$_SDFFE_PN0P_/D (sg13g2_dfrbpq_1)   15.48    3.14   12.34 (MET)
x_reg[9]$_SDFFE_PN0P_/D (sg13g2_dfrbpq_1)   15.49    3.15   12.34 (MET)
x_reg[8]$_SDFFE_PN0P_/D (sg13g2_dfrbpq_1)   15.49    3.15   12.34 (MET)
x_reg[8]$_SDFFE_PN0P_/D (sg13g2_dfrbpq_1)   15.49    3.15   12.34 (MET)
x_reg[8]$_SDFFE_PN0P_/D (sg13g2_dfrbpq_1)   15.49    3.15   12.34 (MET)
x_reg[8]$_SDFFE_PN0P_/D (sg13g2_dfrbpq_1)   15.49    3.15   12.34 (MET)
x_reg[8]$_SDFFE_PN0P_/D (sg13g2_dfrbpq_1)   15.49    3.15   12.34 (MET)
x_reg[8]$_SDFFE_PN0P_/D (sg13g2_dfrbpq_1)   15.49    3.15   12.34 (MET)
x_reg[8]$_SDFFE_PN0P_/D (sg13g2_dfrbpq_1)   15.49    3.15   12.34 (MET)
x_reg[8]$_SDFFE_PN0P_/D (sg13g2_dfrbpq_1)   15.49    3.15   12.34 (MET)
x_reg[8]$_SDFFE_PN0P_/D (sg13g2_dfrbpq_1)   15.49    3.15   12.34 (MET)
x_reg[8]$_SDFFE_PN0P_/D (sg13g2_dfrbpq_1)   15.49    3.15   12.34 (MET)
x_reg[8]$_SDFFE_PN0P_/D (sg13g2_dfrbpq_1)   15.49    3.15   12.34 (MET)
x_reg[8]$_SDFFE_PN0P_/D (sg13g2_dfrbpq_1)   15.49    3.15   12.34 (MET)
x_reg[8]$_SDFFE_PN0P_/D (sg13g2_dfrbpq_1)   15.49    3.14   12.34 (MET)
x_reg[8]$_SDFFE_PN0P_/D (sg13g2_dfrbpq_1)   15.49    3.14   12.34 (MET)
x_reg[8]$_SDFFE_PN0P_/D (sg13g2_dfrbpq_1)   15.49    3.14   12.34 (MET)
x_reg[8]$_SDFFE_PN0P_/D (sg13g2_dfrbpq_1)   15.49    3.14   12.34 (MET)
y_reg[2]$_SDFFE_PN0P_/D (sg13g2_dfrbpq_1)   15.48    3.13   12.35 (MET)
y_reg[2]$_SDFFE_PN0P_/D (sg13g2_dfrbpq_1)   15.48    3.13   12.35 (MET)
x_reg[8]$_SDFFE_PN0P_/D (sg13g2_dfrbpq_1)   15.49    3.14   12.35 (MET)
x_reg[8]$_SDFFE_PN0P_/D (sg13g2_dfrbpq_1)   15.49    3.14   12.35 (MET)
x_reg[8]$_SDFFE_PN0P_/D (sg13g2_dfrbpq_1)   15.49    3.14   12.35 (MET)
x_reg[8]$_SDFFE_PN0P_/D (sg13g2_dfrbpq_1)   15.49    3.14   12.35 (MET)
y_reg[3]$_SDFFE_PN0P_/D (sg13g2_dfrbpq_1)   15.48    3.13   12.35 (MET)
y_reg[3]$_SDFFE_PN0P_/D (sg13g2_dfrbpq_1)   15.48    3.13   12.35 (MET)
x_reg[8]$_SDFFE_PN0P_/D (sg13g2_dfrbpq_1)   15.49    3.14   12.35 (MET)
x_reg[8]$_SDFFE_PN0P_/D (sg13g2_dfrbpq_1)   15.49    3.14   12.35 (MET)
x_reg[8]$_SDFFE_PN0P_/D (sg13g2_dfrbpq_1)   15.49    3.14   12.35 (MET)
x_reg[8]$_SDFFE_PN0P_/D (sg13g2_dfrbpq_1)   15.49    3.14   12.35 (MET)
x_reg[9]$_SDFFE_PN0P_/D (sg13g2_dfrbpq_1)   15.49    3.14   12.35 (MET)
x_reg[8]$_SDFFE_PN0P_/D (sg13g2_dfrbpq_1)   15.49    3.13   12.36 (MET)
y_reg[8]$_SDFFE_PN0P_/D (sg13g2_dfrbpq_1)   15.49    3.13   12.36 (MET)
y_reg[8]$_SDFFE_PN0P_/D (sg13g2_dfrbpq_1)   15.49    3.13   12.36 (MET)
y_reg[8]$_SDFFE_PN0P_/D (sg13g2_dfrbpq_1)   15.49    3.13   12.36 (MET)
y_reg[8]$_SDFFE_PN0P_/D (sg13g2_dfrbpq_1)   15.49    3.13   12.36 (MET)
x_reg[9]$_SDFFE_PN0P_/D (sg13g2_dfrbpq_1)   15.49    3.13   12.36 (MET)
x_reg[8]$_SDFFE_PN0P_/D (sg13g2_dfrbpq_1)   15.49    3.12   12.36 (MET)
x_reg[8]$_SDFFE_PN0P_/D (sg13g2_dfrbpq_1)   15.49    3.12   12.36 (MET)
y_reg[8]$_SDFFE_PN0P_/D (sg13g2_dfrbpq_1)   15.49    3.12   12.37 (MET)
y_reg[8]$_SDFFE_PN0P_/D (sg13g2_dfrbpq_1)   15.49    3.12   12.37 (MET)
y_reg[8]$_SDFFE_PN0P_/D (sg13g2_dfrbpq_1)   15.49    3.12   12.37 (MET)
y_reg[8]$_SDFFE_PN0P_/D (sg13g2_dfrbpq_1)   15.49    3.12   12.37 (MET)
x_reg[8]$_SDFFE_PN0P_/D (sg13g2_dfrbpq_1)   15.49    3.13   12.37 (MET)
x_reg[8]$_SDFFE_PN0P_/D (sg13g2_dfrbpq_1)   15.49    3.13   12.37 (MET)
x_reg[8]$_SDFFE_PN0P_/D (sg13g2_dfrbpq_1)   15.49    3.13   12.37 (MET)
x_reg[8]$_SDFFE_PN0P_/D (sg13g2_dfrbpq_1)   15.49    3.13   12.37 (MET)
x_reg[8]$_SDFFE_PN0P_/D (sg13g2_dfrbpq_1)   15.49    3.12   12.37 (MET)
x_reg[8]$_SDFFE_PN0P_/D (sg13g2_dfrbpq_1)   15.49    3.12   12.37 (MET)
x_reg[8]$_SDFFE_PN0P_/D (sg13g2_dfrbpq_1)   15.49    3.12   12.37 (MET)
x_reg[8]$_SDFFE_PN0P_/D (sg13g2_dfrbpq_1)   15.49    3.12   12.37 (MET)
x_reg[8]$_SDFFE_PN0P_/D (sg13g2_dfrbpq_1)   15.49    3.12   12.37 (MET)
x_reg[8]$_SDFFE_PN0P_/D (sg13g2_dfrbpq_1)   15.49    3.12   12.37 (MET)
x_reg[8]$_SDFFE_PN0P_/D (sg13g2_dfrbpq_1)   15.49    3.12   12.37 (MET)
x_reg[8]$_SDFFE_PN0P_/D (sg13g2_dfrbpq_1)   15.49    3.12   12.37 (MET)
x_reg[8]$_SDFFE_PN0P_/D (sg13g2_dfrbpq_1)   15.49    3.12   12.37 (MET)
x_reg[8]$_SDFFE_PN0P_/D (sg13g2_dfrbpq_1)   15.49    3.12   12.37 (MET)
x_reg[8]$_SDFFE_PN0P_/D (sg13g2_dfrbpq_1)   15.49    3.12   12.37 (MET)
x_reg[8]$_SDFFE_PN0P_/D (sg13g2_dfrbpq_1)   15.49    3.12   12.37 (MET)
x_reg[8]$_SDFFE_PN0P_/D (sg13g2_dfrbpq_1)   15.49    3.12   12.37 (MET)
x_reg[8]$_SDFFE_PN0P_/D (sg13g2_dfrbpq_1)   15.49    3.12   12.37 (MET)
x_reg[8]$_SDFFE_PN0P_/D (sg13g2_dfrbpq_1)   15.49    3.12   12.37 (MET)
x_reg[8]$_SDFFE_PN0P_/D (sg13g2_dfrbpq_1)   15.49    3.12   12.37 (MET)
x_reg[8]$_SDFFE_PN0P_/D (sg13g2_dfrbpq_1)   15.49    3.12   12.37 (MET)
x_reg[8]$_SDFFE_PN0P_/D (sg13g2_dfrbpq_1)   15.49    3.12   12.37 (MET)
y_reg[8]$_SDFFE_PN0P_/D (sg13g2_dfrbpq_1)   15.48    3.11   12.37 (MET)
y_reg[8]$_SDFFE_PN0P_/D (sg13g2_dfrbpq_1)   15.48    3.11   12.37 (MET)
y_reg[8]$_SDFFE_PN0P_/D (sg13g2_dfrbpq_1)   15.48    3.11   12.37 (MET)
y_reg[8]$_SDFFE_PN0P_/D (sg13g2_dfrbpq_1)   15.48    3.11   12.37 (MET)
y_reg[8]$_SDFFE_PN0P_/D (sg13g2_dfrbpq_1)   15.48    3.11   12.37 (MET)
y_reg[8]$_SDFFE_PN0P_/D (sg13g2_dfrbpq_1)   15.48    3.11   12.37 (MET)
y_reg[8]$_SDFFE_PN0P_/D (sg13g2_dfrbpq_1)   15.48    3.11   12.37 (MET)
y_reg[8]$_SDFFE_PN0P_/D (sg13g2_dfrbpq_1)   15.48    3.11   12.37 (MET)
x_reg[8]$_SDFFE_PN0P_/D (sg13g2_dfrbpq_1)   15.49    3.12   12.37 (MET)
y_reg[8]$_SDFFE_PN0P_/D (sg13g2_dfrbpq_1)   15.49    3.11   12.37 (MET)
y_reg[8]$_SDFFE_PN0P_/D (sg13g2_dfrbpq_1)   15.49    3.11   12.37 (MET)
x_reg[8]$_SDFFE_PN0P_/D (sg13g2_dfrbpq_1)   15.49    3.11   12.37 (MET)
x_reg[8]$_SDFFE_PN0P_/D (sg13g2_dfrbpq_1)   15.49    3.11   12.37 (MET)
x_reg[8]$_SDFFE_PN0P_/D (sg13g2_dfrbpq_1)   15.49    3.11   12.37 (MET)
x_reg[8]$_SDFFE_PN0P_/D (sg13g2_dfrbpq_1)   15.49    3.11   12.37 (MET)
x_reg[8]$_SDFFE_PN0P_/D (sg13g2_dfrbpq_1)   15.49    3.11   12.37 (MET)
x_reg[8]$_SDFFE_PN0P_/D (sg13g2_dfrbpq_1)   15.49    3.11   12.37 (MET)
x_reg[8]$_SDFFE_PN0P_/D (sg13g2_dfrbpq_1)   15.49    3.11   12.37 (MET)
x_reg[8]$_SDFFE_PN0P_/D (sg13g2_dfrbpq_1)   15.49    3.11   12.37 (MET)
x_reg[8]$_SDFFE_PN0P_/D (sg13g2_dfrbpq_1)   15.49    3.11   12.37 (MET)
x_reg[8]$_SDFFE_PN0P_/D (sg13g2_dfrbpq_1)   15.49    3.11   12.37 (MET)
x_reg[8]$_SDFFE_PN0P_/D (sg13g2_dfrbpq_1)   15.49    3.11   12.37 (MET)
x_reg[8]$_SDFFE_PN0P_/D (sg13g2_dfrbpq_1)   15.49    3.11   12.37 (MET)
x_reg[8]$_SDFFE_PN0P_/D (sg13g2_dfrbpq_1)   15.49    3.11   12.37 (MET)
x_reg[8]$_SDFFE_PN0P_/D (sg13g2_dfrbpq_1)   15.49    3.11   12.37 (MET)
x_reg[8]$_SDFFE_PN0P_/D (sg13g2_dfrbpq_1)   15.49    3.11   12.38 (MET)
x_reg[8]$_SDFFE_PN0P_/D (sg13g2_dfrbpq_1)   15.49    3.11   12.38 (MET)
x_reg[8]$_SDFFE_PN0P_/D (sg13g2_dfrbpq_1)   15.49    3.11   12.38 (MET)
x_reg[8]$_SDFFE_PN0P_/D (sg13g2_dfrbpq_1)   15.49    3.11   12.38 (MET)
y_reg[4]$_SDFFE_PN0P_/D (sg13g2_dfrbpq_1)   15.48    3.10   12.38 (MET)
y_reg[4]$_SDFFE_PN0P_/D (sg13g2_dfrbpq_1)   15.48    3.10   12.38 (MET)
x_reg[8]$_SDFFE_PN0P_/D (sg13g2_dfrbpq_1)   15.49    3.11   12.38 (MET)
x_reg[8]$_SDFFE_PN0P_/D (sg13g2_dfrbpq_1)   15.49    3.11   12.38 (MET)
y_reg[8]$_SDFFE_PN0P_/D (sg13g2_dfrbpq_1)   15.48    3.10   12.38 (MET)
y_reg[8]$_SDFFE_PN0P_/D (sg13g2_dfrbpq_1)   15.48    3.10   12.38 (MET)
y_reg[8]$_SDFFE_PN0P_/D (sg13g2_dfrbpq_1)   15.48    3.10   12.38 (MET)
y_reg[8]$_SDFFE_PN0P_/D (sg13g2_dfrbpq_1)   15.48    3.10   12.38 (MET)
y_reg[8]$_SDFFE_PN0P_/D (sg13g2_dfrbpq_1)   15.48    3.10   12.38 (MET)
y_reg[8]$_SDFFE_PN0P_/D (sg13g2_dfrbpq_1)   15.48    3.10   12.38 (MET)
y_reg[8]$_SDFFE_PN0P_/D (sg13g2_dfrbpq_1)   15.48    3.10   12.38 (MET)
y_reg[8]$_SDFFE_PN0P_/D (sg13g2_dfrbpq_1)   15.48    3.10   12.38 (MET)
y_reg[8]$_SDFFE_PN0P_/D (sg13g2_dfrbpq_1)   15.49    3.11   12.38 (MET)
y_reg[8]$_SDFFE_PN0P_/D (sg13g2_dfrbpq_1)   15.49    3.11   12.38 (MET)
y_reg[8]$_SDFFE_PN0P_/D (sg13g2_dfrbpq_1)   15.49    3.10   12.38 (MET)
y_reg[8]$_SDFFE_PN0P_/D (sg13g2_dfrbpq_1)   15.49    3.10   12.38 (MET)
y_reg[8]$_SDFFE_PN0P_/D (sg13g2_dfrbpq_1)   15.49    3.10   12.38 (MET)
y_reg[8]$_SDFFE_PN0P_/D (sg13g2_dfrbpq_1)   15.49    3.10   12.38 (MET)
y_reg[8]$_SDFFE_PN0P_/D (sg13g2_dfrbpq_1)   15.49    3.10   12.39 (MET)
y_reg[8]$_SDFFE_PN0P_/D (sg13g2_dfrbpq_1)   15.49    3.10   12.39 (MET)
y_reg[8]$_SDFFE_PN0P_/D (sg13g2_dfrbpq_1)   15.49    3.10   12.39 (MET)
y_reg[2]$_SDFFE_PN0P_/D (sg13g2_dfrbpq_1)   15.48    3.09   12.39 (MET)
y_reg[2]$_SDFFE_PN0P_/D (sg13g2_dfrbpq_1)   15.48    3.09   12.39 (MET)
y_reg[8]$_SDFFE_PN0P_/D (sg13g2_dfrbpq_1)   15.48    3.09   12.39 (MET)
y_reg[8]$_SDFFE_PN0P_/D (sg13g2_dfrbpq_1)   15.48    3.09   12.39 (MET)
y_reg[8]$_SDFFE_PN0P_/D (sg13g2_dfrbpq_1)   15.48    3.09   12.39 (MET)
y_reg[8]$_SDFFE_PN0P_/D (sg13g2_dfrbpq_1)   15.48    3.09   12.39 (MET)
y_reg[4]$_SDFFE_PN0P_/D (sg13g2_dfrbpq_1)   15.48    3.10   12.39 (MET)
x_reg[8]$_SDFFE_PN0P_/D (sg13g2_dfrbpq_1)   15.49    3.10   12.39 (MET)
x_reg[8]$_SDFFE_PN0P_/D (sg13g2_dfrbpq_1)   15.49    3.10   12.39 (MET)
x_reg[8]$_SDFFE_PN0P_/D (sg13g2_dfrbpq_1)   15.49    3.10   12.39 (MET)
x_reg[8]$_SDFFE_PN0P_/D (sg13g2_dfrbpq_1)   15.49    3.10   12.39 (MET)
x_reg[8]$_SDFFE_PN0P_/D (sg13g2_dfrbpq_1)   15.49    3.10   12.39 (MET)
x_reg[8]$_SDFFE_PN0P_/D (sg13g2_dfrbpq_1)   15.49    3.10   12.39 (MET)
x_reg[8]$_SDFFE_PN0P_/D (sg13g2_dfrbpq_1)   15.49    3.10   12.39 (MET)
x_reg[8]$_SDFFE_PN0P_/D (sg13g2_dfrbpq_1)   15.49    3.10   12.39 (MET)
x_reg[8]$_SDFFE_PN0P_/D (sg13g2_dfrbpq_1)   15.49    3.10   12.39 (MET)
y_reg[8]$_SDFFE_PN0P_/D (sg13g2_dfrbpq_1)   15.49    3.10   12.39 (MET)
y_reg[8]$_SDFFE_PN0P_/D (sg13g2_dfrbpq_1)   15.49    3.10   12.39 (MET)
y_reg[8]$_SDFFE_PN0P_/D (sg13g2_dfrbpq_1)   15.49    3.10   12.39 (MET)
y_reg[8]$_SDFFE_PN0P_/D (sg13g2_dfrbpq_1)   15.49    3.10   12.39 (MET)
y_reg[5]$_SDFFE_PN0P_/D (sg13g2_dfrbpq_1)   15.48    3.09   12.39 (MET)
y_reg[5]$_SDFFE_PN0P_/D (sg13g2_dfrbpq_1)   15.48    3.09   12.39 (MET)
y_reg[8]$_SDFFE_PN0P_/D (sg13g2_dfrbpq_1)   15.49    3.09   12.39 (MET)
y_reg[8]$_SDFFE_PN0P_/D (sg13g2_dfrbpq_1)   15.49    3.09   12.39 (MET)
y_reg[8]$_SDFFE_PN0P_/D (sg13g2_dfrbpq_1)   15.49    3.09   12.39 (MET)
y_reg[8]$_SDFFE_PN0P_/D (sg13g2_dfrbpq_1)   15.49    3.09   12.39 (MET)
x_reg[8]$_SDFFE_PN0P_/D (sg13g2_dfrbpq_1)   15.49    3.10   12.39 (MET)
x_reg[8]$_SDFFE_PN0P_/D (sg13g2_dfrbpq_1)   15.49    3.10   12.39 (MET)
y_reg[8]$_SDFFE_PN0P_/D (sg13g2_dfrbpq_1)   15.49    3.09   12.39 (MET)
y_reg[8]$_SDFFE_PN0P_/D (sg13g2_dfrbpq_1)   15.49    3.09   12.39 (MET)
x_reg[8]$_SDFFE_PN0P_/D (sg13g2_dfrbpq_1)   15.49    3.10   12.39 (MET)
x_reg[8]$_SDFFE_PN0P_/D (sg13g2_dfrbpq_1)   15.49    3.09   12.39 (MET)
y_reg[8]$_SDFFE_PN0P_/D (sg13g2_dfrbpq_1)   15.48    3.08   12.39 (MET)
y_reg[8]$_SDFFE_PN0P_/D (sg13g2_dfrbpq_1)   15.48    3.08   12.39 (MET)
y_reg[8]$_SDFFE_PN0P_/D (sg13g2_dfrbpq_1)   15.48    3.08   12.39 (MET)
y_reg[8]$_SDFFE_PN0P_/D (sg13g2_dfrbpq_1)   15.48    3.08   12.39 (MET)
x_reg[8]$_SDFFE_PN0P_/D (sg13g2_dfrbpq_1)   15.49    3.10   12.40 (MET)
x_reg[8]$_SDFFE_PN0P_/D (sg13g2_dfrbpq_1)   15.49    3.10   12.40 (MET)
x_reg[8]$_SDFFE_PN0P_/D (sg13g2_dfrbpq_1)   15.49    3.10   12.40 (MET)
y_reg[2]$_SDFFE_PN0P_/D (sg13g2_dfrbpq_1)   15.48    3.08   12.40 (MET)
y_reg[3]$_SDFFE_PN0P_/D (sg13g2_dfrbpq_1)   15.48    3.08   12.40 (MET)
y_reg[3]$_SDFFE_PN0P_/D (sg13g2_dfrbpq_1)   15.48    3.08   12.40 (MET)
y_reg[8]$_SDFFE_PN0P_/D (sg13g2_dfrbpq_1)   15.49    3.09   12.40 (MET)
y_reg[8]$_SDFFE_PN0P_/D (sg13g2_dfrbpq_1)   15.49    3.09   12.40 (MET)
y_reg[8]$_SDFFE_PN0P_/D (sg13g2_dfrbpq_1)   15.48    3.08   12.40 (MET)
y_reg[8]$_SDFFE_PN0P_/D (sg13g2_dfrbpq_1)   15.48    3.08   12.40 (MET)
y_reg[8]$_SDFFE_PN0P_/D (sg13g2_dfrbpq_1)   15.48    3.08   12.40 (MET)
y_reg[8]$_SDFFE_PN0P_/D (sg13g2_dfrbpq_1)   15.48    3.08   12.40 (MET)
y_reg[8]$_SDFFE_PN0P_/D (sg13g2_dfrbpq_1)   15.49    3.09   12.40 (MET)
y_reg[8]$_SDFFE_PN0P_/D (sg13g2_dfrbpq_1)   15.49    3.09   12.40 (MET)
y_reg[8]$_SDFFE_PN0P_/D (sg13g2_dfrbpq_1)   15.48    3.08   12.40 (MET)
y_reg[8]$_SDFFE_PN0P_/D (sg13g2_dfrbpq_1)   15.48    3.08   12.40 (MET)
y_reg[8]$_SDFFE_PN0P_/D (sg13g2_dfrbpq_1)   15.48    3.08   12.40 (MET)
y_reg[8]$_SDFFE_PN0P_/D (sg13g2_dfrbpq_1)   15.48    3.08   12.40 (MET)
x_reg[8]$_SDFFE_PN0P_/D (sg13g2_dfrbpq_1)   15.49    3.09   12.40 (MET)
y_reg[8]$_SDFFE_PN0P_/D (sg13g2_dfrbpq_1)   15.49    3.09   12.40 (MET)
y_reg[8]$_SDFFE_PN0P_/D (sg13g2_dfrbpq_1)   15.49    3.09   12.40 (MET)
x_reg[8]$_SDFFE_PN0P_/D (sg13g2_dfrbpq_1)   15.49    3.09   12.40 (MET)
x_reg[8]$_SDFFE_PN0P_/D (sg13g2_dfrbpq_1)   15.49    3.09   12.40 (MET)
x_reg[8]$_SDFFE_PN0P_/D (sg13g2_dfrbpq_1)   15.49    3.09   12.40 (MET)
x_reg[8]$_SDFFE_PN0P_/D (sg13g2_dfrbpq_1)   15.49    3.09   12.40 (MET)
y_reg[8]$_SDFFE_PN0P_/D (sg13g2_dfrbpq_1)   15.48    3.08   12.40 (MET)
y_reg[8]$_SDFFE_PN0P_/D (sg13g2_dfrbpq_1)   15.48    3.08   12.40 (MET)
y_reg[8]$_SDFFE_PN0P_/D (sg13g2_dfrbpq_1)   15.48    3.08   12.40 (MET)
y_reg[8]$_SDFFE_PN0P_/D (sg13g2_dfrbpq_1)   15.48    3.08   12.40 (MET)
x_reg[5]$_SDFFE_PN0P_/D (sg13g2_dfrbpq_1)   15.48    3.08   12.40 (MET)
x_reg[5]$_SDFFE_PN0P_/D (sg13g2_dfrbpq_1)   15.48    3.08   12.40 (MET)
x_reg[8]$_SDFFE_PN0P_/D (sg13g2_dfrbpq_1)   15.49    3.09   12.40 (MET)
x_reg[8]$_SDFFE_PN0P_/D (sg13g2_dfrbpq_1)   15.49    3.09   12.40 (MET)
x_reg[8]$_SDFFE_PN0P_/D (sg13g2_dfrbpq_1)   15.49    3.09   12.40 (MET)
x_reg[8]$_SDFFE_PN0P_/D (sg13g2_dfrbpq_1)   15.49    3.09   12.40 (MET)
y_reg[8]$_SDFFE_PN0P_/D (sg13g2_dfrbpq_1)   15.49    3.09   12.40 (MET)
x_reg[8]$_SDFFE_PN0P_/D (sg13g2_dfrbpq_1)   15.49    3.09   12.40 (MET)
x_reg[8]$_SDFFE_PN0P_/D (sg13g2_dfrbpq_1)   15.49    3.09   12.40 (MET)
x_reg[8]$_SDFFE_PN0P_/D (sg13g2_dfrbpq_1)   15.49    3.09   12.40 (MET)
x_reg[8]$_SDFFE_PN0P_/D (sg13g2_dfrbpq_1)   15.49    3.09   12.40 (MET)
x_reg[8]$_SDFFE_PN0P_/D (sg13g2_dfrbpq_1)   15.49    3.09   12.40 (MET)
x_reg[8]$_SDFFE_PN0P_/D (sg13g2_dfrbpq_1)   15.49    3.09   12.40 (MET)
y_reg[5]$_SDFFE_PN0P_/D (sg13g2_dfrbpq_1)   15.48    3.08   12.40 (MET)
x_reg[8]$_SDFFE_PN0P_/D (sg13g2_dfrbpq_1)   15.49    3.09   12.40 (MET)
x_reg[8]$_SDFFE_PN0P_/D (sg13g2_dfrbpq_1)   15.49    3.09   12.40 (MET)
x_reg[8]$_SDFFE_PN0P_/D (sg13g2_dfrbpq_1)   15.49    3.09   12.40 (MET)
x_reg[8]$_SDFFE_PN0P_/D (sg13g2_dfrbpq_1)   15.49    3.09   12.40 (MET)
x_reg[8]$_SDFFE_PN0P_/D (sg13g2_dfrbpq_1)   15.49    3.09   12.40 (MET)
x_reg[8]$_SDFFE_PN0P_/D (sg13g2_dfrbpq_1)   15.49    3.09   12.40 (MET)
x_reg[8]$_SDFFE_PN0P_/D (sg13g2_dfrbpq_1)   15.49    3.09   12.40 (MET)
x_reg[8]$_SDFFE_PN0P_/D (sg13g2_dfrbpq_1)   15.49    3.09   12.40 (MET)
y_reg[8]$_SDFFE_PN0P_/D (sg13g2_dfrbpq_1)   15.48    3.07   12.41 (MET)
y_reg[8]$_SDFFE_PN0P_/D (sg13g2_dfrbpq_1)   15.48    3.07   12.41 (MET)
y_reg[8]$_SDFFE_PN0P_/D (sg13g2_dfrbpq_1)   15.48    3.07   12.41 (MET)
y_reg[8]$_SDFFE_PN0P_/D (sg13g2_dfrbpq_1)   15.48    3.07   12.41 (MET)
y_reg[8]$_SDFFE_PN0P_/D (sg13g2_dfrbpq_1)   15.48    3.07   12.41 (MET)
y_reg[8]$_SDFFE_PN0P_/D (sg13g2_dfrbpq_1)   15.48    3.07   12.41 (MET)
y_reg[8]$_SDFFE_PN0P_/D (sg13g2_dfrbpq_1)   15.48    3.07   12.41 (MET)
y_reg[8]$_SDFFE_PN0P_/D (sg13g2_dfrbpq_1)   15.48    3.07   12.41 (MET)
x_reg[8]$_SDFFE_PN0P_/D (sg13g2_dfrbpq_1)   15.49    3.09   12.41 (MET)
y_reg[8]$_SDFFE_PN0P_/D (sg13g2_dfrbpq_1)   15.49    3.08   12.41 (MET)
y_reg[8]$_SDFFE_PN0P_/D (sg13g2_dfrbpq_1)   15.49    3.08   12.41 (MET)
y_reg[8]$_SDFFE_PN0P_/D (sg13g2_dfrbpq_1)   15.49    3.08   12.41 (MET)
y_reg[8]$_SDFFE_PN0P_/D (sg13g2_dfrbpq_1)   15.49    3.08   12.41 (MET)
y_reg[8]$_SDFFE_PN0P_/D (sg13g2_dfrbpq_1)   15.48    3.07   12.41 (MET)
y_reg[8]$_SDFFE_PN0P_/D (sg13g2_dfrbpq_1)   15.48    3.07   12.41 (MET)
y_reg[8]$_SDFFE_PN0P_/D (sg13g2_dfrbpq_1)   15.48    3.07   12.41 (MET)
y_reg[8]$_SDFFE_PN0P_/D (sg13g2_dfrbpq_1)   15.48    3.07   12.41 (MET)
y_reg[8]$_SDFFE_PN0P_/D (sg13g2_dfrbpq_1)   15.49    3.08   12.41 (MET)
y_reg[8]$_SDFFE_PN0P_/D (sg13g2_dfrbpq_1)   15.49    3.08   12.41 (MET)
y_reg[8]$_SDFFE_PN0P_/D (sg13g2_dfrbpq_1)   15.49    3.08   12.41 (MET)
y_reg[8]$_SDFFE_PN0P_/D (sg13g2_dfrbpq_1)   15.49    3.08   12.41 (MET)
y_reg[8]$_SDFFE_PN0P_/D (sg13g2_dfrbpq_1)   15.49    3.08   12.41 (MET)
y_reg[3]$_SDFFE_PN0P_/D (sg13g2_dfrbpq_1)   15.48    3.07   12.41 (MET)
y_reg[9]$_SDFFE_PN0P_/D (sg13g2_dfrbpq_1)   15.48    3.08   12.41 (MET)
y_reg[9]$_SDFFE_PN0P_/D (sg13g2_dfrbpq_1)   15.48    3.08   12.41 (MET)
y_reg[9]$_SDFFE_PN0P_/D (sg13g2_dfrbpq_1)   15.48    3.08   12.41 (MET)
y_reg[9]$_SDFFE_PN0P_/D (sg13g2_dfrbpq_1)   15.48    3.08   12.41 (MET)
y_reg[9]$_SDFFE_PN0P_/D (sg13g2_dfrbpq_1)   15.48    3.08   12.41 (MET)
y_reg[9]$_SDFFE_PN0P_/D (sg13g2_dfrbpq_1)   15.48    3.08   12.41 (MET)
y_reg[9]$_SDFFE_PN0P_/D (sg13g2_dfrbpq_1)   15.48    3.08   12.41 (MET)
y_reg[9]$_SDFFE_PN0P_/D (sg13g2_dfrbpq_1)   15.48    3.08   12.41 (MET)
y_reg[9]$_SDFFE_PN0P_/D (sg13g2_dfrbpq_1)   15.48    3.08   12.41 (MET)
y_reg[9]$_SDFFE_PN0P_/D (sg13g2_dfrbpq_1)   15.48    3.08   12.41 (MET)
y_reg[9]$_SDFFE_PN0P_/D (sg13g2_dfrbpq_1)   15.48    3.08   12.41 (MET)
y_reg[9]$_SDFFE_PN0P_/D (sg13g2_dfrbpq_1)   15.48    3.08   12.41 (MET)
x_reg[1]$_SDFFE_PN0P_/D (sg13g2_dfrbpq_1)   15.48    3.08   12.41 (MET)
x_reg[1]$_SDFFE_PN0P_/D (sg13g2_dfrbpq_1)   15.48    3.08   12.41 (MET)
x_reg[1]$_SDFFE_PN0P_/D (sg13g2_dfrbpq_1)   15.48    3.08   12.41 (MET)
x_reg[1]$_SDFFE_PN0P_/D (sg13g2_dfrbpq_1)   15.48    3.08   12.41 (MET)
y_reg[9]$_SDFFE_PN0P_/D (sg13g2_dfrbpq_1)   15.48    3.07   12.41 (MET)
y_reg[9]$_SDFFE_PN0P_/D (sg13g2_dfrbpq_1)   15.48    3.07   12.41 (MET)
y_reg[9]$_SDFFE_PN0P_/D (sg13g2_dfrbpq_1)   15.48    3.07   12.41 (MET)
y_reg[9]$_SDFFE_PN0P_/D (sg13g2_dfrbpq_1)   15.48    3.07   12.41 (MET)
y_reg[9]$_SDFFE_PN0P_/D (sg13g2_dfrbpq_1)   15.48    3.07   12.41 (MET)
y_reg[9]$_SDFFE_PN0P_/D (sg13g2_dfrbpq_1)   15.48    3.07   12.41 (MET)
y_reg[9]$_SDFFE_PN0P_/D (sg13g2_dfrbpq_1)   15.48    3.07   12.41 (MET)
y_reg[9]$_SDFFE_PN0P_/D (sg13g2_dfrbpq_1)   15.48    3.07   12.41 (MET)
y_reg[9]$_SDFFE_PN0P_/D (sg13g2_dfrbpq_1)   15.48    3.07   12.41 (MET)
y_reg[9]$_SDFFE_PN0P_/D (sg13g2_dfrbpq_1)   15.48    3.07   12.41 (MET)
y_reg[9]$_SDFFE_PN0P_/D (sg13g2_dfrbpq_1)   15.48    3.07   12.41 (MET)
y_reg[9]$_SDFFE_PN0P_/D (sg13g2_dfrbpq_1)   15.48    3.07   12.41 (MET)
y_reg[8]$_SDFFE_PN0P_/D (sg13g2_dfrbpq_1)   15.49    3.07   12.41 (MET)
y_reg[8]$_SDFFE_PN0P_/D (sg13g2_dfrbpq_1)   15.49    3.07   12.41 (MET)
y_reg[9]$_SDFFE_PN0P_/D (sg13g2_dfrbpq_1)   15.49    3.07   12.41 (MET)
y_reg[8]$_SDFFE_PN0P_/D (sg13g2_dfrbpq_1)   15.49    3.07   12.41 (MET)
y_reg[8]$_SDFFE_PN0P_/D (sg13g2_dfrbpq_1)   15.49    3.07   12.41 (MET)
x_reg[8]$_SDFFE_PN0P_/D (sg13g2_dfrbpq_1)   15.49    3.08   12.41 (MET)
x_reg[8]$_SDFFE_PN0P_/D (sg13g2_dfrbpq_1)   15.49    3.08   12.41 (MET)
x_reg[8]$_SDFFE_PN0P_/D (sg13g2_dfrbpq_1)   15.49    3.08   12.41 (MET)
x_reg[8]$_SDFFE_PN0P_/D (sg13g2_dfrbpq_1)   15.49    3.08   12.41 (MET)
y_reg[8]$_SDFFE_PN0P_/D (sg13g2_dfrbpq_1)   15.49    3.07   12.41 (MET)
y_reg[8]$_SDFFE_PN0P_/D (sg13g2_dfrbpq_1)   15.48    3.07   12.41 (MET)
y_reg[8]$_SDFFE_PN0P_/D (sg13g2_dfrbpq_1)   15.48    3.07   12.41 (MET)
y_reg[8]$_SDFFE_PN0P_/D (sg13g2_dfrbpq_1)   15.49    3.07   12.41 (MET)
y_reg[8]$_SDFFE_PN0P_/D (sg13g2_dfrbpq_1)   15.48    3.07   12.41 (MET)
y_reg[8]$_SDFFE_PN0P_/D (sg13g2_dfrbpq_1)   15.48    3.07   12.41 (MET)
y_reg[8]$_SDFFE_PN0P_/D (sg13g2_dfrbpq_1)   15.49    3.07   12.41 (MET)
y_reg[8]$_SDFFE_PN0P_/D (sg13g2_dfrbpq_1)   15.49    3.07   12.41 (MET)
y_reg[8]$_SDFFE_PN0P_/D (sg13g2_dfrbpq_1)   15.49    3.07   12.41 (MET)
y_reg[8]$_SDFFE_PN0P_/D (sg13g2_dfrbpq_1)   15.49    3.07   12.41 (MET)
y_reg[8]$_SDFFE_PN0P_/D (sg13g2_dfrbpq_1)   15.48    3.06   12.41 (MET)
y_reg[8]$_SDFFE_PN0P_/D (sg13g2_dfrbpq_1)   15.48    3.06   12.41 (MET)
x_reg[8]$_SDFFE_PN0P_/D (sg13g2_dfrbpq_1)   15.49    3.08   12.41 (MET)
x_reg[9]$_SDFFE_PN0P_/D (sg13g2_dfrbpq_1)   15.49    3.07   12.41 (MET)
x_reg[9]$_SDFFE_PN0P_/D (sg13g2_dfrbpq_1)   15.49    3.07   12.41 (MET)
x_reg[9]$_SDFFE_PN0P_/D (sg13g2_dfrbpq_1)   15.49    3.07   12.41 (MET)
x_reg[9]$_SDFFE_PN0P_/D (sg13g2_dfrbpq_1)   15.49    3.07   12.41 (MET)
x_reg[9]$_SDFFE_PN0P_/D (sg13g2_dfrbpq_1)   15.49    3.07   12.41 (MET)
x_reg[9]$_SDFFE_PN0P_/D (sg13g2_dfrbpq_1)   15.49    3.07   12.41 (MET)
x_reg[9]$_SDFFE_PN0P_/D (sg13g2_dfrbpq_1)   15.49    3.07   12.41 (MET)
x_reg[9]$_SDFFE_PN0P_/D (sg13g2_dfrbpq_1)   15.49    3.07   12.41 (MET)
x_reg[9]$_SDFFE_PN0P_/D (sg13g2_dfrbpq_1)   15.49    3.07   12.41 (MET)
x_reg[9]$_SDFFE_PN0P_/D (sg13g2_dfrbpq_1)   15.49    3.07   12.41 (MET)
x_reg[9]$_SDFFE_PN0P_/D (sg13g2_dfrbpq_1)   15.49    3.07   12.41 (MET)
x_reg[9]$_SDFFE_PN0P_/D (sg13g2_dfrbpq_1)   15.49    3.07   12.41 (MET)
x_reg[9]$_SDFFE_PN0P_/D (sg13g2_dfrbpq_1)   15.49    3.07   12.41 (MET)
x_reg[9]$_SDFFE_PN0P_/D (sg13g2_dfrbpq_1)   15.49    3.07   12.41 (MET)
x_reg[9]$_SDFFE_PN0P_/D (sg13g2_dfrbpq_1)   15.49    3.07   12.41 (MET)
x_reg[9]$_SDFFE_PN0P_/D (sg13g2_dfrbpq_1)   15.49    3.07   12.41 (MET)
y_reg[9]$_SDFFE_PN0P_/D (sg13g2_dfrbpq_1)   15.48    3.07   12.41 (MET)
y_reg[9]$_SDFFE_PN0P_/D (sg13g2_dfrbpq_1)   15.48    3.07   12.41 (MET)
y_reg[9]$_SDFFE_PN0P_/D (sg13g2_dfrbpq_1)   15.48    3.07   12.41 (MET)
y_reg[9]$_SDFFE_PN0P_/D (sg13g2_dfrbpq_1)   15.48    3.07   12.41 (MET)
y_reg[9]$_SDFFE_PN0P_/D (sg13g2_dfrbpq_1)   15.48    3.07   12.41 (MET)
y_reg[9]$_SDFFE_PN0P_/D (sg13g2_dfrbpq_1)   15.48    3.07   12.41 (MET)
y_reg[9]$_SDFFE_PN0P_/D (sg13g2_dfrbpq_1)   15.48    3.07   12.41 (MET)
y_reg[9]$_SDFFE_PN0P_/D (sg13g2_dfrbpq_1)   15.48    3.07   12.41 (MET)
y_reg[9]$_SDFFE_PN0P_/D (sg13g2_dfrbpq_1)   15.48    3.07   12.41 (MET)
y_reg[9]$_SDFFE_PN0P_/D (sg13g2_dfrbpq_1)   15.48    3.07   12.41 (MET)
y_reg[9]$_SDFFE_PN0P_/D (sg13g2_dfrbpq_1)   15.48    3.07   12.41 (MET)
y_reg[9]$_SDFFE_PN0P_/D (sg13g2_dfrbpq_1)   15.48    3.07   12.41 (MET)
y_reg[9]$_SDFFE_PN0P_/D (sg13g2_dfrbpq_1)   15.49    3.07   12.42 (MET)
y_reg[9]$_SDFFE_PN0P_/D (sg13g2_dfrbpq_1)   15.48    3.07   12.42 (MET)
y_reg[9]$_SDFFE_PN0P_/D (sg13g2_dfrbpq_1)   15.48    3.07   12.42 (MET)
y_reg[9]$_SDFFE_PN0P_/D (sg13g2_dfrbpq_1)   15.48    3.07   12.42 (MET)
y_reg[9]$_SDFFE_PN0P_/D (sg13g2_dfrbpq_1)   15.48    3.07   12.42 (MET)
y_reg[9]$_SDFFE_PN0P_/D (sg13g2_dfrbpq_1)   15.48    3.07   12.42 (MET)
y_reg[9]$_SDFFE_PN0P_/D (sg13g2_dfrbpq_1)   15.48    3.07   12.42 (MET)
y_reg[9]$_SDFFE_PN0P_/D (sg13g2_dfrbpq_1)   15.48    3.07   12.42 (MET)
y_reg[9]$_SDFFE_PN0P_/D (sg13g2_dfrbpq_1)   15.48    3.07   12.42 (MET)
y_reg[9]$_SDFFE_PN0P_/D (sg13g2_dfrbpq_1)   15.48    3.07   12.42 (MET)
y_reg[9]$_SDFFE_PN0P_/D (sg13g2_dfrbpq_1)   15.48    3.07   12.42 (MET)
y_reg[9]$_SDFFE_PN0P_/D (sg13g2_dfrbpq_1)   15.48    3.07   12.42 (MET)
y_reg[9]$_SDFFE_PN0P_/D (sg13g2_dfrbpq_1)   15.48    3.07   12.42 (MET)
y_reg[8]$_SDFFE_PN0P_/D (sg13g2_dfrbpq_1)   15.49    3.07   12.42 (MET)
y_reg[8]$_SDFFE_PN0P_/D (sg13g2_dfrbpq_1)   15.49    3.07   12.42 (MET)
y_reg[8]$_SDFFE_PN0P_/D (sg13g2_dfrbpq_1)   15.49    3.07   12.42 (MET)
y_reg[8]$_SDFFE_PN0P_/D (sg13g2_dfrbpq_1)   15.49    3.07   12.42 (MET)
x_reg[8]$_SDFFE_PN0P_/D (sg13g2_dfrbpq_1)   15.49    3.07   12.42 (MET)
x_reg[8]$_SDFFE_PN0P_/D (sg13g2_dfrbpq_1)   15.49    3.07   12.42 (MET)
x_reg[8]$_SDFFE_PN0P_/D (sg13g2_dfrbpq_1)   15.49    3.07   12.42 (MET)
x_reg[8]$_SDFFE_PN0P_/D (sg13g2_dfrbpq_1)   15.49    3.07   12.42 (MET)
y_reg[8]$_SDFFE_PN0P_/D (sg13g2_dfrbpq_1)   15.49    3.07   12.42 (MET)
y_reg[8]$_SDFFE_PN0P_/D (sg13g2_dfrbpq_1)   15.49    3.07   12.42 (MET)
y_reg[8]$_SDFFE_PN0P_/D (sg13g2_dfrbpq_1)   15.49    3.07   12.42 (MET)
y_reg[8]$_SDFFE_PN0P_/D (sg13g2_dfrbpq_1)   15.49    3.07   12.42 (MET)
y_reg[8]$_SDFFE_PN0P_/D (sg13g2_dfrbpq_1)   15.49    3.07   12.42 (MET)
y_reg[8]$_SDFFE_PN0P_/D (sg13g2_dfrbpq_1)   15.49    3.07   12.42 (MET)
y_reg[8]$_SDFFE_PN0P_/D (sg13g2_dfrbpq_1)   15.49    3.07   12.42 (MET)
y_reg[8]$_SDFFE_PN0P_/D (sg13g2_dfrbpq_1)   15.49    3.07   12.42 (MET)
y_reg[8]$_SDFFE_PN0P_/D (sg13g2_dfrbpq_1)   15.49    3.07   12.42 (MET)
y_reg[8]$_SDFFE_PN0P_/D (sg13g2_dfrbpq_1)   15.49    3.07   12.42 (MET)
y_reg[8]$_SDFFE_PN0P_/D (sg13g2_dfrbpq_1)   15.48    3.06   12.42 (MET)
y_reg[8]$_SDFFE_PN0P_/D (sg13g2_dfrbpq_1)   15.48    3.06   12.42 (MET)
y_reg[8]$_SDFFE_PN0P_/D (sg13g2_dfrbpq_1)   15.48    3.06   12.42 (MET)
y_reg[8]$_SDFFE_PN0P_/D (sg13g2_dfrbpq_1)   15.48    3.06   12.42 (MET)
y_reg[1]$_SDFFE_PN0P_/D (sg13g2_dfrbpq_1)   15.48    3.06   12.42 (MET)
y_reg[1]$_SDFFE_PN0P_/D (sg13g2_dfrbpq_1)   15.48    3.06   12.42 (MET)
y_reg[8]$_SDFFE_PN0P_/D (sg13g2_dfrbpq_1)   15.48    3.06   12.42 (MET)
y_reg[8]$_SDFFE_PN0P_/D (sg13g2_dfrbpq_1)   15.48    3.06   12.42 (MET)
y_reg[8]$_SDFFE_PN0P_/D (sg13g2_dfrbpq_1)   15.48    3.06   12.42 (MET)
y_reg[8]$_SDFFE_PN0P_/D (sg13g2_dfrbpq_1)   15.48    3.06   12.42 (MET)
y_reg[8]$_SDFFE_PN0P_/D (sg13g2_dfrbpq_1)   15.48    3.06   12.42 (MET)
y_reg[8]$_SDFFE_PN0P_/D (sg13g2_dfrbpq_1)   15.48    3.06   12.42 (MET)
y_reg[8]$_SDFFE_PN0P_/D (sg13g2_dfrbpq_1)   15.48    3.06   12.42 (MET)
y_reg[8]$_SDFFE_PN0P_/D (sg13g2_dfrbpq_1)   15.48    3.06   12.42 (MET)
y_reg[8]$_SDFFE_PN0P_/D (sg13g2_dfrbpq_1)   15.48    3.06   12.42 (MET)
y_reg[8]$_SDFFE_PN0P_/D (sg13g2_dfrbpq_1)   15.48    3.06   12.42 (MET)
y_reg[8]$_SDFFE_PN0P_/D (sg13g2_dfrbpq_1)   15.49    3.06   12.42 (MET)
y_reg[8]$_SDFFE_PN0P_/D (sg13g2_dfrbpq_1)   15.49    3.06   12.42 (MET)
y_reg[9]$_SDFFE_PN0P_/D (sg13g2_dfrbpq_1)   15.48    3.06   12.42 (MET)
y_reg[9]$_SDFFE_PN0P_/D (sg13g2_dfrbpq_1)   15.48    3.06   12.42 (MET)
y_reg[9]$_SDFFE_PN0P_/D (sg13g2_dfrbpq_1)   15.48    3.06   12.42 (MET)
y_reg[9]$_SDFFE_PN0P_/D (sg13g2_dfrbpq_1)   15.48    3.06   12.42 (MET)
y_reg[9]$_SDFFE_PN0P_/D (sg13g2_dfrbpq_1)   15.48    3.06   12.42 (MET)
y_reg[9]$_SDFFE_PN0P_/D (sg13g2_dfrbpq_1)   15.48    3.06   12.42 (MET)
y_reg[8]$_SDFFE_PN0P_/D (sg13g2_dfrbpq_1)   15.49    3.06   12.42 (MET)
y_reg[8]$_SDFFE_PN0P_/D (sg13g2_dfrbpq_1)   15.49    3.06   12.42 (MET)
y_reg[8]$_SDFFE_PN0P_/D (sg13g2_dfrbpq_1)   15.49    3.06   12.42 (MET)
y_reg[8]$_SDFFE_PN0P_/D (sg13g2_dfrbpq_1)   15.49    3.06   12.42 (MET)
y_reg[8]$_SDFFE_PN0P_/D (sg13g2_dfrbpq_1)   15.49    3.06   12.42 (MET)
y_reg[8]$_SDFFE_PN0P_/D (sg13g2_dfrbpq_1)   15.49    3.06   12.42 (MET)
y_reg[9]$_SDFFE_PN0P_/D (sg13g2_dfrbpq_1)   15.48    3.06   12.42 (MET)
y_reg[9]$_SDFFE_PN0P_/D (sg13g2_dfrbpq_1)   15.48    3.06   12.42 (MET)
y_reg[9]$_SDFFE_PN0P_/D (sg13g2_dfrbpq_1)   15.48    3.06   12.42 (MET)
x_reg[4]$_SDFFE_PN0P_/D (sg13g2_dfrbpq_1)   15.49    3.07   12.42 (MET)
x_reg[4]$_SDFFE_PN0P_/D (sg13g2_dfrbpq_1)   15.49    3.07   12.42 (MET)
y_reg[9]$_SDFFE_PN0P_/D (sg13g2_dfrbpq_1)   15.48    3.06   12.42 (MET)
y_reg[4]$_SDFFE_PN0P_/D (sg13g2_dfrbpq_1)   15.48    3.06   12.42 (MET)
y_reg[4]$_SDFFE_PN0P_/D (sg13g2_dfrbpq_1)   15.48    3.06   12.42 (MET)
y_reg[4]$_SDFFE_PN0P_/D (sg13g2_dfrbpq_1)   15.48    3.06   12.42 (MET)
y_reg[4]$_SDFFE_PN0P_/D (sg13g2_dfrbpq_1)   15.48    3.06   12.42 (MET)
y_reg[4]$_SDFFE_PN0P_/D (sg13g2_dfrbpq_1)   15.48    3.06   12.42 (MET)
y_reg[4]$_SDFFE_PN0P_/D (sg13g2_dfrbpq_1)   15.48    3.06   12.42 (MET)
y_reg[4]$_SDFFE_PN0P_/D (sg13g2_dfrbpq_1)   15.48    3.06   12.42 (MET)
y_reg[4]$_SDFFE_PN0P_/D (sg13g2_dfrbpq_1)   15.48    3.06   12.42 (MET)
y_reg[9]$_SDFFE_PN0P_/D (sg13g2_dfrbpq_1)   15.48    3.06   12.42 (MET)
y_reg[9]$_SDFFE_PN0P_/D (sg13g2_dfrbpq_1)   15.48    3.06   12.42 (MET)
y_reg[8]$_SDFFE_PN0P_/D (sg13g2_dfrbpq_1)   15.49    3.06   12.42 (MET)
y_reg[8]$_SDFFE_PN0P_/D (sg13g2_dfrbpq_1)   15.49    3.06   12.42 (MET)
y_reg[8]$_SDFFE_PN0P_/D (sg13g2_dfrbpq_1)   15.49    3.06   12.42 (MET)
y_reg[8]$_SDFFE_PN0P_/D (sg13g2_dfrbpq_1)   15.49    3.06   12.42 (MET)
x_reg[9]$_SDFFE_PN0P_/D (sg13g2_dfrbpq_1)   15.49    3.06   12.43 (MET)
x_reg[9]$_SDFFE_PN0P_/D (sg13g2_dfrbpq_1)   15.49    3.06   12.43 (MET)
x_reg[9]$_SDFFE_PN0P_/D (sg13g2_dfrbpq_1)   15.49    3.06   12.43 (MET)
x_reg[9]$_SDFFE_PN0P_/D (sg13g2_dfrbpq_1)   15.49    3.06   12.43 (MET)
x_reg[9]$_SDFFE_PN0P_/D (sg13g2_dfrbpq_1)   15.49    3.06   12.43 (MET)
x_reg[9]$_SDFFE_PN0P_/D (sg13g2_dfrbpq_1)   15.49    3.06   12.43 (MET)
x_reg[9]$_SDFFE_PN0P_/D (sg13g2_dfrbpq_1)   15.49    3.06   12.43 (MET)
x_reg[9]$_SDFFE_PN0P_/D (sg13g2_dfrbpq_1)   15.49    3.06   12.43 (MET)
x_reg[1]$_SDFFE_PN0P_/D (sg13g2_dfrbpq_1)   15.48    3.06   12.43 (MET)
x_reg[1]$_SDFFE_PN0P_/D (sg13g2_dfrbpq_1)   15.48    3.06   12.43 (MET)
y_reg[8]$_SDFFE_PN0P_/D (sg13g2_dfrbpq_1)   15.49    3.06   12.43 (MET)
y_reg[8]$_SDFFE_PN0P_/D (sg13g2_dfrbpq_1)   15.49    3.06   12.43 (MET)
y_reg[8]$_SDFFE_PN0P_/D (sg13g2_dfrbpq_1)   15.49    3.06   12.43 (MET)
y_reg[8]$_SDFFE_PN0P_/D (sg13g2_dfrbpq_1)   15.49    3.06   12.43 (MET)
y_reg[8]$_SDFFE_PN0P_/D (sg13g2_dfrbpq_1)   15.49    3.06   12.43 (MET)
y_reg[8]$_SDFFE_PN0P_/D (sg13g2_dfrbpq_1)   15.49    3.06   12.43 (MET)
y_reg[8]$_SDFFE_PN0P_/D (sg13g2_dfrbpq_1)   15.48    3.05   12.43 (MET)
y_reg[8]$_SDFFE_PN0P_/D (sg13g2_dfrbpq_1)   15.48    3.05   12.43 (MET)
y_reg[8]$_SDFFE_PN0P_/D (sg13g2_dfrbpq_1)   15.48    3.05   12.43 (MET)
y_reg[8]$_SDFFE_PN0P_/D (sg13g2_dfrbpq_1)   15.48    3.05   12.43 (MET)
y_reg[8]$_SDFFE_PN0P_/D (sg13g2_dfrbpq_1)   15.48    3.05   12.43 (MET)
y_reg[8]$_SDFFE_PN0P_/D (sg13g2_dfrbpq_1)   15.48    3.05   12.43 (MET)
y_reg[8]$_SDFFE_PN0P_/D (sg13g2_dfrbpq_1)   15.48    3.05   12.43 (MET)
y_reg[8]$_SDFFE_PN0P_/D (sg13g2_dfrbpq_1)   15.48    3.05   12.43 (MET)
x_reg[8]$_SDFFE_PN0P_/D (sg13g2_dfrbpq_1)   15.49    3.07   12.43 (MET)
x_reg[8]$_SDFFE_PN0P_/D (sg13g2_dfrbpq_1)   15.49    3.06   12.43 (MET)
y_reg[8]$_SDFFE_PN0P_/D (sg13g2_dfrbpq_1)   15.49    3.06   12.43 (MET)
y_reg[8]$_SDFFE_PN0P_/D (sg13g2_dfrbpq_1)   15.49    3.06   12.43 (MET)
y_reg[8]$_SDFFE_PN0P_/D (sg13g2_dfrbpq_1)   15.49    3.06   12.43 (MET)
y_reg[8]$_SDFFE_PN0P_/D (sg13g2_dfrbpq_1)   15.49    3.06   12.43 (MET)
y_reg[8]$_SDFFE_PN0P_/D (sg13g2_dfrbpq_1)   15.49    3.06   12.43 (MET)
x_reg[9]$_SDFFE_PN0P_/D (sg13g2_dfrbpq_1)   15.49    3.06   12.43 (MET)
x_reg[9]$_SDFFE_PN0P_/D (sg13g2_dfrbpq_1)   15.49    3.06   12.43 (MET)
x_reg[9]$_SDFFE_PN0P_/D (sg13g2_dfrbpq_1)   15.49    3.06   12.43 (MET)
x_reg[9]$_SDFFE_PN0P_/D (sg13g2_dfrbpq_1)   15.49    3.06   12.43 (MET)
x_reg[9]$_SDFFE_PN0P_/D (sg13g2_dfrbpq_1)   15.49    3.06   12.43 (MET)
x_reg[9]$_SDFFE_PN0P_/D (sg13g2_dfrbpq_1)   15.49    3.06   12.43 (MET)
x_reg[9]$_SDFFE_PN0P_/D (sg13g2_dfrbpq_1)   15.49    3.06   12.43 (MET)
x_reg[9]$_SDFFE_PN0P_/D (sg13g2_dfrbpq_1)   15.49    3.06   12.43 (MET)
y_reg[0]$_SDFFE_PN0P_/D (sg13g2_dfrbpq_1)   15.48    3.05   12.43 (MET)
y_reg[0]$_SDFFE_PN0P_/D (sg13g2_dfrbpq_1)   15.48    3.05   12.43 (MET)
y_reg[0]$_SDFFE_PN0P_/D (sg13g2_dfrbpq_1)   15.48    3.05   12.43 (MET)
y_reg[0]$_SDFFE_PN0P_/D (sg13g2_dfrbpq_1)   15.48    3.05   12.43 (MET)
y_reg[8]$_SDFFE_PN0P_/D (sg13g2_dfrbpq_1)   15.48    3.05   12.43 (MET)
y_reg[8]$_SDFFE_PN0P_/D (sg13g2_dfrbpq_1)   15.48    3.05   12.43 (MET)
y_reg[8]$_SDFFE_PN0P_/D (sg13g2_dfrbpq_1)   15.48    3.05   12.43 (MET)
y_reg[8]$_SDFFE_PN0P_/D (sg13g2_dfrbpq_1)   15.48    3.05   12.43 (MET)
y_reg[8]$_SDFFE_PN0P_/D (sg13g2_dfrbpq_1)   15.48    3.05   12.43 (MET)
y_reg[8]$_SDFFE_PN0P_/D (sg13g2_dfrbpq_1)   15.48    3.05   12.43 (MET)
y_reg[8]$_SDFFE_PN0P_/D (sg13g2_dfrbpq_1)   15.48    3.05   12.43 (MET)
y_reg[8]$_SDFFE_PN0P_/D (sg13g2_dfrbpq_1)   15.48    3.05   12.43 (MET)
x_reg[8]$_SDFFE_PN0P_/D (sg13g2_dfrbpq_1)   15.49    3.06   12.43 (MET)
x_reg[8]$_SDFFE_PN0P_/D (sg13g2_dfrbpq_1)   15.49    3.06   12.43 (MET)
x_reg[8]$_SDFFE_PN0P_/D (sg13g2_dfrbpq_1)   15.49    3.06   12.43 (MET)
y_reg[8]$_SDFFE_PN0P_/D (sg13g2_dfrbpq_1)   15.49    3.06   12.43 (MET)
y_reg[8]$_SDFFE_PN0P_/D (sg13g2_dfrbpq_1)   15.49    3.06   12.43 (MET)
x_reg[8]$_SDFFE_PN0P_/D (sg13g2_dfrbpq_1)   15.49    3.06   12.43 (MET)
x_reg[8]$_SDFFE_PN0P_/D (sg13g2_dfrbpq_1)   15.49    3.06   12.43 (MET)
y_reg[9]$_SDFFE_PN0P_/D (sg13g2_dfrbpq_1)   15.48    3.05   12.43 (MET)
y_reg[9]$_SDFFE_PN0P_/D (sg13g2_dfrbpq_1)   15.48    3.05   12.43 (MET)
y_reg[9]$_SDFFE_PN0P_/D (sg13g2_dfrbpq_1)   15.48    3.05   12.43 (MET)
y_reg[9]$_SDFFE_PN0P_/D (sg13g2_dfrbpq_1)   15.48    3.05   12.43 (MET)
y_reg[9]$_SDFFE_PN0P_/D (sg13g2_dfrbpq_1)   15.48    3.05   12.43 (MET)
y_reg[9]$_SDFFE_PN0P_/D (sg13g2_dfrbpq_1)   15.48    3.05   12.43 (MET)
y_reg[8]$_SDFFE_PN0P_/D (sg13g2_dfrbpq_1)   15.49    3.06   12.43 (MET)
y_reg[8]$_SDFFE_PN0P_/D (sg13g2_dfrbpq_1)   15.49    3.06   12.43 (MET)
y_reg[8]$_SDFFE_PN0P_/D (sg13g2_dfrbpq_1)   15.49    3.06   12.43 (MET)
y_reg[8]$_SDFFE_PN0P_/D (sg13g2_dfrbpq_1)   15.49    3.06   12.43 (MET)
y_reg[8]$_SDFFE_PN0P_/D (sg13g2_dfrbpq_1)   15.49    3.06   12.43 (MET)
y_reg[8]$_SDFFE_PN0P_/D (sg13g2_dfrbpq_1)   15.49    3.06   12.43 (MET)
y_reg[9]$_SDFFE_PN0P_/D (sg13g2_dfrbpq_1)   15.48    3.05   12.43 (MET)
y_reg[9]$_SDFFE_PN0P_/D (sg13g2_dfrbpq_1)   15.48    3.05   12.43 (MET)
y_reg[9]$_SDFFE_PN0P_/D (sg13g2_dfrbpq_1)   15.48    3.05   12.43 (MET)
y_reg[9]$_SDFFE_PN0P_/D (sg13g2_dfrbpq_1)   15.48    3.05   12.43 (MET)
y_reg[9]$_SDFFE_PN0P_/D (sg13g2_dfrbpq_1)   15.48    3.05   12.43 (MET)
y_reg[9]$_SDFFE_PN0P_/D (sg13g2_dfrbpq_1)   15.48    3.05   12.43 (MET)
y_reg[8]$_SDFFE_PN0P_/D (sg13g2_dfrbpq_1)   15.49    3.05   12.43 (MET)
y_reg[8]$_SDFFE_PN0P_/D (sg13g2_dfrbpq_1)   15.49    3.05   12.43 (MET)
y_reg[8]$_SDFFE_PN0P_/D (sg13g2_dfrbpq_1)   15.48    3.05   12.43 (MET)
y_reg[8]$_SDFFE_PN0P_/D (sg13g2_dfrbpq_1)   15.48    3.05   12.43 (MET)
y_reg[8]$_SDFFE_PN0P_/D (sg13g2_dfrbpq_1)   15.48    3.05   12.43 (MET)
y_reg[8]$_SDFFE_PN0P_/D (sg13g2_dfrbpq_1)   15.48    3.05   12.43 (MET)
y_reg[8]$_SDFFE_PN0P_/D (sg13g2_dfrbpq_1)   15.49    3.05   12.43 (MET)
y_reg[8]$_SDFFE_PN0P_/D (sg13g2_dfrbpq_1)   15.49    3.05   12.43 (MET)
y_reg[8]$_SDFFE_PN0P_/D (sg13g2_dfrbpq_1)   15.49    3.05   12.43 (MET)
y_reg[8]$_SDFFE_PN0P_/D (sg13g2_dfrbpq_1)   15.49    3.05   12.43 (MET)
x_reg[8]$_SDFFE_PN0P_/D (sg13g2_dfrbpq_1)   15.49    3.06   12.43 (MET)
x_reg[8]$_SDFFE_PN0P_/D (sg13g2_dfrbpq_1)   15.49    3.06   12.43 (MET)
x_reg[8]$_SDFFE_PN0P_/D (sg13g2_dfrbpq_1)   15.49    3.06   12.43 (MET)
x_reg[8]$_SDFFE_PN0P_/D (sg13g2_dfrbpq_1)   15.49    3.06   12.43 (MET)
y_reg[8]$_SDFFE_PN0P_/D (sg13g2_dfrbpq_1)   15.48    3.05   12.43 (MET)
y_reg[8]$_SDFFE_PN0P_/D (sg13g2_dfrbpq_1)   15.48    3.05   12.43 (MET)
y_reg[8]$_SDFFE_PN0P_/D (sg13g2_dfrbpq_1)   15.48    3.05   12.43 (MET)
y_reg[8]$_SDFFE_PN0P_/D (sg13g2_dfrbpq_1)   15.48    3.05   12.43 (MET)
y_reg[8]$_SDFFE_PN0P_/D (sg13g2_dfrbpq_1)   15.48    3.05   12.43 (MET)
y_reg[8]$_SDFFE_PN0P_/D (sg13g2_dfrbpq_1)   15.48    3.05   12.43 (MET)
y_reg[8]$_SDFFE_PN0P_/D (sg13g2_dfrbpq_1)   15.48    3.05   12.43 (MET)
y_reg[8]$_SDFFE_PN0P_/D (sg13g2_dfrbpq_1)   15.48    3.05   12.43 (MET)
y_reg[8]$_SDFFE_PN0P_/D (sg13g2_dfrbpq_1)   15.48    3.05   12.43 (MET)
y_reg[8]$_SDFFE_PN0P_/D (sg13g2_dfrbpq_1)   15.48    3.05   12.43 (MET)
y_reg[8]$_SDFFE_PN0P_/D (sg13g2_dfrbpq_1)   15.48    3.05   12.43 (MET)
y_reg[8]$_SDFFE_PN0P_/D (sg13g2_dfrbpq_1)   15.48    3.05   12.43 (MET)
y_reg[8]$_SDFFE_PN0P_/D (sg13g2_dfrbpq_1)   15.49    3.05   12.43 (MET)
y_reg[8]$_SDFFE_PN0P_/D (sg13g2_dfrbpq_1)   15.49    3.05   12.43 (MET)
y_reg[8]$_SDFFE_PN0P_/D (sg13g2_dfrbpq_1)   15.49    3.05   12.43 (MET)
y_reg[8]$_SDFFE_PN0P_/D (sg13g2_dfrbpq_1)   15.49    3.05   12.43 (MET)
y_reg[8]$_SDFFE_PN0P_/D (sg13g2_dfrbpq_1)   15.49    3.05   12.43 (MET)
y_reg[8]$_SDFFE_PN0P_/D (sg13g2_dfrbpq_1)   15.49    3.05   12.43 (MET)
y_reg[8]$_SDFFE_PN0P_/D (sg13g2_dfrbpq_1)   15.49    3.05   12.43 (MET)
y_reg[8]$_SDFFE_PN0P_/D (sg13g2_dfrbpq_1)   15.49    3.05   12.43 (MET)
y_reg[8]$_SDFFE_PN0P_/D (sg13g2_dfrbpq_1)   15.49    3.05   12.43 (MET)
y_reg[8]$_SDFFE_PN0P_/D (sg13g2_dfrbpq_1)   15.49    3.05   12.43 (MET)
y_reg[8]$_SDFFE_PN0P_/D (sg13g2_dfrbpq_1)   15.49    3.05   12.43 (MET)
y_reg[8]$_SDFFE_PN0P_/D (sg13g2_dfrbpq_1)   15.49    3.05   12.43 (MET)
y_reg[9]$_SDFFE_PN0P_/D (sg13g2_dfrbpq_1)   15.48    3.05   12.43 (MET)
y_reg[9]$_SDFFE_PN0P_/D (sg13g2_dfrbpq_1)   15.48    3.05   12.43 (MET)
y_reg[9]$_SDFFE_PN0P_/D (sg13g2_dfrbpq_1)   15.48    3.05   12.43 (MET)
y_reg[9]$_SDFFE_PN0P_/D (sg13g2_dfrbpq_1)   15.48    3.05   12.43 (MET)
y_reg[9]$_SDFFE_PN0P_/D (sg13g2_dfrbpq_1)   15.48    3.05   12.43 (MET)
y_reg[9]$_SDFFE_PN0P_/D (sg13g2_dfrbpq_1)   15.48    3.05   12.43 (MET)
y_reg[9]$_SDFFE_PN0P_/D (sg13g2_dfrbpq_1)   15.48    3.05   12.43 (MET)
y_reg[9]$_SDFFE_PN0P_/D (sg13g2_dfrbpq_1)   15.48    3.05   12.43 (MET)
y_reg[9]$_SDFFE_PN0P_/D (sg13g2_dfrbpq_1)   15.48    3.05   12.43 (MET)
y_reg[9]$_SDFFE_PN0P_/D (sg13g2_dfrbpq_1)   15.48    3.05   12.43 (MET)
y_reg[9]$_SDFFE_PN0P_/D (sg13g2_dfrbpq_1)   15.48    3.05   12.43 (MET)
y_reg[9]$_SDFFE_PN0P_/D (sg13g2_dfrbpq_1)   15.48    3.05   12.43 (MET)
y_reg[8]$_SDFFE_PN0P_/D (sg13g2_dfrbpq_1)   15.49    3.05   12.43 (MET)
y_reg[8]$_SDFFE_PN0P_/D (sg13g2_dfrbpq_1)   15.49    3.05   12.43 (MET)
y_reg[4]$_SDFFE_PN0P_/D (sg13g2_dfrbpq_1)   15.48    3.05   12.43 (MET)
y_reg[4]$_SDFFE_PN0P_/D (sg13g2_dfrbpq_1)   15.48    3.05   12.43 (MET)
y_reg[4]$_SDFFE_PN0P_/D (sg13g2_dfrbpq_1)   15.48    3.05   12.43 (MET)
y_reg[4]$_SDFFE_PN0P_/D (sg13g2_dfrbpq_1)   15.48    3.05   12.43 (MET)
y_reg[8]$_SDFFE_PN0P_/D (sg13g2_dfrbpq_1)   15.49    3.05   12.43 (MET)
y_reg[8]$_SDFFE_PN0P_/D (sg13g2_dfrbpq_1)   15.49    3.05   12.43 (MET)
y_reg[8]$_SDFFE_PN0P_/D (sg13g2_dfrbpq_1)   15.49    3.05   12.43 (MET)
y_reg[8]$_SDFFE_PN0P_/D (sg13g2_dfrbpq_1)   15.49    3.05   12.43 (MET)
y_reg[9]$_SDFFE_PN0P_/D (sg13g2_dfrbpq_1)   15.48    3.05   12.43 (MET)
y_reg[9]$_SDFFE_PN0P_/D (sg13g2_dfrbpq_1)   15.48    3.05   12.43 (MET)
y_reg[9]$_SDFFE_PN0P_/D (sg13g2_dfrbpq_1)   15.48    3.05   12.43 (MET)
y_reg[9]$_SDFFE_PN0P_/D (sg13g2_dfrbpq_1)   15.48    3.05   12.43 (MET)
y_reg[9]$_SDFFE_PN0P_/D (sg13g2_dfrbpq_1)   15.48    3.05   12.43 (MET)
y_reg[9]$_SDFFE_PN0P_/D (sg13g2_dfrbpq_1)   15.48    3.05   12.43 (MET)
y_reg[9]$_SDFFE_PN0P_/D (sg13g2_dfrbpq_1)   15.48    3.05   12.43 (MET)
y_reg[9]$_SDFFE_PN0P_/D (sg13g2_dfrbpq_1)   15.48    3.05   12.43 (MET)
y_reg[9]$_SDFFE_PN0P_/D (sg13g2_dfrbpq_1)   15.48    3.05   12.43 (MET)
y_reg[9]$_SDFFE_PN0P_/D (sg13g2_dfrbpq_1)   15.48    3.05   12.43 (MET)
y_reg[9]$_SDFFE_PN0P_/D (sg13g2_dfrbpq_1)   15.48    3.05   12.43 (MET)
y_reg[9]$_SDFFE_PN0P_/D (sg13g2_dfrbpq_1)   15.48    3.05   12.43 (MET)
y_reg[9]$_SDFFE_PN0P_/D (sg13g2_dfrbpq_1)   15.48    3.05   12.44 (MET)
y_reg[9]$_SDFFE_PN0P_/D (sg13g2_dfrbpq_1)   15.48    3.05   12.44 (MET)
y_reg[9]$_SDFFE_PN0P_/D (sg13g2_dfrbpq_1)   15.48    3.05   12.44 (MET)
y_reg[9]$_SDFFE_PN0P_/D (sg13g2_dfrbpq_1)   15.48    3.05   12.44 (MET)
y_reg[9]$_SDFFE_PN0P_/D (sg13g2_dfrbpq_1)   15.48    3.05   12.44 (MET)
y_reg[9]$_SDFFE_PN0P_/D (sg13g2_dfrbpq_1)   15.48    3.05   12.44 (MET)
x_reg[9]$_SDFFE_PN0P_/D (sg13g2_dfrbpq_1)   15.49    3.05   12.44 (MET)
x_reg[9]$_SDFFE_PN0P_/D (sg13g2_dfrbpq_1)   15.49    3.05   12.44 (MET)
x_reg[9]$_SDFFE_PN0P_/D (sg13g2_dfrbpq_1)   15.49    3.05   12.44 (MET)
x_reg[9]$_SDFFE_PN0P_/D (sg13g2_dfrbpq_1)   15.49    3.05   12.44 (MET)
x_reg[9]$_SDFFE_PN0P_/D (sg13g2_dfrbpq_1)   15.49    3.05   12.44 (MET)
x_reg[9]$_SDFFE_PN0P_/D (sg13g2_dfrbpq_1)   15.49    3.05   12.44 (MET)
x_reg[9]$_SDFFE_PN0P_/D (sg13g2_dfrbpq_1)   15.49    3.05   12.44 (MET)
x_reg[9]$_SDFFE_PN0P_/D (sg13g2_dfrbpq_1)   15.49    3.05   12.44 (MET)
y_reg[8]$_SDFFE_PN0P_/D (sg13g2_dfrbpq_1)   15.48    3.04   12.44 (MET)
y_reg[8]$_SDFFE_PN0P_/D (sg13g2_dfrbpq_1)   15.48    3.04   12.44 (MET)
y_reg[8]$_SDFFE_PN0P_/D (sg13g2_dfrbpq_1)   15.48    3.04   12.44 (MET)
y_reg[8]$_SDFFE_PN0P_/D (sg13g2_dfrbpq_1)   15.48    3.04   12.44 (MET)
y_reg[9]$_SDFFE_PN0P_/D (sg13g2_dfrbpq_1)   15.48    3.05   12.44 (MET)
y_reg[9]$_SDFFE_PN0P_/D (sg13g2_dfrbpq_1)   15.48    3.05   12.44 (MET)
y_reg[9]$_SDFFE_PN0P_/D (sg13g2_dfrbpq_1)   15.48    3.05   12.44 (MET)
y_reg[9]$_SDFFE_PN0P_/D (sg13g2_dfrbpq_1)   15.48    3.05   12.44 (MET)
x_reg[8]$_SDFFE_PN0P_/D (sg13g2_dfrbpq_1)   15.49    3.06   12.44 (MET)
x_reg[8]$_SDFFE_PN0P_/D (sg13g2_dfrbpq_1)   15.49    3.06   12.44 (MET)
y_reg[9]$_SDFFE_PN0P_/D (sg13g2_dfrbpq_1)   15.48    3.05   12.44 (MET)
y_reg[9]$_SDFFE_PN0P_/D (sg13g2_dfrbpq_1)   15.48    3.05   12.44 (MET)
x_reg[8]$_SDFFE_PN0P_/D (sg13g2_dfrbpq_1)   15.49    3.05   12.44 (MET)
x_reg[8]$_SDFFE_PN0P_/D (sg13g2_dfrbpq_1)   15.49    3.05   12.44 (MET)
y_reg[8]$_SDFFE_PN0P_/D (sg13g2_dfrbpq_1)   15.48    3.04   12.44 (MET)
y_reg[8]$_SDFFE_PN0P_/D (sg13g2_dfrbpq_1)   15.48    3.04   12.44 (MET)
y_reg[8]$_SDFFE_PN0P_/D (sg13g2_dfrbpq_1)   15.48    3.04   12.44 (MET)
y_reg[8]$_SDFFE_PN0P_/D (sg13g2_dfrbpq_1)   15.48    3.04   12.44 (MET)
y_reg[8]$_SDFFE_PN0P_/D (sg13g2_dfrbpq_1)   15.48    3.04   12.44 (MET)
y_reg[8]$_SDFFE_PN0P_/D (sg13g2_dfrbpq_1)   15.48    3.04   12.44 (MET)
y_reg[8]$_SDFFE_PN0P_/D (sg13g2_dfrbpq_1)   15.48    3.04   12.44 (MET)
y_reg[8]$_SDFFE_PN0P_/D (sg13g2_dfrbpq_1)   15.48    3.04   12.44 (MET)
y_reg[8]$_SDFFE_PN0P_/D (sg13g2_dfrbpq_1)   15.48    3.04   12.44 (MET)
y_reg[8]$_SDFFE_PN0P_/D (sg13g2_dfrbpq_1)   15.48    3.04   12.44 (MET)
y_reg[8]$_SDFFE_PN0P_/D (sg13g2_dfrbpq_1)   15.48    3.04   12.44 (MET)
y_reg[8]$_SDFFE_PN0P_/D (sg13g2_dfrbpq_1)   15.48    3.04   12.44 (MET)
x_reg[1]$_SDFFE_PN0P_/D (sg13g2_dfrbpq_1)   15.48    3.05   12.44 (MET)
x_reg[1]$_SDFFE_PN0P_/D (sg13g2_dfrbpq_1)   15.48    3.05   12.44 (MET)
y_reg[7]$_SDFFE_PN0P_/D (sg13g2_dfrbpq_1)   15.48    3.04   12.44 (MET)
y_reg[7]$_SDFFE_PN0P_/D (sg13g2_dfrbpq_1)   15.48    3.04   12.44 (MET)
y_reg[7]$_SDFFE_PN0P_/D (sg13g2_dfrbpq_1)   15.48    3.04   12.44 (MET)
y_reg[7]$_SDFFE_PN0P_/D (sg13g2_dfrbpq_1)   15.48    3.04   12.44 (MET)
y_reg[7]$_SDFFE_PN0P_/D (sg13g2_dfrbpq_1)   15.48    3.04   12.44 (MET)
y_reg[7]$_SDFFE_PN0P_/D (sg13g2_dfrbpq_1)   15.48    3.04   12.44 (MET)
y_reg[7]$_SDFFE_PN0P_/D (sg13g2_dfrbpq_1)   15.48    3.04   12.44 (MET)
y_reg[7]$_SDFFE_PN0P_/D (sg13g2_dfrbpq_1)   15.48    3.04   12.44 (MET)
x_reg[8]$_SDFFE_PN0P_/D (sg13g2_dfrbpq_1)   15.49    3.05   12.44 (MET)
x_reg[8]$_SDFFE_PN0P_/D (sg13g2_dfrbpq_1)   15.49    3.05   12.44 (MET)
x_reg[9]$_SDFFE_PN0P_/D (sg13g2_dfrbpq_1)   15.49    3.05   12.44 (MET)
x_reg[9]$_SDFFE_PN0P_/D (sg13g2_dfrbpq_1)   15.49    3.05   12.44 (MET)
x_reg[9]$_SDFFE_PN0P_/D (sg13g2_dfrbpq_1)   15.49    3.05   12.44 (MET)
x_reg[9]$_SDFFE_PN0P_/D (sg13g2_dfrbpq_1)   15.49    3.05   12.44 (MET)
y_reg[8]$_SDFFE_PN0P_/D (sg13g2_dfrbpq_1)   15.49    3.05   12.44 (MET)
y_reg[8]$_SDFFE_PN0P_/D (sg13g2_dfrbpq_1)   15.49    3.05   12.44 (MET)
y_reg[8]$_SDFFE_PN0P_/D (sg13g2_dfrbpq_1)   15.49    3.05   12.44 (MET)
y_reg[8]$_SDFFE_PN0P_/D (sg13g2_dfrbpq_1)   15.49    3.05   12.44 (MET)
y_reg[8]$_SDFFE_PN0P_/D (sg13g2_dfrbpq_1)   15.49    3.05   12.44 (MET)
y_reg[8]$_SDFFE_PN0P_/D (sg13g2_dfrbpq_1)   15.49    3.05   12.44 (MET)
y_reg[5]$_SDFFE_PN0P_/D (sg13g2_dfrbpq_1)   15.48    3.04   12.44 (MET)
y_reg[5]$_SDFFE_PN0P_/D (sg13g2_dfrbpq_1)   15.48    3.04   12.44 (MET)
y_reg[5]$_SDFFE_PN0P_/D (sg13g2_dfrbpq_1)   15.48    3.04   12.44 (MET)
y_reg[5]$_SDFFE_PN0P_/D (sg13g2_dfrbpq_1)   15.48    3.04   12.44 (MET)
y_reg[5]$_SDFFE_PN0P_/D (sg13g2_dfrbpq_1)   15.48    3.04   12.44 (MET)
y_reg[5]$_SDFFE_PN0P_/D (sg13g2_dfrbpq_1)   15.48    3.04   12.44 (MET)
y_reg[5]$_SDFFE_PN0P_/D (sg13g2_dfrbpq_1)   15.48    3.04   12.44 (MET)
y_reg[5]$_SDFFE_PN0P_/D (sg13g2_dfrbpq_1)   15.48    3.04   12.44 (MET)
y_reg[8]$_SDFFE_PN0P_/D (sg13g2_dfrbpq_1)   15.49    3.05   12.44 (MET)
x_reg[8]$_SDFFE_PN0P_/D (sg13g2_dfrbpq_1)   15.49    3.05   12.44 (MET)
x_reg[8]$_SDFFE_PN0P_/D (sg13g2_dfrbpq_1)   15.49    3.05   12.44 (MET)
x_reg[3]$_SDFFE_PN0P_/D (sg13g2_dfrbpq_1)   15.46    3.02   12.44 (MET)
x_reg[3]$_SDFFE_PN0P_/D (sg13g2_dfrbpq_1)   15.46    3.02   12.44 (MET)
x_reg[3]$_SDFFE_PN0P_/D (sg13g2_dfrbpq_1)   15.46    3.02   12.44 (MET)
x_reg[3]$_SDFFE_PN0P_/D (sg13g2_dfrbpq_1)   15.46    3.02   12.44 (MET)
y_reg[8]$_SDFFE_PN0P_/D (sg13g2_dfrbpq_1)   15.49    3.05   12.44 (MET)
y_reg[8]$_SDFFE_PN0P_/D (sg13g2_dfrbpq_1)   15.49    3.05   12.44 (MET)
y_reg[8]$_SDFFE_PN0P_/D (sg13g2_dfrbpq_1)   15.49    3.05   12.44 (MET)
x_reg[1]$_SDFFE_PN0P_/D (sg13g2_dfrbpq_1)   15.49    3.05   12.44 (MET)
x_reg[1]$_SDFFE_PN0P_/D (sg13g2_dfrbpq_1)   15.49    3.05   12.44 (MET)
x_reg[1]$_SDFFE_PN0P_/D (sg13g2_dfrbpq_1)   15.49    3.05   12.44 (MET)
x_reg[1]$_SDFFE_PN0P_/D (sg13g2_dfrbpq_1)   15.49    3.05   12.44 (MET)
y_reg[8]$_SDFFE_PN0P_/D (sg13g2_dfrbpq_1)   15.49    3.05   12.44 (MET)
y_reg[8]$_SDFFE_PN0P_/D (sg13g2_dfrbpq_1)   15.49    3.05   12.44 (MET)
x_reg[9]$_SDFFE_PN0P_/D (sg13g2_dfrbpq_1)   15.49    3.05   12.44 (MET)
x_reg[9]$_SDFFE_PN0P_/D (sg13g2_dfrbpq_1)   15.49    3.05   12.44 (MET)
x_reg[9]$_SDFFE_PN0P_/D (sg13g2_dfrbpq_1)   15.49    3.05   12.44 (MET)
x_reg[9]$_SDFFE_PN0P_/D (sg13g2_dfrbpq_1)   15.49    3.05   12.44 (MET)
x_reg[9]$_SDFFE_PN0P_/D (sg13g2_dfrbpq_1)   15.49    3.05   12.44 (MET)
x_reg[9]$_SDFFE_PN0P_/D (sg13g2_dfrbpq_1)   15.49    3.05   12.44 (MET)
x_reg[9]$_SDFFE_PN0P_/D (sg13g2_dfrbpq_1)   15.49    3.05   12.44 (MET)
x_reg[9]$_SDFFE_PN0P_/D (sg13g2_dfrbpq_1)   15.49    3.05   12.44 (MET)
y_reg[8]$_SDFFE_PN0P_/D (sg13g2_dfrbpq_1)   15.48    3.04   12.44 (MET)
y_reg[8]$_SDFFE_PN0P_/D (sg13g2_dfrbpq_1)   15.48    3.04   12.44 (MET)
y_reg[8]$_SDFFE_PN0P_/D (sg13g2_dfrbpq_1)   15.48    3.04   12.44 (MET)
y_reg[8]$_SDFFE_PN0P_/D (sg13g2_dfrbpq_1)   15.48    3.04   12.44 (MET)
y_reg[8]$_SDFFE_PN0P_/D (sg13g2_dfrbpq_1)   15.48    3.04   12.44 (MET)
y_reg[8]$_SDFFE_PN0P_/D (sg13g2_dfrbpq_1)   15.48    3.04   12.44 (MET)
y_reg[8]$_SDFFE_PN0P_/D (sg13g2_dfrbpq_1)   15.48    3.04   12.44 (MET)
y_reg[8]$_SDFFE_PN0P_/D (sg13g2_dfrbpq_1)   15.48    3.04   12.44 (MET)
x_reg[8]$_SDFFE_PN0P_/D (sg13g2_dfrbpq_1)   15.49    3.05   12.44 (MET)
x_reg[8]$_SDFFE_PN0P_/D (sg13g2_dfrbpq_1)   15.49    3.05   12.44 (MET)
x_reg[9]$_SDFFE_PN0P_/D (sg13g2_dfrbpq_1)   15.49    3.05   12.44 (MET)
x_reg[9]$_SDFFE_PN0P_/D (sg13g2_dfrbpq_1)   15.49    3.05   12.44 (MET)
x_reg[9]$_SDFFE_PN0P_/D (sg13g2_dfrbpq_1)   15.49    3.05   12.44 (MET)
x_reg[9]$_SDFFE_PN0P_/D (sg13g2_dfrbpq_1)   15.49    3.05   12.44 (MET)
y_reg[8]$_SDFFE_PN0P_/D (sg13g2_dfrbpq_1)   15.49    3.05   12.44 (MET)
y_reg[8]$_SDFFE_PN0P_/D (sg13g2_dfrbpq_1)   15.49    3.05   12.44 (MET)
y_reg[8]$_SDFFE_PN0P_/D (sg13g2_dfrbpq_1)   15.49    3.05   12.44 (MET)
y_reg[8]$_SDFFE_PN0P_/D (sg13g2_dfrbpq_1)   15.49    3.05   12.44 (MET)
y_reg[8]$_SDFFE_PN0P_/D (sg13g2_dfrbpq_1)   15.49    3.05   12.44 (MET)
y_reg[8]$_SDFFE_PN0P_/D (sg13g2_dfrbpq_1)   15.49    3.05   12.44 (MET)
y_reg[8]$_SDFFE_PN0P_/D (sg13g2_dfrbpq_1)   15.49    3.05   12.44 (MET)
y_reg[8]$_SDFFE_PN0P_/D (sg13g2_dfrbpq_1)   15.48    3.04   12.44 (MET)
y_reg[8]$_SDFFE_PN0P_/D (sg13g2_dfrbpq_1)   15.48    3.04   12.44 (MET)
x_reg[1]$_SDFFE_PN0P_/D (sg13g2_dfrbpq_1)   15.49    3.05   12.44 (MET)
x_reg[1]$_SDFFE_PN0P_/D (sg13g2_dfrbpq_1)   15.49    3.05   12.44 (MET)
x_reg[9]$_SDFFE_PN0P_/D (sg13g2_dfrbpq_1)   15.49    3.05   12.44 (MET)
x_reg[9]$_SDFFE_PN0P_/D (sg13g2_dfrbpq_1)   15.49    3.05   12.44 (MET)
x_reg[9]$_SDFFE_PN0P_/D (sg13g2_dfrbpq_1)   15.49    3.05   12.44 (MET)
x_reg[9]$_SDFFE_PN0P_/D (sg13g2_dfrbpq_1)   15.49    3.05   12.44 (MET)
x_reg[9]$_SDFFE_PN0P_/D (sg13g2_dfrbpq_1)   15.49    3.05   12.44 (MET)
x_reg[9]$_SDFFE_PN0P_/D (sg13g2_dfrbpq_1)   15.49    3.05   12.44 (MET)
x_reg[9]$_SDFFE_PN0P_/D (sg13g2_dfrbpq_1)   15.49    3.05   12.44 (MET)
x_reg[9]$_SDFFE_PN0P_/D (sg13g2_dfrbpq_1)   15.49    3.05   12.44 (MET)
x_reg[1]$_SDFFE_PN0P_/D (sg13g2_dfrbpq_1)   15.49    3.05   12.44 (MET)
x_reg[1]$_SDFFE_PN0P_/D (sg13g2_dfrbpq_1)   15.49    3.05   12.44 (MET)
y_reg[8]$_SDFFE_PN0P_/D (sg13g2_dfrbpq_1)   15.49    3.05   12.44 (MET)
y_reg[8]$_SDFFE_PN0P_/D (sg13g2_dfrbpq_1)   15.49    3.05   12.44 (MET)
y_reg[8]$_SDFFE_PN0P_/D (sg13g2_dfrbpq_1)   15.49    3.05   12.44 (MET)
y_reg[8]$_SDFFE_PN0P_/D (sg13g2_dfrbpq_1)   15.49    3.05   12.44 (MET)
y_reg[9]$_SDFFE_PN0P_/D (sg13g2_dfrbpq_1)   15.48    3.04   12.44 (MET)
y_reg[9]$_SDFFE_PN0P_/D (sg13g2_dfrbpq_1)   15.48    3.04   12.44 (MET)
y_reg[9]$_SDFFE_PN0P_/D (sg13g2_dfrbpq_1)   15.48    3.04   12.44 (MET)
y_reg[9]$_SDFFE_PN0P_/D (sg13g2_dfrbpq_1)   15.48    3.04   12.44 (MET)
y_reg[9]$_SDFFE_PN0P_/D (sg13g2_dfrbpq_1)   15.48    3.04   12.44 (MET)
y_reg[9]$_SDFFE_PN0P_/D (sg13g2_dfrbpq_1)   15.48    3.04   12.44 (MET)
y_reg[9]$_SDFFE_PN0P_/D (sg13g2_dfrbpq_1)   15.48    3.04   12.44 (MET)
y_reg[9]$_SDFFE_PN0P_/D (sg13g2_dfrbpq_1)   15.48    3.04   12.44 (MET)
y_reg[9]$_SDFFE_PN0P_/D (sg13g2_dfrbpq_1)   15.48    3.04   12.44 (MET)
y_reg[9]$_SDFFE_PN0P_/D (sg13g2_dfrbpq_1)   15.48    3.04   12.44 (MET)
y_reg[9]$_SDFFE_PN0P_/D (sg13g2_dfrbpq_1)   15.48    3.04   12.44 (MET)
y_reg[9]$_SDFFE_PN0P_/D (sg13g2_dfrbpq_1)   15.48    3.04   12.44 (MET)
y_reg[8]$_SDFFE_PN0P_/D (sg13g2_dfrbpq_1)   15.48    3.04   12.44 (MET)
y_reg[8]$_SDFFE_PN0P_/D (sg13g2_dfrbpq_1)   15.48    3.04   12.44 (MET)
y_reg[8]$_SDFFE_PN0P_/D (sg13g2_dfrbpq_1)   15.48    3.04   12.44 (MET)
y_reg[8]$_SDFFE_PN0P_/D (sg13g2_dfrbpq_1)   15.48    3.04   12.44 (MET)
y_reg[8]$_SDFFE_PN0P_/D (sg13g2_dfrbpq_1)   15.48    3.04   12.44 (MET)
y_reg[8]$_SDFFE_PN0P_/D (sg13g2_dfrbpq_1)   15.48    3.04   12.44 (MET)
y_reg[8]$_SDFFE_PN0P_/D (sg13g2_dfrbpq_1)   15.48    3.04   12.44 (MET)
y_reg[8]$_SDFFE_PN0P_/D (sg13g2_dfrbpq_1)   15.48    3.04   12.44 (MET)
y_reg[8]$_SDFFE_PN0P_/D (sg13g2_dfrbpq_1)   15.49    3.05   12.44 (MET)
y_reg[8]$_SDFFE_PN0P_/D (sg13g2_dfrbpq_1)   15.49    3.05   12.44 (MET)
y_reg[8]$_SDFFE_PN0P_/D (sg13g2_dfrbpq_1)   15.49    3.05   12.44 (MET)
y_reg[8]$_SDFFE_PN0P_/D (sg13g2_dfrbpq_1)   15.49    3.05   12.44 (MET)
y_reg[8]$_SDFFE_PN0P_/D (sg13g2_dfrbpq_1)   15.49    3.05   12.44 (MET)
y_reg[8]$_SDFFE_PN0P_/D (sg13g2_dfrbpq_1)   15.49    3.05   12.44 (MET)
y_reg[8]$_SDFFE_PN0P_/D (sg13g2_dfrbpq_1)   15.49    3.05   12.44 (MET)
y_reg[8]$_SDFFE_PN0P_/D (sg13g2_dfrbpq_1)   15.49    3.05   12.44 (MET)
y_reg[9]$_SDFFE_PN0P_/D (sg13g2_dfrbpq_1)   15.48    3.04   12.44 (MET)
y_reg[9]$_SDFFE_PN0P_/D (sg13g2_dfrbpq_1)   15.48    3.04   12.44 (MET)
x_reg[9]$_SDFFE_PN0P_/D (sg13g2_dfrbpq_1)   15.49    3.04   12.44 (MET)
x_reg[9]$_SDFFE_PN0P_/D (sg13g2_dfrbpq_1)   15.49    3.04   12.44 (MET)
x_reg[9]$_SDFFE_PN0P_/D (sg13g2_dfrbpq_1)   15.49    3.04   12.44 (MET)
x_reg[9]$_SDFFE_PN0P_/D (sg13g2_dfrbpq_1)   15.49    3.04   12.44 (MET)
x_reg[9]$_SDFFE_PN0P_/D (sg13g2_dfrbpq_1)   15.49    3.04   12.44 (MET)
x_reg[9]$_SDFFE_PN0P_/D (sg13g2_dfrbpq_1)   15.49    3.04   12.44 (MET)
x_reg[9]$_SDFFE_PN0P_/D (sg13g2_dfrbpq_1)   15.49    3.04   12.44 (MET)
x_reg[9]$_SDFFE_PN0P_/D (sg13g2_dfrbpq_1)   15.49    3.04   12.44 (MET)
y_reg[9]$_SDFFE_PN0P_/D (sg13g2_dfrbpq_1)   15.48    3.04   12.44 (MET)
y_reg[9]$_SDFFE_PN0P_/D (sg13g2_dfrbpq_1)   15.48    3.04   12.44 (MET)
y_reg[9]$_SDFFE_PN0P_/D (sg13g2_dfrbpq_1)   15.48    3.04   12.44 (MET)
y_reg[9]$_SDFFE_PN0P_/D (sg13g2_dfrbpq_1)   15.48    3.04   12.44 (MET)
y_reg[9]$_SDFFE_PN0P_/D (sg13g2_dfrbpq_1)   15.48    3.04   12.44 (MET)
y_reg[9]$_SDFFE_PN0P_/D (sg13g2_dfrbpq_1)   15.48    3.04   12.44 (MET)
y_reg[9]$_SDFFE_PN0P_/D (sg13g2_dfrbpq_1)   15.48    3.04   12.44 (MET)
y_reg[9]$_SDFFE_PN0P_/D (sg13g2_dfrbpq_1)   15.48    3.04   12.44 (MET)
y_reg[9]$_SDFFE_PN0P_/D (sg13g2_dfrbpq_1)   15.48    3.04   12.44 (MET)
y_reg[9]$_SDFFE_PN0P_/D (sg13g2_dfrbpq_1)   15.48    3.04   12.44 (MET)
y_reg[9]$_SDFFE_PN0P_/D (sg13g2_dfrbpq_1)   15.48    3.04   12.44 (MET)
y_reg[9]$_SDFFE_PN0P_/D (sg13g2_dfrbpq_1)   15.48    3.04   12.44 (MET)
y_reg[9]$_SDFFE_PN0P_/D (sg13g2_dfrbpq_1)   15.48    3.04   12.44 (MET)
y_reg[9]$_SDFFE_PN0P_/D (sg13g2_dfrbpq_1)   15.48    3.04   12.44 (MET)
y_reg[9]$_SDFFE_PN0P_/D (sg13g2_dfrbpq_1)   15.48    3.04   12.44 (MET)
y_reg[9]$_SDFFE_PN0P_/D (sg13g2_dfrbpq_1)   15.48    3.04   12.44 (MET)
y_reg[8]$_SDFFE_PN0P_/D (sg13g2_dfrbpq_1)   15.48    3.04   12.44 (MET)
y_reg[8]$_SDFFE_PN0P_/D (sg13g2_dfrbpq_1)   15.48    3.04   12.44 (MET)
y_reg[8]$_SDFFE_PN0P_/D (sg13g2_dfrbpq_1)   15.48    3.04   12.44 (MET)
y_reg[8]$_SDFFE_PN0P_/D (sg13g2_dfrbpq_1)   15.48    3.04   12.44 (MET)
y_reg[9]$_SDFFE_PN0P_/D (sg13g2_dfrbpq_1)   15.48    3.04   12.44 (MET)
y_reg[9]$_SDFFE_PN0P_/D (sg13g2_dfrbpq_1)   15.48    3.04   12.44 (MET)
y_reg[9]$_SDFFE_PN0P_/D (sg13g2_dfrbpq_1)   15.48    3.04   12.44 (MET)
y_reg[9]$_SDFFE_PN0P_/D (sg13g2_dfrbpq_1)   15.48    3.04   12.44 (MET)
y_reg[9]$_SDFFE_PN0P_/D (sg13g2_dfrbpq_1)   15.48    3.04   12.44 (MET)
y_reg[9]$_SDFFE_PN0P_/D (sg13g2_dfrbpq_1)   15.48    3.04   12.44 (MET)
y_reg[8]$_SDFFE_PN0P_/D (sg13g2_dfrbpq_1)   15.48    3.03   12.44 (MET)
y_reg[8]$_SDFFE_PN0P_/D (sg13g2_dfrbpq_1)   15.48    3.03   12.44 (MET)
y_reg[8]$_SDFFE_PN0P_/D (sg13g2_dfrbpq_1)   15.48    3.03   12.44 (MET)
y_reg[8]$_SDFFE_PN0P_/D (sg13g2_dfrbpq_1)   15.48    3.03   12.44 (MET)
y_reg[8]$_SDFFE_PN0P_/D (sg13g2_dfrbpq_1)   15.48    3.03   12.44 (MET)
y_reg[8]$_SDFFE_PN0P_/D (sg13g2_dfrbpq_1)   15.48    3.03   12.44 (MET)
y_reg[8]$_SDFFE_PN0P_/D (sg13g2_dfrbpq_1)   15.48    3.03   12.44 (MET)
y_reg[8]$_SDFFE_PN0P_/D (sg13g2_dfrbpq_1)   15.48    3.03   12.44 (MET)
y_reg[8]$_SDFFE_PN0P_/D (sg13g2_dfrbpq_1)   15.48    3.03   12.44 (MET)
y_reg[8]$_SDFFE_PN0P_/D (sg13g2_dfrbpq_1)   15.48    3.03   12.44 (MET)
y_reg[8]$_SDFFE_PN0P_/D (sg13g2_dfrbpq_1)   15.48    3.03   12.44 (MET)
y_reg[8]$_SDFFE_PN0P_/D (sg13g2_dfrbpq_1)   15.48    3.03   12.44 (MET)
y_reg[7]$_SDFFE_PN0P_/D (sg13g2_dfrbpq_1)   15.48    3.04   12.44 (MET)
y_reg[7]$_SDFFE_PN0P_/D (sg13g2_dfrbpq_1)   15.48    3.04   12.44 (MET)
y_reg[7]$_SDFFE_PN0P_/D (sg13g2_dfrbpq_1)   15.48    3.04   12.44 (MET)
y_reg[7]$_SDFFE_PN0P_/D (sg13g2_dfrbpq_1)   15.48    3.04   12.44 (MET)
y_reg[7]$_SDFFE_PN0P_/D (sg13g2_dfrbpq_1)   15.48    3.04   12.44 (MET)
y_reg[7]$_SDFFE_PN0P_/D (sg13g2_dfrbpq_1)   15.48    3.04   12.44 (MET)
y_reg[7]$_SDFFE_PN0P_/D (sg13g2_dfrbpq_1)   15.48    3.04   12.44 (MET)
y_reg[7]$_SDFFE_PN0P_/D (sg13g2_dfrbpq_1)   15.48    3.04   12.44 (MET)
x_reg[6]$_SDFFE_PN0P_/D (sg13g2_dfrbpq_1)   15.46    3.02   12.44 (MET)
x_reg[6]$_SDFFE_PN0P_/D (sg13g2_dfrbpq_1)   15.46    3.02   12.44 (MET)
x_reg[6]$_SDFFE_PN0P_/D (sg13g2_dfrbpq_1)   15.46    3.02   12.44 (MET)
x_reg[6]$_SDFFE_PN0P_/D (sg13g2_dfrbpq_1)   15.46    3.02   12.44 (MET)
y_reg[8]$_SDFFE_PN0P_/D (sg13g2_dfrbpq_1)   15.49    3.04   12.44 (MET)
y_reg[8]$_SDFFE_PN0P_/D (sg13g2_dfrbpq_1)   15.49    3.04   12.44 (MET)
y_reg[8]$_SDFFE_PN0P_/D (sg13g2_dfrbpq_1)   15.49    3.04   12.44 (MET)
y_reg[8]$_SDFFE_PN0P_/D (sg13g2_dfrbpq_1)   15.49    3.04   12.44 (MET)
y_reg[8]$_SDFFE_PN0P_/D (sg13g2_dfrbpq_1)   15.49    3.04   12.44 (MET)
y_reg[8]$_SDFFE_PN0P_/D (sg13g2_dfrbpq_1)   15.49    3.04   12.44 (MET)
y_reg[8]$_SDFFE_PN0P_/D (sg13g2_dfrbpq_1)   15.49    3.04   12.44 (MET)
y_reg[8]$_SDFFE_PN0P_/D (sg13g2_dfrbpq_1)   15.49    3.04   12.44 (MET)
y_reg[8]$_SDFFE_PN0P_/D (sg13g2_dfrbpq_1)   15.49    3.04   12.44 (MET)
y_reg[8]$_SDFFE_PN0P_/D (sg13g2_dfrbpq_1)   15.49    3.04   12.44 (MET)
y_reg[8]$_SDFFE_PN0P_/D (sg13g2_dfrbpq_1)   15.49    3.04   12.44 (MET)
y_reg[8]$_SDFFE_PN0P_/D (sg13g2_dfrbpq_1)   15.49    3.04   12.44 (MET)
y_reg[8]$_SDFFE_PN0P_/D (sg13g2_dfrbpq_1)   15.49    3.04   12.44 (MET)
iter_cnt[0]$_SDFFE_PN0P_/D (sg13g2_dfrbpq_1)   15.48    3.03   12.45 (MET)
iter_cnt[0]$_SDFFE_PN0P_/D (sg13g2_dfrbpq_1)   15.48    3.03   12.45 (MET)
y_reg[8]$_SDFFE_PN0P_/D (sg13g2_dfrbpq_1)   15.49    3.04   12.45 (MET)
y_reg[8]$_SDFFE_PN0P_/D (sg13g2_dfrbpq_1)   15.49    3.04   12.45 (MET)
y_reg[8]$_SDFFE_PN0P_/D (sg13g2_dfrbpq_1)   15.49    3.04   12.45 (MET)
y_reg[8]$_SDFFE_PN0P_/D (sg13g2_dfrbpq_1)   15.49    3.04   12.45 (MET)
y_reg[8]$_SDFFE_PN0P_/D (sg13g2_dfrbpq_1)   15.48    3.03   12.45 (MET)
y_reg[8]$_SDFFE_PN0P_/D (sg13g2_dfrbpq_1)   15.48    3.03   12.45 (MET)
y_reg[8]$_SDFFE_PN0P_/D (sg13g2_dfrbpq_1)   15.48    3.03   12.45 (MET)
y_reg[8]$_SDFFE_PN0P_/D (sg13g2_dfrbpq_1)   15.48    3.03   12.45 (MET)
y_reg[8]$_SDFFE_PN0P_/D (sg13g2_dfrbpq_1)   15.48    3.03   12.45 (MET)
y_reg[8]$_SDFFE_PN0P_/D (sg13g2_dfrbpq_1)   15.48    3.03   12.45 (MET)
y_reg[8]$_SDFFE_PN0P_/D (sg13g2_dfrbpq_1)   15.48    3.03   12.45 (MET)
y_reg[8]$_SDFFE_PN0P_/D (sg13g2_dfrbpq_1)   15.48    3.03   12.45 (MET)
x_reg[0]$_SDFFE_PN0P_/D (sg13g2_dfrbpq_1)   15.49    3.04   12.45 (MET)
x_reg[0]$_SDFFE_PN0P_/D (sg13g2_dfrbpq_1)   15.49    3.04   12.45 (MET)
x_reg[0]$_SDFFE_PN0P_/D (sg13g2_dfrbpq_1)   15.49    3.04   12.45 (MET)
x_reg[0]$_SDFFE_PN0P_/D (sg13g2_dfrbpq_1)   15.49    3.04   12.45 (MET)
y_reg[8]$_SDFFE_PN0P_/D (sg13g2_dfrbpq_1)   15.49    3.04   12.45 (MET)
y_reg[8]$_SDFFE_PN0P_/D (sg13g2_dfrbpq_1)   15.49    3.04   12.45 (MET)
y_reg[8]$_SDFFE_PN0P_/D (sg13g2_dfrbpq_1)   15.49    3.04   12.45 (MET)
y_reg[8]$_SDFFE_PN0P_/D (sg13g2_dfrbpq_1)   15.49    3.04   12.45 (MET)
y_reg[8]$_SDFFE_PN0P_/D (sg13g2_dfrbpq_1)   15.48    3.03   12.45 (MET)
y_reg[8]$_SDFFE_PN0P_/D (sg13g2_dfrbpq_1)   15.48    3.03   12.45 (MET)
y_reg[8]$_SDFFE_PN0P_/D (sg13g2_dfrbpq_1)   15.48    3.03   12.45 (MET)
y_reg[8]$_SDFFE_PN0P_/D (sg13g2_dfrbpq_1)   15.48    3.03   12.45 (MET)
y_reg[8]$_SDFFE_PN0P_/D (sg13g2_dfrbpq_1)   15.48    3.03   12.45 (MET)
y_reg[8]$_SDFFE_PN0P_/D (sg13g2_dfrbpq_1)   15.48    3.03   12.45 (MET)
y_reg[8]$_SDFFE_PN0P_/D (sg13g2_dfrbpq_1)   15.49    3.04   12.45 (MET)
y_reg[8]$_SDFFE_PN0P_/D (sg13g2_dfrbpq_1)   15.49    3.04   12.45 (MET)
y_reg[8]$_SDFFE_PN0P_/D (sg13g2_dfrbpq_1)   15.48    3.03   12.45 (MET)
y_reg[8]$_SDFFE_PN0P_/D (sg13g2_dfrbpq_1)   15.48    3.03   12.45 (MET)
y_reg[8]$_SDFFE_PN0P_/D (sg13g2_dfrbpq_1)   15.48    3.03   12.45 (MET)
y_reg[8]$_SDFFE_PN0P_/D (sg13g2_dfrbpq_1)   15.48    3.03   12.45 (MET)
y_reg[8]$_SDFFE_PN0P_/D (sg13g2_dfrbpq_1)   15.48    3.03   12.45 (MET)
y_reg[8]$_SDFFE_PN0P_/D (sg13g2_dfrbpq_1)   15.48    3.03   12.45 (MET)
y_reg[8]$_SDFFE_PN0P_/D (sg13g2_dfrbpq_1)   15.48    3.03   12.45 (MET)
y_reg[8]$_SDFFE_PN0P_/D (sg13g2_dfrbpq_1)   15.48    3.03   12.45 (MET)
y_reg[8]$_SDFFE_PN0P_/D (sg13g2_dfrbpq_1)   15.48    3.03   12.45 (MET)
y_reg[8]$_SDFFE_PN0P_/D (sg13g2_dfrbpq_1)   15.48    3.03   12.45 (MET)
y_reg[8]$_SDFFE_PN0P_/D (sg13g2_dfrbpq_1)   15.48    3.03   12.45 (MET)
y_reg[8]$_SDFFE_PN0P_/D (sg13g2_dfrbpq_1)   15.48    3.03   12.45 (MET)
y_reg[2]$_SDFFE_PN0P_/D (sg13g2_dfrbpq_1)   15.48    3.03   12.45 (MET)
y_reg[2]$_SDFFE_PN0P_/D (sg13g2_dfrbpq_1)   15.48    3.03   12.45 (MET)
y_reg[2]$_SDFFE_PN0P_/D (sg13g2_dfrbpq_1)   15.48    3.03   12.45 (MET)
y_reg[2]$_SDFFE_PN0P_/D (sg13g2_dfrbpq_1)   15.48    3.03   12.45 (MET)
y_reg[2]$_SDFFE_PN0P_/D (sg13g2_dfrbpq_1)   15.48    3.03   12.45 (MET)
y_reg[2]$_SDFFE_PN0P_/D (sg13g2_dfrbpq_1)   15.48    3.03   12.45 (MET)
y_reg[2]$_SDFFE_PN0P_/D (sg13g2_dfrbpq_1)   15.48    3.03   12.45 (MET)
y_reg[2]$_SDFFE_PN0P_/D (sg13g2_dfrbpq_1)   15.48    3.03   12.45 (MET)
y_reg[8]$_SDFFE_PN0P_/D (sg13g2_dfrbpq_1)   15.49    3.04   12.45 (MET)
y_reg[8]$_SDFFE_PN0P_/D (sg13g2_dfrbpq_1)   15.49    3.04   12.45 (MET)
y_reg[8]$_SDFFE_PN0P_/D (sg13g2_dfrbpq_1)   15.49    3.04   12.45 (MET)
x_reg[9]$_SDFFE_PN0P_/D (sg13g2_dfrbpq_1)   15.49    3.04   12.45 (MET)
x_reg[9]$_SDFFE_PN0P_/D (sg13g2_dfrbpq_1)   15.49    3.04   12.45 (MET)
x_reg[9]$_SDFFE_PN0P_/D (sg13g2_dfrbpq_1)   15.49    3.04   12.45 (MET)
x_reg[9]$_SDFFE_PN0P_/D (sg13g2_dfrbpq_1)   15.49    3.04   12.45 (MET)
y_reg[8]$_SDFFE_PN0P_/D (sg13g2_dfrbpq_1)   15.49    3.04   12.45 (MET)
x_reg[8]$_SDFFE_PN0P_/D (sg13g2_dfrbpq_1)   15.49    3.04   12.45 (MET)
x_reg[8]$_SDFFE_PN0P_/D (sg13g2_dfrbpq_1)   15.49    3.04   12.45 (MET)
y_reg[9]$_SDFFE_PN0P_/D (sg13g2_dfrbpq_1)   15.48    3.04   12.45 (MET)
y_reg[9]$_SDFFE_PN0P_/D (sg13g2_dfrbpq_1)   15.48    3.04   12.45 (MET)
y_reg[9]$_SDFFE_PN0P_/D (sg13g2_dfrbpq_1)   15.48    3.04   12.45 (MET)
y_reg[9]$_SDFFE_PN0P_/D (sg13g2_dfrbpq_1)   15.48    3.04   12.45 (MET)
y_reg[9]$_SDFFE_PN0P_/D (sg13g2_dfrbpq_1)   15.48    3.04   12.45 (MET)
y_reg[9]$_SDFFE_PN0P_/D (sg13g2_dfrbpq_1)   15.48    3.04   12.45 (MET)
y_reg[8]$_SDFFE_PN0P_/D (sg13g2_dfrbpq_1)   15.48    3.03   12.45 (MET)
y_reg[8]$_SDFFE_PN0P_/D (sg13g2_dfrbpq_1)   15.48    3.03   12.45 (MET)
y_reg[8]$_SDFFE_PN0P_/D (sg13g2_dfrbpq_1)   15.48    3.03   12.45 (MET)
y_reg[8]$_SDFFE_PN0P_/D (sg13g2_dfrbpq_1)   15.48    3.03   12.45 (MET)
x_reg[8]$_SDFFE_PN0P_/D (sg13g2_dfrbpq_1)   15.49    3.04   12.45 (MET)
y_reg[8]$_SDFFE_PN0P_/D (sg13g2_dfrbpq_1)   15.48    3.03   12.45 (MET)
y_reg[8]$_SDFFE_PN0P_/D (sg13g2_dfrbpq_1)   15.48    3.03   12.45 (MET)
y_reg[8]$_SDFFE_PN0P_/D (sg13g2_dfrbpq_1)   15.48    3.03   12.45 (MET)
y_reg[8]$_SDFFE_PN0P_/D (sg13g2_dfrbpq_1)   15.48    3.03   12.45 (MET)
y_reg[8]$_SDFFE_PN0P_/D (sg13g2_dfrbpq_1)   15.49    3.04   12.45 (MET)
y_reg[9]$_SDFFE_PN0P_/D (sg13g2_dfrbpq_1)   15.48    3.03   12.45 (MET)
y_reg[9]$_SDFFE_PN0P_/D (sg13g2_dfrbpq_1)   15.48    3.03   12.45 (MET)
y_reg[9]$_SDFFE_PN0P_/D (sg13g2_dfrbpq_1)   15.48    3.03   12.45 (MET)
y_reg[9]$_SDFFE_PN0P_/D (sg13g2_dfrbpq_1)   15.48    3.03   12.45 (MET)
y_reg[9]$_SDFFE_PN0P_/D (sg13g2_dfrbpq_1)   15.48    3.03   12.45 (MET)
y_reg[9]$_SDFFE_PN0P_/D (sg13g2_dfrbpq_1)   15.48    3.03   12.45 (MET)
y_reg[5]$_SDFFE_PN0P_/D (sg13g2_dfrbpq_1)   15.48    3.03   12.45 (MET)
y_reg[5]$_SDFFE_PN0P_/D (sg13g2_dfrbpq_1)   15.48    3.03   12.45 (MET)
y_reg[5]$_SDFFE_PN0P_/D (sg13g2_dfrbpq_1)   15.48    3.03   12.45 (MET)
y_reg[5]$_SDFFE_PN0P_/D (sg13g2_dfrbpq_1)   15.48    3.03   12.45 (MET)
y_reg[8]$_SDFFE_PN0P_/D (sg13g2_dfrbpq_1)   15.49    3.04   12.45 (MET)
y_reg[8]$_SDFFE_PN0P_/D (sg13g2_dfrbpq_1)   15.49    3.04   12.45 (MET)
y_reg[9]$_SDFFE_PN0P_/D (sg13g2_dfrbpq_1)   15.48    3.03   12.45 (MET)
y_reg[9]$_SDFFE_PN0P_/D (sg13g2_dfrbpq_1)   15.48    3.03   12.45 (MET)
y_reg[9]$_SDFFE_PN0P_/D (sg13g2_dfrbpq_1)   15.48    3.03   12.45 (MET)
y_reg[9]$_SDFFE_PN0P_/D (sg13g2_dfrbpq_1)   15.48    3.03   12.45 (MET)
y_reg[9]$_SDFFE_PN0P_/D (sg13g2_dfrbpq_1)   15.48    3.03   12.45 (MET)
y_reg[9]$_SDFFE_PN0P_/D (sg13g2_dfrbpq_1)   15.48    3.03   12.45 (MET)
y_reg[9]$_SDFFE_PN0P_/D (sg13g2_dfrbpq_1)   15.49    3.04   12.45 (MET)
y_reg[9]$_SDFFE_PN0P_/D (sg13g2_dfrbpq_1)   15.49    3.04   12.45 (MET)
y_reg[9]$_SDFFE_PN0P_/D (sg13g2_dfrbpq_1)   15.49    3.04   12.45 (MET)
y_reg[9]$_SDFFE_PN0P_/D (sg13g2_dfrbpq_1)   15.49    3.04   12.45 (MET)
x_reg[8]$_SDFFE_PN0P_/D (sg13g2_dfrbpq_1)   15.49    3.04   12.45 (MET)
x_reg[8]$_SDFFE_PN0P_/D (sg13g2_dfrbpq_1)   15.49    3.04   12.45 (MET)
y_reg[9]$_SDFFE_PN0P_/D (sg13g2_dfrbpq_1)   15.49    3.04   12.45 (MET)
y_reg[9]$_SDFFE_PN0P_/D (sg13g2_dfrbpq_1)   15.49    3.04   12.45 (MET)
y_reg[9]$_SDFFE_PN0P_/D (sg13g2_dfrbpq_1)   15.49    3.04   12.45 (MET)
y_reg[9]$_SDFFE_PN0P_/D (sg13g2_dfrbpq_1)   15.49    3.04   12.45 (MET)
y_reg[9]$_SDFFE_PN0P_/D (sg13g2_dfrbpq_1)   15.49    3.04   12.45 (MET)
y_reg[9]$_SDFFE_PN0P_/D (sg13g2_dfrbpq_1)   15.49    3.04   12.45 (MET)
y_reg[9]$_SDFFE_PN0P_/D (sg13g2_dfrbpq_1)   15.49    3.04   12.45 (MET)
y_reg[9]$_SDFFE_PN0P_/D (sg13g2_dfrbpq_1)   15.49    3.04   12.45 (MET)
y_reg[8]$_SDFFE_PN0P_/D (sg13g2_dfrbpq_1)   15.49    3.04   12.45 (MET)
y_reg[8]$_SDFFE_PN0P_/D (sg13g2_dfrbpq_1)   15.49    3.04   12.45 (MET)
y_reg[8]$_SDFFE_PN0P_/D (sg13g2_dfrbpq_1)   15.49    3.04   12.45 (MET)
y_reg[8]$_SDFFE_PN0P_/D (sg13g2_dfrbpq_1)   15.49    3.04   12.45 (MET)
y_reg[8]$_SDFFE_PN0P_/D (sg13g2_dfrbpq_1)   15.49    3.04   12.45 (MET)
y_reg[8]$_SDFFE_PN0P_/D (sg13g2_dfrbpq_1)   15.49    3.04   12.45 (MET)
y_reg[8]$_SDFFE_PN0P_/D (sg13g2_dfrbpq_1)   15.49    3.03   12.45 (MET)
y_reg[8]$_SDFFE_PN0P_/D (sg13g2_dfrbpq_1)   15.49    3.03   12.45 (MET)
y_reg[8]$_SDFFE_PN0P_/D (sg13g2_dfrbpq_1)   15.49    3.03   12.45 (MET)
y_reg[8]$_SDFFE_PN0P_/D (sg13g2_dfrbpq_1)   15.49    3.03   12.45 (MET)
y_reg[8]$_SDFFE_PN0P_/D (sg13g2_dfrbpq_1)   15.49    3.03   12.45 (MET)
y_reg[8]$_SDFFE_PN0P_/D (sg13g2_dfrbpq_1)   15.48    3.03   12.45 (MET)
y_reg[8]$_SDFFE_PN0P_/D (sg13g2_dfrbpq_1)   15.48    3.03   12.45 (MET)
y_reg[8]$_SDFFE_PN0P_/D (sg13g2_dfrbpq_1)   15.49    3.03   12.45 (MET)
y_reg[8]$_SDFFE_PN0P_/D (sg13g2_dfrbpq_1)   15.48    3.03   12.45 (MET)
y_reg[8]$_SDFFE_PN0P_/D (sg13g2_dfrbpq_1)   15.48    3.03   12.45 (MET)
y_reg[9]$_SDFFE_PN0P_/D (sg13g2_dfrbpq_1)   15.49    3.03   12.45 (MET)
y_reg[9]$_SDFFE_PN0P_/D (sg13g2_dfrbpq_1)   15.49    3.03   12.45 (MET)
y_reg[9]$_SDFFE_PN0P_/D (sg13g2_dfrbpq_1)   15.49    3.03   12.45 (MET)
y_reg[9]$_SDFFE_PN0P_/D (sg13g2_dfrbpq_1)   15.49    3.03   12.45 (MET)
y_reg[9]$_SDFFE_PN0P_/D (sg13g2_dfrbpq_1)   15.49    3.03   12.45 (MET)
y_reg[9]$_SDFFE_PN0P_/D (sg13g2_dfrbpq_1)   15.49    3.03   12.45 (MET)
y_reg[3]$_SDFFE_PN0P_/D (sg13g2_dfrbpq_1)   15.48    3.03   12.45 (MET)
y_reg[3]$_SDFFE_PN0P_/D (sg13g2_dfrbpq_1)   15.48    3.03   12.45 (MET)
y_reg[3]$_SDFFE_PN0P_/D (sg13g2_dfrbpq_1)   15.48    3.03   12.45 (MET)
y_reg[3]$_SDFFE_PN0P_/D (sg13g2_dfrbpq_1)   15.48    3.03   12.45 (MET)
y_reg[3]$_SDFFE_PN0P_/D (sg13g2_dfrbpq_1)   15.48    3.03   12.45 (MET)
y_reg[3]$_SDFFE_PN0P_/D (sg13g2_dfrbpq_1)   15.48    3.03   12.45 (MET)
y_reg[3]$_SDFFE_PN0P_/D (sg13g2_dfrbpq_1)   15.48    3.03   12.45 (MET)
y_reg[3]$_SDFFE_PN0P_/D (sg13g2_dfrbpq_1)   15.48    3.03   12.45 (MET)
y_reg[9]$_SDFFE_PN0P_/D (sg13g2_dfrbpq_1)   15.49    3.03   12.45 (MET)
y_reg[9]$_SDFFE_PN0P_/D (sg13g2_dfrbpq_1)   15.49    3.03   12.45 (MET)
x_reg[8]$_SDFFE_PN0P_/D (sg13g2_dfrbpq_1)   15.49    3.04   12.45 (MET)
x_reg[8]$_SDFFE_PN0P_/D (sg13g2_dfrbpq_1)   15.49    3.04   12.45 (MET)
x_reg[8]$_SDFFE_PN0P_/D (sg13g2_dfrbpq_1)   15.49    3.04   12.45 (MET)
x_reg[8]$_SDFFE_PN0P_/D (sg13g2_dfrbpq_1)   15.49    3.04   12.45 (MET)
y_reg[7]$_SDFFE_PN0P_/D (sg13g2_dfrbpq_1)   15.48    3.03   12.45 (MET)
y_reg[7]$_SDFFE_PN0P_/D (sg13g2_dfrbpq_1)   15.48    3.03   12.45 (MET)
y_reg[7]$_SDFFE_PN0P_/D (sg13g2_dfrbpq_1)   15.48    3.03   12.45 (MET)
y_reg[7]$_SDFFE_PN0P_/D (sg13g2_dfrbpq_1)   15.48    3.03   12.45 (MET)
x_reg[9]$_SDFFE_PN0P_/D (sg13g2_dfrbpq_1)   15.49    3.03   12.45 (MET)
x_reg[9]$_SDFFE_PN0P_/D (sg13g2_dfrbpq_1)   15.49    3.03   12.45 (MET)
x_reg[9]$_SDFFE_PN0P_/D (sg13g2_dfrbpq_1)   15.49    3.03   12.45 (MET)
x_reg[9]$_SDFFE_PN0P_/D (sg13g2_dfrbpq_1)   15.49    3.03   12.45 (MET)
y_reg[9]$_SDFFE_PN0P_/D (sg13g2_dfrbpq_1)   15.49    3.03   12.45 (MET)
y_reg[9]$_SDFFE_PN0P_/D (sg13g2_dfrbpq_1)   15.49    3.03   12.45 (MET)
y_reg[8]$_SDFFE_PN0P_/D (sg13g2_dfrbpq_1)   15.48    3.03   12.45 (MET)
y_reg[8]$_SDFFE_PN0P_/D (sg13g2_dfrbpq_1)   15.48    3.03   12.45 (MET)
y_reg[9]$_SDFFE_PN0P_/D (sg13g2_dfrbpq_1)   15.49    3.03   12.45 (MET)
y_reg[9]$_SDFFE_PN0P_/D (sg13g2_dfrbpq_1)   15.49    3.03   12.45 (MET)
y_reg[8]$_SDFFE_PN0P_/D (sg13g2_dfrbpq_1)   15.48    3.03   12.45 (MET)
y_reg[8]$_SDFFE_PN0P_/D (sg13g2_dfrbpq_1)   15.48    3.03   12.45 (MET)
y_reg[8]$_SDFFE_PN0P_/D (sg13g2_dfrbpq_1)   15.48    3.03   12.45 (MET)
y_reg[8]$_SDFFE_PN0P_/D (sg13g2_dfrbpq_1)   15.48    3.03   12.45 (MET)
y_reg[8]$_SDFFE_PN0P_/D (sg13g2_dfrbpq_1)   15.49    3.03   12.45 (MET)
y_reg[8]$_SDFFE_PN0P_/D (sg13g2_dfrbpq_1)   15.49    3.03   12.45 (MET)
y_reg[8]$_SDFFE_PN0P_/D (sg13g2_dfrbpq_1)   15.49    3.03   12.45 (MET)
y_reg[8]$_SDFFE_PN0P_/D (sg13g2_dfrbpq_1)   15.49    3.03   12.45 (MET)
y_reg[8]$_SDFFE_PN0P_/D (sg13g2_dfrbpq_1)   15.49    3.03   12.45 (MET)
y_reg[8]$_SDFFE_PN0P_/D (sg13g2_dfrbpq_1)   15.49    3.03   12.45 (MET)
y_reg[8]$_SDFFE_PN0P_/D (sg13g2_dfrbpq_1)   15.48    3.03   12.45 (MET)
y_reg[8]$_SDFFE_PN0P_/D (sg13g2_dfrbpq_1)   15.48    3.03   12.45 (MET)
y_reg[8]$_SDFFE_PN0P_/D (sg13g2_dfrbpq_1)   15.48    3.03   12.45 (MET)
y_reg[8]$_SDFFE_PN0P_/D (sg13g2_dfrbpq_1)   15.48    3.03   12.45 (MET)
y_reg[8]$_SDFFE_PN0P_/D (sg13g2_dfrbpq_1)   15.48    3.03   12.45 (MET)
y_reg[8]$_SDFFE_PN0P_/D (sg13g2_dfrbpq_1)   15.48    3.03   12.45 (MET)
y_reg[1]$_SDFFE_PN0P_/D (sg13g2_dfrbpq_1)   15.48    3.03   12.45 (MET)
y_reg[1]$_SDFFE_PN0P_/D (sg13g2_dfrbpq_1)   15.48    3.03   12.45 (MET)
y_reg[1]$_SDFFE_PN0P_/D (sg13g2_dfrbpq_1)   15.48    3.03   12.45 (MET)
y_reg[1]$_SDFFE_PN0P_/D (sg13g2_dfrbpq_1)   15.48    3.03   12.45 (MET)
y_reg[1]$_SDFFE_PN0P_/D (sg13g2_dfrbpq_1)   15.48    3.03   12.45 (MET)
y_reg[1]$_SDFFE_PN0P_/D (sg13g2_dfrbpq_1)   15.48    3.03   12.45 (MET)
y_reg[1]$_SDFFE_PN0P_/D (sg13g2_dfrbpq_1)   15.48    3.03   12.45 (MET)
y_reg[1]$_SDFFE_PN0P_/D (sg13g2_dfrbpq_1)   15.48    3.03   12.45 (MET)
y_reg[8]$_SDFFE_PN0P_/D (sg13g2_dfrbpq_1)   15.48    3.03   12.45 (MET)
y_reg[8]$_SDFFE_PN0P_/D (sg13g2_dfrbpq_1)   15.48    3.03   12.45 (MET)
y_reg[8]$_SDFFE_PN0P_/D (sg13g2_dfrbpq_1)   15.48    3.03   12.45 (MET)
y_reg[8]$_SDFFE_PN0P_/D (sg13g2_dfrbpq_1)   15.48    3.03   12.45 (MET)
x_reg[9]$_SDFFE_PN0P_/D (sg13g2_dfrbpq_1)   15.49    3.03   12.45 (MET)
x_reg[9]$_SDFFE_PN0P_/D (sg13g2_dfrbpq_1)   15.49    3.03   12.45 (MET)
x_reg[9]$_SDFFE_PN0P_/D (sg13g2_dfrbpq_1)   15.49    3.03   12.45 (MET)
x_reg[9]$_SDFFE_PN0P_/D (sg13g2_dfrbpq_1)   15.49    3.03   12.45 (MET)
x_reg[9]$_SDFFE_PN0P_/D (sg13g2_dfrbpq_1)   15.49    3.03   12.45 (MET)
x_reg[9]$_SDFFE_PN0P_/D (sg13g2_dfrbpq_1)   15.49    3.03   12.45 (MET)
x_reg[9]$_SDFFE_PN0P_/D (sg13g2_dfrbpq_1)   15.49    3.03   12.45 (MET)
x_reg[9]$_SDFFE_PN0P_/D (sg13g2_dfrbpq_1)   15.49    3.03   12.45 (MET)
x_reg[2]$_SDFFE_PN0P_/D (sg13g2_dfrbpq_1)   15.47    3.01   12.45 (MET)
x_reg[2]$_SDFFE_PN0P_/D (sg13g2_dfrbpq_1)   15.47    3.01   12.45 (MET)
x_reg[2]$_SDFFE_PN0P_/D (sg13g2_dfrbpq_1)   15.47    3.01   12.45 (MET)
x_reg[2]$_SDFFE_PN0P_/D (sg13g2_dfrbpq_1)   15.47    3.01   12.45 (MET)
y_reg[8]$_SDFFE_PN0P_/D (sg13g2_dfrbpq_1)   15.48    3.03   12.45 (MET)
y_reg[8]$_SDFFE_PN0P_/D (sg13g2_dfrbpq_1)   15.48    3.03   12.45 (MET)
y_reg[8]$_SDFFE_PN0P_/D (sg13g2_dfrbpq_1)   15.48    3.03   12.45 (MET)
y_reg[8]$_SDFFE_PN0P_/D (sg13g2_dfrbpq_1)   15.48    3.03   12.45 (MET)
x_reg[9]$_SDFFE_PN0P_/D (sg13g2_dfrbpq_1)   15.49    3.03   12.45 (MET)
x_reg[9]$_SDFFE_PN0P_/D (sg13g2_dfrbpq_1)   15.49    3.03   12.45 (MET)
x_reg[9]$_SDFFE_PN0P_/D (sg13g2_dfrbpq_1)   15.49    3.03   12.45 (MET)
x_reg[9]$_SDFFE_PN0P_/D (sg13g2_dfrbpq_1)   15.49    3.03   12.45 (MET)
y_reg[8]$_SDFFE_PN0P_/D (sg13g2_dfrbpq_1)   15.49    3.03   12.45 (MET)
y_reg[8]$_SDFFE_PN0P_/D (sg13g2_dfrbpq_1)   15.49    3.03   12.45 (MET)
y_reg[8]$_SDFFE_PN0P_/D (sg13g2_dfrbpq_1)   15.49    3.03   12.45 (MET)
y_reg[8]$_SDFFE_PN0P_/D (sg13g2_dfrbpq_1)   15.49    3.03   12.45 (MET)
x_reg[3]$_SDFFE_PN0P_/D (sg13g2_dfrbpq_1)   15.46    3.01   12.45 (MET)
x_reg[3]$_SDFFE_PN0P_/D (sg13g2_dfrbpq_1)   15.46    3.01   12.45 (MET)
y_reg[8]$_SDFFE_PN0P_/D (sg13g2_dfrbpq_1)   15.48    3.02   12.45 (MET)
y_reg[8]$_SDFFE_PN0P_/D (sg13g2_dfrbpq_1)   15.48    3.02   12.45 (MET)
y_reg[8]$_SDFFE_PN0P_/D (sg13g2_dfrbpq_1)   15.48    3.02   12.45 (MET)
y_reg[8]$_SDFFE_PN0P_/D (sg13g2_dfrbpq_1)   15.48    3.02   12.45 (MET)
y_reg[8]$_SDFFE_PN0P_/D (sg13g2_dfrbpq_1)   15.49    3.03   12.45 (MET)
y_reg[8]$_SDFFE_PN0P_/D (sg13g2_dfrbpq_1)   15.49    3.03   12.45 (MET)
y_reg[8]$_SDFFE_PN0P_/D (sg13g2_dfrbpq_1)   15.49    3.03   12.45 (MET)
y_reg[8]$_SDFFE_PN0P_/D (sg13g2_dfrbpq_1)   15.49    3.03   12.45 (MET)
y_reg[8]$_SDFFE_PN0P_/D (sg13g2_dfrbpq_1)   15.49    3.03   12.45 (MET)
y_reg[8]$_SDFFE_PN0P_/D (sg13g2_dfrbpq_1)   15.49    3.03   12.45 (MET)
y_reg[8]$_SDFFE_PN0P_/D (sg13g2_dfrbpq_1)   15.49    3.03   12.45 (MET)
y_reg[8]$_SDFFE_PN0P_/D (sg13g2_dfrbpq_1)   15.49    3.03   12.45 (MET)
y_reg[7]$_SDFFE_PN0P_/D (sg13g2_dfrbpq_1)   15.48    3.02   12.45 (MET)
y_reg[9]$_SDFFE_PN0P_/D (sg13g2_dfrbpq_1)   15.48    3.03   12.45 (MET)
y_reg[9]$_SDFFE_PN0P_/D (sg13g2_dfrbpq_1)   15.48    3.03   12.45 (MET)
y_reg[9]$_SDFFE_PN0P_/D (sg13g2_dfrbpq_1)   15.48    3.03   12.45 (MET)
y_reg[9]$_SDFFE_PN0P_/D (sg13g2_dfrbpq_1)   15.48    3.03   12.45 (MET)
y_reg[9]$_SDFFE_PN0P_/D (sg13g2_dfrbpq_1)   15.48    3.03   12.45 (MET)
y_reg[9]$_SDFFE_PN0P_/D (sg13g2_dfrbpq_1)   15.48    3.03   12.46 (MET)
y_reg[8]$_SDFFE_PN0P_/D (sg13g2_dfrbpq_1)   15.48    3.02   12.46 (MET)
y_reg[8]$_SDFFE_PN0P_/D (sg13g2_dfrbpq_1)   15.48    3.02   12.46 (MET)
y_reg[8]$_SDFFE_PN0P_/D (sg13g2_dfrbpq_1)   15.48    3.02   12.46 (MET)
y_reg[8]$_SDFFE_PN0P_/D (sg13g2_dfrbpq_1)   15.48    3.02   12.46 (MET)
y_reg[8]$_SDFFE_PN0P_/D (sg13g2_dfrbpq_1)   15.48    3.02   12.46 (MET)
y_reg[8]$_SDFFE_PN0P_/D (sg13g2_dfrbpq_1)   15.48    3.02   12.46 (MET)
y_reg[8]$_SDFFE_PN0P_/D (sg13g2_dfrbpq_1)   15.48    3.02   12.46 (MET)
y_reg[8]$_SDFFE_PN0P_/D (sg13g2_dfrbpq_1)   15.48    3.02   12.46 (MET)
y_reg[8]$_SDFFE_PN0P_/D (sg13g2_dfrbpq_1)   15.48    3.02   12.46 (MET)
y_reg[8]$_SDFFE_PN0P_/D (sg13g2_dfrbpq_1)   15.48    3.02   12.46 (MET)
y_reg[8]$_SDFFE_PN0P_/D (sg13g2_dfrbpq_1)   15.48    3.02   12.46 (MET)
y_reg[8]$_SDFFE_PN0P_/D (sg13g2_dfrbpq_1)   15.48    3.02   12.46 (MET)
y_reg[8]$_SDFFE_PN0P_/D (sg13g2_dfrbpq_1)   15.49    3.03   12.46 (MET)
y_reg[9]$_SDFFE_PN0P_/D (sg13g2_dfrbpq_1)   15.48    3.03   12.46 (MET)
y_reg[9]$_SDFFE_PN0P_/D (sg13g2_dfrbpq_1)   15.48    3.03   12.46 (MET)
y_reg[9]$_SDFFE_PN0P_/D (sg13g2_dfrbpq_1)   15.48    3.03   12.46 (MET)
y_reg[9]$_SDFFE_PN0P_/D (sg13g2_dfrbpq_1)   15.48    3.03   12.46 (MET)
y_reg[8]$_SDFFE_PN0P_/D (sg13g2_dfrbpq_1)   15.49    3.03   12.46 (MET)
y_reg[8]$_SDFFE_PN0P_/D (sg13g2_dfrbpq_1)   15.49    3.03   12.46 (MET)
y_reg[8]$_SDFFE_PN0P_/D (sg13g2_dfrbpq_1)   15.49    3.03   12.46 (MET)
y_reg[8]$_SDFFE_PN0P_/D (sg13g2_dfrbpq_1)   15.49    3.03   12.46 (MET)
y_reg[8]$_SDFFE_PN0P_/D (sg13g2_dfrbpq_1)   15.49    3.03   12.46 (MET)
y_reg[8]$_SDFFE_PN0P_/D (sg13g2_dfrbpq_1)   15.49    3.03   12.46 (MET)
y_reg[9]$_SDFFE_PN0P_/D (sg13g2_dfrbpq_1)   15.48    3.03   12.46 (MET)
y_reg[9]$_SDFFE_PN0P_/D (sg13g2_dfrbpq_1)   15.48    3.03   12.46 (MET)
y_reg[8]$_SDFFE_PN0P_/D (sg13g2_dfrbpq_1)   15.49    3.03   12.46 (MET)
y_reg[8]$_SDFFE_PN0P_/D (sg13g2_dfrbpq_1)   15.49    3.03   12.46 (MET)
y_reg[9]$_SDFFE_PN0P_/D (sg13g2_dfrbpq_1)   15.48    3.03   12.46 (MET)
y_reg[9]$_SDFFE_PN0P_/D (sg13g2_dfrbpq_1)   15.48    3.03   12.46 (MET)
y_reg[9]$_SDFFE_PN0P_/D (sg13g2_dfrbpq_1)   15.48    3.03   12.46 (MET)
y_reg[9]$_SDFFE_PN0P_/D (sg13g2_dfrbpq_1)   15.48    3.03   12.46 (MET)
y_reg[9]$_SDFFE_PN0P_/D (sg13g2_dfrbpq_1)   15.48    3.03   12.46 (MET)
y_reg[9]$_SDFFE_PN0P_/D (sg13g2_dfrbpq_1)   15.48    3.03   12.46 (MET)
y_reg[9]$_SDFFE_PN0P_/D (sg13g2_dfrbpq_1)   15.48    3.03   12.46 (MET)
y_reg[9]$_SDFFE_PN0P_/D (sg13g2_dfrbpq_1)   15.48    3.03   12.46 (MET)
y_reg[9]$_SDFFE_PN0P_/D (sg13g2_dfrbpq_1)   15.48    3.03   12.46 (MET)
y_reg[9]$_SDFFE_PN0P_/D (sg13g2_dfrbpq_1)   15.48    3.03   12.46 (MET)
y_reg[9]$_SDFFE_PN0P_/D (sg13g2_dfrbpq_1)   15.48    3.03   12.46 (MET)
y_reg[9]$_SDFFE_PN0P_/D (sg13g2_dfrbpq_1)   15.48    3.03   12.46 (MET)
y_reg[9]$_SDFFE_PN0P_/D (sg13g2_dfrbpq_1)   15.48    3.03   12.46 (MET)
y_reg[9]$_SDFFE_PN0P_/D (sg13g2_dfrbpq_1)   15.48    3.03   12.46 (MET)
y_reg[9]$_SDFFE_PN0P_/D (sg13g2_dfrbpq_1)   15.48    3.03   12.46 (MET)
y_reg[9]$_SDFFE_PN0P_/D (sg13g2_dfrbpq_1)   15.48    3.03   12.46 (MET)
y_reg[9]$_SDFFE_PN0P_/D (sg13g2_dfrbpq_1)   15.48    3.03   12.46 (MET)
y_reg[9]$_SDFFE_PN0P_/D (sg13g2_dfrbpq_1)   15.48    3.03   12.46 (MET)
y_reg[9]$_SDFFE_PN0P_/D (sg13g2_dfrbpq_1)   15.48    3.03   12.46 (MET)
y_reg[9]$_SDFFE_PN0P_/D (sg13g2_dfrbpq_1)   15.48    3.03   12.46 (MET)
y_reg[9]$_SDFFE_PN0P_/D (sg13g2_dfrbpq_1)   15.48    3.03   12.46 (MET)
y_reg[9]$_SDFFE_PN0P_/D (sg13g2_dfrbpq_1)   15.48    3.03   12.46 (MET)
y_reg[9]$_SDFFE_PN0P_/D (sg13g2_dfrbpq_1)   15.48    3.03   12.46 (MET)
y_reg[9]$_SDFFE_PN0P_/D (sg13g2_dfrbpq_1)   15.48    3.03   12.46 (MET)
y_reg[9]$_SDFFE_PN0P_/D (sg13g2_dfrbpq_1)   15.48    3.03   12.46 (MET)
y_reg[9]$_SDFFE_PN0P_/D (sg13g2_dfrbpq_1)   15.48    3.03   12.46 (MET)
y_reg[9]$_SDFFE_PN0P_/D (sg13g2_dfrbpq_1)   15.48    3.03   12.46 (MET)
y_reg[9]$_SDFFE_PN0P_/D (sg13g2_dfrbpq_1)   15.48    3.03   12.46 (MET)
y_reg[9]$_SDFFE_PN0P_/D (sg13g2_dfrbpq_1)   15.48    3.03   12.46 (MET)
y_reg[9]$_SDFFE_PN0P_/D (sg13g2_dfrbpq_1)   15.48    3.03   12.46 (MET)
y_reg[9]$_SDFFE_PN0P_/D (sg13g2_dfrbpq_1)   15.49    3.03   12.46 (MET)
y_reg[9]$_SDFFE_PN0P_/D (sg13g2_dfrbpq_1)   15.49    3.03   12.46 (MET)
y_reg[9]$_SDFFE_PN0P_/D (sg13g2_dfrbpq_1)   15.49    3.03   12.46 (MET)
y_reg[9]$_SDFFE_PN0P_/D (sg13g2_dfrbpq_1)   15.49    3.03   12.46 (MET)
y_reg[9]$_SDFFE_PN0P_/D (sg13g2_dfrbpq_1)   15.49    3.03   12.46 (MET)
y_reg[9]$_SDFFE_PN0P_/D (sg13g2_dfrbpq_1)   15.49    3.03   12.46 (MET)
y_reg[9]$_SDFFE_PN0P_/D (sg13g2_dfrbpq_1)   15.49    3.03   12.46 (MET)
y_reg[9]$_SDFFE_PN0P_/D (sg13g2_dfrbpq_1)   15.49    3.03   12.46 (MET)
y_reg[9]$_SDFFE_PN0P_/D (sg13g2_dfrbpq_1)   15.49    3.03   12.46 (MET)
y_reg[9]$_SDFFE_PN0P_/D (sg13g2_dfrbpq_1)   15.49    3.03   12.46 (MET)
y_reg[9]$_SDFFE_PN0P_/D (sg13g2_dfrbpq_1)   15.49    3.03   12.46 (MET)
y_reg[9]$_SDFFE_PN0P_/D (sg13g2_dfrbpq_1)   15.49    3.03   12.46 (MET)
iter_cnt[1]$_SDFFE_PN0P_/D (sg13g2_dfrbpq_1)   15.48    3.02   12.46 (MET)
iter_cnt[1]$_SDFFE_PN0P_/D (sg13g2_dfrbpq_1)   15.48    3.02   12.46 (MET)
y_reg[8]$_SDFFE_PN0P_/D (sg13g2_dfrbpq_1)   15.49    3.03   12.46 (MET)
y_reg[8]$_SDFFE_PN0P_/D (sg13g2_dfrbpq_1)   15.49    3.03   12.46 (MET)
y_reg[8]$_SDFFE_PN0P_/D (sg13g2_dfrbpq_1)   15.48    3.02   12.46 (MET)
y_reg[8]$_SDFFE_PN0P_/D (sg13g2_dfrbpq_1)   15.48    3.02   12.46 (MET)
y_reg[8]$_SDFFE_PN0P_/D (sg13g2_dfrbpq_1)   15.48    3.02   12.46 (MET)
y_reg[8]$_SDFFE_PN0P_/D (sg13g2_dfrbpq_1)   15.48    3.02   12.46 (MET)
y_reg[8]$_SDFFE_PN0P_/D (sg13g2_dfrbpq_1)   15.49    3.03   12.46 (MET)
y_reg[8]$_SDFFE_PN0P_/D (sg13g2_dfrbpq_1)   15.49    3.03   12.46 (MET)
y_reg[8]$_SDFFE_PN0P_/D (sg13g2_dfrbpq_1)   15.48    3.02   12.46 (MET)
y_reg[8]$_SDFFE_PN0P_/D (sg13g2_dfrbpq_1)   15.48    3.02   12.46 (MET)
y_reg[8]$_SDFFE_PN0P_/D (sg13g2_dfrbpq_1)   15.48    3.02   12.46 (MET)
y_reg[8]$_SDFFE_PN0P_/D (sg13g2_dfrbpq_1)   15.48    3.02   12.46 (MET)
y_reg[8]$_SDFFE_PN0P_/D (sg13g2_dfrbpq_1)   15.48    3.02   12.46 (MET)
y_reg[8]$_SDFFE_PN0P_/D (sg13g2_dfrbpq_1)   15.48    3.02   12.46 (MET)
y_reg[8]$_SDFFE_PN0P_/D (sg13g2_dfrbpq_1)   15.48    3.02   12.46 (MET)
y_reg[8]$_SDFFE_PN0P_/D (sg13g2_dfrbpq_1)   15.48    3.02   12.46 (MET)
y_reg[9]$_SDFFE_PN0P_/D (sg13g2_dfrbpq_1)   15.49    3.03   12.46 (MET)
y_reg[9]$_SDFFE_PN0P_/D (sg13g2_dfrbpq_1)   15.49    3.03   12.46 (MET)
y_reg[9]$_SDFFE_PN0P_/D (sg13g2_dfrbpq_1)   15.49    3.03   12.46 (MET)
y_reg[9]$_SDFFE_PN0P_/D (sg13g2_dfrbpq_1)   15.49    3.03   12.46 (MET)
y_reg[9]$_SDFFE_PN0P_/D (sg13g2_dfrbpq_1)   15.49    3.03   12.46 (MET)
y_reg[9]$_SDFFE_PN0P_/D (sg13g2_dfrbpq_1)   15.49    3.03   12.46 (MET)
y_reg[9]$_SDFFE_PN0P_/D (sg13g2_dfrbpq_1)   15.49    3.03   12.46 (MET)
y_reg[9]$_SDFFE_PN0P_/D (sg13g2_dfrbpq_1)   15.49    3.03   12.46 (MET)
y_reg[7]$_SDFFE_PN0P_/D (sg13g2_dfrbpq_1)   15.48    3.02   12.46 (MET)
y_reg[7]$_SDFFE_PN0P_/D (sg13g2_dfrbpq_1)   15.48    3.02   12.46 (MET)
y_reg[7]$_SDFFE_PN0P_/D (sg13g2_dfrbpq_1)   15.48    3.02   12.46 (MET)
y_reg[7]$_SDFFE_PN0P_/D (sg13g2_dfrbpq_1)   15.48    3.02   12.46 (MET)
x_reg[5]$_SDFFE_PN0P_/D (sg13g2_dfrbpq_1)   15.48    3.02   12.46 (MET)
x_reg[5]$_SDFFE_PN0P_/D (sg13g2_dfrbpq_1)   15.48    3.02   12.46 (MET)
y_reg[9]$_SDFFE_PN0P_/D (sg13g2_dfrbpq_1)   15.49    3.03   12.46 (MET)
y_reg[9]$_SDFFE_PN0P_/D (sg13g2_dfrbpq_1)   15.49    3.03   12.46 (MET)
y_reg[8]$_SDFFE_PN0P_/D (sg13g2_dfrbpq_1)   15.48    3.02   12.46 (MET)
y_reg[8]$_SDFFE_PN0P_/D (sg13g2_dfrbpq_1)   15.48    3.02   12.46 (MET)
y_reg[8]$_SDFFE_PN0P_/D (sg13g2_dfrbpq_1)   15.48    3.02   12.46 (MET)
y_reg[8]$_SDFFE_PN0P_/D (sg13g2_dfrbpq_1)   15.48    3.02   12.46 (MET)
y_reg[8]$_SDFFE_PN0P_/D (sg13g2_dfrbpq_1)   15.48    3.02   12.46 (MET)
y_reg[8]$_SDFFE_PN0P_/D (sg13g2_dfrbpq_1)   15.48    3.02   12.46 (MET)
y_reg[9]$_SDFFE_PN0P_/D (sg13g2_dfrbpq_1)   15.49    3.03   12.46 (MET)
y_reg[9]$_SDFFE_PN0P_/D (sg13g2_dfrbpq_1)   15.49    3.03   12.46 (MET)
y_reg[2]$_SDFFE_PN0P_/D (sg13g2_dfrbpq_1)   15.48    3.02   12.46 (MET)
y_reg[2]$_SDFFE_PN0P_/D (sg13g2_dfrbpq_1)   15.48    3.02   12.46 (MET)
y_reg[2]$_SDFFE_PN0P_/D (sg13g2_dfrbpq_1)   15.48    3.02   12.46 (MET)
y_reg[2]$_SDFFE_PN0P_/D (sg13g2_dfrbpq_1)   15.48    3.02   12.46 (MET)
x_reg[8]$_SDFFE_PN0P_/D (sg13g2_dfrbpq_1)   15.49    3.03   12.46 (MET)
y_reg[8]$_SDFFE_PN0P_/D (sg13g2_dfrbpq_1)   15.49    3.03   12.46 (MET)
y_reg[8]$_SDFFE_PN0P_/D (sg13g2_dfrbpq_1)   15.49    3.03   12.46 (MET)
y_reg[8]$_SDFFE_PN0P_/D (sg13g2_dfrbpq_1)   15.49    3.03   12.46 (MET)
x_reg[7]$_SDFFE_PN0P_/D (sg13g2_dfrbpq_1)   15.47    3.01   12.46 (MET)
x_reg[7]$_SDFFE_PN0P_/D (sg13g2_dfrbpq_1)   15.47    3.01   12.46 (MET)
x_reg[7]$_SDFFE_PN0P_/D (sg13g2_dfrbpq_1)   15.47    3.01   12.46 (MET)
x_reg[7]$_SDFFE_PN0P_/D (sg13g2_dfrbpq_1)   15.47    3.01   12.46 (MET)
y_reg[8]$_SDFFE_PN0P_/D (sg13g2_dfrbpq_1)   15.49    3.03   12.46 (MET)
y_reg[8]$_SDFFE_PN0P_/D (sg13g2_dfrbpq_1)   15.49    3.03   12.46 (MET)
x_reg[5]$_SDFFE_PN0P_/D (sg13g2_dfrbpq_1)   15.48    3.02   12.46 (MET)
y_reg[8]$_SDFFE_PN0P_/D (sg13g2_dfrbpq_1)   15.49    3.03   12.46 (MET)
y_reg[8]$_SDFFE_PN0P_/D (sg13g2_dfrbpq_1)   15.49    3.03   12.46 (MET)
y_reg[8]$_SDFFE_PN0P_/D (sg13g2_dfrbpq_1)   15.49    3.03   12.46 (MET)
y_reg[8]$_SDFFE_PN0P_/D (sg13g2_dfrbpq_1)   15.49    3.03   12.46 (MET)
y_reg[8]$_SDFFE_PN0P_/D (sg13g2_dfrbpq_1)   15.49    3.03   12.46 (MET)
y_reg[8]$_SDFFE_PN0P_/D (sg13g2_dfrbpq_1)   15.49    3.03   12.46 (MET)
y_reg[8]$_SDFFE_PN0P_/D (sg13g2_dfrbpq_1)   15.49    3.03   12.46 (MET)
y_reg[8]$_SDFFE_PN0P_/D (sg13g2_dfrbpq_1)   15.49    3.03   12.46 (MET)
y_reg[8]$_SDFFE_PN0P_/D (sg13g2_dfrbpq_1)   15.48    3.02   12.46 (MET)
y_reg[8]$_SDFFE_PN0P_/D (sg13g2_dfrbpq_1)   15.48    3.02   12.46 (MET)
y_reg[8]$_SDFFE_PN0P_/D (sg13g2_dfrbpq_1)   15.48    3.02   12.46 (MET)
y_reg[8]$_SDFFE_PN0P_/D (sg13g2_dfrbpq_1)   15.48    3.02   12.46 (MET)
x_reg[6]$_SDFFE_PN0P_/D (sg13g2_dfrbpq_1)   15.46    3.00   12.46 (MET)
x_reg[6]$_SDFFE_PN0P_/D (sg13g2_dfrbpq_1)   15.46    3.00   12.46 (MET)
y_reg[8]$_SDFFE_PN0P_/D (sg13g2_dfrbpq_1)   15.49    3.03   12.46 (MET)
y_reg[8]$_SDFFE_PN0P_/D (sg13g2_dfrbpq_1)   15.49    3.03   12.46 (MET)
y_reg[8]$_SDFFE_PN0P_/D (sg13g2_dfrbpq_1)   15.48    3.02   12.46 (MET)
y_reg[8]$_SDFFE_PN0P_/D (sg13g2_dfrbpq_1)   15.48    3.02   12.46 (MET)
y_reg[8]$_SDFFE_PN0P_/D (sg13g2_dfrbpq_1)   15.49    3.03   12.46 (MET)
y_reg[8]$_SDFFE_PN0P_/D (sg13g2_dfrbpq_1)   15.49    3.03   12.46 (MET)
y_reg[8]$_SDFFE_PN0P_/D (sg13g2_dfrbpq_1)   15.49    3.03   12.46 (MET)
y_reg[8]$_SDFFE_PN0P_/D (sg13g2_dfrbpq_1)   15.49    3.03   12.46 (MET)
y_reg[8]$_SDFFE_PN0P_/D (sg13g2_dfrbpq_1)   15.49    3.03   12.46 (MET)
y_reg[8]$_SDFFE_PN0P_/D (sg13g2_dfrbpq_1)   15.49    3.03   12.46 (MET)
y_reg[8]$_SDFFE_PN0P_/D (sg13g2_dfrbpq_1)   15.49    3.03   12.46 (MET)
y_reg[9]$_SDFFE_PN0P_/D (sg13g2_dfrbpq_1)   15.48    3.02   12.46 (MET)
y_reg[9]$_SDFFE_PN0P_/D (sg13g2_dfrbpq_1)   15.48    3.02   12.46 (MET)
y_reg[9]$_SDFFE_PN0P_/D (sg13g2_dfrbpq_1)   15.48    3.02   12.46 (MET)
y_reg[9]$_SDFFE_PN0P_/D (sg13g2_dfrbpq_1)   15.48    3.02   12.46 (MET)
y_reg[9]$_SDFFE_PN0P_/D (sg13g2_dfrbpq_1)   15.48    3.02   12.46 (MET)
y_reg[9]$_SDFFE_PN0P_/D (sg13g2_dfrbpq_1)   15.48    3.02   12.46 (MET)
y_reg[8]$_SDFFE_PN0P_/D (sg13g2_dfrbpq_1)   15.48    3.02   12.46 (MET)
y_reg[8]$_SDFFE_PN0P_/D (sg13g2_dfrbpq_1)   15.48    3.02   12.46 (MET)
y_reg[8]$_SDFFE_PN0P_/D (sg13g2_dfrbpq_1)   15.48    3.02   12.46 (MET)
y_reg[8]$_SDFFE_PN0P_/D (sg13g2_dfrbpq_1)   15.48    3.02   12.46 (MET)
y_reg[9]$_SDFFE_PN0P_/D (sg13g2_dfrbpq_1)   15.48    3.02   12.46 (MET)
y_reg[9]$_SDFFE_PN0P_/D (sg13g2_dfrbpq_1)   15.48    3.02   12.46 (MET)
y_reg[9]$_SDFFE_PN0P_/D (sg13g2_dfrbpq_1)   15.48    3.02   12.46 (MET)
y_reg[9]$_SDFFE_PN0P_/D (sg13g2_dfrbpq_1)   15.48    3.02   12.46 (MET)
y_reg[9]$_SDFFE_PN0P_/D (sg13g2_dfrbpq_1)   15.48    3.02   12.46 (MET)
y_reg[9]$_SDFFE_PN0P_/D (sg13g2_dfrbpq_1)   15.48    3.02   12.46 (MET)
x_reg[8]$_SDFFE_PN0P_/D (sg13g2_dfrbpq_1)   15.49    3.03   12.46 (MET)
x_reg[8]$_SDFFE_PN0P_/D (sg13g2_dfrbpq_1)   15.49    3.03   12.46 (MET)
x_reg[8]$_SDFFE_PN0P_/D (sg13g2_dfrbpq_1)   15.49    3.03   12.46 (MET)
x_reg[8]$_SDFFE_PN0P_/D (sg13g2_dfrbpq_1)   15.49    3.03   12.46 (MET)
x_reg[8]$_SDFFE_PN0P_/D (sg13g2_dfrbpq_1)   15.49    3.03   12.46 (MET)
x_reg[8]$_SDFFE_PN0P_/D (sg13g2_dfrbpq_1)   15.49    3.03   12.46 (MET)
x_reg[8]$_SDFFE_PN0P_/D (sg13g2_dfrbpq_1)   15.49    3.03   12.46 (MET)
x_reg[8]$_SDFFE_PN0P_/D (sg13g2_dfrbpq_1)   15.49    3.03   12.46 (MET)
y_reg[8]$_SDFFE_PN0P_/D (sg13g2_dfrbpq_1)   15.49    3.02   12.46 (MET)
y_reg[8]$_SDFFE_PN0P_/D (sg13g2_dfrbpq_1)   15.49    3.02   12.46 (MET)
y_reg[8]$_SDFFE_PN0P_/D (sg13g2_dfrbpq_1)   15.49    3.02   12.46 (MET)
y_reg[8]$_SDFFE_PN0P_/D (sg13g2_dfrbpq_1)   15.49    3.02   12.46 (MET)
y_reg[8]$_SDFFE_PN0P_/D (sg13g2_dfrbpq_1)   15.49    3.02   12.46 (MET)
y_reg[8]$_SDFFE_PN0P_/D (sg13g2_dfrbpq_1)   15.49    3.02   12.46 (MET)
y_reg[8]$_SDFFE_PN0P_/D (sg13g2_dfrbpq_1)   15.49    3.02   12.46 (MET)
y_reg[8]$_SDFFE_PN0P_/D (sg13g2_dfrbpq_1)   15.49    3.02   12.46 (MET)
y_reg[9]$_SDFFE_PN0P_/D (sg13g2_dfrbpq_1)   15.48    3.02   12.46 (MET)
y_reg[9]$_SDFFE_PN0P_/D (sg13g2_dfrbpq_1)   15.48    3.02   12.46 (MET)
y_reg[9]$_SDFFE_PN0P_/D (sg13g2_dfrbpq_1)   15.48    3.02   12.46 (MET)
y_reg[9]$_SDFFE_PN0P_/D (sg13g2_dfrbpq_1)   15.48    3.02   12.46 (MET)
y_reg[8]$_SDFFE_PN0P_/D (sg13g2_dfrbpq_1)   15.48    3.02   12.46 (MET)
y_reg[8]$_SDFFE_PN0P_/D (sg13g2_dfrbpq_1)   15.48    3.02   12.46 (MET)
y_reg[8]$_SDFFE_PN0P_/D (sg13g2_dfrbpq_1)   15.48    3.02   12.46 (MET)
y_reg[8]$_SDFFE_PN0P_/D (sg13g2_dfrbpq_1)   15.48    3.02   12.46 (MET)
y_reg[9]$_SDFFE_PN0P_/D (sg13g2_dfrbpq_1)   15.48    3.02   12.46 (MET)
y_reg[9]$_SDFFE_PN0P_/D (sg13g2_dfrbpq_1)   15.48    3.02   12.46 (MET)
y_reg[9]$_SDFFE_PN0P_/D (sg13g2_dfrbpq_1)   15.48    3.02   12.46 (MET)
y_reg[9]$_SDFFE_PN0P_/D (sg13g2_dfrbpq_1)   15.48    3.02   12.46 (MET)
y_reg[9]$_SDFFE_PN0P_/D (sg13g2_dfrbpq_1)   15.48    3.02   12.46 (MET)
y_reg[9]$_SDFFE_PN0P_/D (sg13g2_dfrbpq_1)   15.48    3.02   12.46 (MET)
y_reg[9]$_SDFFE_PN0P_/D (sg13g2_dfrbpq_1)   15.48    3.02   12.46 (MET)
y_reg[9]$_SDFFE_PN0P_/D (sg13g2_dfrbpq_1)   15.48    3.02   12.46 (MET)
x_reg[9]$_SDFFE_PN0P_/D (sg13g2_dfrbpq_1)   15.49    3.02   12.46 (MET)
x_reg[9]$_SDFFE_PN0P_/D (sg13g2_dfrbpq_1)   15.49    3.02   12.46 (MET)
x_reg[9]$_SDFFE_PN0P_/D (sg13g2_dfrbpq_1)   15.49    3.02   12.46 (MET)
x_reg[9]$_SDFFE_PN0P_/D (sg13g2_dfrbpq_1)   15.49    3.02   12.46 (MET)
y_reg[3]$_SDFFE_PN0P_/D (sg13g2_dfrbpq_1)   15.48    3.02   12.46 (MET)
y_reg[3]$_SDFFE_PN0P_/D (sg13g2_dfrbpq_1)   15.48    3.02   12.46 (MET)
y_reg[3]$_SDFFE_PN0P_/D (sg13g2_dfrbpq_1)   15.48    3.02   12.46 (MET)
y_reg[3]$_SDFFE_PN0P_/D (sg13g2_dfrbpq_1)   15.48    3.02   12.46 (MET)
y_reg[8]$_SDFFE_PN0P_/D (sg13g2_dfrbpq_1)   15.48    3.02   12.46 (MET)
y_reg[8]$_SDFFE_PN0P_/D (sg13g2_dfrbpq_1)   15.48    3.02   12.46 (MET)
y_reg[8]$_SDFFE_PN0P_/D (sg13g2_dfrbpq_1)   15.49    3.02   12.46 (MET)
y_reg[8]$_SDFFE_PN0P_/D (sg13g2_dfrbpq_1)   15.49    3.02   12.46 (MET)
y_reg[8]$_SDFFE_PN0P_/D (sg13g2_dfrbpq_1)   15.49    3.02   12.46 (MET)
y_reg[8]$_SDFFE_PN0P_/D (sg13g2_dfrbpq_1)   15.49    3.02   12.46 (MET)
y_reg[8]$_SDFFE_PN0P_/D (sg13g2_dfrbpq_1)   15.49    3.02   12.46 (MET)
y_reg[8]$_SDFFE_PN0P_/D (sg13g2_dfrbpq_1)   15.49    3.02   12.46 (MET)
y_reg[9]$_SDFFE_PN0P_/D (sg13g2_dfrbpq_1)   15.48    3.02   12.46 (MET)
y_reg[9]$_SDFFE_PN0P_/D (sg13g2_dfrbpq_1)   15.48    3.02   12.46 (MET)
y_reg[9]$_SDFFE_PN0P_/D (sg13g2_dfrbpq_1)   15.48    3.02   12.46 (MET)
y_reg[9]$_SDFFE_PN0P_/D (sg13g2_dfrbpq_1)   15.48    3.02   12.46 (MET)
y_reg[7]$_SDFFE_PN0P_/D (sg13g2_dfrbpq_1)   15.48    3.02   12.46 (MET)
y_reg[7]$_SDFFE_PN0P_/D (sg13g2_dfrbpq_1)   15.48    3.02   12.46 (MET)
y_reg[7]$_SDFFE_PN0P_/D (sg13g2_dfrbpq_1)   15.48    3.02   12.46 (MET)
y_reg[7]$_SDFFE_PN0P_/D (sg13g2_dfrbpq_1)   15.48    3.02   12.46 (MET)
y_reg[9]$_SDFFE_PN0P_/D (sg13g2_dfrbpq_1)   15.48    3.02   12.46 (MET)
y_reg[9]$_SDFFE_PN0P_/D (sg13g2_dfrbpq_1)   15.48    3.02   12.46 (MET)
y_reg[9]$_SDFFE_PN0P_/D (sg13g2_dfrbpq_1)   15.48    3.02   12.46 (MET)
y_reg[9]$_SDFFE_PN0P_/D (sg13g2_dfrbpq_1)   15.48    3.02   12.46 (MET)
y_reg[9]$_SDFFE_PN0P_/D (sg13g2_dfrbpq_1)   15.48    3.02   12.46 (MET)
y_reg[9]$_SDFFE_PN0P_/D (sg13g2_dfrbpq_1)   15.48    3.02   12.46 (MET)
y_reg[7]$_SDFFE_PN0P_/D (sg13g2_dfrbpq_1)   15.48    3.02   12.46 (MET)
y_reg[7]$_SDFFE_PN0P_/D (sg13g2_dfrbpq_1)   15.48    3.02   12.46 (MET)
y_reg[7]$_SDFFE_PN0P_/D (sg13g2_dfrbpq_1)   15.48    3.02   12.46 (MET)
y_reg[7]$_SDFFE_PN0P_/D (sg13g2_dfrbpq_1)   15.48    3.02   12.46 (MET)
y_reg[9]$_SDFFE_PN0P_/D (sg13g2_dfrbpq_1)   15.48    3.02   12.46 (MET)
y_reg[9]$_SDFFE_PN0P_/D (sg13g2_dfrbpq_1)   15.48    3.02   12.46 (MET)
y_reg[8]$_SDFFE_PN0P_/D (sg13g2_dfrbpq_1)   15.48    3.02   12.46 (MET)
y_reg[8]$_SDFFE_PN0P_/D (sg13g2_dfrbpq_1)   15.48    3.02   12.46 (MET)
y_reg[8]$_SDFFE_PN0P_/D (sg13g2_dfrbpq_1)   15.48    3.02   12.46 (MET)
y_reg[8]$_SDFFE_PN0P_/D (sg13g2_dfrbpq_1)   15.48    3.02   12.46 (MET)
y_reg[1]$_SDFFE_PN0P_/D (sg13g2_dfrbpq_1)   15.48    3.02   12.46 (MET)
y_reg[1]$_SDFFE_PN0P_/D (sg13g2_dfrbpq_1)   15.48    3.02   12.46 (MET)
y_reg[1]$_SDFFE_PN0P_/D (sg13g2_dfrbpq_1)   15.48    3.02   12.46 (MET)
y_reg[1]$_SDFFE_PN0P_/D (sg13g2_dfrbpq_1)   15.48    3.02   12.46 (MET)
y_reg[9]$_SDFFE_PN0P_/D (sg13g2_dfrbpq_1)   15.48    3.02   12.46 (MET)
y_reg[9]$_SDFFE_PN0P_/D (sg13g2_dfrbpq_1)   15.48    3.02   12.46 (MET)
y_reg[9]$_SDFFE_PN0P_/D (sg13g2_dfrbpq_1)   15.48    3.02   12.46 (MET)
y_reg[9]$_SDFFE_PN0P_/D (sg13g2_dfrbpq_1)   15.48    3.02   12.46 (MET)
y_reg[9]$_SDFFE_PN0P_/D (sg13g2_dfrbpq_1)   15.48    3.02   12.46 (MET)
y_reg[9]$_SDFFE_PN0P_/D (sg13g2_dfrbpq_1)   15.48    3.02   12.46 (MET)
y_reg[9]$_SDFFE_PN0P_/D (sg13g2_dfrbpq_1)   15.48    3.02   12.46 (MET)
y_reg[9]$_SDFFE_PN0P_/D (sg13g2_dfrbpq_1)   15.48    3.02   12.46 (MET)
x_reg[8]$_SDFFE_PN0P_/D (sg13g2_dfrbpq_1)   15.49    3.03   12.46 (MET)
y_reg[9]$_SDFFE_PN0P_/D (sg13g2_dfrbpq_1)   15.48    3.02   12.46 (MET)
y_reg[9]$_SDFFE_PN0P_/D (sg13g2_dfrbpq_1)   15.48    3.02   12.46 (MET)
y_reg[9]$_SDFFE_PN0P_/D (sg13g2_dfrbpq_1)   15.48    3.02   12.46 (MET)
y_reg[9]$_SDFFE_PN0P_/D (sg13g2_dfrbpq_1)   15.48    3.02   12.46 (MET)
x_reg[9]$_SDFFE_PN0P_/D (sg13g2_dfrbpq_1)   15.49    3.02   12.46 (MET)
x_reg[9]$_SDFFE_PN0P_/D (sg13g2_dfrbpq_1)   15.49    3.02   12.46 (MET)
y_reg[7]$_SDFFE_PN0P_/D (sg13g2_dfrbpq_1)   15.48    3.01   12.46 (MET)
y_reg[7]$_SDFFE_PN0P_/D (sg13g2_dfrbpq_1)   15.48    3.01   12.46 (MET)
y_reg[7]$_SDFFE_PN0P_/D (sg13g2_dfrbpq_1)   15.48    3.01   12.46 (MET)
y_reg[7]$_SDFFE_PN0P_/D (sg13g2_dfrbpq_1)   15.48    3.01   12.46 (MET)
x_reg[3]$_SDFFE_PN0P_/D (sg13g2_dfrbpq_1)   15.46    3.00   12.46 (MET)
x_reg[3]$_SDFFE_PN0P_/D (sg13g2_dfrbpq_1)   15.46    3.00   12.46 (MET)
y_reg[8]$_SDFFE_PN0P_/D (sg13g2_dfrbpq_1)   15.49    3.02   12.46 (MET)
x_reg[8]$_SDFFE_PN0P_/D (sg13g2_dfrbpq_1)   15.49    3.02   12.46 (MET)
x_reg[8]$_SDFFE_PN0P_/D (sg13g2_dfrbpq_1)   15.49    3.02   12.46 (MET)
y_reg[8]$_SDFFE_PN0P_/D (sg13g2_dfrbpq_1)   15.48    3.01   12.46 (MET)
y_reg[8]$_SDFFE_PN0P_/D (sg13g2_dfrbpq_1)   15.48    3.01   12.46 (MET)
y_reg[8]$_SDFFE_PN0P_/D (sg13g2_dfrbpq_1)   15.48    3.01   12.46 (MET)
y_reg[8]$_SDFFE_PN0P_/D (sg13g2_dfrbpq_1)   15.48    3.01   12.46 (MET)
y_reg[8]$_SDFFE_PN0P_/D (sg13g2_dfrbpq_1)   15.48    3.01   12.46 (MET)
y_reg[8]$_SDFFE_PN0P_/D (sg13g2_dfrbpq_1)   15.48    3.01   12.46 (MET)
y_reg[8]$_SDFFE_PN0P_/D (sg13g2_dfrbpq_1)   15.48    3.01   12.46 (MET)
y_reg[8]$_SDFFE_PN0P_/D (sg13g2_dfrbpq_1)   15.48    3.01   12.46 (MET)
y_reg[8]$_SDFFE_PN0P_/D (sg13g2_dfrbpq_1)   15.49    3.02   12.47 (MET)
y_reg[8]$_SDFFE_PN0P_/D (sg13g2_dfrbpq_1)   15.49    3.02   12.47 (MET)
y_reg[8]$_SDFFE_PN0P_/D (sg13g2_dfrbpq_1)   15.49    3.02   12.47 (MET)
y_reg[8]$_SDFFE_PN0P_/D (sg13g2_dfrbpq_1)   15.49    3.02   12.47 (MET)
y_reg[9]$_SDFFE_PN0P_/D (sg13g2_dfrbpq_1)   15.49    3.02   12.47 (MET)
y_reg[9]$_SDFFE_PN0P_/D (sg13g2_dfrbpq_1)   15.49    3.02   12.47 (MET)
y_reg[9]$_SDFFE_PN0P_/D (sg13g2_dfrbpq_1)   15.49    3.02   12.47 (MET)
y_reg[9]$_SDFFE_PN0P_/D (sg13g2_dfrbpq_1)   15.49    3.02   12.47 (MET)
y_reg[9]$_SDFFE_PN0P_/D (sg13g2_dfrbpq_1)   15.49    3.02   12.47 (MET)
y_reg[9]$_SDFFE_PN0P_/D (sg13g2_dfrbpq_1)   15.49    3.02   12.47 (MET)
y_reg[8]$_SDFFE_PN0P_/D (sg13g2_dfrbpq_1)   15.49    3.02   12.47 (MET)
y_reg[8]$_SDFFE_PN0P_/D (sg13g2_dfrbpq_1)   15.49    3.02   12.47 (MET)
y_reg[8]$_SDFFE_PN0P_/D (sg13g2_dfrbpq_1)   15.49    3.02   12.47 (MET)
y_reg[8]$_SDFFE_PN0P_/D (sg13g2_dfrbpq_1)   15.49    3.02   12.47 (MET)
x_reg[7]$_SDFFE_PN0P_/D (sg13g2_dfrbpq_1)   15.48    3.02   12.47 (MET)
x_reg[7]$_SDFFE_PN0P_/D (sg13g2_dfrbpq_1)   15.48    3.02   12.47 (MET)
x_reg[7]$_SDFFE_PN0P_/D (sg13g2_dfrbpq_1)   15.48    3.02   12.47 (MET)
x_reg[7]$_SDFFE_PN0P_/D (sg13g2_dfrbpq_1)   15.48    3.02   12.47 (MET)
y_reg[8]$_SDFFE_PN0P_/D (sg13g2_dfrbpq_1)   15.49    3.02   12.47 (MET)
x_reg[9]$_SDFFE_PN0P_/D (sg13g2_dfrbpq_1)   15.49    3.02   12.47 (MET)
x_reg[9]$_SDFFE_PN0P_/D (sg13g2_dfrbpq_1)   15.49    3.02   12.47 (MET)
x_reg[9]$_SDFFE_PN0P_/D (sg13g2_dfrbpq_1)   15.49    3.02   12.47 (MET)
x_reg[9]$_SDFFE_PN0P_/D (sg13g2_dfrbpq_1)   15.49    3.02   12.47 (MET)
y_reg[8]$_SDFFE_PN0P_/D (sg13g2_dfrbpq_1)   15.49    3.02   12.47 (MET)
y_reg[8]$_SDFFE_PN0P_/D (sg13g2_dfrbpq_1)   15.49    3.02   12.47 (MET)
y_reg[8]$_SDFFE_PN0P_/D (sg13g2_dfrbpq_1)   15.49    3.02   12.47 (MET)
y_reg[8]$_SDFFE_PN0P_/D (sg13g2_dfrbpq_1)   15.49    3.02   12.47 (MET)
y_reg[8]$_SDFFE_PN0P_/D (sg13g2_dfrbpq_1)   15.49    3.02   12.47 (MET)
y_reg[8]$_SDFFE_PN0P_/D (sg13g2_dfrbpq_1)   15.49    3.02   12.47 (MET)
y_reg[9]$_SDFFE_PN0P_/D (sg13g2_dfrbpq_1)   15.49    3.02   12.47 (MET)
y_reg[8]$_SDFFE_PN0P_/D (sg13g2_dfrbpq_1)   15.49    3.02   12.47 (MET)
y_reg[8]$_SDFFE_PN0P_/D (sg13g2_dfrbpq_1)   15.49    3.02   12.47 (MET)
y_reg[9]$_SDFFE_PN0P_/D (sg13g2_dfrbpq_1)   15.49    3.02   12.47 (MET)
y_reg[9]$_SDFFE_PN0P_/D (sg13g2_dfrbpq_1)   15.49    3.02   12.47 (MET)
y_reg[8]$_SDFFE_PN0P_/D (sg13g2_dfrbpq_1)   15.48    3.01   12.47 (MET)
y_reg[8]$_SDFFE_PN0P_/D (sg13g2_dfrbpq_1)   15.48    3.01   12.47 (MET)
y_reg[8]$_SDFFE_PN0P_/D (sg13g2_dfrbpq_1)   15.48    3.01   12.47 (MET)
y_reg[8]$_SDFFE_PN0P_/D (sg13g2_dfrbpq_1)   15.48    3.01   12.47 (MET)
y_reg[9]$_SDFFE_PN0P_/D (sg13g2_dfrbpq_1)   15.49    3.02   12.47 (MET)
y_reg[8]$_SDFFE_PN0P_/D (sg13g2_dfrbpq_1)   15.49    3.02   12.47 (MET)
y_reg[8]$_SDFFE_PN0P_/D (sg13g2_dfrbpq_1)   15.49    3.02   12.47 (MET)
y_reg[8]$_SDFFE_PN0P_/D (sg13g2_dfrbpq_1)   15.48    3.01   12.47 (MET)
y_reg[8]$_SDFFE_PN0P_/D (sg13g2_dfrbpq_1)   15.48    3.01   12.47 (MET)
y_reg[8]$_SDFFE_PN0P_/D (sg13g2_dfrbpq_1)   15.48    3.01   12.47 (MET)
y_reg[8]$_SDFFE_PN0P_/D (sg13g2_dfrbpq_1)   15.48    3.01   12.47 (MET)
y_reg[8]$_SDFFE_PN0P_/D (sg13g2_dfrbpq_1)   15.49    3.02   12.47 (MET)
y_reg[8]$_SDFFE_PN0P_/D (sg13g2_dfrbpq_1)   15.49    3.02   12.47 (MET)
y_reg[8]$_SDFFE_PN0P_/D (sg13g2_dfrbpq_1)   15.48    3.01   12.47 (MET)
y_reg[8]$_SDFFE_PN0P_/D (sg13g2_dfrbpq_1)   15.48    3.01   12.47 (MET)
y_reg[8]$_SDFFE_PN0P_/D (sg13g2_dfrbpq_1)   15.48    3.01   12.47 (MET)
y_reg[8]$_SDFFE_PN0P_/D (sg13g2_dfrbpq_1)   15.48    3.01   12.47 (MET)
y_reg[9]$_SDFFE_PN0P_/D (sg13g2_dfrbpq_1)   15.49    3.02   12.47 (MET)
y_reg[9]$_SDFFE_PN0P_/D (sg13g2_dfrbpq_1)   15.49    3.02   12.47 (MET)
x_reg[9]$_SDFFE_PN0P_/D (sg13g2_dfrbpq_1)   15.49    3.02   12.47 (MET)
x_reg[9]$_SDFFE_PN0P_/D (sg13g2_dfrbpq_1)   15.49    3.02   12.47 (MET)
x_reg[9]$_SDFFE_PN0P_/D (sg13g2_dfrbpq_1)   15.49    3.02   12.47 (MET)
x_reg[9]$_SDFFE_PN0P_/D (sg13g2_dfrbpq_1)   15.49    3.02   12.47 (MET)
y_reg[8]$_SDFFE_PN0P_/D (sg13g2_dfrbpq_1)   15.49    3.02   12.47 (MET)
y_reg[8]$_SDFFE_PN0P_/D (sg13g2_dfrbpq_1)   15.49    3.02   12.47 (MET)
y_reg[8]$_SDFFE_PN0P_/D (sg13g2_dfrbpq_1)   15.49    3.02   12.47 (MET)
x_reg[9]$_SDFFE_PN0P_/D (sg13g2_dfrbpq_1)   15.49    3.02   12.47 (MET)
x_reg[9]$_SDFFE_PN0P_/D (sg13g2_dfrbpq_1)   15.49    3.02   12.47 (MET)
y_reg[8]$_SDFFE_PN0P_/D (sg13g2_dfrbpq_1)   15.49    3.02   12.47 (MET)
y_reg[8]$_SDFFE_PN0P_/D (sg13g2_dfrbpq_1)   15.49    3.02   12.47 (MET)
y_reg[8]$_SDFFE_PN0P_/D (sg13g2_dfrbpq_1)   15.49    3.02   12.47 (MET)
y_reg[8]$_SDFFE_PN0P_/D (sg13g2_dfrbpq_1)   15.49    3.02   12.47 (MET)
y_reg[8]$_SDFFE_PN0P_/D (sg13g2_dfrbpq_1)   15.49    3.02   12.47 (MET)
y_reg[8]$_SDFFE_PN0P_/D (sg13g2_dfrbpq_1)   15.49    3.02   12.47 (MET)
x_reg[8]$_SDFFE_PN0P_/D (sg13g2_dfrbpq_1)   15.49    3.02   12.47 (MET)
x_reg[8]$_SDFFE_PN0P_/D (sg13g2_dfrbpq_1)   15.49    3.02   12.47 (MET)
x_reg[8]$_SDFFE_PN0P_/D (sg13g2_dfrbpq_1)   15.49    3.02   12.47 (MET)
x_reg[8]$_SDFFE_PN0P_/D (sg13g2_dfrbpq_1)   15.49    3.02   12.47 (MET)
y_reg[8]$_SDFFE_PN0P_/D (sg13g2_dfrbpq_1)   15.49    3.02   12.47 (MET)
y_reg[8]$_SDFFE_PN0P_/D (sg13g2_dfrbpq_1)   15.49    3.02   12.47 (MET)
y_reg[9]$_SDFFE_PN0P_/D (sg13g2_dfrbpq_1)   15.48    3.02   12.47 (MET)
y_reg[9]$_SDFFE_PN0P_/D (sg13g2_dfrbpq_1)   15.48    3.02   12.47 (MET)
y_reg[9]$_SDFFE_PN0P_/D (sg13g2_dfrbpq_1)   15.48    3.02   12.47 (MET)
y_reg[9]$_SDFFE_PN0P_/D (sg13g2_dfrbpq_1)   15.48    3.02   12.47 (MET)
x_reg[8]$_SDFFE_PN0P_/D (sg13g2_dfrbpq_1)   15.49    3.02   12.47 (MET)
x_reg[8]$_SDFFE_PN0P_/D (sg13g2_dfrbpq_1)   15.49    3.02   12.47 (MET)
y_reg[9]$_SDFFE_PN0P_/D (sg13g2_dfrbpq_1)   15.48    3.02   12.47 (MET)
y_reg[9]$_SDFFE_PN0P_/D (sg13g2_dfrbpq_1)   15.48    3.02   12.47 (MET)
x_reg[8]$_SDFFE_PN0P_/D (sg13g2_dfrbpq_1)   15.49    3.02   12.47 (MET)
x_reg[8]$_SDFFE_PN0P_/D (sg13g2_dfrbpq_1)   15.49    3.02   12.47 (MET)
y_reg[8]$_SDFFE_PN0P_/D (sg13g2_dfrbpq_1)   15.48    3.01   12.47 (MET)
y_reg[8]$_SDFFE_PN0P_/D (sg13g2_dfrbpq_1)   15.48    3.01   12.47 (MET)
y_reg[8]$_SDFFE_PN0P_/D (sg13g2_dfrbpq_1)   15.48    3.01   12.47 (MET)
y_reg[8]$_SDFFE_PN0P_/D (sg13g2_dfrbpq_1)   15.48    3.01   12.47 (MET)
y_reg[8]$_SDFFE_PN0P_/D (sg13g2_dfrbpq_1)   15.48    3.01   12.47 (MET)
y_reg[8]$_SDFFE_PN0P_/D (sg13g2_dfrbpq_1)   15.48    3.01   12.47 (MET)
y_reg[8]$_SDFFE_PN0P_/D (sg13g2_dfrbpq_1)   15.48    3.01   12.47 (MET)
y_reg[8]$_SDFFE_PN0P_/D (sg13g2_dfrbpq_1)   15.48    3.01   12.47 (MET)
y_reg[9]$_SDFFE_PN0P_/D (sg13g2_dfrbpq_1)   15.48    3.02   12.47 (MET)
y_reg[9]$_SDFFE_PN0P_/D (sg13g2_dfrbpq_1)   15.48    3.02   12.47 (MET)
y_reg[9]$_SDFFE_PN0P_/D (sg13g2_dfrbpq_1)   15.48    3.02   12.47 (MET)
y_reg[9]$_SDFFE_PN0P_/D (sg13g2_dfrbpq_1)   15.48    3.02   12.47 (MET)
y_reg[9]$_SDFFE_PN0P_/D (sg13g2_dfrbpq_1)   15.48    3.02   12.47 (MET)
y_reg[9]$_SDFFE_PN0P_/D (sg13g2_dfrbpq_1)   15.48    3.02   12.47 (MET)
y_reg[9]$_SDFFE_PN0P_/D (sg13g2_dfrbpq_1)   15.48    3.02   12.47 (MET)
y_reg[9]$_SDFFE_PN0P_/D (sg13g2_dfrbpq_1)   15.48    3.02   12.47 (MET)
y_reg[9]$_SDFFE_PN0P_/D (sg13g2_dfrbpq_1)   15.48    3.02   12.47 (MET)
y_reg[9]$_SDFFE_PN0P_/D (sg13g2_dfrbpq_1)   15.48    3.02   12.47 (MET)
y_reg[9]$_SDFFE_PN0P_/D (sg13g2_dfrbpq_1)   15.48    3.02   12.47 (MET)
y_reg[9]$_SDFFE_PN0P_/D (sg13g2_dfrbpq_1)   15.48    3.02   12.47 (MET)
y_reg[9]$_SDFFE_PN0P_/D (sg13g2_dfrbpq_1)   15.48    3.02   12.47 (MET)
y_reg[9]$_SDFFE_PN0P_/D (sg13g2_dfrbpq_1)   15.48    3.02   12.47 (MET)
y_reg[9]$_SDFFE_PN0P_/D (sg13g2_dfrbpq_1)   15.48    3.02   12.47 (MET)
y_reg[9]$_SDFFE_PN0P_/D (sg13g2_dfrbpq_1)   15.48    3.02   12.47 (MET)
y_reg[9]$_SDFFE_PN0P_/D (sg13g2_dfrbpq_1)   15.48    3.02   12.47 (MET)
y_reg[9]$_SDFFE_PN0P_/D (sg13g2_dfrbpq_1)   15.48    3.02   12.47 (MET)
y_reg[7]$_SDFFE_PN0P_/D (sg13g2_dfrbpq_1)   15.49    3.02   12.47 (MET)
y_reg[7]$_SDFFE_PN0P_/D (sg13g2_dfrbpq_1)   15.49    3.02   12.47 (MET)
y_reg[7]$_SDFFE_PN0P_/D (sg13g2_dfrbpq_1)   15.49    3.02   12.47 (MET)
y_reg[7]$_SDFFE_PN0P_/D (sg13g2_dfrbpq_1)   15.49    3.02   12.47 (MET)
x_reg[8]$_SDFFE_PN0P_/D (sg13g2_dfrbpq_1)   15.49    3.02   12.47 (MET)
x_reg[8]$_SDFFE_PN0P_/D (sg13g2_dfrbpq_1)   15.49    3.02   12.47 (MET)
y_reg[8]$_SDFFE_PN0P_/D (sg13g2_dfrbpq_1)   15.49    3.02   12.47 (MET)
y_reg[8]$_SDFFE_PN0P_/D (sg13g2_dfrbpq_1)   15.49    3.02   12.47 (MET)
y_reg[8]$_SDFFE_PN0P_/D (sg13g2_dfrbpq_1)   15.49    3.02   12.47 (MET)
y_reg[9]$_SDFFE_PN0P_/D (sg13g2_dfrbpq_1)   15.48    3.02   12.47 (MET)
y_reg[9]$_SDFFE_PN0P_/D (sg13g2_dfrbpq_1)   15.48    3.02   12.47 (MET)
y_reg[9]$_SDFFE_PN0P_/D (sg13g2_dfrbpq_1)   15.48    3.02   12.47 (MET)
y_reg[9]$_SDFFE_PN0P_/D (sg13g2_dfrbpq_1)   15.48    3.02   12.47 (MET)
y_reg[6]$_SDFFE_PN0P_/D (sg13g2_dfrbpq_1)   15.49    3.02   12.47 (MET)
y_reg[6]$_SDFFE_PN0P_/D (sg13g2_dfrbpq_1)   15.49    3.02   12.47 (MET)
y_reg[6]$_SDFFE_PN0P_/D (sg13g2_dfrbpq_1)   15.49    3.02   12.47 (MET)
y_reg[6]$_SDFFE_PN0P_/D (sg13g2_dfrbpq_1)   15.49    3.02   12.47 (MET)
y_reg[6]$_SDFFE_PN0P_/D (sg13g2_dfrbpq_1)   15.49    3.02   12.47 (MET)
y_reg[6]$_SDFFE_PN0P_/D (sg13g2_dfrbpq_1)   15.49    3.02   12.47 (MET)
y_reg[6]$_SDFFE_PN0P_/D (sg13g2_dfrbpq_1)   15.49    3.02   12.47 (MET)
y_reg[6]$_SDFFE_PN0P_/D (sg13g2_dfrbpq_1)   15.49    3.02   12.47 (MET)
y_reg[6]$_SDFFE_PN0P_/D (sg13g2_dfrbpq_1)   15.49    3.02   12.47 (MET)
y_reg[6]$_SDFFE_PN0P_/D (sg13g2_dfrbpq_1)   15.49    3.02   12.47 (MET)
y_reg[6]$_SDFFE_PN0P_/D (sg13g2_dfrbpq_1)   15.49    3.02   12.47 (MET)
y_reg[6]$_SDFFE_PN0P_/D (sg13g2_dfrbpq_1)   15.49    3.02   12.47 (MET)
y_reg[6]$_SDFFE_PN0P_/D (sg13g2_dfrbpq_1)   15.49    3.02   12.47 (MET)
y_reg[6]$_SDFFE_PN0P_/D (sg13g2_dfrbpq_1)   15.49    3.02   12.47 (MET)
y_reg[6]$_SDFFE_PN0P_/D (sg13g2_dfrbpq_1)   15.49    3.02   12.47 (MET)
y_reg[6]$_SDFFE_PN0P_/D (sg13g2_dfrbpq_1)   15.49    3.02   12.47 (MET)
x_reg[8]$_SDFFE_PN0P_/D (sg13g2_dfrbpq_1)   15.49    3.02   12.47 (MET)
y_reg[8]$_SDFFE_PN0P_/D (sg13g2_dfrbpq_1)   15.48    3.01   12.47 (MET)
y_reg[8]$_SDFFE_PN0P_/D (sg13g2_dfrbpq_1)   15.48    3.01   12.47 (MET)
y_reg[8]$_SDFFE_PN0P_/D (sg13g2_dfrbpq_1)   15.48    3.01   12.47 (MET)
y_reg[8]$_SDFFE_PN0P_/D (sg13g2_dfrbpq_1)   15.48    3.01   12.47 (MET)
y_reg[8]$_SDFFE_PN0P_/D (sg13g2_dfrbpq_1)   15.48    3.01   12.47 (MET)
y_reg[8]$_SDFFE_PN0P_/D (sg13g2_dfrbpq_1)   15.48    3.01   12.47 (MET)
y_reg[8]$_SDFFE_PN0P_/D (sg13g2_dfrbpq_1)   15.48    3.01   12.47 (MET)
y_reg[8]$_SDFFE_PN0P_/D (sg13g2_dfrbpq_1)   15.48    3.01   12.47 (MET)
y_reg[9]$_SDFFE_PN0P_/D (sg13g2_dfrbpq_1)   15.48    3.01   12.47 (MET)
y_reg[9]$_SDFFE_PN0P_/D (sg13g2_dfrbpq_1)   15.48    3.01   12.47 (MET)
y_reg[9]$_SDFFE_PN0P_/D (sg13g2_dfrbpq_1)   15.48    3.01   12.47 (MET)
y_reg[9]$_SDFFE_PN0P_/D (sg13g2_dfrbpq_1)   15.48    3.01   12.47 (MET)
y_reg[9]$_SDFFE_PN0P_/D (sg13g2_dfrbpq_1)   15.48    3.01   12.47 (MET)
y_reg[9]$_SDFFE_PN0P_/D (sg13g2_dfrbpq_1)   15.48    3.01   12.47 (MET)
y_reg[9]$_SDFFE_PN0P_/D (sg13g2_dfrbpq_1)   15.48    3.01   12.47 (MET)
y_reg[9]$_SDFFE_PN0P_/D (sg13g2_dfrbpq_1)   15.48    3.01   12.47 (MET)
y_reg[9]$_SDFFE_PN0P_/D (sg13g2_dfrbpq_1)   15.48    3.01   12.47 (MET)
y_reg[9]$_SDFFE_PN0P_/D (sg13g2_dfrbpq_1)   15.48    3.01   12.47 (MET)
y_reg[9]$_SDFFE_PN0P_/D (sg13g2_dfrbpq_1)   15.48    3.01   12.47 (MET)
y_reg[9]$_SDFFE_PN0P_/D (sg13g2_dfrbpq_1)   15.48    3.01   12.47 (MET)
y_reg[9]$_SDFFE_PN0P_/D (sg13g2_dfrbpq_1)   15.48    3.01   12.47 (MET)
y_reg[9]$_SDFFE_PN0P_/D (sg13g2_dfrbpq_1)   15.48    3.01   12.47 (MET)
y_reg[9]$_SDFFE_PN0P_/D (sg13g2_dfrbpq_1)   15.48    3.01   12.47 (MET)
y_reg[9]$_SDFFE_PN0P_/D (sg13g2_dfrbpq_1)   15.48    3.01   12.47 (MET)
y_reg[9]$_SDFFE_PN0P_/D (sg13g2_dfrbpq_1)   15.48    3.01   12.47 (MET)
y_reg[9]$_SDFFE_PN0P_/D (sg13g2_dfrbpq_1)   15.48    3.01   12.47 (MET)
y_reg[9]$_SDFFE_PN0P_/D (sg13g2_dfrbpq_1)   15.48    3.01   12.47 (MET)
y_reg[9]$_SDFFE_PN0P_/D (sg13g2_dfrbpq_1)   15.48    3.01   12.47 (MET)
x_reg[2]$_SDFFE_PN0P_/D (sg13g2_dfrbpq_1)   15.47    3.00   12.47 (MET)
x_reg[2]$_SDFFE_PN0P_/D (sg13g2_dfrbpq_1)   15.47    3.00   12.47 (MET)
x_reg[6]$_SDFFE_PN0P_/D (sg13g2_dfrbpq_1)   15.46    2.99   12.47 (MET)
x_reg[6]$_SDFFE_PN0P_/D (sg13g2_dfrbpq_1)   15.46    2.99   12.47 (MET)
y_reg[8]$_SDFFE_PN0P_/D (sg13g2_dfrbpq_1)   15.49    3.02   12.47 (MET)
y_reg[8]$_SDFFE_PN0P_/D (sg13g2_dfrbpq_1)   15.49    3.02   12.47 (MET)
y_reg[8]$_SDFFE_PN0P_/D (sg13g2_dfrbpq_1)   15.49    3.02   12.47 (MET)
y_reg[8]$_SDFFE_PN0P_/D (sg13g2_dfrbpq_1)   15.49    3.02   12.47 (MET)
y_reg[8]$_SDFFE_PN0P_/D (sg13g2_dfrbpq_1)   15.49    3.02   12.47 (MET)
y_reg[8]$_SDFFE_PN0P_/D (sg13g2_dfrbpq_1)   15.49    3.02   12.47 (MET)
y_reg[8]$_SDFFE_PN0P_/D (sg13g2_dfrbpq_1)   15.49    3.02   12.47 (MET)
y_reg[8]$_SDFFE_PN0P_/D (sg13g2_dfrbpq_1)   15.49    3.02   12.47 (MET)
y_reg[8]$_SDFFE_PN0P_/D (sg13g2_dfrbpq_1)   15.49    3.02   12.47 (MET)
y_reg[8]$_SDFFE_PN0P_/D (sg13g2_dfrbpq_1)   15.49    3.02   12.47 (MET)
y_reg[8]$_SDFFE_PN0P_/D (sg13g2_dfrbpq_1)   15.49    3.02   12.47 (MET)
y_reg[8]$_SDFFE_PN0P_/D (sg13g2_dfrbpq_1)   15.49    3.02   12.47 (MET)
y_reg[8]$_SDFFE_PN0P_/D (sg13g2_dfrbpq_1)   15.49    3.02   12.47 (MET)
y_reg[8]$_SDFFE_PN0P_/D (sg13g2_dfrbpq_1)   15.49    3.02   12.47 (MET)
y_reg[6]$_SDFFE_PN0P_/D (sg13g2_dfrbpq_1)   15.49    3.02   12.47 (MET)
y_reg[6]$_SDFFE_PN0P_/D (sg13g2_dfrbpq_1)   15.49    3.02   12.47 (MET)
y_reg[6]$_SDFFE_PN0P_/D (sg13g2_dfrbpq_1)   15.49    3.02   12.47 (MET)
y_reg[6]$_SDFFE_PN0P_/D (sg13g2_dfrbpq_1)   15.49    3.02   12.47 (MET)
x_reg[7]$_SDFFE_PN0P_/D (sg13g2_dfrbpq_1)   15.47    3.00   12.47 (MET)
x_reg[7]$_SDFFE_PN0P_/D (sg13g2_dfrbpq_1)   15.47    3.00   12.47 (MET)
y_reg[8]$_SDFFE_PN0P_/D (sg13g2_dfrbpq_1)   15.48    3.01   12.47 (MET)
y_reg[8]$_SDFFE_PN0P_/D (sg13g2_dfrbpq_1)   15.48    3.01   12.47 (MET)
y_reg[6]$_SDFFE_PN0P_/D (sg13g2_dfrbpq_1)   15.49    3.02   12.47 (MET)
y_reg[6]$_SDFFE_PN0P_/D (sg13g2_dfrbpq_1)   15.49    3.02   12.47 (MET)
y_reg[6]$_SDFFE_PN0P_/D (sg13g2_dfrbpq_1)   15.49    3.02   12.47 (MET)
y_reg[6]$_SDFFE_PN0P_/D (sg13g2_dfrbpq_1)   15.49    3.02   12.47 (MET)
x_reg[7]$_SDFFE_PN0P_/D (sg13g2_dfrbpq_1)   15.47    3.00   12.47 (MET)
x_reg[7]$_SDFFE_PN0P_/D (sg13g2_dfrbpq_1)   15.47    3.00   12.47 (MET)
uo_out[0] (output)                     13.43    0.96   12.47 (MET)
y_reg[0]$_SDFFE_PN0P_/D (sg13g2_dfrbpq_1)   15.48    3.01   12.47 (MET)
y_reg[0]$_SDFFE_PN0P_/D (sg13g2_dfrbpq_1)   15.48    3.01   12.47 (MET)
y_reg[0]$_SDFFE_PN0P_/D (sg13g2_dfrbpq_1)   15.48    3.01   12.47 (MET)
y_reg[0]$_SDFFE_PN0P_/D (sg13g2_dfrbpq_1)   15.48    3.01   12.47 (MET)
x_reg[8]$_SDFFE_PN0P_/D (sg13g2_dfrbpq_1)   15.49    3.02   12.47 (MET)
y_reg[7]$_SDFFE_PN0P_/D (sg13g2_dfrbpq_1)   15.48    3.01   12.47 (MET)
y_reg[7]$_SDFFE_PN0P_/D (sg13g2_dfrbpq_1)   15.48    3.01   12.47 (MET)
y_reg[7]$_SDFFE_PN0P_/D (sg13g2_dfrbpq_1)   15.48    3.01   12.47 (MET)
y_reg[7]$_SDFFE_PN0P_/D (sg13g2_dfrbpq_1)   15.48    3.01   12.47 (MET)
x_reg[8]$_SDFFE_PN0P_/D (sg13g2_dfrbpq_1)   15.49    3.02   12.47 (MET)
y_reg[7]$_SDFFE_PN0P_/D (sg13g2_dfrbpq_1)   15.48    3.01   12.47 (MET)
y_reg[7]$_SDFFE_PN0P_/D (sg13g2_dfrbpq_1)   15.48    3.01   12.47 (MET)
y_reg[7]$_SDFFE_PN0P_/D (sg13g2_dfrbpq_1)   15.48    3.01   12.47 (MET)
y_reg[7]$_SDFFE_PN0P_/D (sg13g2_dfrbpq_1)   15.48    3.01   12.47 (MET)
y_reg[8]$_SDFFE_PN0P_/D (sg13g2_dfrbpq_1)   15.48    3.01   12.47 (MET)
y_reg[8]$_SDFFE_PN0P_/D (sg13g2_dfrbpq_1)   15.48    3.01   12.47 (MET)
y_reg[8]$_SDFFE_PN0P_/D (sg13g2_dfrbpq_1)   15.48    3.01   12.47 (MET)
y_reg[8]$_SDFFE_PN0P_/D (sg13g2_dfrbpq_1)   15.48    3.01   12.47 (MET)
y_reg[8]$_SDFFE_PN0P_/D (sg13g2_dfrbpq_1)   15.49    3.02   12.47 (MET)
x_reg[7]$_SDFFE_PN0P_/D (sg13g2_dfrbpq_1)   15.47    3.00   12.47 (MET)
y_reg[8]$_SDFFE_PN0P_/D (sg13g2_dfrbpq_1)   15.49    3.02   12.47 (MET)
x_reg[7]$_SDFFE_PN0P_/D (sg13g2_dfrbpq_1)   15.47    3.00   12.47 (MET)
y_reg[6]$_SDFFE_PN0P_/D (sg13g2_dfrbpq_1)   15.49    3.02   12.47 (MET)
y_reg[6]$_SDFFE_PN0P_/D (sg13g2_dfrbpq_1)   15.49    3.02   12.47 (MET)
y_reg[6]$_SDFFE_PN0P_/D (sg13g2_dfrbpq_1)   15.49    3.02   12.47 (MET)
y_reg[6]$_SDFFE_PN0P_/D (sg13g2_dfrbpq_1)   15.49    3.02   12.47 (MET)
y_reg[6]$_SDFFE_PN0P_/D (sg13g2_dfrbpq_1)   15.49    3.02   12.47 (MET)
y_reg[6]$_SDFFE_PN0P_/D (sg13g2_dfrbpq_1)   15.49    3.02   12.47 (MET)
y_reg[6]$_SDFFE_PN0P_/D (sg13g2_dfrbpq_1)   15.49    3.02   12.47 (MET)
y_reg[6]$_SDFFE_PN0P_/D (sg13g2_dfrbpq_1)   15.49    3.02   12.47 (MET)
y_reg[8]$_SDFFE_PN0P_/D (sg13g2_dfrbpq_1)   15.49    3.02   12.47 (MET)
y_reg[8]$_SDFFE_PN0P_/D (sg13g2_dfrbpq_1)   15.49    3.02   12.47 (MET)
y_reg[8]$_SDFFE_PN0P_/D (sg13g2_dfrbpq_1)   15.49    3.02   12.47 (MET)
y_reg[7]$_SDFFE_PN0P_/D (sg13g2_dfrbpq_1)   15.48    3.01   12.47 (MET)
y_reg[7]$_SDFFE_PN0P_/D (sg13g2_dfrbpq_1)   15.48    3.01   12.47 (MET)
y_reg[7]$_SDFFE_PN0P_/D (sg13g2_dfrbpq_1)   15.48    3.01   12.47 (MET)
y_reg[7]$_SDFFE_PN0P_/D (sg13g2_dfrbpq_1)   15.48    3.01   12.47 (MET)
y_reg[8]$_SDFFE_PN0P_/D (sg13g2_dfrbpq_1)   15.49    3.02   12.47 (MET)
y_reg[9]$_SDFFE_PN0P_/D (sg13g2_dfrbpq_1)   15.48    3.01   12.47 (MET)
y_reg[9]$_SDFFE_PN0P_/D (sg13g2_dfrbpq_1)   15.48    3.01   12.47 (MET)
x_reg[8]$_SDFFE_PN0P_/D (sg13g2_dfrbpq_1)   15.49    3.02   12.47 (MET)
y_reg[9]$_SDFFE_PN0P_/D (sg13g2_dfrbpq_1)   15.48    3.01   12.47 (MET)
y_reg[9]$_SDFFE_PN0P_/D (sg13g2_dfrbpq_1)   15.48    3.01   12.47 (MET)
y_reg[9]$_SDFFE_PN0P_/D (sg13g2_dfrbpq_1)   15.48    3.01   12.47 (MET)
y_reg[9]$_SDFFE_PN0P_/D (sg13g2_dfrbpq_1)   15.48    3.01   12.47 (MET)
y_reg[8]$_SDFFE_PN0P_/D (sg13g2_dfrbpq_1)   15.49    3.02   12.47 (MET)
y_reg[8]$_SDFFE_PN0P_/D (sg13g2_dfrbpq_1)   15.49    3.02   12.47 (MET)
y_reg[6]$_SDFFE_PN0P_/D (sg13g2_dfrbpq_1)   15.49    3.02   12.47 (MET)
y_reg[6]$_SDFFE_PN0P_/D (sg13g2_dfrbpq_1)   15.49    3.02   12.47 (MET)
y_reg[8]$_SDFFE_PN0P_/D (sg13g2_dfrbpq_1)   15.49    3.01   12.47 (MET)
y_reg[6]$_SDFFE_PN0P_/D (sg13g2_dfrbpq_1)   15.49    3.02   12.47 (MET)
y_reg[6]$_SDFFE_PN0P_/D (sg13g2_dfrbpq_1)   15.49    3.02   12.47 (MET)
x_reg[9]$_SDFFE_PN0P_/D (sg13g2_dfrbpq_1)   15.49    3.02   12.47 (MET)
x_reg[9]$_SDFFE_PN0P_/D (sg13g2_dfrbpq_1)   15.49    3.02   12.47 (MET)
x_reg[9]$_SDFFE_PN0P_/D (sg13g2_dfrbpq_1)   15.49    3.02   12.47 (MET)
x_reg[9]$_SDFFE_PN0P_/D (sg13g2_dfrbpq_1)   15.49    3.02   12.47 (MET)
y_reg[6]$_SDFFE_PN0P_/D (sg13g2_dfrbpq_1)   15.49    3.02   12.47 (MET)
y_reg[6]$_SDFFE_PN0P_/D (sg13g2_dfrbpq_1)   15.49    3.02   12.47 (MET)
y_reg[6]$_SDFFE_PN0P_/D (sg13g2_dfrbpq_1)   15.49    3.02   12.47 (MET)
y_reg[6]$_SDFFE_PN0P_/D (sg13g2_dfrbpq_1)   15.49    3.02   12.47 (MET)
x_reg[9]$_SDFFE_PN0P_/D (sg13g2_dfrbpq_1)   15.49    3.02   12.47 (MET)
x_reg[9]$_SDFFE_PN0P_/D (sg13g2_dfrbpq_1)   15.49    3.02   12.47 (MET)
x_reg[9]$_SDFFE_PN0P_/D (sg13g2_dfrbpq_1)   15.49    3.02   12.47 (MET)
x_reg[9]$_SDFFE_PN0P_/D (sg13g2_dfrbpq_1)   15.49    3.02   12.47 (MET)
y_reg[4]$_SDFFE_PN0P_/D (sg13g2_dfrbpq_1)   15.48    3.01   12.47 (MET)
y_reg[4]$_SDFFE_PN0P_/D (sg13g2_dfrbpq_1)   15.48    3.01   12.47 (MET)
y_reg[4]$_SDFFE_PN0P_/D (sg13g2_dfrbpq_1)   15.48    3.01   12.47 (MET)
y_reg[4]$_SDFFE_PN0P_/D (sg13g2_dfrbpq_1)   15.48    3.01   12.47 (MET)
y_reg[6]$_SDFFE_PN0P_/D (sg13g2_dfrbpq_1)   15.49    3.02   12.47 (MET)
y_reg[6]$_SDFFE_PN0P_/D (sg13g2_dfrbpq_1)   15.49    3.02   12.47 (MET)
y_reg[6]$_SDFFE_PN0P_/D (sg13g2_dfrbpq_1)   15.49    3.02   12.47 (MET)
y_reg[6]$_SDFFE_PN0P_/D (sg13g2_dfrbpq_1)   15.49    3.02   12.47 (MET)
x_reg[8]$_SDFFE_PN0P_/D (sg13g2_dfrbpq_1)   15.49    3.02   12.47 (MET)
x_reg[8]$_SDFFE_PN0P_/D (sg13g2_dfrbpq_1)   15.49    3.02   12.47 (MET)
x_reg[8]$_SDFFE_PN0P_/D (sg13g2_dfrbpq_1)   15.49    3.02   12.47 (MET)
x_reg[8]$_SDFFE_PN0P_/D (sg13g2_dfrbpq_1)   15.49    3.02   12.47 (MET)
x_reg[8]$_SDFFE_PN0P_/D (sg13g2_dfrbpq_1)   15.49    3.02   12.47 (MET)
x_reg[8]$_SDFFE_PN0P_/D (sg13g2_dfrbpq_1)   15.49    3.02   12.47 (MET)
x_reg[8]$_SDFFE_PN0P_/D (sg13g2_dfrbpq_1)   15.49    3.02   12.47 (MET)
x_reg[8]$_SDFFE_PN0P_/D (sg13g2_dfrbpq_1)   15.49    3.02   12.47 (MET)
y_reg[8]$_SDFFE_PN0P_/D (sg13g2_dfrbpq_1)   15.49    3.01   12.47 (MET)
uo_out[1] (output)                     13.43    0.95   12.47 (MET)
y_reg[8]$_SDFFE_PN0P_/D (sg13g2_dfrbpq_1)   15.49    3.01   12.47 (MET)
y_reg[8]$_SDFFE_PN0P_/D (sg13g2_dfrbpq_1)   15.49    3.01   12.47 (MET)
y_reg[8]$_SDFFE_PN0P_/D (sg13g2_dfrbpq_1)   15.49    3.01   12.47 (MET)
y_reg[8]$_SDFFE_PN0P_/D (sg13g2_dfrbpq_1)   15.49    3.01   12.47 (MET)
y_reg[8]$_SDFFE_PN0P_/D (sg13g2_dfrbpq_1)   15.49    3.01   12.47 (MET)
y_reg[8]$_SDFFE_PN0P_/D (sg13g2_dfrbpq_1)   15.49    3.01   12.47 (MET)
uo_out[4] (output)                     13.43    0.95   12.47 (MET)
y_reg[9]$_SDFFE_PN0P_/D (sg13g2_dfrbpq_1)   15.49    3.01   12.47 (MET)
y_reg[9]$_SDFFE_PN0P_/D (sg13g2_dfrbpq_1)   15.49    3.01   12.47 (MET)
y_reg[9]$_SDFFE_PN0P_/D (sg13g2_dfrbpq_1)   15.48    3.01   12.47 (MET)
y_reg[9]$_SDFFE_PN0P_/D (sg13g2_dfrbpq_1)   15.49    3.01   12.47 (MET)
y_reg[9]$_SDFFE_PN0P_/D (sg13g2_dfrbpq_1)   15.48    3.01   12.47 (MET)
y_reg[9]$_SDFFE_PN0P_/D (sg13g2_dfrbpq_1)   15.49    3.01   12.47 (MET)
y_reg[9]$_SDFFE_PN0P_/D (sg13g2_dfrbpq_1)   15.49    3.01   12.47 (MET)
y_reg[9]$_SDFFE_PN0P_/D (sg13g2_dfrbpq_1)   15.48    3.01   12.47 (MET)
y_reg[9]$_SDFFE_PN0P_/D (sg13g2_dfrbpq_1)   15.49    3.01   12.47 (MET)
y_reg[9]$_SDFFE_PN0P_/D (sg13g2_dfrbpq_1)   15.48    3.01   12.47 (MET)
x_reg[9]$_SDFFE_PN0P_/D (sg13g2_dfrbpq_1)   15.49    3.02   12.47 (MET)
x_reg[9]$_SDFFE_PN0P_/D (sg13g2_dfrbpq_1)   15.49    3.02   12.47 (MET)
x_reg[9]$_SDFFE_PN0P_/D (sg13g2_dfrbpq_1)   15.49    3.02   12.47 (MET)
x_reg[9]$_SDFFE_PN0P_/D (sg13g2_dfrbpq_1)   15.49    3.02   12.47 (MET)
y_reg[8]$_SDFFE_PN0P_/D (sg13g2_dfrbpq_1)   15.49    3.01   12.47 (MET)
x_reg[3]$_SDFFE_PN0P_/D (sg13g2_dfrbpq_1)   15.47    2.99   12.47 (MET)
x_reg[3]$_SDFFE_PN0P_/D (sg13g2_dfrbpq_1)   15.47    2.99   12.47 (MET)
x_reg[3]$_SDFFE_PN0P_/D (sg13g2_dfrbpq_1)   15.47    2.99   12.47 (MET)
x_reg[3]$_SDFFE_PN0P_/D (sg13g2_dfrbpq_1)   15.47    2.99   12.47 (MET)
y_reg[8]$_SDFFE_PN0P_/D (sg13g2_dfrbpq_1)   15.49    3.01   12.47 (MET)
y_reg[9]$_SDFFE_PN0P_/D (sg13g2_dfrbpq_1)   15.48    3.01   12.47 (MET)
y_reg[8]$_SDFFE_PN0P_/D (sg13g2_dfrbpq_1)   15.49    3.01   12.47 (MET)
y_reg[8]$_SDFFE_PN0P_/D (sg13g2_dfrbpq_1)   15.49    3.01   12.47 (MET)
y_reg[8]$_SDFFE_PN0P_/D (sg13g2_dfrbpq_1)   15.49    3.01   12.47 (MET)
y_reg[8]$_SDFFE_PN0P_/D (sg13g2_dfrbpq_1)   15.49    3.01   12.47 (MET)
y_reg[8]$_SDFFE_PN0P_/D (sg13g2_dfrbpq_1)   15.49    3.01   12.47 (MET)
y_reg[8]$_SDFFE_PN0P_/D (sg13g2_dfrbpq_1)   15.49    3.01   12.47 (MET)
y_reg[9]$_SDFFE_PN0P_/D (sg13g2_dfrbpq_1)   15.48    3.01   12.47 (MET)
x_reg[8]$_SDFFE_PN0P_/D (sg13g2_dfrbpq_1)   15.49    3.02   12.47 (MET)
y_reg[9]$_SDFFE_PN0P_/D (sg13g2_dfrbpq_1)   15.48    3.01   12.47 (MET)
y_reg[9]$_SDFFE_PN0P_/D (sg13g2_dfrbpq_1)   15.48    3.01   12.47 (MET)
y_reg[9]$_SDFFE_PN0P_/D (sg13g2_dfrbpq_1)   15.48    3.01   12.47 (MET)
y_reg[9]$_SDFFE_PN0P_/D (sg13g2_dfrbpq_1)   15.48    3.01   12.47 (MET)
y_reg[9]$_SDFFE_PN0P_/D (sg13g2_dfrbpq_1)   15.48    3.01   12.47 (MET)
y_reg[9]$_SDFFE_PN0P_/D (sg13g2_dfrbpq_1)   15.48    3.01   12.47 (MET)
y_reg[9]$_SDFFE_PN0P_/D (sg13g2_dfrbpq_1)   15.48    3.01   12.47 (MET)
y_reg[9]$_SDFFE_PN0P_/D (sg13g2_dfrbpq_1)   15.48    3.01   12.47 (MET)
y_reg[9]$_SDFFE_PN0P_/D (sg13g2_dfrbpq_1)   15.48    3.01   12.47 (MET)
y_reg[9]$_SDFFE_PN0P_/D (sg13g2_dfrbpq_1)   15.48    3.01   12.47 (MET)
y_reg[9]$_SDFFE_PN0P_/D (sg13g2_dfrbpq_1)   15.48    3.01   12.47 (MET)
y_reg[9]$_SDFFE_PN0P_/D (sg13g2_dfrbpq_1)   15.48    3.01   12.47 (MET)
x_reg[8]$_SDFFE_PN0P_/D (sg13g2_dfrbpq_1)   15.49    3.02   12.47 (MET)
y_reg[9]$_SDFFE_PN0P_/D (sg13g2_dfrbpq_1)   15.48    3.01   12.47 (MET)
y_reg[9]$_SDFFE_PN0P_/D (sg13g2_dfrbpq_1)   15.48    3.01   12.47 (MET)
y_reg[9]$_SDFFE_PN0P_/D (sg13g2_dfrbpq_1)   15.48    3.01   12.47 (MET)
y_reg[9]$_SDFFE_PN0P_/D (sg13g2_dfrbpq_1)   15.48    3.01   12.47 (MET)
y_reg[9]$_SDFFE_PN0P_/D (sg13g2_dfrbpq_1)   15.48    3.01   12.47 (MET)
y_reg[9]$_SDFFE_PN0P_/D (sg13g2_dfrbpq_1)   15.48    3.01   12.47 (MET)
x_reg[9]$_SDFFE_PN0P_/D (sg13g2_dfrbpq_1)   15.49    3.02   12.47 (MET)
x_reg[9]$_SDFFE_PN0P_/D (sg13g2_dfrbpq_1)   15.49    3.02   12.47 (MET)
x_reg[9]$_SDFFE_PN0P_/D (sg13g2_dfrbpq_1)   15.49    3.02   12.47 (MET)
x_reg[9]$_SDFFE_PN0P_/D (sg13g2_dfrbpq_1)   15.49    3.02   12.47 (MET)
x_reg[9]$_SDFFE_PN0P_/D (sg13g2_dfrbpq_1)   15.49    3.02   12.47 (MET)
x_reg[9]$_SDFFE_PN0P_/D (sg13g2_dfrbpq_1)   15.49    3.02   12.47 (MET)
y_reg[6]$_SDFFE_PN0P_/D (sg13g2_dfrbpq_1)   15.49    3.02   12.47 (MET)
y_reg[6]$_SDFFE_PN0P_/D (sg13g2_dfrbpq_1)   15.49    3.02   12.47 (MET)
x_reg[9]$_SDFFE_PN0P_/D (sg13g2_dfrbpq_1)   15.49    3.02   12.47 (MET)
x_reg[9]$_SDFFE_PN0P_/D (sg13g2_dfrbpq_1)   15.49    3.02   12.47 (MET)
y_reg[6]$_SDFFE_PN0P_/D (sg13g2_dfrbpq_1)   15.49    3.02   12.47 (MET)
y_reg[6]$_SDFFE_PN0P_/D (sg13g2_dfrbpq_1)   15.49    3.02   12.47 (MET)
y_reg[8]$_SDFFE_PN0P_/D (sg13g2_dfrbpq_1)   15.49    3.01   12.47 (MET)
y_reg[8]$_SDFFE_PN0P_/D (sg13g2_dfrbpq_1)   15.48    3.01   12.47 (MET)
y_reg[8]$_SDFFE_PN0P_/D (sg13g2_dfrbpq_1)   15.48    3.01   12.47 (MET)
y_reg[8]$_SDFFE_PN0P_/D (sg13g2_dfrbpq_1)   15.49    3.01   12.47 (MET)
y_reg[8]$_SDFFE_PN0P_/D (sg13g2_dfrbpq_1)   15.48    3.01   12.47 (MET)
y_reg[8]$_SDFFE_PN0P_/D (sg13g2_dfrbpq_1)   15.48    3.01   12.47 (MET)
x_reg[8]$_SDFFE_PN0P_/D (sg13g2_dfrbpq_1)   15.49    3.02   12.47 (MET)
x_reg[8]$_SDFFE_PN0P_/D (sg13g2_dfrbpq_1)   15.49    3.02   12.47 (MET)
x_reg[8]$_SDFFE_PN0P_/D (sg13g2_dfrbpq_1)   15.49    3.02   12.47 (MET)
x_reg[8]$_SDFFE_PN0P_/D (sg13g2_dfrbpq_1)   15.49    3.02   12.47 (MET)
y_reg[9]$_SDFFE_PN0P_/D (sg13g2_dfrbpq_1)   15.49    3.01   12.47 (MET)
y_reg[9]$_SDFFE_PN0P_/D (sg13g2_dfrbpq_1)   15.49    3.01   12.47 (MET)
y_reg[9]$_SDFFE_PN0P_/D (sg13g2_dfrbpq_1)   15.49    3.01   12.47 (MET)
y_reg[9]$_SDFFE_PN0P_/D (sg13g2_dfrbpq_1)   15.49    3.01   12.47 (MET)
y_reg[8]$_SDFFE_PN0P_/D (sg13g2_dfrbpq_1)   15.48    3.01   12.47 (MET)
y_reg[8]$_SDFFE_PN0P_/D (sg13g2_dfrbpq_1)   15.48    3.01   12.47 (MET)
y_reg[8]$_SDFFE_PN0P_/D (sg13g2_dfrbpq_1)   15.48    3.01   12.47 (MET)
y_reg[8]$_SDFFE_PN0P_/D (sg13g2_dfrbpq_1)   15.48    3.01   12.47 (MET)
y_reg[8]$_SDFFE_PN0P_/D (sg13g2_dfrbpq_1)   15.48    3.01   12.47 (MET)
y_reg[8]$_SDFFE_PN0P_/D (sg13g2_dfrbpq_1)   15.48    3.01   12.47 (MET)
y_reg[8]$_SDFFE_PN0P_/D (sg13g2_dfrbpq_1)   15.48    3.01   12.47 (MET)
y_reg[8]$_SDFFE_PN0P_/D (sg13g2_dfrbpq_1)   15.48    3.01   12.47 (MET)
y_reg[9]$_SDFFE_PN0P_/D (sg13g2_dfrbpq_1)   15.49    3.01   12.47 (MET)
y_reg[6]$_SDFFE_PN0P_/D (sg13g2_dfrbpq_1)   15.49    3.02   12.47 (MET)
y_reg[9]$_SDFFE_PN0P_/D (sg13g2_dfrbpq_1)   15.49    3.01   12.47 (MET)
y_reg[8]$_SDFFE_PN0P_/D (sg13g2_dfrbpq_1)   15.48    3.01   12.47 (MET)
y_reg[8]$_SDFFE_PN0P_/D (sg13g2_dfrbpq_1)   15.48    3.01   12.47 (MET)
y_reg[8]$_SDFFE_PN0P_/D (sg13g2_dfrbpq_1)   15.48    3.01   12.47 (MET)
y_reg[8]$_SDFFE_PN0P_/D (sg13g2_dfrbpq_1)   15.48    3.01   12.47 (MET)
y_reg[9]$_SDFFE_PN0P_/D (sg13g2_dfrbpq_1)   15.48    3.01   12.47 (MET)
y_reg[9]$_SDFFE_PN0P_/D (sg13g2_dfrbpq_1)   15.48    3.01   12.47 (MET)
y_reg[9]$_SDFFE_PN0P_/D (sg13g2_dfrbpq_1)   15.48    3.01   12.47 (MET)
y_reg[9]$_SDFFE_PN0P_/D (sg13g2_dfrbpq_1)   15.48    3.01   12.47 (MET)
y_reg[9]$_SDFFE_PN0P_/D (sg13g2_dfrbpq_1)   15.48    3.01   12.47 (MET)
y_reg[9]$_SDFFE_PN0P_/D (sg13g2_dfrbpq_1)   15.48    3.01   12.47 (MET)
y_reg[9]$_SDFFE_PN0P_/D (sg13g2_dfrbpq_1)   15.48    3.01   12.47 (MET)
y_reg[9]$_SDFFE_PN0P_/D (sg13g2_dfrbpq_1)   15.48    3.01   12.47 (MET)
y_reg[9]$_SDFFE_PN0P_/D (sg13g2_dfrbpq_1)   15.48    3.01   12.47 (MET)
y_reg[9]$_SDFFE_PN0P_/D (sg13g2_dfrbpq_1)   15.48    3.01   12.47 (MET)
y_reg[9]$_SDFFE_PN0P_/D (sg13g2_dfrbpq_1)   15.48    3.01   12.47 (MET)
y_reg[9]$_SDFFE_PN0P_/D (sg13g2_dfrbpq_1)   15.48    3.01   12.47 (MET)
y_reg[9]$_SDFFE_PN0P_/D (sg13g2_dfrbpq_1)   15.48    3.01   12.47 (MET)
y_reg[9]$_SDFFE_PN0P_/D (sg13g2_dfrbpq_1)   15.48    3.01   12.47 (MET)
y_reg[8]$_SDFFE_PN0P_/D (sg13g2_dfrbpq_1)   15.49    3.01   12.47 (MET)
y_reg[8]$_SDFFE_PN0P_/D (sg13g2_dfrbpq_1)   15.49    3.01   12.47 (MET)
y_reg[9]$_SDFFE_PN0P_/D (sg13g2_dfrbpq_1)   15.48    3.01   12.47 (MET)
y_reg[9]$_SDFFE_PN0P_/D (sg13g2_dfrbpq_1)   15.48    3.01   12.47 (MET)
y_reg[9]$_SDFFE_PN0P_/D (sg13g2_dfrbpq_1)   15.48    3.01   12.47 (MET)
y_reg[9]$_SDFFE_PN0P_/D (sg13g2_dfrbpq_1)   15.48    3.01   12.47 (MET)
y_reg[6]$_SDFFE_PN0P_/D (sg13g2_dfrbpq_1)   15.49    3.02   12.47 (MET)
y_reg[6]$_SDFFE_PN0P_/D (sg13g2_dfrbpq_1)   15.49    3.02   12.47 (MET)
y_reg[6]$_SDFFE_PN0P_/D (sg13g2_dfrbpq_1)   15.49    3.02   12.47 (MET)
y_reg[6]$_SDFFE_PN0P_/D (sg13g2_dfrbpq_1)   15.49    3.02   12.47 (MET)
y_reg[8]$_SDFFE_PN0P_/D (sg13g2_dfrbpq_1)   15.49    3.01   12.47 (MET)
y_reg[6]$_SDFFE_PN0P_/D (sg13g2_dfrbpq_1)   15.49    3.02   12.47 (MET)
y_reg[6]$_SDFFE_PN0P_/D (sg13g2_dfrbpq_1)   15.49    3.02   12.47 (MET)
y_reg[6]$_SDFFE_PN0P_/D (sg13g2_dfrbpq_1)   15.49    3.02   12.47 (MET)
y_reg[6]$_SDFFE_PN0P_/D (sg13g2_dfrbpq_1)   15.49    3.02   12.47 (MET)
y_reg[8]$_SDFFE_PN0P_/D (sg13g2_dfrbpq_1)   15.49    3.01   12.47 (MET)
y_reg[8]$_SDFFE_PN0P_/D (sg13g2_dfrbpq_1)   15.49    3.01   12.47 (MET)
y_reg[7]$_SDFFE_PN0P_/D (sg13g2_dfrbpq_1)   15.49    3.01   12.47 (MET)
y_reg[7]$_SDFFE_PN0P_/D (sg13g2_dfrbpq_1)   15.49    3.01   12.47 (MET)
y_reg[8]$_SDFFE_PN0P_/D (sg13g2_dfrbpq_1)   15.49    3.01   12.47 (MET)
y_reg[7]$_SDFFE_PN0P_/D (sg13g2_dfrbpq_1)   15.49    3.01   12.47 (MET)
y_reg[7]$_SDFFE_PN0P_/D (sg13g2_dfrbpq_1)   15.49    3.01   12.47 (MET)
y_reg[8]$_SDFFE_PN0P_/D (sg13g2_dfrbpq_1)   15.48    3.00   12.47 (MET)
y_reg[8]$_SDFFE_PN0P_/D (sg13g2_dfrbpq_1)   15.48    3.00   12.47 (MET)
x_reg[9]$_SDFFE_PN0P_/D (sg13g2_dfrbpq_1)   15.49    3.01   12.47 (MET)
x_reg[9]$_SDFFE_PN0P_/D (sg13g2_dfrbpq_1)   15.49    3.01   12.47 (MET)
x_reg[9]$_SDFFE_PN0P_/D (sg13g2_dfrbpq_1)   15.49    3.01   12.47 (MET)
x_reg[9]$_SDFFE_PN0P_/D (sg13g2_dfrbpq_1)   15.49    3.01   12.47 (MET)
y_reg[8]$_SDFFE_PN0P_/D (sg13g2_dfrbpq_1)   15.49    3.01   12.47 (MET)
y_reg[8]$_SDFFE_PN0P_/D (sg13g2_dfrbpq_1)   15.49    3.01   12.47 (MET)
y_reg[8]$_SDFFE_PN0P_/D (sg13g2_dfrbpq_1)   15.49    3.01   12.47 (MET)
y_reg[6]$_SDFFE_PN0P_/D (sg13g2_dfrbpq_1)   15.49    3.02   12.47 (MET)
y_reg[6]$_SDFFE_PN0P_/D (sg13g2_dfrbpq_1)   15.49    3.02   12.47 (MET)
y_reg[6]$_SDFFE_PN0P_/D (sg13g2_dfrbpq_1)   15.49    3.02   12.47 (MET)
y_reg[6]$_SDFFE_PN0P_/D (sg13g2_dfrbpq_1)   15.49    3.02   12.47 (MET)
y_reg[8]$_SDFFE_PN0P_/D (sg13g2_dfrbpq_1)   15.49    3.01   12.47 (MET)
y_reg[8]$_SDFFE_PN0P_/D (sg13g2_dfrbpq_1)   15.49    3.01   12.47 (MET)
y_reg[8]$_SDFFE_PN0P_/D (sg13g2_dfrbpq_1)   15.49    3.01   12.47 (MET)
y_reg[6]$_SDFFE_PN0P_/D (sg13g2_dfrbpq_1)   15.49    3.02   12.47 (MET)
y_reg[6]$_SDFFE_PN0P_/D (sg13g2_dfrbpq_1)   15.49    3.02   12.47 (MET)
y_reg[6]$_SDFFE_PN0P_/D (sg13g2_dfrbpq_1)   15.49    3.02   12.47 (MET)
y_reg[6]$_SDFFE_PN0P_/D (sg13g2_dfrbpq_1)   15.49    3.02   12.47 (MET)
uo_out[5] (output)                     13.43    0.95   12.47 (MET)
y_reg[8]$_SDFFE_PN0P_/D (sg13g2_dfrbpq_1)   15.49    3.01   12.47 (MET)
y_reg[6]$_SDFFE_PN0P_/D (sg13g2_dfrbpq_1)   15.49    3.02   12.47 (MET)
y_reg[6]$_SDFFE_PN0P_/D (sg13g2_dfrbpq_1)   15.49    3.02   12.47 (MET)
y_reg[6]$_SDFFE_PN0P_/D (sg13g2_dfrbpq_1)   15.49    3.02   12.47 (MET)
y_reg[6]$_SDFFE_PN0P_/D (sg13g2_dfrbpq_1)   15.49    3.02   12.47 (MET)
x_reg[8]$_SDFFE_PN0P_/D (sg13g2_dfrbpq_1)   15.49    3.01   12.47 (MET)
x_reg[8]$_SDFFE_PN0P_/D (sg13g2_dfrbpq_1)   15.49    3.01   12.47 (MET)
x_reg[8]$_SDFFE_PN0P_/D (sg13g2_dfrbpq_1)   15.49    3.01   12.47 (MET)
x_reg[8]$_SDFFE_PN0P_/D (sg13g2_dfrbpq_1)   15.49    3.01   12.47 (MET)
x_reg[8]$_SDFFE_PN0P_/D (sg13g2_dfrbpq_1)   15.49    3.01   12.47 (MET)
x_reg[8]$_SDFFE_PN0P_/D (sg13g2_dfrbpq_1)   15.49    3.01   12.47 (MET)
x_reg[8]$_SDFFE_PN0P_/D (sg13g2_dfrbpq_1)   15.49    3.01   12.47 (MET)
x_reg[8]$_SDFFE_PN0P_/D (sg13g2_dfrbpq_1)   15.49    3.01   12.47 (MET)
y_reg[8]$_SDFFE_PN0P_/D (sg13g2_dfrbpq_1)   15.48    3.00   12.47 (MET)
y_reg[8]$_SDFFE_PN0P_/D (sg13g2_dfrbpq_1)   15.48    3.00   12.47 (MET)
y_reg[8]$_SDFFE_PN0P_/D (sg13g2_dfrbpq_1)   15.48    3.00   12.47 (MET)
y_reg[8]$_SDFFE_PN0P_/D (sg13g2_dfrbpq_1)   15.48    3.00   12.47 (MET)
y_reg[9]$_SDFFE_PN0P_/D (sg13g2_dfrbpq_1)   15.48    3.01   12.47 (MET)
y_reg[9]$_SDFFE_PN0P_/D (sg13g2_dfrbpq_1)   15.48    3.01   12.47 (MET)
y_reg[9]$_SDFFE_PN0P_/D (sg13g2_dfrbpq_1)   15.48    3.01   12.47 (MET)
y_reg[9]$_SDFFE_PN0P_/D (sg13g2_dfrbpq_1)   15.48    3.01   12.47 (MET)
x_reg[3]$_SDFFE_PN0P_/D (sg13g2_dfrbpq_1)   15.47    2.99   12.47 (MET)
x_reg[3]$_SDFFE_PN0P_/D (sg13g2_dfrbpq_1)   15.47    2.99   12.47 (MET)
y_reg[9]$_SDFFE_PN0P_/D (sg13g2_dfrbpq_1)   15.48    3.01   12.47 (MET)
y_reg[9]$_SDFFE_PN0P_/D (sg13g2_dfrbpq_1)   15.48    3.01   12.47 (MET)
y_reg[9]$_SDFFE_PN0P_/D (sg13g2_dfrbpq_1)   15.48    3.01   12.47 (MET)
y_reg[9]$_SDFFE_PN0P_/D (sg13g2_dfrbpq_1)   15.48    3.01   12.47 (MET)
y_reg[9]$_SDFFE_PN0P_/D (sg13g2_dfrbpq_1)   15.48    3.01   12.47 (MET)
y_reg[9]$_SDFFE_PN0P_/D (sg13g2_dfrbpq_1)   15.48    3.01   12.47 (MET)
y_reg[6]$_SDFFE_PN0P_/D (sg13g2_dfrbpq_1)   15.49    3.02   12.47 (MET)
y_reg[6]$_SDFFE_PN0P_/D (sg13g2_dfrbpq_1)   15.49    3.02   12.47 (MET)
y_reg[9]$_SDFFE_PN0P_/D (sg13g2_dfrbpq_1)   15.48    3.01   12.47 (MET)
y_reg[9]$_SDFFE_PN0P_/D (sg13g2_dfrbpq_1)   15.48    3.01   12.47 (MET)
y_reg[6]$_SDFFE_PN0P_/D (sg13g2_dfrbpq_1)   15.49    3.02   12.47 (MET)
y_reg[6]$_SDFFE_PN0P_/D (sg13g2_dfrbpq_1)   15.49    3.02   12.47 (MET)
x_reg[9]$_SDFFE_PN0P_/D (sg13g2_dfrbpq_1)   15.49    3.01   12.47 (MET)
x_reg[9]$_SDFFE_PN0P_/D (sg13g2_dfrbpq_1)   15.49    3.01   12.47 (MET)
y_reg[6]$_SDFFE_PN0P_/D (sg13g2_dfrbpq_1)   15.49    3.02   12.47 (MET)
y_reg[6]$_SDFFE_PN0P_/D (sg13g2_dfrbpq_1)   15.49    3.02   12.47 (MET)
y_reg[6]$_SDFFE_PN0P_/D (sg13g2_dfrbpq_1)   15.49    3.02   12.47 (MET)
y_reg[6]$_SDFFE_PN0P_/D (sg13g2_dfrbpq_1)   15.49    3.02   12.47 (MET)
y_reg[7]$_SDFFE_PN0P_/D (sg13g2_dfrbpq_1)   15.49    3.01   12.47 (MET)
y_reg[7]$_SDFFE_PN0P_/D (sg13g2_dfrbpq_1)   15.49    3.01   12.47 (MET)
y_reg[7]$_SDFFE_PN0P_/D (sg13g2_dfrbpq_1)   15.49    3.01   12.47 (MET)
y_reg[7]$_SDFFE_PN0P_/D (sg13g2_dfrbpq_1)   15.49    3.01   12.47 (MET)
y_reg[8]$_SDFFE_PN0P_/D (sg13g2_dfrbpq_1)   15.49    3.01   12.47 (MET)
y_reg[8]$_SDFFE_PN0P_/D (sg13g2_dfrbpq_1)   15.49    3.01   12.47 (MET)
y_reg[8]$_SDFFE_PN0P_/D (sg13g2_dfrbpq_1)   15.49    3.01   12.47 (MET)
y_reg[8]$_SDFFE_PN0P_/D (sg13g2_dfrbpq_1)   15.49    3.01   12.47 (MET)
y_reg[8]$_SDFFE_PN0P_/D (sg13g2_dfrbpq_1)   15.49    3.01   12.47 (MET)
y_reg[8]$_SDFFE_PN0P_/D (sg13g2_dfrbpq_1)   15.49    3.01   12.48 (MET)
x_reg[6]$_SDFFE_PN0P_/D (sg13g2_dfrbpq_1)   15.47    2.99   12.48 (MET)
x_reg[6]$_SDFFE_PN0P_/D (sg13g2_dfrbpq_1)   15.47    2.99   12.48 (MET)
x_reg[6]$_SDFFE_PN0P_/D (sg13g2_dfrbpq_1)   15.47    2.99   12.48 (MET)
x_reg[6]$_SDFFE_PN0P_/D (sg13g2_dfrbpq_1)   15.47    2.99   12.48 (MET)
y_reg[6]$_SDFFE_PN0P_/D (sg13g2_dfrbpq_1)   15.49    3.02   12.48 (MET)
y_reg[6]$_SDFFE_PN0P_/D (sg13g2_dfrbpq_1)   15.49    3.02   12.48 (MET)
x_reg[8]$_SDFFE_PN0P_/D (sg13g2_dfrbpq_1)   15.49    3.01   12.48 (MET)
x_reg[8]$_SDFFE_PN0P_/D (sg13g2_dfrbpq_1)   15.49    3.01   12.48 (MET)
x_reg[8]$_SDFFE_PN0P_/D (sg13g2_dfrbpq_1)   15.49    3.01   12.48 (MET)
x_reg[8]$_SDFFE_PN0P_/D (sg13g2_dfrbpq_1)   15.49    3.01   12.48 (MET)
y_reg[6]$_SDFFE_PN0P_/D (sg13g2_dfrbpq_1)   15.49    3.02   12.48 (MET)
y_reg[6]$_SDFFE_PN0P_/D (sg13g2_dfrbpq_1)   15.49    3.02   12.48 (MET)
y_reg[8]$_SDFFE_PN0P_/D (sg13g2_dfrbpq_1)   15.48    3.00   12.48 (MET)
y_reg[8]$_SDFFE_PN0P_/D (sg13g2_dfrbpq_1)   15.48    3.00   12.48 (MET)
y_reg[8]$_SDFFE_PN0P_/D (sg13g2_dfrbpq_1)   15.48    3.00   12.48 (MET)
y_reg[8]$_SDFFE_PN0P_/D (sg13g2_dfrbpq_1)   15.48    3.00   12.48 (MET)
y_reg[9]$_SDFFE_PN0P_/D (sg13g2_dfrbpq_1)   15.48    3.01   12.48 (MET)
y_reg[9]$_SDFFE_PN0P_/D (sg13g2_dfrbpq_1)   15.48    3.01   12.48 (MET)
y_reg[9]$_SDFFE_PN0P_/D (sg13g2_dfrbpq_1)   15.48    3.01   12.48 (MET)
y_reg[8]$_SDFFE_PN0P_/D (sg13g2_dfrbpq_1)   15.48    3.00   12.48 (MET)
y_reg[8]$_SDFFE_PN0P_/D (sg13g2_dfrbpq_1)   15.48    3.00   12.48 (MET)
y_reg[8]$_SDFFE_PN0P_/D (sg13g2_dfrbpq_1)   15.48    3.00   12.48 (MET)
y_reg[8]$_SDFFE_PN0P_/D (sg13g2_dfrbpq_1)   15.48    3.00   12.48 (MET)
x_reg[8]$_SDFFE_PN0P_/D (sg13g2_dfrbpq_1)   15.49    3.01   12.48 (MET)
x_reg[8]$_SDFFE_PN0P_/D (sg13g2_dfrbpq_1)   15.49    3.01   12.48 (MET)
y_reg[8]$_SDFFE_PN0P_/D (sg13g2_dfrbpq_1)   15.48    3.00   12.48 (MET)
y_reg[8]$_SDFFE_PN0P_/D (sg13g2_dfrbpq_1)   15.48    3.00   12.48 (MET)
y_reg[8]$_SDFFE_PN0P_/D (sg13g2_dfrbpq_1)   15.48    3.00   12.48 (MET)
y_reg[8]$_SDFFE_PN0P_/D (sg13g2_dfrbpq_1)   15.48    3.00   12.48 (MET)
y_reg[9]$_SDFFE_PN0P_/D (sg13g2_dfrbpq_1)   15.48    3.01   12.48 (MET)
y_reg[9]$_SDFFE_PN0P_/D (sg13g2_dfrbpq_1)   15.48    3.01   12.48 (MET)
y_reg[9]$_SDFFE_PN0P_/D (sg13g2_dfrbpq_1)   15.48    3.01   12.48 (MET)
y_reg[9]$_SDFFE_PN0P_/D (sg13g2_dfrbpq_1)   15.48    3.01   12.48 (MET)
y_reg[9]$_SDFFE_PN0P_/D (sg13g2_dfrbpq_1)   15.48    3.01   12.48 (MET)
y_reg[9]$_SDFFE_PN0P_/D (sg13g2_dfrbpq_1)   15.48    3.01   12.48 (MET)
y_reg[9]$_SDFFE_PN0P_/D (sg13g2_dfrbpq_1)   15.48    3.01   12.48 (MET)
y_reg[9]$_SDFFE_PN0P_/D (sg13g2_dfrbpq_1)   15.48    3.01   12.48 (MET)
x_reg[8]$_SDFFE_PN0P_/D (sg13g2_dfrbpq_1)   15.49    3.02   12.48 (MET)
x_reg[8]$_SDFFE_PN0P_/D (sg13g2_dfrbpq_1)   15.49    3.02   12.48 (MET)
x_reg[3]$_SDFFE_PN0P_/D (sg13g2_dfrbpq_1)   15.47    2.99   12.48 (MET)
x_reg[3]$_SDFFE_PN0P_/D (sg13g2_dfrbpq_1)   15.47    2.99   12.48 (MET)
y_reg[9]$_SDFFE_PN0P_/D (sg13g2_dfrbpq_1)   15.48    3.01   12.48 (MET)
y_reg[9]$_SDFFE_PN0P_/D (sg13g2_dfrbpq_1)   15.48    3.01   12.48 (MET)
y_reg[9]$_SDFFE_PN0P_/D (sg13g2_dfrbpq_1)   15.48    3.01   12.48 (MET)
y_reg[9]$_SDFFE_PN0P_/D (sg13g2_dfrbpq_1)   15.48    3.01   12.48 (MET)
x_reg[8]$_SDFFE_PN0P_/D (sg13g2_dfrbpq_1)   15.49    3.02   12.48 (MET)
x_reg[8]$_SDFFE_PN0P_/D (sg13g2_dfrbpq_1)   15.49    3.02   12.48 (MET)
x_reg[8]$_SDFFE_PN0P_/D (sg13g2_dfrbpq_1)   15.49    3.02   12.48 (MET)
x_reg[8]$_SDFFE_PN0P_/D (sg13g2_dfrbpq_1)   15.49    3.02   12.48 (MET)
x_reg[8]$_SDFFE_PN0P_/D (sg13g2_dfrbpq_1)   15.49    3.01   12.48 (MET)
x_reg[8]$_SDFFE_PN0P_/D (sg13g2_dfrbpq_1)   15.49    3.01   12.48 (MET)
y_reg[8]$_SDFFE_PN0P_/D (sg13g2_dfrbpq_1)   15.49    3.01   12.48 (MET)
y_reg[8]$_SDFFE_PN0P_/D (sg13g2_dfrbpq_1)   15.49    3.01   12.48 (MET)
y_reg[8]$_SDFFE_PN0P_/D (sg13g2_dfrbpq_1)   15.49    3.01   12.48 (MET)
y_reg[8]$_SDFFE_PN0P_/D (sg13g2_dfrbpq_1)   15.49    3.01   12.48 (MET)
y_reg[8]$_SDFFE_PN0P_/D (sg13g2_dfrbpq_1)   15.49    3.01   12.48 (MET)
y_reg[8]$_SDFFE_PN0P_/D (sg13g2_dfrbpq_1)   15.49    3.01   12.48 (MET)
y_reg[8]$_SDFFE_PN0P_/D (sg13g2_dfrbpq_1)   15.49    3.01   12.48 (MET)
y_reg[8]$_SDFFE_PN0P_/D (sg13g2_dfrbpq_1)   15.49    3.01   12.48 (MET)
y_reg[8]$_SDFFE_PN0P_/D (sg13g2_dfrbpq_1)   15.49    3.01   12.48 (MET)
y_reg[8]$_SDFFE_PN0P_/D (sg13g2_dfrbpq_1)   15.49    3.01   12.48 (MET)
y_reg[8]$_SDFFE_PN0P_/D (sg13g2_dfrbpq_1)   15.49    3.01   12.48 (MET)
y_reg[8]$_SDFFE_PN0P_/D (sg13g2_dfrbpq_1)   15.49    3.01   12.48 (MET)
y_reg[8]$_SDFFE_PN0P_/D (sg13g2_dfrbpq_1)   15.49    3.01   12.48 (MET)
y_reg[8]$_SDFFE_PN0P_/D (sg13g2_dfrbpq_1)   15.49    3.01   12.48 (MET)
x_reg[8]$_SDFFE_PN0P_/D (sg13g2_dfrbpq_1)   15.49    3.01   12.48 (MET)
x_reg[8]$_SDFFE_PN0P_/D (sg13g2_dfrbpq_1)   15.49    3.01   12.48 (MET)
y_reg[9]$_SDFFE_PN0P_/D (sg13g2_dfrbpq_1)   15.48    3.01   12.48 (MET)
y_reg[9]$_SDFFE_PN0P_/D (sg13g2_dfrbpq_1)   15.48    3.01   12.48 (MET)
y_reg[8]$_SDFFE_PN0P_/D (sg13g2_dfrbpq_1)   15.49    3.01   12.48 (MET)
y_reg[8]$_SDFFE_PN0P_/D (sg13g2_dfrbpq_1)   15.49    3.01   12.48 (MET)
y_reg[8]$_SDFFE_PN0P_/D (sg13g2_dfrbpq_1)   15.49    3.01   12.48 (MET)
y_reg[8]$_SDFFE_PN0P_/D (sg13g2_dfrbpq_1)   15.49    3.01   12.48 (MET)
y_reg[8]$_SDFFE_PN0P_/D (sg13g2_dfrbpq_1)   15.49    3.01   12.48 (MET)
y_reg[8]$_SDFFE_PN0P_/D (sg13g2_dfrbpq_1)   15.49    3.01   12.48 (MET)
y_reg[8]$_SDFFE_PN0P_/D (sg13g2_dfrbpq_1)   15.49    3.01   12.48 (MET)
y_reg[8]$_SDFFE_PN0P_/D (sg13g2_dfrbpq_1)   15.49    3.01   12.48 (MET)
y_reg[8]$_SDFFE_PN0P_/D (sg13g2_dfrbpq_1)   15.49    3.01   12.48 (MET)
y_reg[8]$_SDFFE_PN0P_/D (sg13g2_dfrbpq_1)   15.49    3.01   12.48 (MET)
y_reg[8]$_SDFFE_PN0P_/D (sg13g2_dfrbpq_1)   15.49    3.01   12.48 (MET)
y_reg[8]$_SDFFE_PN0P_/D (sg13g2_dfrbpq_1)   15.49    3.01   12.48 (MET)
y_reg[9]$_SDFFE_PN0P_/D (sg13g2_dfrbpq_1)   15.48    3.01   12.48 (MET)
x_reg[7]$_SDFFE_PN0P_/D (sg13g2_dfrbpq_1)   15.48    3.01   12.48 (MET)
x_reg[7]$_SDFFE_PN0P_/D (sg13g2_dfrbpq_1)   15.48    3.01   12.48 (MET)
y_reg[9]$_SDFFE_PN0P_/D (sg13g2_dfrbpq_1)   15.49    3.01   12.48 (MET)
y_reg[9]$_SDFFE_PN0P_/D (sg13g2_dfrbpq_1)   15.49    3.01   12.48 (MET)
y_reg[9]$_SDFFE_PN0P_/D (sg13g2_dfrbpq_1)   15.49    3.01   12.48 (MET)
y_reg[9]$_SDFFE_PN0P_/D (sg13g2_dfrbpq_1)   15.49    3.01   12.48 (MET)
y_reg[8]$_SDFFE_PN0P_/D (sg13g2_dfrbpq_1)   15.49    3.01   12.48 (MET)
y_reg[9]$_SDFFE_PN0P_/D (sg13g2_dfrbpq_1)   15.49    3.01   12.48 (MET)
y_reg[9]$_SDFFE_PN0P_/D (sg13g2_dfrbpq_1)   15.49    3.01   12.48 (MET)
y_reg[9]$_SDFFE_PN0P_/D (sg13g2_dfrbpq_1)   15.49    3.01   12.48 (MET)
y_reg[9]$_SDFFE_PN0P_/D (sg13g2_dfrbpq_1)   15.49    3.01   12.48 (MET)
y_reg[9]$_SDFFE_PN0P_/D (sg13g2_dfrbpq_1)   15.49    3.01   12.48 (MET)
y_reg[9]$_SDFFE_PN0P_/D (sg13g2_dfrbpq_1)   15.49    3.01   12.48 (MET)
y_reg[9]$_SDFFE_PN0P_/D (sg13g2_dfrbpq_1)   15.49    3.01   12.48 (MET)
y_reg[9]$_SDFFE_PN0P_/D (sg13g2_dfrbpq_1)   15.49    3.01   12.48 (MET)
x_reg[7]$_SDFFE_PN0P_/D (sg13g2_dfrbpq_1)   15.48    3.01   12.48 (MET)
x_reg[7]$_SDFFE_PN0P_/D (sg13g2_dfrbpq_1)   15.48    3.01   12.48 (MET)
y_reg[8]$_SDFFE_PN0P_/D (sg13g2_dfrbpq_1)   15.49    3.01   12.48 (MET)
y_reg[8]$_SDFFE_PN0P_/D (sg13g2_dfrbpq_1)   15.49    3.01   12.48 (MET)
sel_sin_r$_SDFFE_PN0P_/D (sg13g2_dfrbpq_1)   15.48    3.00   12.48 (MET)
sel_sin_r$_SDFFE_PN0P_/D (sg13g2_dfrbpq_1)   15.48    3.00   12.48 (MET)
y_reg[8]$_SDFFE_PN0P_/D (sg13g2_dfrbpq_1)   15.49    3.01   12.48 (MET)
y_reg[8]$_SDFFE_PN0P_/D (sg13g2_dfrbpq_1)   15.49    3.01   12.48 (MET)
y_reg[8]$_SDFFE_PN0P_/D (sg13g2_dfrbpq_1)   15.49    3.01   12.48 (MET)
y_reg[8]$_SDFFE_PN0P_/D (sg13g2_dfrbpq_1)   15.49    3.01   12.48 (MET)
y_reg[9]$_SDFFE_PN0P_/D (sg13g2_dfrbpq_1)   15.49    3.01   12.48 (MET)
y_reg[9]$_SDFFE_PN0P_/D (sg13g2_dfrbpq_1)   15.49    3.01   12.48 (MET)
y_reg[9]$_SDFFE_PN0P_/D (sg13g2_dfrbpq_1)   15.49    3.01   12.48 (MET)
y_reg[9]$_SDFFE_PN0P_/D (sg13g2_dfrbpq_1)   15.49    3.01   12.48 (MET)
y_reg[9]$_SDFFE_PN0P_/D (sg13g2_dfrbpq_1)   15.49    3.01   12.48 (MET)
y_reg[9]$_SDFFE_PN0P_/D (sg13g2_dfrbpq_1)   15.49    3.01   12.48 (MET)
y_reg[9]$_SDFFE_PN0P_/D (sg13g2_dfrbpq_1)   15.49    3.01   12.48 (MET)
y_reg[9]$_SDFFE_PN0P_/D (sg13g2_dfrbpq_1)   15.49    3.01   12.48 (MET)
y_reg[7]$_SDFFE_PN0P_/D (sg13g2_dfrbpq_1)   15.48    3.00   12.48 (MET)
y_reg[7]$_SDFFE_PN0P_/D (sg13g2_dfrbpq_1)   15.48    3.00   12.48 (MET)
x_reg[2]$_SDFFE_PN0P_/D (sg13g2_dfrbpq_1)   15.47    2.99   12.48 (MET)
x_reg[2]$_SDFFE_PN0P_/D (sg13g2_dfrbpq_1)   15.47    2.99   12.48 (MET)
x_reg[6]$_SDFFE_PN0P_/D (sg13g2_dfrbpq_1)   15.47    2.99   12.48 (MET)
x_reg[6]$_SDFFE_PN0P_/D (sg13g2_dfrbpq_1)   15.47    2.99   12.48 (MET)
y_reg[7]$_SDFFE_PN0P_/D (sg13g2_dfrbpq_1)   15.48    3.00   12.48 (MET)
y_reg[7]$_SDFFE_PN0P_/D (sg13g2_dfrbpq_1)   15.48    3.00   12.48 (MET)
y_reg[9]$_SDFFE_PN0P_/D (sg13g2_dfrbpq_1)   15.49    3.01   12.48 (MET)
y_reg[9]$_SDFFE_PN0P_/D (sg13g2_dfrbpq_1)   15.49    3.01   12.48 (MET)
y_reg[8]$_SDFFE_PN0P_/D (sg13g2_dfrbpq_1)   15.49    3.01   12.48 (MET)
y_reg[9]$_SDFFE_PN0P_/D (sg13g2_dfrbpq_1)   15.49    3.01   12.48 (MET)
y_reg[9]$_SDFFE_PN0P_/D (sg13g2_dfrbpq_1)   15.49    3.01   12.48 (MET)
x_reg[8]$_SDFFE_PN0P_/D (sg13g2_dfrbpq_1)   15.49    3.01   12.48 (MET)
x_reg[8]$_SDFFE_PN0P_/D (sg13g2_dfrbpq_1)   15.49    3.01   12.48 (MET)
y_reg[8]$_SDFFE_PN0P_/D (sg13g2_dfrbpq_1)   15.49    3.01   12.48 (MET)
y_reg[8]$_SDFFE_PN0P_/D (sg13g2_dfrbpq_1)   15.49    3.01   12.48 (MET)
x_reg[8]$_SDFFE_PN0P_/D (sg13g2_dfrbpq_1)   15.49    3.01   12.48 (MET)
x_reg[8]$_SDFFE_PN0P_/D (sg13g2_dfrbpq_1)   15.49    3.01   12.48 (MET)
y_reg[9]$_SDFFE_PN0P_/D (sg13g2_dfrbpq_1)   15.49    3.01   12.48 (MET)
y_reg[9]$_SDFFE_PN0P_/D (sg13g2_dfrbpq_1)   15.49    3.01   12.48 (MET)
y_reg[9]$_SDFFE_PN0P_/D (sg13g2_dfrbpq_1)   15.49    3.01   12.48 (MET)
y_reg[9]$_SDFFE_PN0P_/D (sg13g2_dfrbpq_1)   15.49    3.01   12.48 (MET)
y_reg[9]$_SDFFE_PN0P_/D (sg13g2_dfrbpq_1)   15.49    3.01   12.48 (MET)
y_reg[9]$_SDFFE_PN0P_/D (sg13g2_dfrbpq_1)   15.49    3.01   12.48 (MET)
y_reg[9]$_SDFFE_PN0P_/D (sg13g2_dfrbpq_1)   15.48    3.01   12.48 (MET)
y_reg[9]$_SDFFE_PN0P_/D (sg13g2_dfrbpq_1)   15.48    3.01   12.48 (MET)
x_reg[8]$_SDFFE_PN0P_/D (sg13g2_dfrbpq_1)   15.49    3.01   12.48 (MET)
x_reg[8]$_SDFFE_PN0P_/D (sg13g2_dfrbpq_1)   15.49    3.01   12.48 (MET)
y_reg[9]$_SDFFE_PN0P_/D (sg13g2_dfrbpq_1)   15.48    3.01   12.48 (MET)
y_reg[9]$_SDFFE_PN0P_/D (sg13g2_dfrbpq_1)   15.48    3.01   12.48 (MET)
y_reg[9]$_SDFFE_PN0P_/D (sg13g2_dfrbpq_1)   15.48    3.01   12.48 (MET)
x_reg[8]$_SDFFE_PN0P_/D (sg13g2_dfrbpq_1)   15.49    3.01   12.48 (MET)
x_reg[8]$_SDFFE_PN0P_/D (sg13g2_dfrbpq_1)   15.49    3.01   12.48 (MET)
y_reg[9]$_SDFFE_PN0P_/D (sg13g2_dfrbpq_1)   15.48    3.01   12.48 (MET)
x_reg[8]$_SDFFE_PN0P_/D (sg13g2_dfrbpq_1)   15.49    3.01   12.48 (MET)
x_reg[8]$_SDFFE_PN0P_/D (sg13g2_dfrbpq_1)   15.49    3.01   12.48 (MET)
x_reg[8]$_SDFFE_PN0P_/D (sg13g2_dfrbpq_1)   15.49    3.01   12.48 (MET)
x_reg[8]$_SDFFE_PN0P_/D (sg13g2_dfrbpq_1)   15.49    3.01   12.48 (MET)
y_reg[8]$_SDFFE_PN0P_/D (sg13g2_dfrbpq_1)   15.49    3.01   12.48 (MET)
y_reg[8]$_SDFFE_PN0P_/D (sg13g2_dfrbpq_1)   15.49    3.01   12.48 (MET)
y_reg[8]$_SDFFE_PN0P_/D (sg13g2_dfrbpq_1)   15.49    3.01   12.48 (MET)
y_reg[8]$_SDFFE_PN0P_/D (sg13g2_dfrbpq_1)   15.49    3.01   12.48 (MET)
x_reg[8]$_SDFFE_PN0P_/D (sg13g2_dfrbpq_1)   15.49    3.01   12.48 (MET)
x_reg[8]$_SDFFE_PN0P_/D (sg13g2_dfrbpq_1)   15.49    3.01   12.48 (MET)
x_reg[9]$_SDFFE_PN0P_/D (sg13g2_dfrbpq_1)   15.49    3.01   12.48 (MET)
x_reg[9]$_SDFFE_PN0P_/D (sg13g2_dfrbpq_1)   15.49    3.01   12.48 (MET)
x_reg[9]$_SDFFE_PN0P_/D (sg13g2_dfrbpq_1)   15.49    3.01   12.48 (MET)
x_reg[9]$_SDFFE_PN0P_/D (sg13g2_dfrbpq_1)   15.49    3.01   12.48 (MET)
x_reg[9]$_SDFFE_PN0P_/D (sg13g2_dfrbpq_1)   15.49    3.01   12.48 (MET)
x_reg[9]$_SDFFE_PN0P_/D (sg13g2_dfrbpq_1)   15.49    3.01   12.48 (MET)
x_reg[9]$_SDFFE_PN0P_/D (sg13g2_dfrbpq_1)   15.49    3.01   12.48 (MET)
x_reg[9]$_SDFFE_PN0P_/D (sg13g2_dfrbpq_1)   15.49    3.01   12.48 (MET)
x_reg[9]$_SDFFE_PN0P_/D (sg13g2_dfrbpq_1)   15.49    3.01   12.48 (MET)
x_reg[9]$_SDFFE_PN0P_/D (sg13g2_dfrbpq_1)   15.49    3.01   12.48 (MET)
x_reg[9]$_SDFFE_PN0P_/D (sg13g2_dfrbpq_1)   15.49    3.01   12.48 (MET)
x_reg[9]$_SDFFE_PN0P_/D (sg13g2_dfrbpq_1)   15.49    3.01   12.48 (MET)
x_reg[9]$_SDFFE_PN0P_/D (sg13g2_dfrbpq_1)   15.49    3.01   12.48 (MET)
x_reg[9]$_SDFFE_PN0P_/D (sg13g2_dfrbpq_1)   15.49    3.01   12.48 (MET)
x_reg[9]$_SDFFE_PN0P_/D (sg13g2_dfrbpq_1)   15.49    3.01   12.48 (MET)
x_reg[9]$_SDFFE_PN0P_/D (sg13g2_dfrbpq_1)   15.49    3.01   12.48 (MET)
y_reg[8]$_SDFFE_PN0P_/D (sg13g2_dfrbpq_1)   15.49    3.01   12.48 (MET)
y_reg[8]$_SDFFE_PN0P_/D (sg13g2_dfrbpq_1)   15.49    3.01   12.48 (MET)
x_reg[6]$_SDFFE_PN0P_/D (sg13g2_dfrbpq_1)   15.47    2.99   12.48 (MET)
x_reg[6]$_SDFFE_PN0P_/D (sg13g2_dfrbpq_1)   15.47    2.99   12.48 (MET)
y_reg[8]$_SDFFE_PN0P_/D (sg13g2_dfrbpq_1)   15.49    3.01   12.48 (MET)
y_reg[8]$_SDFFE_PN0P_/D (sg13g2_dfrbpq_1)   15.48    3.00   12.48 (MET)
y_reg[8]$_SDFFE_PN0P_/D (sg13g2_dfrbpq_1)   15.48    3.00   12.48 (MET)
y_reg[9]$_SDFFE_PN0P_/D (sg13g2_dfrbpq_1)   15.49    3.01   12.48 (MET)
y_reg[9]$_SDFFE_PN0P_/D (sg13g2_dfrbpq_1)   15.49    3.01   12.48 (MET)
y_reg[9]$_SDFFE_PN0P_/D (sg13g2_dfrbpq_1)   15.49    3.01   12.48 (MET)
y_reg[9]$_SDFFE_PN0P_/D (sg13g2_dfrbpq_1)   15.49    3.01   12.48 (MET)
x_reg[8]$_SDFFE_PN0P_/D (sg13g2_dfrbpq_1)   15.49    3.01   12.48 (MET)
y_reg[9]$_SDFFE_PN0P_/D (sg13g2_dfrbpq_1)   15.48    3.00   12.48 (MET)
x_reg[8]$_SDFFE_PN0P_/D (sg13g2_dfrbpq_1)   15.49    3.01   12.48 (MET)
y_reg[9]$_SDFFE_PN0P_/D (sg13g2_dfrbpq_1)   15.48    3.00   12.48 (MET)
y_reg[9]$_SDFFE_PN0P_/D (sg13g2_dfrbpq_1)   15.48    3.00   12.48 (MET)
x_reg[8]$_SDFFE_PN0P_/D (sg13g2_dfrbpq_1)   15.49    3.01   12.48 (MET)
x_reg[8]$_SDFFE_PN0P_/D (sg13g2_dfrbpq_1)   15.49    3.01   12.48 (MET)
y_reg[9]$_SDFFE_PN0P_/D (sg13g2_dfrbpq_1)   15.48    3.00   12.48 (MET)
y_reg[7]$_SDFFE_PN0P_/D (sg13g2_dfrbpq_1)   15.48    3.00   12.48 (MET)
y_reg[7]$_SDFFE_PN0P_/D (sg13g2_dfrbpq_1)   15.48    3.00   12.48 (MET)
y_reg[9]$_SDFFE_PN0P_/D (sg13g2_dfrbpq_1)   15.49    3.01   12.48 (MET)
y_reg[9]$_SDFFE_PN0P_/D (sg13g2_dfrbpq_1)   15.49    3.01   12.48 (MET)
x_reg[8]$_SDFFE_PN0P_/D (sg13g2_dfrbpq_1)   15.49    3.01   12.48 (MET)
x_reg[8]$_SDFFE_PN0P_/D (sg13g2_dfrbpq_1)   15.49    3.01   12.48 (MET)
y_reg[9]$_SDFFE_PN0P_/D (sg13g2_dfrbpq_1)   15.48    3.00   12.48 (MET)
y_reg[8]$_SDFFE_PN0P_/D (sg13g2_dfrbpq_1)   15.49    3.01   12.48 (MET)
y_reg[8]$_SDFFE_PN0P_/D (sg13g2_dfrbpq_1)   15.49    3.01   12.48 (MET)
y_reg[8]$_SDFFE_PN0P_/D (sg13g2_dfrbpq_1)   15.49    3.01   12.48 (MET)
y_reg[8]$_SDFFE_PN0P_/D (sg13g2_dfrbpq_1)   15.49    3.01   12.48 (MET)
y_reg[8]$_SDFFE_PN0P_/D (sg13g2_dfrbpq_1)   15.49    3.01   12.48 (MET)
y_reg[8]$_SDFFE_PN0P_/D (sg13g2_dfrbpq_1)   15.49    3.01   12.48 (MET)
y_reg[9]$_SDFFE_PN0P_/D (sg13g2_dfrbpq_1)   15.48    3.00   12.48 (MET)
z_reg[4]$_SDFFE_PN0P_/D (sg13g2_dfrbpq_1)   15.48    3.00   12.48 (MET)
z_reg[4]$_SDFFE_PN0P_/D (sg13g2_dfrbpq_1)   15.48    3.00   12.48 (MET)
z_reg[4]$_SDFFE_PN0P_/D (sg13g2_dfrbpq_1)   15.48    3.00   12.48 (MET)
z_reg[4]$_SDFFE_PN0P_/D (sg13g2_dfrbpq_1)   15.48    3.00   12.48 (MET)
y_reg[9]$_SDFFE_PN0P_/D (sg13g2_dfrbpq_1)   15.48    3.00   12.48 (MET)
y_reg[9]$_SDFFE_PN0P_/D (sg13g2_dfrbpq_1)   15.48    3.00   12.48 (MET)
y_reg[9]$_SDFFE_PN0P_/D (sg13g2_dfrbpq_1)   15.48    3.00   12.48 (MET)
y_reg[9]$_SDFFE_PN0P_/D (sg13g2_dfrbpq_1)   15.48    3.00   12.48 (MET)
y_reg[9]$_SDFFE_PN0P_/D (sg13g2_dfrbpq_1)   15.48    3.00   12.48 (MET)
y_reg[9]$_SDFFE_PN0P_/D (sg13g2_dfrbpq_1)   15.48    3.00   12.48 (MET)
y_reg[9]$_SDFFE_PN0P_/D (sg13g2_dfrbpq_1)   15.48    3.00   12.48 (MET)
y_reg[9]$_SDFFE_PN0P_/D (sg13g2_dfrbpq_1)   15.48    3.00   12.48 (MET)
y_reg[9]$_SDFFE_PN0P_/D (sg13g2_dfrbpq_1)   15.48    3.00   12.48 (MET)
y_reg[9]$_SDFFE_PN0P_/D (sg13g2_dfrbpq_1)   15.48    3.00   12.48 (MET)
y_reg[9]$_SDFFE_PN0P_/D (sg13g2_dfrbpq_1)   15.48    3.00   12.48 (MET)
y_reg[9]$_SDFFE_PN0P_/D (sg13g2_dfrbpq_1)   15.48    3.00   12.48 (MET)
y_reg[9]$_SDFFE_PN0P_/D (sg13g2_dfrbpq_1)   15.48    3.00   12.48 (MET)
y_reg[9]$_SDFFE_PN0P_/D (sg13g2_dfrbpq_1)   15.48    3.00   12.48 (MET)
y_reg[9]$_SDFFE_PN0P_/D (sg13g2_dfrbpq_1)   15.48    3.00   12.48 (MET)
y_reg[9]$_SDFFE_PN0P_/D (sg13g2_dfrbpq_1)   15.48    3.00   12.48 (MET)
y_reg[9]$_SDFFE_PN0P_/D (sg13g2_dfrbpq_1)   15.48    3.00   12.48 (MET)
y_reg[9]$_SDFFE_PN0P_/D (sg13g2_dfrbpq_1)   15.48    3.00   12.48 (MET)
y_reg[8]$_SDFFE_PN0P_/D (sg13g2_dfrbpq_1)   15.48    3.00   12.48 (MET)
y_reg[8]$_SDFFE_PN0P_/D (sg13g2_dfrbpq_1)   15.48    3.00   12.48 (MET)
y_reg[8]$_SDFFE_PN0P_/D (sg13g2_dfrbpq_1)   15.48    3.00   12.48 (MET)
y_reg[8]$_SDFFE_PN0P_/D (sg13g2_dfrbpq_1)   15.48    3.00   12.48 (MET)
y_reg[8]$_SDFFE_PN0P_/D (sg13g2_dfrbpq_1)   15.48    3.00   12.48 (MET)
y_reg[8]$_SDFFE_PN0P_/D (sg13g2_dfrbpq_1)   15.48    3.00   12.48 (MET)
y_reg[8]$_SDFFE_PN0P_/D (sg13g2_dfrbpq_1)   15.48    3.00   12.48 (MET)
y_reg[8]$_SDFFE_PN0P_/D (sg13g2_dfrbpq_1)   15.48    3.00   12.48 (MET)
x_reg[8]$_SDFFE_PN0P_/D (sg13g2_dfrbpq_1)   15.49    3.01   12.48 (MET)
y_reg[8]$_SDFFE_PN0P_/D (sg13g2_dfrbpq_1)   15.49    3.01   12.48 (MET)
y_reg[8]$_SDFFE_PN0P_/D (sg13g2_dfrbpq_1)   15.49    3.01   12.48 (MET)
x_reg[9]$_SDFFE_PN0P_/D (sg13g2_dfrbpq_1)   15.49    3.01   12.48 (MET)
x_reg[9]$_SDFFE_PN0P_/D (sg13g2_dfrbpq_1)   15.49    3.01   12.48 (MET)
x_reg[9]$_SDFFE_PN0P_/D (sg13g2_dfrbpq_1)   15.49    3.01   12.48 (MET)
x_reg[9]$_SDFFE_PN0P_/D (sg13g2_dfrbpq_1)   15.49    3.01   12.48 (MET)
x_reg[8]$_SDFFE_PN0P_/D (sg13g2_dfrbpq_1)   15.49    3.01   12.48 (MET)
y_reg[8]$_SDFFE_PN0P_/D (sg13g2_dfrbpq_1)   15.49    3.01   12.48 (MET)
y_reg[8]$_SDFFE_PN0P_/D (sg13g2_dfrbpq_1)   15.49    3.01   12.48 (MET)
y_reg[8]$_SDFFE_PN0P_/D (sg13g2_dfrbpq_1)   15.48    3.00   12.48 (MET)
y_reg[8]$_SDFFE_PN0P_/D (sg13g2_dfrbpq_1)   15.48    3.00   12.48 (MET)
y_reg[8]$_SDFFE_PN0P_/D (sg13g2_dfrbpq_1)   15.48    3.00   12.48 (MET)
y_reg[8]$_SDFFE_PN0P_/D (sg13g2_dfrbpq_1)   15.48    3.00   12.48 (MET)
y_reg[8]$_SDFFE_PN0P_/D (sg13g2_dfrbpq_1)   15.49    3.01   12.48 (MET)
y_reg[9]$_SDFFE_PN0P_/D (sg13g2_dfrbpq_1)   15.48    3.00   12.48 (MET)
y_reg[9]$_SDFFE_PN0P_/D (sg13g2_dfrbpq_1)   15.48    3.00   12.48 (MET)
y_reg[9]$_SDFFE_PN0P_/D (sg13g2_dfrbpq_1)   15.48    3.00   12.48 (MET)
y_reg[9]$_SDFFE_PN0P_/D (sg13g2_dfrbpq_1)   15.48    3.00   12.48 (MET)
y_reg[9]$_SDFFE_PN0P_/D (sg13g2_dfrbpq_1)   15.48    3.00   12.48 (MET)
y_reg[9]$_SDFFE_PN0P_/D (sg13g2_dfrbpq_1)   15.48    3.00   12.48 (MET)
y_reg[8]$_SDFFE_PN0P_/D (sg13g2_dfrbpq_1)   15.49    3.01   12.48 (MET)
y_reg[9]$_SDFFE_PN0P_/D (sg13g2_dfrbpq_1)   15.48    3.00   12.48 (MET)
y_reg[9]$_SDFFE_PN0P_/D (sg13g2_dfrbpq_1)   15.48    3.00   12.48 (MET)
y_reg[9]$_SDFFE_PN0P_/D (sg13g2_dfrbpq_1)   15.48    3.00   12.48 (MET)
y_reg[9]$_SDFFE_PN0P_/D (sg13g2_dfrbpq_1)   15.48    3.00   12.48 (MET)
y_reg[9]$_SDFFE_PN0P_/D (sg13g2_dfrbpq_1)   15.48    3.00   12.48 (MET)
y_reg[9]$_SDFFE_PN0P_/D (sg13g2_dfrbpq_1)   15.48    3.00   12.48 (MET)
x_reg[8]$_SDFFE_PN0P_/D (sg13g2_dfrbpq_1)   15.49    3.01   12.48 (MET)
x_reg[8]$_SDFFE_PN0P_/D (sg13g2_dfrbpq_1)   15.49    3.01   12.48 (MET)
y_reg[9]$_SDFFE_PN0P_/D (sg13g2_dfrbpq_1)   15.48    3.00   12.48 (MET)
y_reg[9]$_SDFFE_PN0P_/D (sg13g2_dfrbpq_1)   15.48    3.00   12.48 (MET)
y_reg[9]$_SDFFE_PN0P_/D (sg13g2_dfrbpq_1)   15.48    3.00   12.48 (MET)
y_reg[9]$_SDFFE_PN0P_/D (sg13g2_dfrbpq_1)   15.48    3.00   12.48 (MET)
y_reg[9]$_SDFFE_PN0P_/D (sg13g2_dfrbpq_1)   15.48    3.00   12.48 (MET)
y_reg[9]$_SDFFE_PN0P_/D (sg13g2_dfrbpq_1)   15.48    3.00   12.48 (MET)
x_reg[8]$_SDFFE_PN0P_/D (sg13g2_dfrbpq_1)   15.49    3.01   12.48 (MET)
x_reg[8]$_SDFFE_PN0P_/D (sg13g2_dfrbpq_1)   15.49    3.01   12.48 (MET)
y_reg[8]$_SDFFE_PN0P_/D (sg13g2_dfrbpq_1)   15.49    3.01   12.48 (MET)
y_reg[8]$_SDFFE_PN0P_/D (sg13g2_dfrbpq_1)   15.49    3.01   12.48 (MET)
y_reg[8]$_SDFFE_PN0P_/D (sg13g2_dfrbpq_1)   15.49    3.01   12.48 (MET)
y_reg[8]$_SDFFE_PN0P_/D (sg13g2_dfrbpq_1)   15.49    3.01   12.48 (MET)
x_reg[2]$_SDFFE_PN0P_/D (sg13g2_dfrbpq_1)   15.47    2.99   12.48 (MET)
x_reg[2]$_SDFFE_PN0P_/D (sg13g2_dfrbpq_1)   15.47    2.99   12.48 (MET)
x_reg[2]$_SDFFE_PN0P_/D (sg13g2_dfrbpq_1)   15.47    2.99   12.48 (MET)
x_reg[2]$_SDFFE_PN0P_/D (sg13g2_dfrbpq_1)   15.47    2.99   12.48 (MET)
y_reg[7]$_SDFFE_PN0P_/D (sg13g2_dfrbpq_1)   15.49    3.01   12.48 (MET)
y_reg[7]$_SDFFE_PN0P_/D (sg13g2_dfrbpq_1)   15.49    3.01   12.48 (MET)
y_reg[8]$_SDFFE_PN0P_/D (sg13g2_dfrbpq_1)   15.49    3.01   12.48 (MET)
y_reg[8]$_SDFFE_PN0P_/D (sg13g2_dfrbpq_1)   15.49    3.01   12.48 (MET)
y_reg[7]$_SDFFE_PN0P_/D (sg13g2_dfrbpq_1)   15.49    3.01   12.48 (MET)
y_reg[7]$_SDFFE_PN0P_/D (sg13g2_dfrbpq_1)   15.49    3.01   12.48 (MET)
x_reg[8]$_SDFFE_PN0P_/D (sg13g2_dfrbpq_1)   15.49    3.01   12.48 (MET)
x_reg[9]$_SDFFE_PN0P_/D (sg13g2_dfrbpq_1)   15.49    3.01   12.48 (MET)
x_reg[9]$_SDFFE_PN0P_/D (sg13g2_dfrbpq_1)   15.49    3.01   12.48 (MET)
x_reg[9]$_SDFFE_PN0P_/D (sg13g2_dfrbpq_1)   15.49    3.01   12.48 (MET)
x_reg[9]$_SDFFE_PN0P_/D (sg13g2_dfrbpq_1)   15.49    3.01   12.48 (MET)
x_reg[9]$_SDFFE_PN0P_/D (sg13g2_dfrbpq_1)   15.49    3.01   12.48 (MET)
x_reg[9]$_SDFFE_PN0P_/D (sg13g2_dfrbpq_1)   15.49    3.01   12.48 (MET)
x_reg[9]$_SDFFE_PN0P_/D (sg13g2_dfrbpq_1)   15.49    3.01   12.48 (MET)
x_reg[9]$_SDFFE_PN0P_/D (sg13g2_dfrbpq_1)   15.49    3.01   12.48 (MET)
y_reg[8]$_SDFFE_PN0P_/D (sg13g2_dfrbpq_1)   15.48    3.00   12.48 (MET)
y_reg[8]$_SDFFE_PN0P_/D (sg13g2_dfrbpq_1)   15.48    3.00   12.48 (MET)
x_reg[8]$_SDFFE_PN0P_/D (sg13g2_dfrbpq_1)   15.49    3.01   12.48 (MET)
x_reg[8]$_SDFFE_PN0P_/D (sg13g2_dfrbpq_1)   15.49    3.01   12.48 (MET)
x_reg[8]$_SDFFE_PN0P_/D (sg13g2_dfrbpq_1)   15.49    3.01   12.48 (MET)
x_reg[8]$_SDFFE_PN0P_/D (sg13g2_dfrbpq_1)   15.49    3.01   12.48 (MET)
y_reg[6]$_SDFFE_PN0P_/D (sg13g2_dfrbpq_1)   15.49    3.01   12.48 (MET)
y_reg[6]$_SDFFE_PN0P_/D (sg13g2_dfrbpq_1)   15.49    3.01   12.48 (MET)
y_reg[6]$_SDFFE_PN0P_/D (sg13g2_dfrbpq_1)   15.49    3.01   12.48 (MET)
y_reg[6]$_SDFFE_PN0P_/D (sg13g2_dfrbpq_1)   15.49    3.01   12.48 (MET)
y_reg[6]$_SDFFE_PN0P_/D (sg13g2_dfrbpq_1)   15.49    3.01   12.48 (MET)
y_reg[6]$_SDFFE_PN0P_/D (sg13g2_dfrbpq_1)   15.49    3.01   12.48 (MET)
y_reg[6]$_SDFFE_PN0P_/D (sg13g2_dfrbpq_1)   15.49    3.01   12.48 (MET)
y_reg[6]$_SDFFE_PN0P_/D (sg13g2_dfrbpq_1)   15.49    3.01   12.48 (MET)
y_reg[8]$_SDFFE_PN0P_/D (sg13g2_dfrbpq_1)   15.49    3.01   12.48 (MET)
y_reg[8]$_SDFFE_PN0P_/D (sg13g2_dfrbpq_1)   15.48    3.00   12.48 (MET)
y_reg[8]$_SDFFE_PN0P_/D (sg13g2_dfrbpq_1)   15.48    3.00   12.48 (MET)
y_reg[8]$_SDFFE_PN0P_/D (sg13g2_dfrbpq_1)   15.49    3.01   12.48 (MET)
y_reg[8]$_SDFFE_PN0P_/D (sg13g2_dfrbpq_1)   15.48    3.00   12.48 (MET)
y_reg[8]$_SDFFE_PN0P_/D (sg13g2_dfrbpq_1)   15.48    3.00   12.48 (MET)
y_reg[8]$_SDFFE_PN0P_/D (sg13g2_dfrbpq_1)   15.49    3.01   12.48 (MET)
x_reg[8]$_SDFFE_PN0P_/D (sg13g2_dfrbpq_1)   15.49    3.01   12.48 (MET)
x_reg[8]$_SDFFE_PN0P_/D (sg13g2_dfrbpq_1)   15.49    3.01   12.48 (MET)
y_reg[9]$_SDFFE_PN0P_/D (sg13g2_dfrbpq_1)   15.48    3.00   12.48 (MET)
y_reg[9]$_SDFFE_PN0P_/D (sg13g2_dfrbpq_1)   15.48    3.00   12.48 (MET)
y_reg[9]$_SDFFE_PN0P_/D (sg13g2_dfrbpq_1)   15.48    3.00   12.48 (MET)
y_reg[9]$_SDFFE_PN0P_/D (sg13g2_dfrbpq_1)   15.48    3.00   12.48 (MET)
y_reg[9]$_SDFFE_PN0P_/D (sg13g2_dfrbpq_1)   15.48    3.00   12.48 (MET)
y_reg[9]$_SDFFE_PN0P_/D (sg13g2_dfrbpq_1)   15.48    3.00   12.48 (MET)
y_reg[9]$_SDFFE_PN0P_/D (sg13g2_dfrbpq_1)   15.48    3.00   12.48 (MET)
y_reg[9]$_SDFFE_PN0P_/D (sg13g2_dfrbpq_1)   15.48    3.00   12.48 (MET)
y_reg[9]$_SDFFE_PN0P_/D (sg13g2_dfrbpq_1)   15.48    3.00   12.48 (MET)
y_reg[9]$_SDFFE_PN0P_/D (sg13g2_dfrbpq_1)   15.48    3.00   12.48 (MET)
y_reg[9]$_SDFFE_PN0P_/D (sg13g2_dfrbpq_1)   15.48    3.00   12.48 (MET)
y_reg[9]$_SDFFE_PN0P_/D (sg13g2_dfrbpq_1)   15.48    3.00   12.48 (MET)
y_reg[8]$_SDFFE_PN0P_/D (sg13g2_dfrbpq_1)   15.49    3.00   12.48 (MET)
y_reg[8]$_SDFFE_PN0P_/D (sg13g2_dfrbpq_1)   15.49    3.00   12.48 (MET)
y_reg[8]$_SDFFE_PN0P_/D (sg13g2_dfrbpq_1)   15.49    3.00   12.48 (MET)
x_reg[9]$_SDFFE_PN0P_/D (sg13g2_dfrbpq_1)   15.49    3.01   12.48 (MET)
x_reg[9]$_SDFFE_PN0P_/D (sg13g2_dfrbpq_1)   15.49    3.01   12.48 (MET)
x_reg[9]$_SDFFE_PN0P_/D (sg13g2_dfrbpq_1)   15.49    3.01   12.48 (MET)
x_reg[9]$_SDFFE_PN0P_/D (sg13g2_dfrbpq_1)   15.49    3.01   12.48 (MET)
x_reg[9]$_SDFFE_PN0P_/D (sg13g2_dfrbpq_1)   15.49    3.01   12.48 (MET)
x_reg[9]$_SDFFE_PN0P_/D (sg13g2_dfrbpq_1)   15.49    3.01   12.48 (MET)
x_reg[9]$_SDFFE_PN0P_/D (sg13g2_dfrbpq_1)   15.49    3.01   12.48 (MET)
x_reg[9]$_SDFFE_PN0P_/D (sg13g2_dfrbpq_1)   15.49    3.01   12.48 (MET)
y_reg[8]$_SDFFE_PN0P_/D (sg13g2_dfrbpq_1)   15.49    3.00   12.48 (MET)
y_reg[8]$_SDFFE_PN0P_/D (sg13g2_dfrbpq_1)   15.49    3.00   12.48 (MET)
y_reg[8]$_SDFFE_PN0P_/D (sg13g2_dfrbpq_1)   15.49    3.00   12.48 (MET)
y_reg[8]$_SDFFE_PN0P_/D (sg13g2_dfrbpq_1)   15.49    3.00   12.48 (MET)
y_reg[8]$_SDFFE_PN0P_/D (sg13g2_dfrbpq_1)   15.49    3.00   12.48 (MET)
y_reg[8]$_SDFFE_PN0P_/D (sg13g2_dfrbpq_1)   15.49    3.00   12.48 (MET)
y_reg[8]$_SDFFE_PN0P_/D (sg13g2_dfrbpq_1)   15.49    3.00   12.48 (MET)
y_reg[8]$_SDFFE_PN0P_/D (sg13g2_dfrbpq_1)   15.49    3.00   12.48 (MET)
y_reg[8]$_SDFFE_PN0P_/D (sg13g2_dfrbpq_1)   15.49    3.00   12.48 (MET)
y_reg[8]$_SDFFE_PN0P_/D (sg13g2_dfrbpq_1)   15.49    3.00   12.48 (MET)
y_reg[8]$_SDFFE_PN0P_/D (sg13g2_dfrbpq_1)   15.49    3.00   12.48 (MET)
y_reg[8]$_SDFFE_PN0P_/D (sg13g2_dfrbpq_1)   15.49    3.00   12.48 (MET)
y_reg[9]$_SDFFE_PN0P_/D (sg13g2_dfrbpq_1)   15.48    3.00   12.48 (MET)
y_reg[9]$_SDFFE_PN0P_/D (sg13g2_dfrbpq_1)   15.48    3.00   12.48 (MET)
y_reg[9]$_SDFFE_PN0P_/D (sg13g2_dfrbpq_1)   15.48    3.00   12.48 (MET)
x_reg[8]$_SDFFE_PN0P_/D (sg13g2_dfrbpq_1)   15.49    3.01   12.48 (MET)
y_reg[8]$_SDFFE_PN0P_/D (sg13g2_dfrbpq_1)   15.48    3.00   12.48 (MET)
y_reg[8]$_SDFFE_PN0P_/D (sg13g2_dfrbpq_1)   15.48    3.00   12.48 (MET)
y_reg[8]$_SDFFE_PN0P_/D (sg13g2_dfrbpq_1)   15.48    3.00   12.48 (MET)
y_reg[8]$_SDFFE_PN0P_/D (sg13g2_dfrbpq_1)   15.48    3.00   12.48 (MET)
y_reg[8]$_SDFFE_PN0P_/D (sg13g2_dfrbpq_1)   15.48    3.00   12.48 (MET)
y_reg[8]$_SDFFE_PN0P_/D (sg13g2_dfrbpq_1)   15.48    3.00   12.48 (MET)
y_reg[8]$_SDFFE_PN0P_/D (sg13g2_dfrbpq_1)   15.49    3.00   12.48 (MET)
y_reg[8]$_SDFFE_PN0P_/D (sg13g2_dfrbpq_1)   15.49    3.00   12.48 (MET)
y_reg[9]$_SDFFE_PN0P_/D (sg13g2_dfrbpq_1)   15.48    3.00   12.48 (MET)
y_reg[9]$_SDFFE_PN0P_/D (sg13g2_dfrbpq_1)   15.48    3.00   12.48 (MET)
y_reg[9]$_SDFFE_PN0P_/D (sg13g2_dfrbpq_1)   15.48    3.00   12.48 (MET)
y_reg[9]$_SDFFE_PN0P_/D (sg13g2_dfrbpq_1)   15.48    3.00   12.48 (MET)
y_reg[9]$_SDFFE_PN0P_/D (sg13g2_dfrbpq_1)   15.48    3.00   12.48 (MET)
y_reg[9]$_SDFFE_PN0P_/D (sg13g2_dfrbpq_1)   15.48    3.00   12.48 (MET)
y_reg[9]$_SDFFE_PN0P_/D (sg13g2_dfrbpq_1)   15.48    3.00   12.48 (MET)
y_reg[9]$_SDFFE_PN0P_/D (sg13g2_dfrbpq_1)   15.48    3.00   12.48 (MET)
y_reg[9]$_SDFFE_PN0P_/D (sg13g2_dfrbpq_1)   15.48    3.00   12.48 (MET)
y_reg[9]$_SDFFE_PN0P_/D (sg13g2_dfrbpq_1)   15.48    3.00   12.48 (MET)
y_reg[9]$_SDFFE_PN0P_/D (sg13g2_dfrbpq_1)   15.48    3.00   12.48 (MET)
y_reg[9]$_SDFFE_PN0P_/D (sg13g2_dfrbpq_1)   15.48    3.00   12.48 (MET)
y_reg[9]$_SDFFE_PN0P_/D (sg13g2_dfrbpq_1)   15.48    3.00   12.48 (MET)
y_reg[9]$_SDFFE_PN0P_/D (sg13g2_dfrbpq_1)   15.48    3.00   12.48 (MET)
x_reg[8]$_SDFFE_PN0P_/D (sg13g2_dfrbpq_1)   15.49    3.00   12.48 (MET)
x_reg[8]$_SDFFE_PN0P_/D (sg13g2_dfrbpq_1)   15.49    3.01   12.48 (MET)
x_reg[8]$_SDFFE_PN0P_/D (sg13g2_dfrbpq_1)   15.49    3.01   12.48 (MET)
x_reg[8]$_SDFFE_PN0P_/D (sg13g2_dfrbpq_1)   15.49    3.01   12.48 (MET)
x_reg[8]$_SDFFE_PN0P_/D (sg13g2_dfrbpq_1)   15.49    3.01   12.48 (MET)
x_reg[8]$_SDFFE_PN0P_/D (sg13g2_dfrbpq_1)   15.49    3.01   12.48 (MET)
x_reg[8]$_SDFFE_PN0P_/D (sg13g2_dfrbpq_1)   15.49    3.01   12.48 (MET)
x_reg[8]$_SDFFE_PN0P_/D (sg13g2_dfrbpq_1)   15.49    3.01   12.48 (MET)
x_reg[8]$_SDFFE_PN0P_/D (sg13g2_dfrbpq_1)   15.49    3.01   12.48 (MET)
x_reg[8]$_SDFFE_PN0P_/D (sg13g2_dfrbpq_1)   15.49    3.01   12.48 (MET)
x_reg[8]$_SDFFE_PN0P_/D (sg13g2_dfrbpq_1)   15.49    3.01   12.48 (MET)
x_reg[8]$_SDFFE_PN0P_/D (sg13g2_dfrbpq_1)   15.49    3.01   12.48 (MET)
x_reg[8]$_SDFFE_PN0P_/D (sg13g2_dfrbpq_1)   15.49    3.01   12.48 (MET)
x_reg[8]$_SDFFE_PN0P_/D (sg13g2_dfrbpq_1)   15.49    3.01   12.48 (MET)
x_reg[8]$_SDFFE_PN0P_/D (sg13g2_dfrbpq_1)   15.49    3.01   12.48 (MET)
x_reg[8]$_SDFFE_PN0P_/D (sg13g2_dfrbpq_1)   15.49    3.01   12.48 (MET)
x_reg[8]$_SDFFE_PN0P_/D (sg13g2_dfrbpq_1)   15.49    3.01   12.48 (MET)
y_reg[9]$_SDFFE_PN0P_/D (sg13g2_dfrbpq_1)   15.48    3.00   12.48 (MET)
y_reg[9]$_SDFFE_PN0P_/D (sg13g2_dfrbpq_1)   15.48    3.00   12.48 (MET)
y_reg[7]$_SDFFE_PN0P_/D (sg13g2_dfrbpq_1)   15.49    3.00   12.48 (MET)
y_reg[9]$_SDFFE_PN0P_/D (sg13g2_dfrbpq_1)   15.48    3.00   12.48 (MET)
y_reg[9]$_SDFFE_PN0P_/D (sg13g2_dfrbpq_1)   15.48    3.00   12.48 (MET)
y_reg[7]$_SDFFE_PN0P_/D (sg13g2_dfrbpq_1)   15.49    3.00   12.48 (MET)
x_reg[8]$_SDFFE_PN0P_/D (sg13g2_dfrbpq_1)   15.49    3.01   12.48 (MET)
x_reg[8]$_SDFFE_PN0P_/D (sg13g2_dfrbpq_1)   15.49    3.01   12.48 (MET)
y_reg[6]$_SDFFE_PN0P_/D (sg13g2_dfrbpq_1)   15.49    3.01   12.48 (MET)
y_reg[6]$_SDFFE_PN0P_/D (sg13g2_dfrbpq_1)   15.49    3.01   12.48 (MET)
y_reg[6]$_SDFFE_PN0P_/D (sg13g2_dfrbpq_1)   15.49    3.01   12.48 (MET)
y_reg[6]$_SDFFE_PN0P_/D (sg13g2_dfrbpq_1)   15.49    3.01   12.48 (MET)
y_reg[9]$_SDFFE_PN0P_/D (sg13g2_dfrbpq_1)   15.48    3.00   12.48 (MET)
x_reg[2]$_SDFFE_PN0P_/D (sg13g2_dfrbpq_1)   15.47    2.99   12.48 (MET)
x_reg[2]$_SDFFE_PN0P_/D (sg13g2_dfrbpq_1)   15.47    2.99   12.48 (MET)
y_reg[9]$_SDFFE_PN0P_/D (sg13g2_dfrbpq_1)   15.48    3.00   12.48 (MET)
y_reg[8]$_SDFFE_PN0P_/D (sg13g2_dfrbpq_1)   15.48    3.00   12.48 (MET)
y_reg[8]$_SDFFE_PN0P_/D (sg13g2_dfrbpq_1)   15.48    3.00   12.48 (MET)
y_reg[8]$_SDFFE_PN0P_/D (sg13g2_dfrbpq_1)   15.48    3.00   12.48 (MET)
y_reg[8]$_SDFFE_PN0P_/D (sg13g2_dfrbpq_1)   15.48    3.00   12.48 (MET)
y_reg[8]$_SDFFE_PN0P_/D (sg13g2_dfrbpq_1)   15.48    3.00   12.48 (MET)
y_reg[8]$_SDFFE_PN0P_/D (sg13g2_dfrbpq_1)   15.48    3.00   12.48 (MET)
y_reg[8]$_SDFFE_PN0P_/D (sg13g2_dfrbpq_1)   15.48    3.00   12.48 (MET)
y_reg[8]$_SDFFE_PN0P_/D (sg13g2_dfrbpq_1)   15.48    3.00   12.48 (MET)
y_reg[8]$_SDFFE_PN0P_/D (sg13g2_dfrbpq_1)   15.48    3.00   12.48 (MET)
y_reg[8]$_SDFFE_PN0P_/D (sg13g2_dfrbpq_1)   15.48    3.00   12.48 (MET)
y_reg[8]$_SDFFE_PN0P_/D (sg13g2_dfrbpq_1)   15.48    3.00   12.48 (MET)
y_reg[8]$_SDFFE_PN0P_/D (sg13g2_dfrbpq_1)   15.48    3.00   12.48 (MET)
y_reg[8]$_SDFFE_PN0P_/D (sg13g2_dfrbpq_1)   15.48    3.00   12.48 (MET)
y_reg[8]$_SDFFE_PN0P_/D (sg13g2_dfrbpq_1)   15.48    3.00   12.48 (MET)
y_reg[8]$_SDFFE_PN0P_/D (sg13g2_dfrbpq_1)   15.48    3.00   12.48 (MET)
y_reg[8]$_SDFFE_PN0P_/D (sg13g2_dfrbpq_1)   15.48    3.00   12.48 (MET)
y_reg[8]$_SDFFE_PN0P_/D (sg13g2_dfrbpq_1)   15.48    3.00   12.48 (MET)
y_reg[8]$_SDFFE_PN0P_/D (sg13g2_dfrbpq_1)   15.48    3.00   12.48 (MET)
y_reg[8]$_SDFFE_PN0P_/D (sg13g2_dfrbpq_1)   15.48    3.00   12.48 (MET)
y_reg[8]$_SDFFE_PN0P_/D (sg13g2_dfrbpq_1)   15.48    3.00   12.48 (MET)
y_reg[8]$_SDFFE_PN0P_/D (sg13g2_dfrbpq_1)   15.48    3.00   12.48 (MET)
y_reg[8]$_SDFFE_PN0P_/D (sg13g2_dfrbpq_1)   15.48    3.00   12.48 (MET)
y_reg[8]$_SDFFE_PN0P_/D (sg13g2_dfrbpq_1)   15.48    3.00   12.48 (MET)
y_reg[8]$_SDFFE_PN0P_/D (sg13g2_dfrbpq_1)   15.48    3.00   12.48 (MET)
y_reg[8]$_SDFFE_PN0P_/D (sg13g2_dfrbpq_1)   15.48    3.00   12.48 (MET)
y_reg[8]$_SDFFE_PN0P_/D (sg13g2_dfrbpq_1)   15.48    3.00   12.48 (MET)
y_reg[8]$_SDFFE_PN0P_/D (sg13g2_dfrbpq_1)   15.49    3.00   12.48 (MET)
y_reg[8]$_SDFFE_PN0P_/D (sg13g2_dfrbpq_1)   15.49    3.00   12.48 (MET)
y_reg[8]$_SDFFE_PN0P_/D (sg13g2_dfrbpq_1)   15.49    3.00   12.48 (MET)
y_reg[8]$_SDFFE_PN0P_/D (sg13g2_dfrbpq_1)   15.49    3.00   12.48 (MET)
y_reg[8]$_SDFFE_PN0P_/D (sg13g2_dfrbpq_1)   15.48    3.00   12.48 (MET)
y_reg[8]$_SDFFE_PN0P_/D (sg13g2_dfrbpq_1)   15.48    3.00   12.48 (MET)
y_reg[8]$_SDFFE_PN0P_/D (sg13g2_dfrbpq_1)   15.49    3.00   12.48 (MET)
y_reg[8]$_SDFFE_PN0P_/D (sg13g2_dfrbpq_1)   15.49    3.00   12.48 (MET)
y_reg[8]$_SDFFE_PN0P_/D (sg13g2_dfrbpq_1)   15.49    3.00   12.48 (MET)
y_reg[8]$_SDFFE_PN0P_/D (sg13g2_dfrbpq_1)   15.49    3.00   12.48 (MET)
y_reg[8]$_SDFFE_PN0P_/D (sg13g2_dfrbpq_1)   15.49    3.00   12.48 (MET)
y_reg[8]$_SDFFE_PN0P_/D (sg13g2_dfrbpq_1)   15.49    3.00   12.48 (MET)
y_reg[8]$_SDFFE_PN0P_/D (sg13g2_dfrbpq_1)   15.49    3.00   12.48 (MET)
y_reg[8]$_SDFFE_PN0P_/D (sg13g2_dfrbpq_1)   15.49    3.00   12.48 (MET)
y_reg[9]$_SDFFE_PN0P_/D (sg13g2_dfrbpq_1)   15.48    3.00   12.48 (MET)
y_reg[9]$_SDFFE_PN0P_/D (sg13g2_dfrbpq_1)   15.48    3.00   12.48 (MET)
y_reg[9]$_SDFFE_PN0P_/D (sg13g2_dfrbpq_1)   15.48    3.00   12.48 (MET)
y_reg[9]$_SDFFE_PN0P_/D (sg13g2_dfrbpq_1)   15.48    3.00   12.48 (MET)
y_reg[9]$_SDFFE_PN0P_/D (sg13g2_dfrbpq_1)   15.48    3.00   12.48 (MET)
x_reg[8]$_SDFFE_PN0P_/D (sg13g2_dfrbpq_1)   15.49    3.00   12.48 (MET)
y_reg[9]$_SDFFE_PN0P_/D (sg13g2_dfrbpq_1)   15.48    3.00   12.48 (MET)
y_reg[9]$_SDFFE_PN0P_/D (sg13g2_dfrbpq_1)   15.48    3.00   12.48 (MET)
y_reg[9]$_SDFFE_PN0P_/D (sg13g2_dfrbpq_1)   15.48    3.00   12.48 (MET)
y_reg[9]$_SDFFE_PN0P_/D (sg13g2_dfrbpq_1)   15.48    3.00   12.48 (MET)
y_reg[9]$_SDFFE_PN0P_/D (sg13g2_dfrbpq_1)   15.49    3.00   12.48 (MET)
y_reg[9]$_SDFFE_PN0P_/D (sg13g2_dfrbpq_1)   15.49    3.00   12.48 (MET)
y_reg[9]$_SDFFE_PN0P_/D (sg13g2_dfrbpq_1)   15.49    3.00   12.48 (MET)
y_reg[9]$_SDFFE_PN0P_/D (sg13g2_dfrbpq_1)   15.49    3.00   12.48 (MET)
y_reg[9]$_SDFFE_PN0P_/D (sg13g2_dfrbpq_1)   15.48    3.00   12.48 (MET)
y_reg[8]$_SDFFE_PN0P_/D (sg13g2_dfrbpq_1)   15.49    3.00   12.48 (MET)
y_reg[9]$_SDFFE_PN0P_/D (sg13g2_dfrbpq_1)   15.49    3.00   12.48 (MET)
y_reg[9]$_SDFFE_PN0P_/D (sg13g2_dfrbpq_1)   15.49    3.00   12.48 (MET)
y_reg[9]$_SDFFE_PN0P_/D (sg13g2_dfrbpq_1)   15.48    3.00   12.48 (MET)
y_reg[9]$_SDFFE_PN0P_/D (sg13g2_dfrbpq_1)   15.49    3.00   12.48 (MET)
y_reg[9]$_SDFFE_PN0P_/D (sg13g2_dfrbpq_1)   15.49    3.00   12.48 (MET)
y_reg[9]$_SDFFE_PN0P_/D (sg13g2_dfrbpq_1)   15.49    3.00   12.48 (MET)
y_reg[9]$_SDFFE_PN0P_/D (sg13g2_dfrbpq_1)   15.49    3.00   12.48 (MET)
y_reg[9]$_SDFFE_PN0P_/D (sg13g2_dfrbpq_1)   15.49    3.00   12.48 (MET)
y_reg[9]$_SDFFE_PN0P_/D (sg13g2_dfrbpq_1)   15.49    3.00   12.48 (MET)
y_reg[9]$_SDFFE_PN0P_/D (sg13g2_dfrbpq_1)   15.48    3.00   12.48 (MET)
y_reg[9]$_SDFFE_PN0P_/D (sg13g2_dfrbpq_1)   15.48    3.00   12.48 (MET)
x_reg[8]$_SDFFE_PN0P_/D (sg13g2_dfrbpq_1)   15.49    3.01   12.48 (MET)
x_reg[8]$_SDFFE_PN0P_/D (sg13g2_dfrbpq_1)   15.49    3.01   12.48 (MET)
y_reg[9]$_SDFFE_PN0P_/D (sg13g2_dfrbpq_1)   15.48    3.00   12.48 (MET)
y_reg[9]$_SDFFE_PN0P_/D (sg13g2_dfrbpq_1)   15.48    3.00   12.48 (MET)
y_reg[9]$_SDFFE_PN0P_/D (sg13g2_dfrbpq_1)   15.48    3.00   12.48 (MET)
y_reg[9]$_SDFFE_PN0P_/D (sg13g2_dfrbpq_1)   15.48    3.00   12.48 (MET)
y_reg[9]$_SDFFE_PN0P_/D (sg13g2_dfrbpq_1)   15.48    3.00   12.48 (MET)
y_reg[9]$_SDFFE_PN0P_/D (sg13g2_dfrbpq_1)   15.48    3.00   12.48 (MET)
y_reg[9]$_SDFFE_PN0P_/D (sg13g2_dfrbpq_1)   15.48    3.00   12.48 (MET)
y_reg[9]$_SDFFE_PN0P_/D (sg13g2_dfrbpq_1)   15.48    3.00   12.48 (MET)
y_reg[9]$_SDFFE_PN0P_/D (sg13g2_dfrbpq_1)   15.48    3.00   12.48 (MET)
y_reg[9]$_SDFFE_PN0P_/D (sg13g2_dfrbpq_1)   15.48    3.00   12.48 (MET)
x_reg[8]$_SDFFE_PN0P_/D (sg13g2_dfrbpq_1)   15.49    3.01   12.48 (MET)
y_reg[9]$_SDFFE_PN0P_/D (sg13g2_dfrbpq_1)   15.48    3.00   12.48 (MET)
y_reg[9]$_SDFFE_PN0P_/D (sg13g2_dfrbpq_1)   15.48    3.00   12.48 (MET)
y_reg[6]$_SDFFE_PN0P_/D (sg13g2_dfrbpq_1)   15.49    3.01   12.48 (MET)
y_reg[6]$_SDFFE_PN0P_/D (sg13g2_dfrbpq_1)   15.49    3.01   12.48 (MET)
y_reg[6]$_SDFFE_PN0P_/D (sg13g2_dfrbpq_1)   15.49    3.01   12.48 (MET)
y_reg[6]$_SDFFE_PN0P_/D (sg13g2_dfrbpq_1)   15.49    3.01   12.48 (MET)
y_reg[8]$_SDFFE_PN0P_/D (sg13g2_dfrbpq_1)   15.49    3.00   12.48 (MET)
y_reg[8]$_SDFFE_PN0P_/D (sg13g2_dfrbpq_1)   15.49    3.00   12.48 (MET)
y_reg[8]$_SDFFE_PN0P_/D (sg13g2_dfrbpq_1)   15.49    3.00   12.48 (MET)
y_reg[8]$_SDFFE_PN0P_/D (sg13g2_dfrbpq_1)   15.49    3.00   12.48 (MET)
x_reg[2]$_SDFFE_PN0P_/D (sg13g2_dfrbpq_1)   15.47    2.98   12.48 (MET)
x_reg[2]$_SDFFE_PN0P_/D (sg13g2_dfrbpq_1)   15.47    2.98   12.48 (MET)
y_reg[9]$_SDFFE_PN0P_/D (sg13g2_dfrbpq_1)   15.48    3.00   12.48 (MET)
y_reg[9]$_SDFFE_PN0P_/D (sg13g2_dfrbpq_1)   15.48    3.00   12.48 (MET)
y_reg[8]$_SDFFE_PN0P_/D (sg13g2_dfrbpq_1)   15.49    3.00   12.48 (MET)
y_reg[8]$_SDFFE_PN0P_/D (sg13g2_dfrbpq_1)   15.49    3.00   12.48 (MET)
y_reg[8]$_SDFFE_PN0P_/D (sg13g2_dfrbpq_1)   15.49    3.00   12.48 (MET)
y_reg[8]$_SDFFE_PN0P_/D (sg13g2_dfrbpq_1)   15.49    3.00   12.48 (MET)
y_reg[8]$_SDFFE_PN0P_/D (sg13g2_dfrbpq_1)   15.49    3.00   12.48 (MET)
y_reg[8]$_SDFFE_PN0P_/D (sg13g2_dfrbpq_1)   15.49    3.00   12.48 (MET)
y_reg[9]$_SDFFE_PN0P_/D (sg13g2_dfrbpq_1)   15.49    3.00   12.48 (MET)
y_reg[9]$_SDFFE_PN0P_/D (sg13g2_dfrbpq_1)   15.49    3.00   12.48 (MET)
y_reg[9]$_SDFFE_PN0P_/D (sg13g2_dfrbpq_1)   15.48    3.00   12.48 (MET)
y_reg[9]$_SDFFE_PN0P_/D (sg13g2_dfrbpq_1)   15.48    3.00   12.48 (MET)
y_reg[9]$_SDFFE_PN0P_/D (sg13g2_dfrbpq_1)   15.49    3.00   12.48 (MET)
y_reg[9]$_SDFFE_PN0P_/D (sg13g2_dfrbpq_1)   15.49    3.00   12.48 (MET)
y_reg[9]$_SDFFE_PN0P_/D (sg13g2_dfrbpq_1)   15.49    3.00   12.48 (MET)
y_reg[9]$_SDFFE_PN0P_/D (sg13g2_dfrbpq_1)   15.49    3.00   12.48 (MET)
y_reg[9]$_SDFFE_PN0P_/D (sg13g2_dfrbpq_1)   15.49    3.00   12.48 (MET)
y_reg[9]$_SDFFE_PN0P_/D (sg13g2_dfrbpq_1)   15.49    3.00   12.48 (MET)
x_reg[0]$_SDFFE_PN0P_/D (sg13g2_dfrbpq_1)   15.49    3.01   12.48 (MET)
x_reg[0]$_SDFFE_PN0P_/D (sg13g2_dfrbpq_1)   15.49    3.01   12.48 (MET)
x_reg[0]$_SDFFE_PN0P_/D (sg13g2_dfrbpq_1)   15.49    3.01   12.48 (MET)
x_reg[0]$_SDFFE_PN0P_/D (sg13g2_dfrbpq_1)   15.49    3.01   12.48 (MET)
y_reg[7]$_SDFFE_PN0P_/D (sg13g2_dfrbpq_1)   15.48    2.99   12.48 (MET)
y_reg[7]$_SDFFE_PN0P_/D (sg13g2_dfrbpq_1)   15.48    2.99   12.48 (MET)
y_reg[9]$_SDFFE_PN0P_/D (sg13g2_dfrbpq_1)   15.48    3.00   12.48 (MET)
y_reg[9]$_SDFFE_PN0P_/D (sg13g2_dfrbpq_1)   15.48    3.00   12.48 (MET)
y_reg[7]$_SDFFE_PN0P_/D (sg13g2_dfrbpq_1)   15.48    2.99   12.48 (MET)
y_reg[7]$_SDFFE_PN0P_/D (sg13g2_dfrbpq_1)   15.48    2.99   12.48 (MET)
x_reg[8]$_SDFFE_PN0P_/D (sg13g2_dfrbpq_1)   15.49    3.01   12.48 (MET)
x_reg[8]$_SDFFE_PN0P_/D (sg13g2_dfrbpq_1)   15.49    3.01   12.48 (MET)
x_reg[8]$_SDFFE_PN0P_/D (sg13g2_dfrbpq_1)   15.49    3.01   12.48 (MET)
x_reg[8]$_SDFFE_PN0P_/D (sg13g2_dfrbpq_1)   15.49    3.01   12.48 (MET)
y_reg[9]$_SDFFE_PN0P_/D (sg13g2_dfrbpq_1)   15.49    3.00   12.48 (MET)
y_reg[9]$_SDFFE_PN0P_/D (sg13g2_dfrbpq_1)   15.49    3.00   12.48 (MET)
y_reg[9]$_SDFFE_PN0P_/D (sg13g2_dfrbpq_1)   15.49    3.00   12.48 (MET)
y_reg[9]$_SDFFE_PN0P_/D (sg13g2_dfrbpq_1)   15.49    3.00   12.48 (MET)
y_reg[9]$_SDFFE_PN0P_/D (sg13g2_dfrbpq_1)   15.49    3.00   12.48 (MET)
y_reg[9]$_SDFFE_PN0P_/D (sg13g2_dfrbpq_1)   15.49    3.00   12.48 (MET)
y_reg[9]$_SDFFE_PN0P_/D (sg13g2_dfrbpq_1)   15.49    3.00   12.48 (MET)
y_reg[9]$_SDFFE_PN0P_/D (sg13g2_dfrbpq_1)   15.49    3.00   12.48 (MET)
y_reg[9]$_SDFFE_PN0P_/D (sg13g2_dfrbpq_1)   15.48    3.00   12.48 (MET)
y_reg[9]$_SDFFE_PN0P_/D (sg13g2_dfrbpq_1)   15.48    3.00   12.48 (MET)
y_reg[9]$_SDFFE_PN0P_/D (sg13g2_dfrbpq_1)   15.49    3.00   12.48 (MET)
y_reg[9]$_SDFFE_PN0P_/D (sg13g2_dfrbpq_1)   15.49    3.00   12.48 (MET)
y_reg[9]$_SDFFE_PN0P_/D (sg13g2_dfrbpq_1)   15.48    3.00   12.48 (MET)
y_reg[9]$_SDFFE_PN0P_/D (sg13g2_dfrbpq_1)   15.48    3.00   12.48 (MET)
y_reg[9]$_SDFFE_PN0P_/D (sg13g2_dfrbpq_1)   15.48    3.00   12.48 (MET)
y_reg[9]$_SDFFE_PN0P_/D (sg13g2_dfrbpq_1)   15.48    3.00   12.48 (MET)
y_reg[9]$_SDFFE_PN0P_/D (sg13g2_dfrbpq_1)   15.48    3.00   12.48 (MET)
y_reg[9]$_SDFFE_PN0P_/D (sg13g2_dfrbpq_1)   15.48    3.00   12.48 (MET)
x_reg[8]$_SDFFE_PN0P_/D (sg13g2_dfrbpq_1)   15.49    3.01   12.48 (MET)
x_reg[8]$_SDFFE_PN0P_/D (sg13g2_dfrbpq_1)   15.49    3.01   12.48 (MET)
x_reg[8]$_SDFFE_PN0P_/D (sg13g2_dfrbpq_1)   15.49    3.01   12.48 (MET)
x_reg[8]$_SDFFE_PN0P_/D (sg13g2_dfrbpq_1)   15.49    3.01   12.48 (MET)
x_reg[8]$_SDFFE_PN0P_/D (sg13g2_dfrbpq_1)   15.49    3.01   12.48 (MET)
x_reg[8]$_SDFFE_PN0P_/D (sg13g2_dfrbpq_1)   15.49    3.01   12.48 (MET)
x_reg[8]$_SDFFE_PN0P_/D (sg13g2_dfrbpq_1)   15.49    3.01   12.48 (MET)
x_reg[8]$_SDFFE_PN0P_/D (sg13g2_dfrbpq_1)   15.49    3.01   12.48 (MET)
x_reg[4]$_SDFFE_PN0P_/D (sg13g2_dfrbpq_1)   15.49    3.01   12.48 (MET)
x_reg[4]$_SDFFE_PN0P_/D (sg13g2_dfrbpq_1)   15.49    3.01   12.48 (MET)
y_reg[9]$_SDFFE_PN0P_/D (sg13g2_dfrbpq_1)   15.48    3.00   12.48 (MET)
y_reg[9]$_SDFFE_PN0P_/D (sg13g2_dfrbpq_1)   15.48    3.00   12.48 (MET)
y_reg[9]$_SDFFE_PN0P_/D (sg13g2_dfrbpq_1)   15.48    3.00   12.48 (MET)
y_reg[9]$_SDFFE_PN0P_/D (sg13g2_dfrbpq_1)   15.48    3.00   12.48 (MET)
y_reg[8]$_SDFFE_PN0P_/D (sg13g2_dfrbpq_1)   15.49    3.00   12.49 (MET)
y_reg[8]$_SDFFE_PN0P_/D (sg13g2_dfrbpq_1)   15.49    3.00   12.49 (MET)
y_reg[8]$_SDFFE_PN0P_/D (sg13g2_dfrbpq_1)   15.48    2.99   12.49 (MET)
y_reg[8]$_SDFFE_PN0P_/D (sg13g2_dfrbpq_1)   15.48    2.99   12.49 (MET)
y_reg[8]$_SDFFE_PN0P_/D (sg13g2_dfrbpq_1)   15.48    2.99   12.49 (MET)
y_reg[8]$_SDFFE_PN0P_/D (sg13g2_dfrbpq_1)   15.48    2.99   12.49 (MET)
y_reg[8]$_SDFFE_PN0P_/D (sg13g2_dfrbpq_1)   15.49    3.00   12.49 (MET)
y_reg[8]$_SDFFE_PN0P_/D (sg13g2_dfrbpq_1)   15.49    3.00   12.49 (MET)
x_reg[4]$_SDFFE_PN0P_/D (sg13g2_dfrbpq_1)   15.49    3.01   12.49 (MET)
y_reg[8]$_SDFFE_PN0P_/D (sg13g2_dfrbpq_1)   15.48    2.99   12.49 (MET)
y_reg[8]$_SDFFE_PN0P_/D (sg13g2_dfrbpq_1)   15.48    2.99   12.49 (MET)
y_reg[8]$_SDFFE_PN0P_/D (sg13g2_dfrbpq_1)   15.49    3.00   12.49 (MET)
y_reg[8]$_SDFFE_PN0P_/D (sg13g2_dfrbpq_1)   15.49    3.00   12.49 (MET)
y_reg[9]$_SDFFE_PN0P_/D (sg13g2_dfrbpq_1)   15.49    3.00   12.49 (MET)
y_reg[9]$_SDFFE_PN0P_/D (sg13g2_dfrbpq_1)   15.49    3.00   12.49 (MET)
y_reg[9]$_SDFFE_PN0P_/D (sg13g2_dfrbpq_1)   15.49    3.00   12.49 (MET)
y_reg[9]$_SDFFE_PN0P_/D (sg13g2_dfrbpq_1)   15.49    3.00   12.49 (MET)
x_reg[8]$_SDFFE_PN0P_/D (sg13g2_dfrbpq_1)   15.49    3.01   12.49 (MET)
x_reg[8]$_SDFFE_PN0P_/D (sg13g2_dfrbpq_1)   15.49    3.01   12.49 (MET)
y_reg[7]$_SDFFE_PN0P_/D (sg13g2_dfrbpq_1)   15.48    2.99   12.49 (MET)
y_reg[7]$_SDFFE_PN0P_/D (sg13g2_dfrbpq_1)   15.48    2.99   12.49 (MET)
y_reg[7]$_SDFFE_PN0P_/D (sg13g2_dfrbpq_1)   15.48    2.99   12.49 (MET)
y_reg[7]$_SDFFE_PN0P_/D (sg13g2_dfrbpq_1)   15.48    2.99   12.49 (MET)
y_reg[7]$_SDFFE_PN0P_/D (sg13g2_dfrbpq_1)   15.48    2.99   12.49 (MET)
y_reg[7]$_SDFFE_PN0P_/D (sg13g2_dfrbpq_1)   15.48    2.99   12.49 (MET)
y_reg[7]$_SDFFE_PN0P_/D (sg13g2_dfrbpq_1)   15.48    2.99   12.49 (MET)
y_reg[7]$_SDFFE_PN0P_/D (sg13g2_dfrbpq_1)   15.48    2.99   12.49 (MET)
y_reg[8]$_SDFFE_PN0P_/D (sg13g2_dfrbpq_1)   15.48    2.99   12.49 (MET)
y_reg[8]$_SDFFE_PN0P_/D (sg13g2_dfrbpq_1)   15.48    2.99   12.49 (MET)
y_reg[8]$_SDFFE_PN0P_/D (sg13g2_dfrbpq_1)   15.48    2.99   12.49 (MET)
y_reg[8]$_SDFFE_PN0P_/D (sg13g2_dfrbpq_1)   15.48    2.99   12.49 (MET)
y_reg[7]$_SDFFE_PN0P_/D (sg13g2_dfrbpq_1)   15.48    2.99   12.49 (MET)
y_reg[7]$_SDFFE_PN0P_/D (sg13g2_dfrbpq_1)   15.48    2.99   12.49 (MET)
x_reg[8]$_SDFFE_PN0P_/D (sg13g2_dfrbpq_1)   15.49    3.01   12.49 (MET)
x_reg[8]$_SDFFE_PN0P_/D (sg13g2_dfrbpq_1)   15.49    3.01   12.49 (MET)
x_reg[8]$_SDFFE_PN0P_/D (sg13g2_dfrbpq_1)   15.49    3.01   12.49 (MET)
x_reg[8]$_SDFFE_PN0P_/D (sg13g2_dfrbpq_1)   15.49    3.01   12.49 (MET)
x_reg[8]$_SDFFE_PN0P_/D (sg13g2_dfrbpq_1)   15.49    3.01   12.49 (MET)
x_reg[8]$_SDFFE_PN0P_/D (sg13g2_dfrbpq_1)   15.49    3.01   12.49 (MET)
x_reg[8]$_SDFFE_PN0P_/D (sg13g2_dfrbpq_1)   15.49    3.01   12.49 (MET)
x_reg[8]$_SDFFE_PN0P_/D (sg13g2_dfrbpq_1)   15.49    3.01   12.49 (MET)
y_reg[9]$_SDFFE_PN0P_/D (sg13g2_dfrbpq_1)   15.49    3.00   12.49 (MET)
y_reg[9]$_SDFFE_PN0P_/D (sg13g2_dfrbpq_1)   15.49    3.00   12.49 (MET)
y_reg[8]$_SDFFE_PN0P_/D (sg13g2_dfrbpq_1)   15.49    3.00   12.49 (MET)
x_reg[7]$_SDFFE_PN0P_/D (sg13g2_dfrbpq_1)   15.47    2.98   12.49 (MET)
x_reg[7]$_SDFFE_PN0P_/D (sg13g2_dfrbpq_1)   15.47    2.98   12.49 (MET)
y_reg[8]$_SDFFE_PN0P_/D (sg13g2_dfrbpq_1)   15.48    2.99   12.49 (MET)
y_reg[8]$_SDFFE_PN0P_/D (sg13g2_dfrbpq_1)   15.48    2.99   12.49 (MET)
y_reg[8]$_SDFFE_PN0P_/D (sg13g2_dfrbpq_1)   15.48    2.99   12.49 (MET)
y_reg[8]$_SDFFE_PN0P_/D (sg13g2_dfrbpq_1)   15.48    2.99   12.49 (MET)
y_reg[8]$_SDFFE_PN0P_/D (sg13g2_dfrbpq_1)   15.48    2.99   12.49 (MET)
y_reg[8]$_SDFFE_PN0P_/D (sg13g2_dfrbpq_1)   15.48    2.99   12.49 (MET)
y_reg[8]$_SDFFE_PN0P_/D (sg13g2_dfrbpq_1)   15.48    2.99   12.49 (MET)
y_reg[8]$_SDFFE_PN0P_/D (sg13g2_dfrbpq_1)   15.48    2.99   12.49 (MET)
y_reg[8]$_SDFFE_PN0P_/D (sg13g2_dfrbpq_1)   15.48    2.99   12.49 (MET)
y_reg[8]$_SDFFE_PN0P_/D (sg13g2_dfrbpq_1)   15.48    2.99   12.49 (MET)
y_reg[8]$_SDFFE_PN0P_/D (sg13g2_dfrbpq_1)   15.48    2.99   12.49 (MET)
y_reg[8]$_SDFFE_PN0P_/D (sg13g2_dfrbpq_1)   15.48    2.99   12.49 (MET)
y_reg[8]$_SDFFE_PN0P_/D (sg13g2_dfrbpq_1)   15.48    2.99   12.49 (MET)
y_reg[8]$_SDFFE_PN0P_/D (sg13g2_dfrbpq_1)   15.48    2.99   12.49 (MET)
y_reg[8]$_SDFFE_PN0P_/D (sg13g2_dfrbpq_1)   15.48    2.99   12.49 (MET)
y_reg[8]$_SDFFE_PN0P_/D (sg13g2_dfrbpq_1)   15.48    2.99   12.49 (MET)
y_reg[8]$_SDFFE_PN0P_/D (sg13g2_dfrbpq_1)   15.49    3.00   12.49 (MET)
y_reg[8]$_SDFFE_PN0P_/D (sg13g2_dfrbpq_1)   15.49    3.00   12.49 (MET)
y_reg[8]$_SDFFE_PN0P_/D (sg13g2_dfrbpq_1)   15.49    3.00   12.49 (MET)
y_reg[8]$_SDFFE_PN0P_/D (sg13g2_dfrbpq_1)   15.49    3.00   12.49 (MET)
x_reg[8]$_SDFFE_PN0P_/D (sg13g2_dfrbpq_1)   15.49    3.01   12.49 (MET)
y_reg[7]$_SDFFE_PN0P_/D (sg13g2_dfrbpq_1)   15.49    3.00   12.49 (MET)
y_reg[7]$_SDFFE_PN0P_/D (sg13g2_dfrbpq_1)   15.49    3.00   12.49 (MET)
y_reg[7]$_SDFFE_PN0P_/D (sg13g2_dfrbpq_1)   15.49    3.00   12.49 (MET)
y_reg[7]$_SDFFE_PN0P_/D (sg13g2_dfrbpq_1)   15.49    3.00   12.49 (MET)
y_reg[8]$_SDFFE_PN0P_/D (sg13g2_dfrbpq_1)   15.49    3.00   12.49 (MET)
x_reg[7]$_SDFFE_PN0P_/D (sg13g2_dfrbpq_1)   15.47    2.98   12.49 (MET)
x_reg[7]$_SDFFE_PN0P_/D (sg13g2_dfrbpq_1)   15.47    2.98   12.49 (MET)
y_reg[8]$_SDFFE_PN0P_/D (sg13g2_dfrbpq_1)   15.49    3.00   12.49 (MET)
y_reg[8]$_SDFFE_PN0P_/D (sg13g2_dfrbpq_1)   15.49    3.00   12.49 (MET)
x_reg[7]$_SDFFE_PN0P_/D (sg13g2_dfrbpq_1)   15.47    2.98   12.49 (MET)
x_reg[7]$_SDFFE_PN0P_/D (sg13g2_dfrbpq_1)   15.47    2.98   12.49 (MET)
y_reg[8]$_SDFFE_PN0P_/D (sg13g2_dfrbpq_1)   15.49    3.00   12.49 (MET)
y_reg[8]$_SDFFE_PN0P_/D (sg13g2_dfrbpq_1)   15.49    3.00   12.49 (MET)
y_reg[8]$_SDFFE_PN0P_/D (sg13g2_dfrbpq_1)   15.49    3.00   12.49 (MET)
y_reg[8]$_SDFFE_PN0P_/D (sg13g2_dfrbpq_1)   15.49    3.00   12.49 (MET)
y_reg[8]$_SDFFE_PN0P_/D (sg13g2_dfrbpq_1)   15.49    3.00   12.49 (MET)
y_reg[8]$_SDFFE_PN0P_/D (sg13g2_dfrbpq_1)   15.49    3.00   12.49 (MET)
y_reg[8]$_SDFFE_PN0P_/D (sg13g2_dfrbpq_1)   15.49    3.00   12.49 (MET)
y_reg[5]$_SDFFE_PN0P_/D (sg13g2_dfrbpq_1)   15.48    2.99   12.49 (MET)
y_reg[5]$_SDFFE_PN0P_/D (sg13g2_dfrbpq_1)   15.48    2.99   12.49 (MET)
y_reg[5]$_SDFFE_PN0P_/D (sg13g2_dfrbpq_1)   15.48    2.99   12.49 (MET)
y_reg[5]$_SDFFE_PN0P_/D (sg13g2_dfrbpq_1)   15.48    2.99   12.49 (MET)
y_reg[8]$_SDFFE_PN0P_/D (sg13g2_dfrbpq_1)   15.49    3.00   12.49 (MET)
y_reg[8]$_SDFFE_PN0P_/D (sg13g2_dfrbpq_1)   15.49    3.00   12.49 (MET)
y_reg[9]$_SDFFE_PN0P_/D (sg13g2_dfrbpq_1)   15.48    3.00   12.49 (MET)
y_reg[9]$_SDFFE_PN0P_/D (sg13g2_dfrbpq_1)   15.48    3.00   12.49 (MET)
y_reg[9]$_SDFFE_PN0P_/D (sg13g2_dfrbpq_1)   15.48    3.00   12.49 (MET)
y_reg[9]$_SDFFE_PN0P_/D (sg13g2_dfrbpq_1)   15.48    3.00   12.49 (MET)
y_reg[9]$_SDFFE_PN0P_/D (sg13g2_dfrbpq_1)   15.48    3.00   12.49 (MET)
y_reg[9]$_SDFFE_PN0P_/D (sg13g2_dfrbpq_1)   15.48    3.00   12.49 (MET)
x_reg[7]$_SDFFE_PN0P_/D (sg13g2_dfrbpq_1)   15.48    3.00   12.49 (MET)
x_reg[7]$_SDFFE_PN0P_/D (sg13g2_dfrbpq_1)   15.48    3.00   12.49 (MET)
x_reg[7]$_SDFFE_PN0P_/D (sg13g2_dfrbpq_1)   15.47    2.98   12.49 (MET)
x_reg[7]$_SDFFE_PN0P_/D (sg13g2_dfrbpq_1)   15.47    2.98   12.49 (MET)
y_reg[8]$_SDFFE_PN0P_/D (sg13g2_dfrbpq_1)   15.49    3.00   12.49 (MET)
y_reg[8]$_SDFFE_PN0P_/D (sg13g2_dfrbpq_1)   15.49    3.00   12.49 (MET)
y_reg[8]$_SDFFE_PN0P_/D (sg13g2_dfrbpq_1)   15.49    3.00   12.49 (MET)
y_reg[8]$_SDFFE_PN0P_/D (sg13g2_dfrbpq_1)   15.49    3.00   12.49 (MET)
y_reg[8]$_SDFFE_PN0P_/D (sg13g2_dfrbpq_1)   15.49    3.00   12.49 (MET)
y_reg[9]$_SDFFE_PN0P_/D (sg13g2_dfrbpq_1)   15.48    3.00   12.49 (MET)
y_reg[9]$_SDFFE_PN0P_/D (sg13g2_dfrbpq_1)   15.48    3.00   12.49 (MET)
y_reg[8]$_SDFFE_PN0P_/D (sg13g2_dfrbpq_1)   15.49    3.00   12.49 (MET)
y_reg[8]$_SDFFE_PN0P_/D (sg13g2_dfrbpq_1)   15.49    3.00   12.49 (MET)
y_reg[9]$_SDFFE_PN0P_/D (sg13g2_dfrbpq_1)   15.48    3.00   12.49 (MET)
y_reg[9]$_SDFFE_PN0P_/D (sg13g2_dfrbpq_1)   15.48    3.00   12.49 (MET)
y_reg[9]$_SDFFE_PN0P_/D (sg13g2_dfrbpq_1)   15.48    3.00   12.49 (MET)
y_reg[9]$_SDFFE_PN0P_/D (sg13g2_dfrbpq_1)   15.48    3.00   12.49 (MET)
y_reg[9]$_SDFFE_PN0P_/D (sg13g2_dfrbpq_1)   15.48    3.00   12.49 (MET)
y_reg[9]$_SDFFE_PN0P_/D (sg13g2_dfrbpq_1)   15.48    3.00   12.49 (MET)
y_reg[9]$_SDFFE_PN0P_/D (sg13g2_dfrbpq_1)   15.48    3.00   12.49 (MET)
y_reg[8]$_SDFFE_PN0P_/D (sg13g2_dfrbpq_1)   15.49    3.00   12.49 (MET)
y_reg[8]$_SDFFE_PN0P_/D (sg13g2_dfrbpq_1)   15.49    3.00   12.49 (MET)
y_reg[8]$_SDFFE_PN0P_/D (sg13g2_dfrbpq_1)   15.48    2.99   12.49 (MET)
y_reg[8]$_SDFFE_PN0P_/D (sg13g2_dfrbpq_1)   15.48    2.99   12.49 (MET)
y_reg[8]$_SDFFE_PN0P_/D (sg13g2_dfrbpq_1)   15.49    3.00   12.49 (MET)
y_reg[8]$_SDFFE_PN0P_/D (sg13g2_dfrbpq_1)   15.49    3.00   12.49 (MET)
y_reg[8]$_SDFFE_PN0P_/D (sg13g2_dfrbpq_1)   15.48    2.99   12.49 (MET)
y_reg[8]$_SDFFE_PN0P_/D (sg13g2_dfrbpq_1)   15.48    2.99   12.49 (MET)
y_reg[1]$_SDFFE_PN0P_/D (sg13g2_dfrbpq_1)   15.48    2.99   12.49 (MET)
y_reg[1]$_SDFFE_PN0P_/D (sg13g2_dfrbpq_1)   15.48    2.99   12.49 (MET)
y_reg[9]$_SDFFE_PN0P_/D (sg13g2_dfrbpq_1)   15.48    3.00   12.49 (MET)
x_reg[7]$_SDFFE_PN0P_/D (sg13g2_dfrbpq_1)   15.48    3.00   12.49 (MET)
y_reg[9]$_SDFFE_PN0P_/D (sg13g2_dfrbpq_1)   15.48    3.00   12.49 (MET)
y_reg[9]$_SDFFE_PN0P_/D (sg13g2_dfrbpq_1)   15.48    3.00   12.49 (MET)
y_reg[9]$_SDFFE_PN0P_/D (sg13g2_dfrbpq_1)   15.48    3.00   12.49 (MET)
sel_sin_r$_SDFFE_PN0P_/D (sg13g2_dfrbpq_1)   15.48    2.99   12.49 (MET)
y_reg[9]$_SDFFE_PN0P_/D (sg13g2_dfrbpq_1)   15.48    3.00   12.49 (MET)
x_reg[8]$_SDFFE_PN0P_/D (sg13g2_dfrbpq_1)   15.49    3.00   12.49 (MET)
x_reg[8]$_SDFFE_PN0P_/D (sg13g2_dfrbpq_1)   15.49    3.00   12.49 (MET)
y_reg[9]$_SDFFE_PN0P_/D (sg13g2_dfrbpq_1)   15.48    3.00   12.49 (MET)
y_reg[8]$_SDFFE_PN0P_/D (sg13g2_dfrbpq_1)   15.48    2.99   12.49 (MET)
y_reg[8]$_SDFFE_PN0P_/D (sg13g2_dfrbpq_1)   15.48    2.99   12.49 (MET)
x_reg[8]$_SDFFE_PN0P_/D (sg13g2_dfrbpq_1)   15.49    3.00   12.49 (MET)
x_reg[8]$_SDFFE_PN0P_/D (sg13g2_dfrbpq_1)   15.49    3.00   12.49 (MET)
x_reg[8]$_SDFFE_PN0P_/D (sg13g2_dfrbpq_1)   15.49    3.00   12.49 (MET)
x_reg[8]$_SDFFE_PN0P_/D (sg13g2_dfrbpq_1)   15.49    3.00   12.49 (MET)
y_reg[9]$_SDFFE_PN0P_/D (sg13g2_dfrbpq_1)   15.48    3.00   12.49 (MET)
iter_cnt[0]$_SDFFE_PN0P_/D (sg13g2_dfrbpq_1)   15.48    2.99   12.49 (MET)
iter_cnt[0]$_SDFFE_PN0P_/D (sg13g2_dfrbpq_1)   15.48    2.99   12.49 (MET)
y_reg[6]$_SDFFE_PN0P_/D (sg13g2_dfrbpq_1)   15.49    3.00   12.49 (MET)
y_reg[6]$_SDFFE_PN0P_/D (sg13g2_dfrbpq_1)   15.49    3.00   12.49 (MET)
y_reg[9]$_SDFFE_PN0P_/D (sg13g2_dfrbpq_1)   15.48    3.00   12.49 (MET)
y_reg[9]$_SDFFE_PN0P_/D (sg13g2_dfrbpq_1)   15.48    3.00   12.49 (MET)
y_reg[9]$_SDFFE_PN0P_/D (sg13g2_dfrbpq_1)   15.48    3.00   12.49 (MET)
y_reg[6]$_SDFFE_PN0P_/D (sg13g2_dfrbpq_1)   15.49    3.00   12.49 (MET)
y_reg[6]$_SDFFE_PN0P_/D (sg13g2_dfrbpq_1)   15.49    3.00   12.49 (MET)
y_reg[9]$_SDFFE_PN0P_/D (sg13g2_dfrbpq_1)   15.48    3.00   12.49 (MET)
y_reg[9]$_SDFFE_PN0P_/D (sg13g2_dfrbpq_1)   15.48    3.00   12.49 (MET)
y_reg[1]$_SDFFE_PN0P_/D (sg13g2_dfrbpq_1)   15.48    2.99   12.49 (MET)
y_reg[9]$_SDFFE_PN0P_/D (sg13g2_dfrbpq_1)   15.48    3.00   12.49 (MET)
y_reg[9]$_SDFFE_PN0P_/D (sg13g2_dfrbpq_1)   15.48    3.00   12.49 (MET)
y_reg[9]$_SDFFE_PN0P_/D (sg13g2_dfrbpq_1)   15.48    3.00   12.49 (MET)
y_reg[9]$_SDFFE_PN0P_/D (sg13g2_dfrbpq_1)   15.48    3.00   12.49 (MET)
y_reg[9]$_SDFFE_PN0P_/D (sg13g2_dfrbpq_1)   15.48    3.00   12.49 (MET)
y_reg[9]$_SDFFE_PN0P_/D (sg13g2_dfrbpq_1)   15.48    3.00   12.49 (MET)
y_reg[9]$_SDFFE_PN0P_/D (sg13g2_dfrbpq_1)   15.48    3.00   12.49 (MET)
y_reg[9]$_SDFFE_PN0P_/D (sg13g2_dfrbpq_1)   15.48    3.00   12.49 (MET)
y_reg[7]$_SDFFE_PN0P_/D (sg13g2_dfrbpq_1)   15.49    3.00   12.49 (MET)
y_reg[9]$_SDFFE_PN0P_/D (sg13g2_dfrbpq_1)   15.48    3.00   12.49 (MET)
y_reg[9]$_SDFFE_PN0P_/D (sg13g2_dfrbpq_1)   15.48    3.00   12.49 (MET)
y_reg[9]$_SDFFE_PN0P_/D (sg13g2_dfrbpq_1)   15.48    3.00   12.49 (MET)
y_reg[9]$_SDFFE_PN0P_/D (sg13g2_dfrbpq_1)   15.48    3.00   12.49 (MET)
y_reg[9]$_SDFFE_PN0P_/D (sg13g2_dfrbpq_1)   15.48    3.00   12.49 (MET)
y_reg[9]$_SDFFE_PN0P_/D (sg13g2_dfrbpq_1)   15.48    3.00   12.49 (MET)
y_reg[9]$_SDFFE_PN0P_/D (sg13g2_dfrbpq_1)   15.48    3.00   12.49 (MET)
y_reg[7]$_SDFFE_PN0P_/D (sg13g2_dfrbpq_1)   15.49    3.00   12.49 (MET)
y_reg[8]$_SDFFE_PN0P_/D (sg13g2_dfrbpq_1)   15.49    3.00   12.49 (MET)
y_reg[8]$_SDFFE_PN0P_/D (sg13g2_dfrbpq_1)   15.49    3.00   12.49 (MET)
y_reg[8]$_SDFFE_PN0P_/D (sg13g2_dfrbpq_1)   15.49    3.00   12.49 (MET)
y_reg[9]$_SDFFE_PN0P_/D (sg13g2_dfrbpq_1)   15.48    3.00   12.49 (MET)
y_reg[8]$_SDFFE_PN0P_/D (sg13g2_dfrbpq_1)   15.49    3.00   12.49 (MET)
y_reg[8]$_SDFFE_PN0P_/D (sg13g2_dfrbpq_1)   15.49    3.00   12.49 (MET)
y_reg[8]$_SDFFE_PN0P_/D (sg13g2_dfrbpq_1)   15.49    3.00   12.49 (MET)
y_reg[9]$_SDFFE_PN0P_/D (sg13g2_dfrbpq_1)   15.48    3.00   12.49 (MET)
y_reg[9]$_SDFFE_PN0P_/D (sg13g2_dfrbpq_1)   15.48    3.00   12.49 (MET)
y_reg[8]$_SDFFE_PN0P_/D (sg13g2_dfrbpq_1)   15.49    3.00   12.49 (MET)
y_reg[8]$_SDFFE_PN0P_/D (sg13g2_dfrbpq_1)   15.49    3.00   12.49 (MET)
y_reg[6]$_SDFFE_PN0P_/D (sg13g2_dfrbpq_1)   15.49    3.00   12.49 (MET)
y_reg[6]$_SDFFE_PN0P_/D (sg13g2_dfrbpq_1)   15.49    3.00   12.49 (MET)
y_reg[6]$_SDFFE_PN0P_/D (sg13g2_dfrbpq_1)   15.49    3.00   12.49 (MET)
y_reg[6]$_SDFFE_PN0P_/D (sg13g2_dfrbpq_1)   15.49    3.00   12.49 (MET)
y_reg[8]$_SDFFE_PN0P_/D (sg13g2_dfrbpq_1)   15.49    3.00   12.49 (MET)
y_reg[8]$_SDFFE_PN0P_/D (sg13g2_dfrbpq_1)   15.49    3.00   12.49 (MET)
y_reg[6]$_SDFFE_PN0P_/D (sg13g2_dfrbpq_1)   15.49    3.00   12.49 (MET)
y_reg[6]$_SDFFE_PN0P_/D (sg13g2_dfrbpq_1)   15.49    3.00   12.49 (MET)
y_reg[8]$_SDFFE_PN0P_/D (sg13g2_dfrbpq_1)   15.48    2.99   12.49 (MET)
y_reg[8]$_SDFFE_PN0P_/D (sg13g2_dfrbpq_1)   15.48    2.99   12.49 (MET)
y_reg[8]$_SDFFE_PN0P_/D (sg13g2_dfrbpq_1)   15.48    2.99   12.49 (MET)
y_reg[8]$_SDFFE_PN0P_/D (sg13g2_dfrbpq_1)   15.48    2.99   12.49 (MET)
y_reg[8]$_SDFFE_PN0P_/D (sg13g2_dfrbpq_1)   15.48    2.99   12.49 (MET)
y_reg[8]$_SDFFE_PN0P_/D (sg13g2_dfrbpq_1)   15.48    2.99   12.49 (MET)
y_reg[8]$_SDFFE_PN0P_/D (sg13g2_dfrbpq_1)   15.48    2.99   12.49 (MET)
y_reg[8]$_SDFFE_PN0P_/D (sg13g2_dfrbpq_1)   15.48    2.99   12.49 (MET)
y_reg[8]$_SDFFE_PN0P_/D (sg13g2_dfrbpq_1)   15.48    2.99   12.49 (MET)
y_reg[8]$_SDFFE_PN0P_/D (sg13g2_dfrbpq_1)   15.48    2.99   12.49 (MET)
z_reg[3]$_SDFFE_PN0P_/D (sg13g2_dfrbpq_1)   15.48    3.00   12.49 (MET)
z_reg[3]$_SDFFE_PN0P_/D (sg13g2_dfrbpq_1)   15.48    3.00   12.49 (MET)
z_reg[3]$_SDFFE_PN0P_/D (sg13g2_dfrbpq_1)   15.48    3.00   12.49 (MET)
z_reg[3]$_SDFFE_PN0P_/D (sg13g2_dfrbpq_1)   15.48    3.00   12.49 (MET)
y_reg[8]$_SDFFE_PN0P_/D (sg13g2_dfrbpq_1)   15.49    3.00   12.49 (MET)
y_reg[8]$_SDFFE_PN0P_/D (sg13g2_dfrbpq_1)   15.49    3.00   12.49 (MET)
y_reg[9]$_SDFFE_PN0P_/D (sg13g2_dfrbpq_1)   15.48    2.99   12.49 (MET)
y_reg[9]$_SDFFE_PN0P_/D (sg13g2_dfrbpq_1)   15.48    2.99   12.49 (MET)
y_reg[9]$_SDFFE_PN0P_/D (sg13g2_dfrbpq_1)   15.48    2.99   12.49 (MET)
y_reg[9]$_SDFFE_PN0P_/D (sg13g2_dfrbpq_1)   15.48    2.99   12.49 (MET)
y_reg[9]$_SDFFE_PN0P_/D (sg13g2_dfrbpq_1)   15.48    2.99   12.49 (MET)
y_reg[9]$_SDFFE_PN0P_/D (sg13g2_dfrbpq_1)   15.48    2.99   12.49 (MET)
y_reg[9]$_SDFFE_PN0P_/D (sg13g2_dfrbpq_1)   15.48    2.99   12.49 (MET)
y_reg[9]$_SDFFE_PN0P_/D (sg13g2_dfrbpq_1)   15.48    2.99   12.49 (MET)
y_reg[9]$_SDFFE_PN0P_/D (sg13g2_dfrbpq_1)   15.48    2.99   12.49 (MET)
y_reg[9]$_SDFFE_PN0P_/D (sg13g2_dfrbpq_1)   15.48    2.99   12.49 (MET)
y_reg[9]$_SDFFE_PN0P_/D (sg13g2_dfrbpq_1)   15.48    2.99   12.49 (MET)
y_reg[9]$_SDFFE_PN0P_/D (sg13g2_dfrbpq_1)   15.48    2.99   12.49 (MET)
y_reg[9]$_SDFFE_PN0P_/D (sg13g2_dfrbpq_1)   15.48    2.99   12.49 (MET)
y_reg[6]$_SDFFE_PN0P_/D (sg13g2_dfrbpq_1)   15.49    3.00   12.49 (MET)
y_reg[9]$_SDFFE_PN0P_/D (sg13g2_dfrbpq_1)   15.48    2.99   12.49 (MET)
y_reg[9]$_SDFFE_PN0P_/D (sg13g2_dfrbpq_1)   15.48    2.99   12.49 (MET)
y_reg[9]$_SDFFE_PN0P_/D (sg13g2_dfrbpq_1)   15.48    2.99   12.49 (MET)
y_reg[6]$_SDFFE_PN0P_/D (sg13g2_dfrbpq_1)   15.49    3.00   12.49 (MET)
x_reg[8]$_SDFFE_PN0P_/D (sg13g2_dfrbpq_1)   15.49    3.00   12.49 (MET)
x_reg[8]$_SDFFE_PN0P_/D (sg13g2_dfrbpq_1)   15.49    3.00   12.49 (MET)
x_reg[8]$_SDFFE_PN0P_/D (sg13g2_dfrbpq_1)   15.49    3.00   12.49 (MET)
x_reg[8]$_SDFFE_PN0P_/D (sg13g2_dfrbpq_1)   15.49    3.00   12.49 (MET)
y_reg[6]$_SDFFE_PN0P_/D (sg13g2_dfrbpq_1)   15.49    3.00   12.49 (MET)
y_reg[6]$_SDFFE_PN0P_/D (sg13g2_dfrbpq_1)   15.49    3.00   12.49 (MET)
y_reg[9]$_SDFFE_PN0P_/D (sg13g2_dfrbpq_1)   15.48    2.99   12.49 (MET)
y_reg[9]$_SDFFE_PN0P_/D (sg13g2_dfrbpq_1)   15.48    2.99   12.49 (MET)
y_reg[9]$_SDFFE_PN0P_/D (sg13g2_dfrbpq_1)   15.48    2.99   12.49 (MET)
y_reg[7]$_SDFFE_PN0P_/D (sg13g2_dfrbpq_1)   15.49    3.00   12.49 (MET)
y_reg[9]$_SDFFE_PN0P_/D (sg13g2_dfrbpq_1)   15.48    2.99   12.49 (MET)
y_reg[9]$_SDFFE_PN0P_/D (sg13g2_dfrbpq_1)   15.48    2.99   12.49 (MET)
y_reg[7]$_SDFFE_PN0P_/D (sg13g2_dfrbpq_1)   15.49    3.00   12.49 (MET)
x_reg[8]$_SDFFE_PN0P_/D (sg13g2_dfrbpq_1)   15.49    3.00   12.49 (MET)
x_reg[8]$_SDFFE_PN0P_/D (sg13g2_dfrbpq_1)   15.49    3.00   12.49 (MET)
x_reg[8]$_SDFFE_PN0P_/D (sg13g2_dfrbpq_1)   15.49    3.00   12.49 (MET)
x_reg[8]$_SDFFE_PN0P_/D (sg13g2_dfrbpq_1)   15.49    3.00   12.49 (MET)
y_reg[6]$_SDFFE_PN0P_/D (sg13g2_dfrbpq_1)   15.49    3.00   12.49 (MET)
y_reg[6]$_SDFFE_PN0P_/D (sg13g2_dfrbpq_1)   15.49    3.00   12.49 (MET)
y_reg[8]$_SDFFE_PN0P_/D (sg13g2_dfrbpq_1)   15.48    2.99   12.49 (MET)
y_reg[8]$_SDFFE_PN0P_/D (sg13g2_dfrbpq_1)   15.48    2.99   12.49 (MET)
y_reg[8]$_SDFFE_PN0P_/D (sg13g2_dfrbpq_1)   15.48    2.99   12.49 (MET)
y_reg[8]$_SDFFE_PN0P_/D (sg13g2_dfrbpq_1)   15.48    2.99   12.49 (MET)
y_reg[8]$_SDFFE_PN0P_/D (sg13g2_dfrbpq_1)   15.48    2.99   12.49 (MET)
y_reg[8]$_SDFFE_PN0P_/D (sg13g2_dfrbpq_1)   15.48    2.99   12.49 (MET)
y_reg[8]$_SDFFE_PN0P_/D (sg13g2_dfrbpq_1)   15.48    2.99   12.49 (MET)
y_reg[8]$_SDFFE_PN0P_/D (sg13g2_dfrbpq_1)   15.48    2.99   12.49 (MET)
y_reg[8]$_SDFFE_PN0P_/D (sg13g2_dfrbpq_1)   15.48    2.99   12.49 (MET)
y_reg[8]$_SDFFE_PN0P_/D (sg13g2_dfrbpq_1)   15.48    2.99   12.49 (MET)
y_reg[8]$_SDFFE_PN0P_/D (sg13g2_dfrbpq_1)   15.48    2.99   12.49 (MET)
y_reg[8]$_SDFFE_PN0P_/D (sg13g2_dfrbpq_1)   15.48    2.99   12.49 (MET)
y_reg[8]$_SDFFE_PN0P_/D (sg13g2_dfrbpq_1)   15.48    2.99   12.49 (MET)
y_reg[8]$_SDFFE_PN0P_/D (sg13g2_dfrbpq_1)   15.48    2.99   12.49 (MET)
y_reg[8]$_SDFFE_PN0P_/D (sg13g2_dfrbpq_1)   15.48    2.99   12.49 (MET)
y_reg[8]$_SDFFE_PN0P_/D (sg13g2_dfrbpq_1)   15.48    2.99   12.49 (MET)
y_reg[8]$_SDFFE_PN0P_/D (sg13g2_dfrbpq_1)   15.48    2.99   12.49 (MET)
y_reg[8]$_SDFFE_PN0P_/D (sg13g2_dfrbpq_1)   15.48    2.99   12.49 (MET)
y_reg[8]$_SDFFE_PN0P_/D (sg13g2_dfrbpq_1)   15.48    2.99   12.49 (MET)
y_reg[8]$_SDFFE_PN0P_/D (sg13g2_dfrbpq_1)   15.48    2.99   12.49 (MET)
y_reg[8]$_SDFFE_PN0P_/D (sg13g2_dfrbpq_1)   15.48    2.99   12.49 (MET)
y_reg[8]$_SDFFE_PN0P_/D (sg13g2_dfrbpq_1)   15.48    2.99   12.49 (MET)
y_reg[8]$_SDFFE_PN0P_/D (sg13g2_dfrbpq_1)   15.48    2.99   12.49 (MET)
y_reg[8]$_SDFFE_PN0P_/D (sg13g2_dfrbpq_1)   15.48    2.99   12.49 (MET)
y_reg[8]$_SDFFE_PN0P_/D (sg13g2_dfrbpq_1)   15.48    2.99   12.49 (MET)
y_reg[8]$_SDFFE_PN0P_/D (sg13g2_dfrbpq_1)   15.48    2.99   12.49 (MET)
y_reg[8]$_SDFFE_PN0P_/D (sg13g2_dfrbpq_1)   15.48    2.99   12.49 (MET)
y_reg[8]$_SDFFE_PN0P_/D (sg13g2_dfrbpq_1)   15.48    2.99   12.49 (MET)
z_reg[4]$_SDFFE_PN0P_/D (sg13g2_dfrbpq_1)   15.48    2.99   12.49 (MET)
z_reg[4]$_SDFFE_PN0P_/D (sg13g2_dfrbpq_1)   15.48    2.99   12.49 (MET)
y_reg[8]$_SDFFE_PN0P_/D (sg13g2_dfrbpq_1)   15.49    3.00   12.49 (MET)
y_reg[8]$_SDFFE_PN0P_/D (sg13g2_dfrbpq_1)   15.49    3.00   12.49 (MET)
y_reg[9]$_SDFFE_PN0P_/D (sg13g2_dfrbpq_1)   15.48    2.99   12.49 (MET)
y_reg[9]$_SDFFE_PN0P_/D (sg13g2_dfrbpq_1)   15.48    2.99   12.49 (MET)
y_reg[9]$_SDFFE_PN0P_/D (sg13g2_dfrbpq_1)   15.48    2.99   12.49 (MET)
y_reg[9]$_SDFFE_PN0P_/D (sg13g2_dfrbpq_1)   15.48    2.99   12.49 (MET)
y_reg[9]$_SDFFE_PN0P_/D (sg13g2_dfrbpq_1)   15.48    2.99   12.49 (MET)
y_reg[9]$_SDFFE_PN0P_/D (sg13g2_dfrbpq_1)   15.48    2.99   12.49 (MET)
y_reg[9]$_SDFFE_PN0P_/D (sg13g2_dfrbpq_1)   15.48    2.99   12.49 (MET)
y_reg[9]$_SDFFE_PN0P_/D (sg13g2_dfrbpq_1)   15.48    2.99   12.49 (MET)
y_reg[9]$_SDFFE_PN0P_/D (sg13g2_dfrbpq_1)   15.48    2.99   12.49 (MET)
y_reg[9]$_SDFFE_PN0P_/D (sg13g2_dfrbpq_1)   15.48    2.99   12.49 (MET)
x_reg[8]$_SDFFE_PN0P_/D (sg13g2_dfrbpq_1)   15.49    3.00   12.49 (MET)
x_reg[8]$_SDFFE_PN0P_/D (sg13g2_dfrbpq_1)   15.49    3.00   12.49 (MET)
x_reg[8]$_SDFFE_PN0P_/D (sg13g2_dfrbpq_1)   15.49    3.00   12.49 (MET)
x_reg[8]$_SDFFE_PN0P_/D (sg13g2_dfrbpq_1)   15.49    3.00   12.49 (MET)
y_reg[7]$_SDFFE_PN0P_/D (sg13g2_dfrbpq_1)   15.48    2.99   12.49 (MET)
y_reg[7]$_SDFFE_PN0P_/D (sg13g2_dfrbpq_1)   15.48    2.99   12.49 (MET)
y_reg[7]$_SDFFE_PN0P_/D (sg13g2_dfrbpq_1)   15.48    2.99   12.49 (MET)
y_reg[7]$_SDFFE_PN0P_/D (sg13g2_dfrbpq_1)   15.48    2.99   12.49 (MET)
y_reg[8]$_SDFFE_PN0P_/D (sg13g2_dfrbpq_1)   15.48    2.99   12.49 (MET)
y_reg[8]$_SDFFE_PN0P_/D (sg13g2_dfrbpq_1)   15.48    2.99   12.49 (MET)
y_reg[8]$_SDFFE_PN0P_/D (sg13g2_dfrbpq_1)   15.48    2.99   12.49 (MET)
y_reg[8]$_SDFFE_PN0P_/D (sg13g2_dfrbpq_1)   15.48    2.99   12.49 (MET)
y_reg[8]$_SDFFE_PN0P_/D (sg13g2_dfrbpq_1)   15.48    2.99   12.49 (MET)
y_reg[8]$_SDFFE_PN0P_/D (sg13g2_dfrbpq_1)   15.48    2.99   12.49 (MET)
y_reg[8]$_SDFFE_PN0P_/D (sg13g2_dfrbpq_1)   15.48    2.99   12.49 (MET)
y_reg[8]$_SDFFE_PN0P_/D (sg13g2_dfrbpq_1)   15.48    2.99   12.49 (MET)
y_reg[9]$_SDFFE_PN0P_/D (sg13g2_dfrbpq_1)   15.48    2.99   12.49 (MET)
y_reg[8]$_SDFFE_PN0P_/D (sg13g2_dfrbpq_1)   15.48    2.99   12.49 (MET)
y_reg[8]$_SDFFE_PN0P_/D (sg13g2_dfrbpq_1)   15.48    2.99   12.49 (MET)
y_reg[8]$_SDFFE_PN0P_/D (sg13g2_dfrbpq_1)   15.48    2.99   12.49 (MET)
y_reg[8]$_SDFFE_PN0P_/D (sg13g2_dfrbpq_1)   15.48    2.99   12.49 (MET)
y_reg[8]$_SDFFE_PN0P_/D (sg13g2_dfrbpq_1)   15.48    2.99   12.49 (MET)
y_reg[8]$_SDFFE_PN0P_/D (sg13g2_dfrbpq_1)   15.48    2.99   12.49 (MET)
y_reg[8]$_SDFFE_PN0P_/D (sg13g2_dfrbpq_1)   15.48    2.99   12.49 (MET)
y_reg[8]$_SDFFE_PN0P_/D (sg13g2_dfrbpq_1)   15.48    2.99   12.49 (MET)
y_reg[8]$_SDFFE_PN0P_/D (sg13g2_dfrbpq_1)   15.48    2.99   12.49 (MET)
y_reg[8]$_SDFFE_PN0P_/D (sg13g2_dfrbpq_1)   15.48    2.99   12.49 (MET)
y_reg[8]$_SDFFE_PN0P_/D (sg13g2_dfrbpq_1)   15.48    2.99   12.49 (MET)
y_reg[8]$_SDFFE_PN0P_/D (sg13g2_dfrbpq_1)   15.48    2.99   12.49 (MET)
y_reg[8]$_SDFFE_PN0P_/D (sg13g2_dfrbpq_1)   15.48    2.99   12.49 (MET)
y_reg[8]$_SDFFE_PN0P_/D (sg13g2_dfrbpq_1)   15.48    2.99   12.49 (MET)
y_reg[8]$_SDFFE_PN0P_/D (sg13g2_dfrbpq_1)   15.48    2.99   12.49 (MET)
y_reg[8]$_SDFFE_PN0P_/D (sg13g2_dfrbpq_1)   15.48    2.99   12.49 (MET)
y_reg[9]$_SDFFE_PN0P_/D (sg13g2_dfrbpq_1)   15.48    2.99   12.49 (MET)
y_reg[8]$_SDFFE_PN0P_/D (sg13g2_dfrbpq_1)   15.48    2.99   12.49 (MET)
y_reg[8]$_SDFFE_PN0P_/D (sg13g2_dfrbpq_1)   15.48    2.99   12.49 (MET)
y_reg[7]$_SDFFE_PN0P_/D (sg13g2_dfrbpq_1)   15.48    2.99   12.49 (MET)
y_reg[7]$_SDFFE_PN0P_/D (sg13g2_dfrbpq_1)   15.48    2.99   12.49 (MET)
y_reg[7]$_SDFFE_PN0P_/D (sg13g2_dfrbpq_1)   15.48    2.99   12.49 (MET)
y_reg[7]$_SDFFE_PN0P_/D (sg13g2_dfrbpq_1)   15.48    2.99   12.49 (MET)
y_reg[9]$_SDFFE_PN0P_/D (sg13g2_dfrbpq_1)   15.48    2.99   12.49 (MET)
y_reg[9]$_SDFFE_PN0P_/D (sg13g2_dfrbpq_1)   15.48    2.99   12.49 (MET)
y_reg[9]$_SDFFE_PN0P_/D (sg13g2_dfrbpq_1)   15.48    2.99   12.49 (MET)
y_reg[9]$_SDFFE_PN0P_/D (sg13g2_dfrbpq_1)   15.48    2.99   12.49 (MET)
y_reg[9]$_SDFFE_PN0P_/D (sg13g2_dfrbpq_1)   15.48    2.99   12.49 (MET)
y_reg[9]$_SDFFE_PN0P_/D (sg13g2_dfrbpq_1)   15.48    2.99   12.49 (MET)
y_reg[9]$_SDFFE_PN0P_/D (sg13g2_dfrbpq_1)   15.48    2.99   12.49 (MET)
y_reg[9]$_SDFFE_PN0P_/D (sg13g2_dfrbpq_1)   15.48    2.99   12.49 (MET)
y_reg[9]$_SDFFE_PN0P_/D (sg13g2_dfrbpq_1)   15.48    2.99   12.49 (MET)
y_reg[9]$_SDFFE_PN0P_/D (sg13g2_dfrbpq_1)   15.48    2.99   12.49 (MET)
y_reg[9]$_SDFFE_PN0P_/D (sg13g2_dfrbpq_1)   15.48    2.99   12.49 (MET)
y_reg[9]$_SDFFE_PN0P_/D (sg13g2_dfrbpq_1)   15.48    2.99   12.49 (MET)
x_reg[8]$_SDFFE_PN0P_/D (sg13g2_dfrbpq_1)   15.49    3.00   12.49 (MET)
x_reg[8]$_SDFFE_PN0P_/D (sg13g2_dfrbpq_1)   15.49    3.00   12.49 (MET)
y_reg[8]$_SDFFE_PN0P_/D (sg13g2_dfrbpq_1)   15.49    3.00   12.49 (MET)
y_reg[8]$_SDFFE_PN0P_/D (sg13g2_dfrbpq_1)   15.49    3.00   12.49 (MET)
y_reg[9]$_SDFFE_PN0P_/D (sg13g2_dfrbpq_1)   15.48    2.99   12.49 (MET)
y_reg[9]$_SDFFE_PN0P_/D (sg13g2_dfrbpq_1)   15.48    2.99   12.49 (MET)
y_reg[8]$_SDFFE_PN0P_/D (sg13g2_dfrbpq_1)   15.49    3.00   12.49 (MET)
y_reg[8]$_SDFFE_PN0P_/D (sg13g2_dfrbpq_1)   15.49    3.00   12.49 (MET)
y_reg[8]$_SDFFE_PN0P_/D (sg13g2_dfrbpq_1)   15.49    3.00   12.49 (MET)
y_reg[8]$_SDFFE_PN0P_/D (sg13g2_dfrbpq_1)   15.49    3.00   12.49 (MET)
y_reg[8]$_SDFFE_PN0P_/D (sg13g2_dfrbpq_1)   15.49    3.00   12.49 (MET)
y_reg[8]$_SDFFE_PN0P_/D (sg13g2_dfrbpq_1)   15.49    3.00   12.49 (MET)
y_reg[9]$_SDFFE_PN0P_/D (sg13g2_dfrbpq_1)   15.48    2.99   12.49 (MET)
y_reg[9]$_SDFFE_PN0P_/D (sg13g2_dfrbpq_1)   15.48    2.99   12.49 (MET)
x_reg[8]$_SDFFE_PN0P_/D (sg13g2_dfrbpq_1)   15.49    3.00   12.49 (MET)
x_reg[8]$_SDFFE_PN0P_/D (sg13g2_dfrbpq_1)   15.49    3.00   12.49 (MET)
y_reg[8]$_SDFFE_PN0P_/D (sg13g2_dfrbpq_1)   15.49    3.00   12.49 (MET)
y_reg[8]$_SDFFE_PN0P_/D (sg13g2_dfrbpq_1)   15.49    3.00   12.49 (MET)
y_reg[8]$_SDFFE_PN0P_/D (sg13g2_dfrbpq_1)   15.49    3.00   12.49 (MET)
y_reg[8]$_SDFFE_PN0P_/D (sg13g2_dfrbpq_1)   15.49    3.00   12.49 (MET)
y_reg[8]$_SDFFE_PN0P_/D (sg13g2_dfrbpq_1)   15.49    3.00   12.49 (MET)
y_reg[8]$_SDFFE_PN0P_/D (sg13g2_dfrbpq_1)   15.49    3.00   12.49 (MET)
y_reg[9]$_SDFFE_PN0P_/D (sg13g2_dfrbpq_1)   15.49    3.00   12.49 (MET)
y_reg[9]$_SDFFE_PN0P_/D (sg13g2_dfrbpq_1)   15.49    3.00   12.49 (MET)
y_reg[9]$_SDFFE_PN0P_/D (sg13g2_dfrbpq_1)   15.49    3.00   12.49 (MET)
y_reg[9]$_SDFFE_PN0P_/D (sg13g2_dfrbpq_1)   15.49    3.00   12.49 (MET)
y_reg[9]$_SDFFE_PN0P_/D (sg13g2_dfrbpq_1)   15.49    3.00   12.49 (MET)
y_reg[9]$_SDFFE_PN0P_/D (sg13g2_dfrbpq_1)   15.49    3.00   12.49 (MET)
y_reg[9]$_SDFFE_PN0P_/D (sg13g2_dfrbpq_1)   15.48    2.99   12.49 (MET)
y_reg[9]$_SDFFE_PN0P_/D (sg13g2_dfrbpq_1)   15.48    2.99   12.49 (MET)
y_reg[8]$_SDFFE_PN0P_/D (sg13g2_dfrbpq_1)   15.49    3.00   12.49 (MET)
y_reg[8]$_SDFFE_PN0P_/D (sg13g2_dfrbpq_1)   15.49    3.00   12.49 (MET)
y_reg[8]$_SDFFE_PN0P_/D (sg13g2_dfrbpq_1)   15.49    3.00   12.49 (MET)
y_reg[8]$_SDFFE_PN0P_/D (sg13g2_dfrbpq_1)   15.49    3.00   12.49 (MET)
y_reg[8]$_SDFFE_PN0P_/D (sg13g2_dfrbpq_1)   15.49    3.00   12.49 (MET)
y_reg[8]$_SDFFE_PN0P_/D (sg13g2_dfrbpq_1)   15.49    3.00   12.49 (MET)
y_reg[9]$_SDFFE_PN0P_/D (sg13g2_dfrbpq_1)   15.48    2.99   12.49 (MET)
y_reg[9]$_SDFFE_PN0P_/D (sg13g2_dfrbpq_1)   15.48    2.99   12.49 (MET)
y_reg[9]$_SDFFE_PN0P_/D (sg13g2_dfrbpq_1)   15.48    2.99   12.49 (MET)
y_reg[9]$_SDFFE_PN0P_/D (sg13g2_dfrbpq_1)   15.48    2.99   12.49 (MET)
y_reg[9]$_SDFFE_PN0P_/D (sg13g2_dfrbpq_1)   15.48    2.99   12.49 (MET)
y_reg[9]$_SDFFE_PN0P_/D (sg13g2_dfrbpq_1)   15.48    2.99   12.49 (MET)
y_reg[9]$_SDFFE_PN0P_/D (sg13g2_dfrbpq_1)   15.48    2.99   12.49 (MET)
y_reg[9]$_SDFFE_PN0P_/D (sg13g2_dfrbpq_1)   15.48    2.99   12.49 (MET)
x_reg[8]$_SDFFE_PN0P_/D (sg13g2_dfrbpq_1)   15.49    3.00   12.49 (MET)
y_reg[9]$_SDFFE_PN0P_/D (sg13g2_dfrbpq_1)   15.48    2.99   12.49 (MET)
y_reg[9]$_SDFFE_PN0P_/D (sg13g2_dfrbpq_1)   15.48    2.99   12.49 (MET)
y_reg[9]$_SDFFE_PN0P_/D (sg13g2_dfrbpq_1)   15.48    2.99   12.49 (MET)
y_reg[9]$_SDFFE_PN0P_/D (sg13g2_dfrbpq_1)   15.48    2.99   12.49 (MET)
y_reg[8]$_SDFFE_PN0P_/D (sg13g2_dfrbpq_1)   15.49    2.99   12.49 (MET)
y_reg[8]$_SDFFE_PN0P_/D (sg13g2_dfrbpq_1)   15.49    2.99   12.49 (MET)
y_reg[9]$_SDFFE_PN0P_/D (sg13g2_dfrbpq_1)   15.49    2.99   12.49 (MET)
y_reg[9]$_SDFFE_PN0P_/D (sg13g2_dfrbpq_1)   15.49    2.99   12.49 (MET)
y_reg[9]$_SDFFE_PN0P_/D (sg13g2_dfrbpq_1)   15.49    2.99   12.49 (MET)
x_reg[8]$_SDFFE_PN0P_/D (sg13g2_dfrbpq_1)   15.49    3.00   12.49 (MET)
y_reg[8]$_SDFFE_PN0P_/D (sg13g2_dfrbpq_1)   15.48    2.99   12.49 (MET)
y_reg[8]$_SDFFE_PN0P_/D (sg13g2_dfrbpq_1)   15.48    2.99   12.49 (MET)
y_reg[8]$_SDFFE_PN0P_/D (sg13g2_dfrbpq_1)   15.48    2.99   12.49 (MET)
y_reg[8]$_SDFFE_PN0P_/D (sg13g2_dfrbpq_1)   15.48    2.99   12.49 (MET)
y_reg[9]$_SDFFE_PN0P_/D (sg13g2_dfrbpq_1)   15.49    2.99   12.49 (MET)
x_reg[8]$_SDFFE_PN0P_/D (sg13g2_dfrbpq_1)   15.49    3.00   12.49 (MET)
x_reg[8]$_SDFFE_PN0P_/D (sg13g2_dfrbpq_1)   15.49    3.00   12.49 (MET)
y_reg[8]$_SDFFE_PN0P_/D (sg13g2_dfrbpq_1)   15.49    2.99   12.49 (MET)
y_reg[8]$_SDFFE_PN0P_/D (sg13g2_dfrbpq_1)   15.49    2.99   12.49 (MET)
y_reg[8]$_SDFFE_PN0P_/D (sg13g2_dfrbpq_1)   15.49    2.99   12.49 (MET)
y_reg[8]$_SDFFE_PN0P_/D (sg13g2_dfrbpq_1)   15.49    2.99   12.49 (MET)
y_reg[9]$_SDFFE_PN0P_/D (sg13g2_dfrbpq_1)   15.49    2.99   12.49 (MET)
y_reg[9]$_SDFFE_PN0P_/D (sg13g2_dfrbpq_1)   15.49    2.99   12.49 (MET)
y_reg[8]$_SDFFE_PN0P_/D (sg13g2_dfrbpq_1)   15.49    2.99   12.49 (MET)
y_reg[8]$_SDFFE_PN0P_/D (sg13g2_dfrbpq_1)   15.49    2.99   12.49 (MET)
y_reg[7]$_SDFFE_PN0P_/D (sg13g2_dfrbpq_1)   15.48    2.99   12.49 (MET)
y_reg[7]$_SDFFE_PN0P_/D (sg13g2_dfrbpq_1)   15.48    2.99   12.49 (MET)
y_reg[7]$_SDFFE_PN0P_/D (sg13g2_dfrbpq_1)   15.48    2.99   12.49 (MET)
y_reg[7]$_SDFFE_PN0P_/D (sg13g2_dfrbpq_1)   15.48    2.99   12.49 (MET)
y_reg[7]$_SDFFE_PN0P_/D (sg13g2_dfrbpq_1)   15.48    2.99   12.49 (MET)
y_reg[7]$_SDFFE_PN0P_/D (sg13g2_dfrbpq_1)   15.48    2.99   12.49 (MET)
y_reg[7]$_SDFFE_PN0P_/D (sg13g2_dfrbpq_1)   15.48    2.99   12.49 (MET)
y_reg[7]$_SDFFE_PN0P_/D (sg13g2_dfrbpq_1)   15.48    2.99   12.49 (MET)
y_reg[8]$_SDFFE_PN0P_/D (sg13g2_dfrbpq_1)   15.48    2.99   12.49 (MET)
y_reg[8]$_SDFFE_PN0P_/D (sg13g2_dfrbpq_1)   15.48    2.99   12.49 (MET)
y_reg[9]$_SDFFE_PN0P_/D (sg13g2_dfrbpq_1)   15.49    2.99   12.49 (MET)
y_reg[9]$_SDFFE_PN0P_/D (sg13g2_dfrbpq_1)   15.49    2.99   12.49 (MET)
y_reg[8]$_SDFFE_PN0P_/D (sg13g2_dfrbpq_1)   15.48    2.99   12.49 (MET)
y_reg[8]$_SDFFE_PN0P_/D (sg13g2_dfrbpq_1)   15.48    2.99   12.49 (MET)
y_reg[9]$_SDFFE_PN0P_/D (sg13g2_dfrbpq_1)   15.49    2.99   12.49 (MET)
y_reg[8]$_SDFFE_PN0P_/D (sg13g2_dfrbpq_1)   15.49    2.99   12.49 (MET)
x_reg[7]$_SDFFE_PN0P_/D (sg13g2_dfrbpq_1)   15.47    2.98   12.49 (MET)
x_reg[7]$_SDFFE_PN0P_/D (sg13g2_dfrbpq_1)   15.47    2.98   12.49 (MET)
x_reg[7]$_SDFFE_PN0P_/D (sg13g2_dfrbpq_1)   15.47    2.98   12.49 (MET)
x_reg[7]$_SDFFE_PN0P_/D (sg13g2_dfrbpq_1)   15.47    2.98   12.49 (MET)
x_reg[7]$_SDFFE_PN0P_/D (sg13g2_dfrbpq_1)   15.47    2.98   12.49 (MET)
x_reg[7]$_SDFFE_PN0P_/D (sg13g2_dfrbpq_1)   15.47    2.98   12.49 (MET)
x_reg[7]$_SDFFE_PN0P_/D (sg13g2_dfrbpq_1)   15.47    2.98   12.49 (MET)
x_reg[7]$_SDFFE_PN0P_/D (sg13g2_dfrbpq_1)   15.47    2.98   12.49 (MET)
x_reg[7]$_SDFFE_PN0P_/D (sg13g2_dfrbpq_1)   15.47    2.98   12.49 (MET)
x_reg[7]$_SDFFE_PN0P_/D (sg13g2_dfrbpq_1)   15.47    2.98   12.49 (MET)
x_reg[7]$_SDFFE_PN0P_/D (sg13g2_dfrbpq_1)   15.47    2.98   12.49 (MET)
x_reg[7]$_SDFFE_PN0P_/D (sg13g2_dfrbpq_1)   15.47    2.98   12.49 (MET)
x_reg[7]$_SDFFE_PN0P_/D (sg13g2_dfrbpq_1)   15.47    2.98   12.49 (MET)
x_reg[7]$_SDFFE_PN0P_/D (sg13g2_dfrbpq_1)   15.47    2.98   12.49 (MET)
x_reg[7]$_SDFFE_PN0P_/D (sg13g2_dfrbpq_1)   15.47    2.98   12.49 (MET)
x_reg[7]$_SDFFE_PN0P_/D (sg13g2_dfrbpq_1)   15.47    2.98   12.49 (MET)
y_reg[8]$_SDFFE_PN0P_/D (sg13g2_dfrbpq_1)   15.49    2.99   12.49 (MET)
x_reg[8]$_SDFFE_PN0P_/D (sg13g2_dfrbpq_1)   15.49    2.99   12.49 (MET)
x_reg[8]$_SDFFE_PN0P_/D (sg13g2_dfrbpq_1)   15.49    2.99   12.49 (MET)
x_reg[8]$_SDFFE_PN0P_/D (sg13g2_dfrbpq_1)   15.49    2.99   12.49 (MET)
x_reg[8]$_SDFFE_PN0P_/D (sg13g2_dfrbpq_1)   15.49    2.99   12.49 (MET)
y_reg[8]$_SDFFE_PN0P_/D (sg13g2_dfrbpq_1)   15.48    2.99   12.49 (MET)
y_reg[8]$_SDFFE_PN0P_/D (sg13g2_dfrbpq_1)   15.48    2.99   12.49 (MET)
y_reg[8]$_SDFFE_PN0P_/D (sg13g2_dfrbpq_1)   15.48    2.99   12.49 (MET)
y_reg[8]$_SDFFE_PN0P_/D (sg13g2_dfrbpq_1)   15.48    2.99   12.49 (MET)
y_reg[6]$_SDFFE_PN0P_/D (sg13g2_dfrbpq_1)   15.49    3.00   12.49 (MET)
y_reg[6]$_SDFFE_PN0P_/D (sg13g2_dfrbpq_1)   15.49    3.00   12.49 (MET)
y_reg[6]$_SDFFE_PN0P_/D (sg13g2_dfrbpq_1)   15.49    3.00   12.49 (MET)
y_reg[6]$_SDFFE_PN0P_/D (sg13g2_dfrbpq_1)   15.49    3.00   12.49 (MET)
y_reg[6]$_SDFFE_PN0P_/D (sg13g2_dfrbpq_1)   15.49    3.00   12.49 (MET)
y_reg[6]$_SDFFE_PN0P_/D (sg13g2_dfrbpq_1)   15.49    3.00   12.49 (MET)
y_reg[6]$_SDFFE_PN0P_/D (sg13g2_dfrbpq_1)   15.49    3.00   12.49 (MET)
y_reg[6]$_SDFFE_PN0P_/D (sg13g2_dfrbpq_1)   15.49    3.00   12.49 (MET)
y_reg[6]$_SDFFE_PN0P_/D (sg13g2_dfrbpq_1)   15.49    3.00   12.49 (MET)
y_reg[6]$_SDFFE_PN0P_/D (sg13g2_dfrbpq_1)   15.49    3.00   12.49 (MET)
y_reg[6]$_SDFFE_PN0P_/D (sg13g2_dfrbpq_1)   15.49    3.00   12.49 (MET)
y_reg[6]$_SDFFE_PN0P_/D (sg13g2_dfrbpq_1)   15.49    3.00   12.49 (MET)
y_reg[6]$_SDFFE_PN0P_/D (sg13g2_dfrbpq_1)   15.49    3.00   12.49 (MET)
y_reg[6]$_SDFFE_PN0P_/D (sg13g2_dfrbpq_1)   15.49    3.00   12.49 (MET)
y_reg[6]$_SDFFE_PN0P_/D (sg13g2_dfrbpq_1)   15.49    3.00   12.49 (MET)
y_reg[6]$_SDFFE_PN0P_/D (sg13g2_dfrbpq_1)   15.49    3.00   12.49 (MET)
y_reg[8]$_SDFFE_PN0P_/D (sg13g2_dfrbpq_1)   15.49    2.99   12.49 (MET)
y_reg[8]$_SDFFE_PN0P_/D (sg13g2_dfrbpq_1)   15.48    2.99   12.49 (MET)
y_reg[8]$_SDFFE_PN0P_/D (sg13g2_dfrbpq_1)   15.48    2.99   12.49 (MET)
y_reg[8]$_SDFFE_PN0P_/D (sg13g2_dfrbpq_1)   15.48    2.99   12.49 (MET)
y_reg[8]$_SDFFE_PN0P_/D (sg13g2_dfrbpq_1)   15.48    2.99   12.49 (MET)
y_reg[8]$_SDFFE_PN0P_/D (sg13g2_dfrbpq_1)   15.48    2.99   12.49 (MET)
y_reg[8]$_SDFFE_PN0P_/D (sg13g2_dfrbpq_1)   15.48    2.99   12.49 (MET)
y_reg[8]$_SDFFE_PN0P_/D (sg13g2_dfrbpq_1)   15.48    2.99   12.49 (MET)
y_reg[8]$_SDFFE_PN0P_/D (sg13g2_dfrbpq_1)   15.48    2.99   12.49 (MET)
y_reg[6]$_SDFFE_PN0P_/D (sg13g2_dfrbpq_1)   15.49    3.00   12.49 (MET)
y_reg[6]$_SDFFE_PN0P_/D (sg13g2_dfrbpq_1)   15.49    3.00   12.49 (MET)
y_reg[6]$_SDFFE_PN0P_/D (sg13g2_dfrbpq_1)   15.49    3.00   12.49 (MET)
y_reg[6]$_SDFFE_PN0P_/D (sg13g2_dfrbpq_1)   15.49    3.00   12.49 (MET)
y_reg[6]$_SDFFE_PN0P_/D (sg13g2_dfrbpq_1)   15.49    3.00   12.49 (MET)
y_reg[6]$_SDFFE_PN0P_/D (sg13g2_dfrbpq_1)   15.49    3.00   12.49 (MET)
y_reg[6]$_SDFFE_PN0P_/D (sg13g2_dfrbpq_1)   15.49    3.00   12.49 (MET)
y_reg[6]$_SDFFE_PN0P_/D (sg13g2_dfrbpq_1)   15.49    3.00   12.49 (MET)
y_reg[6]$_SDFFE_PN0P_/D (sg13g2_dfrbpq_1)   15.49    3.00   12.49 (MET)
y_reg[6]$_SDFFE_PN0P_/D (sg13g2_dfrbpq_1)   15.49    3.00   12.49 (MET)
y_reg[6]$_SDFFE_PN0P_/D (sg13g2_dfrbpq_1)   15.49    3.00   12.49 (MET)
y_reg[6]$_SDFFE_PN0P_/D (sg13g2_dfrbpq_1)   15.49    3.00   12.49 (MET)
y_reg[6]$_SDFFE_PN0P_/D (sg13g2_dfrbpq_1)   15.49    3.00   12.49 (MET)
y_reg[6]$_SDFFE_PN0P_/D (sg13g2_dfrbpq_1)   15.49    3.00   12.49 (MET)
y_reg[6]$_SDFFE_PN0P_/D (sg13g2_dfrbpq_1)   15.49    3.00   12.49 (MET)
y_reg[6]$_SDFFE_PN0P_/D (sg13g2_dfrbpq_1)   15.49    3.00   12.49 (MET)
y_reg[8]$_SDFFE_PN0P_/D (sg13g2_dfrbpq_1)   15.49    2.99   12.49 (MET)
y_reg[8]$_SDFFE_PN0P_/D (sg13g2_dfrbpq_1)   15.49    2.99   12.49 (MET)
y_reg[8]$_SDFFE_PN0P_/D (sg13g2_dfrbpq_1)   15.49    2.99   12.49 (MET)
y_reg[8]$_SDFFE_PN0P_/D (sg13g2_dfrbpq_1)   15.49    2.99   12.49 (MET)
y_reg[9]$_SDFFE_PN0P_/D (sg13g2_dfrbpq_1)   15.49    2.99   12.49 (MET)
y_reg[9]$_SDFFE_PN0P_/D (sg13g2_dfrbpq_1)   15.49    2.99   12.49 (MET)
y_reg[8]$_SDFFE_PN0P_/D (sg13g2_dfrbpq_1)   15.49    2.99   12.49 (MET)
y_reg[8]$_SDFFE_PN0P_/D (sg13g2_dfrbpq_1)   15.49    2.99   12.49 (MET)
y_reg[8]$_SDFFE_PN0P_/D (sg13g2_dfrbpq_1)   15.49    2.99   12.49 (MET)
y_reg[8]$_SDFFE_PN0P_/D (sg13g2_dfrbpq_1)   15.49    2.99   12.49 (MET)
y_reg[8]$_SDFFE_PN0P_/D (sg13g2_dfrbpq_1)   15.49    2.99   12.49 (MET)
y_reg[8]$_SDFFE_PN0P_/D (sg13g2_dfrbpq_1)   15.49    2.99   12.49 (MET)
y_reg[8]$_SDFFE_PN0P_/D (sg13g2_dfrbpq_1)   15.49    2.99   12.49 (MET)
y_reg[8]$_SDFFE_PN0P_/D (sg13g2_dfrbpq_1)   15.49    2.99   12.49 (MET)
y_reg[8]$_SDFFE_PN0P_/D (sg13g2_dfrbpq_1)   15.49    2.99   12.49 (MET)
y_reg[8]$_SDFFE_PN0P_/D (sg13g2_dfrbpq_1)   15.49    2.99   12.49 (MET)
y_reg[8]$_SDFFE_PN0P_/D (sg13g2_dfrbpq_1)   15.49    2.99   12.49 (MET)
y_reg[8]$_SDFFE_PN0P_/D (sg13g2_dfrbpq_1)   15.49    2.99   12.49 (MET)
y_reg[8]$_SDFFE_PN0P_/D (sg13g2_dfrbpq_1)   15.48    2.99   12.49 (MET)
y_reg[8]$_SDFFE_PN0P_/D (sg13g2_dfrbpq_1)   15.48    2.99   12.49 (MET)
y_reg[8]$_SDFFE_PN0P_/D (sg13g2_dfrbpq_1)   15.48    2.99   12.49 (MET)
y_reg[8]$_SDFFE_PN0P_/D (sg13g2_dfrbpq_1)   15.48    2.99   12.49 (MET)
y_reg[9]$_SDFFE_PN0P_/D (sg13g2_dfrbpq_1)   15.49    2.99   12.49 (MET)
x_reg[8]$_SDFFE_PN0P_/D (sg13g2_dfrbpq_1)   15.49    2.99   12.49 (MET)
x_reg[8]$_SDFFE_PN0P_/D (sg13g2_dfrbpq_1)   15.49    2.99   12.49 (MET)
y_reg[9]$_SDFFE_PN0P_/D (sg13g2_dfrbpq_1)   15.48    2.99   12.49 (MET)
y_reg[9]$_SDFFE_PN0P_/D (sg13g2_dfrbpq_1)   15.48    2.99   12.49 (MET)
y_reg[9]$_SDFFE_PN0P_/D (sg13g2_dfrbpq_1)   15.48    2.99   12.49 (MET)
y_reg[9]$_SDFFE_PN0P_/D (sg13g2_dfrbpq_1)   15.48    2.99   12.49 (MET)
y_reg[9]$_SDFFE_PN0P_/D (sg13g2_dfrbpq_1)   15.48    2.99   12.49 (MET)
y_reg[9]$_SDFFE_PN0P_/D (sg13g2_dfrbpq_1)   15.48    2.99   12.49 (MET)
y_reg[9]$_SDFFE_PN0P_/D (sg13g2_dfrbpq_1)   15.48    2.99   12.49 (MET)
y_reg[9]$_SDFFE_PN0P_/D (sg13g2_dfrbpq_1)   15.48    2.99   12.49 (MET)
y_reg[9]$_SDFFE_PN0P_/D (sg13g2_dfrbpq_1)   15.48    2.99   12.49 (MET)
y_reg[9]$_SDFFE_PN0P_/D (sg13g2_dfrbpq_1)   15.48    2.99   12.49 (MET)
y_reg[9]$_SDFFE_PN0P_/D (sg13g2_dfrbpq_1)   15.48    2.99   12.49 (MET)
y_reg[9]$_SDFFE_PN0P_/D (sg13g2_dfrbpq_1)   15.48    2.99   12.49 (MET)
y_reg[9]$_SDFFE_PN0P_/D (sg13g2_dfrbpq_1)   15.48    2.99   12.49 (MET)
y_reg[9]$_SDFFE_PN0P_/D (sg13g2_dfrbpq_1)   15.48    2.99   12.49 (MET)
y_reg[9]$_SDFFE_PN0P_/D (sg13g2_dfrbpq_1)   15.48    2.99   12.49 (MET)
y_reg[9]$_SDFFE_PN0P_/D (sg13g2_dfrbpq_1)   15.48    2.99   12.49 (MET)
y_reg[9]$_SDFFE_PN0P_/D (sg13g2_dfrbpq_1)   15.48    2.99   12.49 (MET)
y_reg[9]$_SDFFE_PN0P_/D (sg13g2_dfrbpq_1)   15.48    2.99   12.49 (MET)
y_reg[8]$_SDFFE_PN0P_/D (sg13g2_dfrbpq_1)   15.48    2.99   12.49 (MET)
y_reg[8]$_SDFFE_PN0P_/D (sg13g2_dfrbpq_1)   15.48    2.99   12.49 (MET)
y_reg[8]$_SDFFE_PN0P_/D (sg13g2_dfrbpq_1)   15.48    2.99   12.49 (MET)
y_reg[8]$_SDFFE_PN0P_/D (sg13g2_dfrbpq_1)   15.48    2.99   12.49 (MET)
y_reg[6]$_SDFFE_PN0P_/D (sg13g2_dfrbpq_1)   15.49    3.00   12.49 (MET)
y_reg[6]$_SDFFE_PN0P_/D (sg13g2_dfrbpq_1)   15.49    3.00   12.49 (MET)
y_reg[6]$_SDFFE_PN0P_/D (sg13g2_dfrbpq_1)   15.49    3.00   12.49 (MET)
y_reg[6]$_SDFFE_PN0P_/D (sg13g2_dfrbpq_1)   15.49    3.00   12.49 (MET)
y_reg[6]$_SDFFE_PN0P_/D (sg13g2_dfrbpq_1)   15.49    3.00   12.49 (MET)
y_reg[6]$_SDFFE_PN0P_/D (sg13g2_dfrbpq_1)   15.49    3.00   12.49 (MET)
y_reg[6]$_SDFFE_PN0P_/D (sg13g2_dfrbpq_1)   15.49    3.00   12.49 (MET)
y_reg[6]$_SDFFE_PN0P_/D (sg13g2_dfrbpq_1)   15.49    3.00   12.49 (MET)
y_reg[6]$_SDFFE_PN0P_/D (sg13g2_dfrbpq_1)   15.49    3.00   12.49 (MET)
y_reg[6]$_SDFFE_PN0P_/D (sg13g2_dfrbpq_1)   15.49    3.00   12.49 (MET)
y_reg[6]$_SDFFE_PN0P_/D (sg13g2_dfrbpq_1)   15.49    3.00   12.49 (MET)
y_reg[6]$_SDFFE_PN0P_/D (sg13g2_dfrbpq_1)   15.49    3.00   12.49 (MET)
y_reg[6]$_SDFFE_PN0P_/D (sg13g2_dfrbpq_1)   15.49    3.00   12.49 (MET)
y_reg[6]$_SDFFE_PN0P_/D (sg13g2_dfrbpq_1)   15.49    3.00   12.49 (MET)
y_reg[6]$_SDFFE_PN0P_/D (sg13g2_dfrbpq_1)   15.49    3.00   12.49 (MET)
y_reg[6]$_SDFFE_PN0P_/D (sg13g2_dfrbpq_1)   15.49    3.00   12.49 (MET)
y_reg[7]$_SDFFE_PN0P_/D (sg13g2_dfrbpq_1)   15.49    2.99   12.49 (MET)
y_reg[7]$_SDFFE_PN0P_/D (sg13g2_dfrbpq_1)   15.49    2.99   12.49 (MET)
y_reg[7]$_SDFFE_PN0P_/D (sg13g2_dfrbpq_1)   15.49    2.99   12.49 (MET)
y_reg[7]$_SDFFE_PN0P_/D (sg13g2_dfrbpq_1)   15.49    2.99   12.49 (MET)
y_reg[8]$_SDFFE_PN0P_/D (sg13g2_dfrbpq_1)   15.49    2.99   12.49 (MET)
y_reg[8]$_SDFFE_PN0P_/D (sg13g2_dfrbpq_1)   15.49    2.99   12.49 (MET)
y_reg[8]$_SDFFE_PN0P_/D (sg13g2_dfrbpq_1)   15.49    2.99   12.49 (MET)
y_reg[9]$_SDFFE_PN0P_/D (sg13g2_dfrbpq_1)   15.48    2.99   12.49 (MET)
y_reg[9]$_SDFFE_PN0P_/D (sg13g2_dfrbpq_1)   15.48    2.99   12.49 (MET)
y_reg[9]$_SDFFE_PN0P_/D (sg13g2_dfrbpq_1)   15.48    2.99   12.49 (MET)
y_reg[9]$_SDFFE_PN0P_/D (sg13g2_dfrbpq_1)   15.48    2.99   12.49 (MET)
y_reg[9]$_SDFFE_PN0P_/D (sg13g2_dfrbpq_1)   15.48    2.99   12.49 (MET)
y_reg[9]$_SDFFE_PN0P_/D (sg13g2_dfrbpq_1)   15.48    2.99   12.49 (MET)
y_reg[9]$_SDFFE_PN0P_/D (sg13g2_dfrbpq_1)   15.48    2.99   12.49 (MET)
y_reg[8]$_SDFFE_PN0P_/D (sg13g2_dfrbpq_1)   15.49    2.99   12.49 (MET)
y_reg[9]$_SDFFE_PN0P_/D (sg13g2_dfrbpq_1)   15.48    2.99   12.49 (MET)
y_reg[9]$_SDFFE_PN0P_/D (sg13g2_dfrbpq_1)   15.48    2.99   12.49 (MET)
x_reg[8]$_SDFFE_PN0P_/D (sg13g2_dfrbpq_1)   15.49    3.00   12.49 (MET)
x_reg[8]$_SDFFE_PN0P_/D (sg13g2_dfrbpq_1)   15.49    3.00   12.49 (MET)
x_reg[8]$_SDFFE_PN0P_/D (sg13g2_dfrbpq_1)   15.49    2.99   12.49 (MET)
y_reg[6]$_SDFFE_PN0P_/D (sg13g2_dfrbpq_1)   15.49    3.00   12.49 (MET)
y_reg[6]$_SDFFE_PN0P_/D (sg13g2_dfrbpq_1)   15.49    3.00   12.49 (MET)
y_reg[6]$_SDFFE_PN0P_/D (sg13g2_dfrbpq_1)   15.49    3.00   12.49 (MET)
y_reg[6]$_SDFFE_PN0P_/D (sg13g2_dfrbpq_1)   15.49    3.00   12.49 (MET)
y_reg[6]$_SDFFE_PN0P_/D (sg13g2_dfrbpq_1)   15.49    3.00   12.49 (MET)
y_reg[6]$_SDFFE_PN0P_/D (sg13g2_dfrbpq_1)   15.49    3.00   12.49 (MET)
y_reg[6]$_SDFFE_PN0P_/D (sg13g2_dfrbpq_1)   15.49    3.00   12.49 (MET)
y_reg[6]$_SDFFE_PN0P_/D (sg13g2_dfrbpq_1)   15.49    3.00   12.49 (MET)
y_reg[6]$_SDFFE_PN0P_/D (sg13g2_dfrbpq_1)   15.49    3.00   12.49 (MET)
y_reg[6]$_SDFFE_PN0P_/D (sg13g2_dfrbpq_1)   15.49    3.00   12.49 (MET)
y_reg[6]$_SDFFE_PN0P_/D (sg13g2_dfrbpq_1)   15.49    3.00   12.49 (MET)
y_reg[6]$_SDFFE_PN0P_/D (sg13g2_dfrbpq_1)   15.49    3.00   12.49 (MET)
y_reg[6]$_SDFFE_PN0P_/D (sg13g2_dfrbpq_1)   15.49    3.00   12.49 (MET)
y_reg[6]$_SDFFE_PN0P_/D (sg13g2_dfrbpq_1)   15.49    3.00   12.49 (MET)
y_reg[6]$_SDFFE_PN0P_/D (sg13g2_dfrbpq_1)   15.49    3.00   12.49 (MET)
y_reg[6]$_SDFFE_PN0P_/D (sg13g2_dfrbpq_1)   15.49    3.00   12.49 (MET)
y_reg[8]$_SDFFE_PN0P_/D (sg13g2_dfrbpq_1)   15.49    2.99   12.49 (MET)
y_reg[8]$_SDFFE_PN0P_/D (sg13g2_dfrbpq_1)   15.49    2.99   12.49 (MET)
y_reg[8]$_SDFFE_PN0P_/D (sg13g2_dfrbpq_1)   15.48    2.98   12.49 (MET)
y_reg[8]$_SDFFE_PN0P_/D (sg13g2_dfrbpq_1)   15.48    2.98   12.49 (MET)
y_reg[8]$_SDFFE_PN0P_/D (sg13g2_dfrbpq_1)   15.48    2.98   12.49 (MET)
y_reg[8]$_SDFFE_PN0P_/D (sg13g2_dfrbpq_1)   15.48    2.98   12.49 (MET)
x_reg[8]$_SDFFE_PN0P_/D (sg13g2_dfrbpq_1)   15.49    3.00   12.49 (MET)
x_reg[8]$_SDFFE_PN0P_/D (sg13g2_dfrbpq_1)   15.49    3.00   12.49 (MET)
y_reg[8]$_SDFFE_PN0P_/D (sg13g2_dfrbpq_1)   15.49    2.99   12.49 (MET)
y_reg[8]$_SDFFE_PN0P_/D (sg13g2_dfrbpq_1)   15.49    2.99   12.49 (MET)
y_reg[8]$_SDFFE_PN0P_/D (sg13g2_dfrbpq_1)   15.48    2.98   12.49 (MET)
y_reg[8]$_SDFFE_PN0P_/D (sg13g2_dfrbpq_1)   15.48    2.98   12.49 (MET)
y_reg[8]$_SDFFE_PN0P_/D (sg13g2_dfrbpq_1)   15.48    2.98   12.49 (MET)
y_reg[8]$_SDFFE_PN0P_/D (sg13g2_dfrbpq_1)   15.48    2.98   12.49 (MET)
y_reg[9]$_SDFFE_PN0P_/D (sg13g2_dfrbpq_1)   15.48    2.99   12.49 (MET)
y_reg[9]$_SDFFE_PN0P_/D (sg13g2_dfrbpq_1)   15.48    2.99   12.49 (MET)
y_reg[8]$_SDFFE_PN0P_/D (sg13g2_dfrbpq_1)   15.49    2.99   12.49 (MET)
y_reg[8]$_SDFFE_PN0P_/D (sg13g2_dfrbpq_1)   15.49    2.99   12.49 (MET)
y_reg[9]$_SDFFE_PN0P_/D (sg13g2_dfrbpq_1)   15.48    2.99   12.49 (MET)
y_reg[9]$_SDFFE_PN0P_/D (sg13g2_dfrbpq_1)   15.48    2.99   12.49 (MET)
y_reg[9]$_SDFFE_PN0P_/D (sg13g2_dfrbpq_1)   15.48    2.99   12.49 (MET)
y_reg[9]$_SDFFE_PN0P_/D (sg13g2_dfrbpq_1)   15.48    2.99   12.49 (MET)
y_reg[9]$_SDFFE_PN0P_/D (sg13g2_dfrbpq_1)   15.48    2.99   12.49 (MET)
x_reg[8]$_SDFFE_PN0P_/D (sg13g2_dfrbpq_1)   15.49    2.99   12.49 (MET)
y_reg[9]$_SDFFE_PN0P_/D (sg13g2_dfrbpq_1)   15.48    2.99   12.49 (MET)
y_reg[9]$_SDFFE_PN0P_/D (sg13g2_dfrbpq_1)   15.48    2.99   12.49 (MET)
y_reg[9]$_SDFFE_PN0P_/D (sg13g2_dfrbpq_1)   15.48    2.99   12.49 (MET)
y_reg[9]$_SDFFE_PN0P_/D (sg13g2_dfrbpq_1)   15.48    2.99   12.49 (MET)
y_reg[9]$_SDFFE_PN0P_/D (sg13g2_dfrbpq_1)   15.48    2.99   12.49 (MET)
x_reg[7]$_SDFFE_PN0P_/D (sg13g2_dfrbpq_1)   15.47    2.98   12.49 (MET)
x_reg[7]$_SDFFE_PN0P_/D (sg13g2_dfrbpq_1)   15.47    2.98   12.49 (MET)
x_reg[7]$_SDFFE_PN0P_/D (sg13g2_dfrbpq_1)   15.47    2.98   12.49 (MET)
x_reg[7]$_SDFFE_PN0P_/D (sg13g2_dfrbpq_1)   15.47    2.98   12.49 (MET)
x_reg[7]$_SDFFE_PN0P_/D (sg13g2_dfrbpq_1)   15.47    2.98   12.49 (MET)
x_reg[7]$_SDFFE_PN0P_/D (sg13g2_dfrbpq_1)   15.47    2.98   12.49 (MET)
x_reg[7]$_SDFFE_PN0P_/D (sg13g2_dfrbpq_1)   15.47    2.98   12.49 (MET)
x_reg[7]$_SDFFE_PN0P_/D (sg13g2_dfrbpq_1)   15.47    2.98   12.49 (MET)
y_reg[9]$_SDFFE_PN0P_/D (sg13g2_dfrbpq_1)   15.48    2.99   12.49 (MET)
y_reg[9]$_SDFFE_PN0P_/D (sg13g2_dfrbpq_1)   15.48    2.99   12.49 (MET)
y_reg[9]$_SDFFE_PN0P_/D (sg13g2_dfrbpq_1)   15.48    2.99   12.49 (MET)
y_reg[9]$_SDFFE_PN0P_/D (sg13g2_dfrbpq_1)   15.48    2.99   12.49 (MET)
y_reg[9]$_SDFFE_PN0P_/D (sg13g2_dfrbpq_1)   15.48    2.99   12.49 (MET)
y_reg[9]$_SDFFE_PN0P_/D (sg13g2_dfrbpq_1)   15.48    2.99   12.49 (MET)
y_reg[9]$_SDFFE_PN0P_/D (sg13g2_dfrbpq_1)   15.48    2.99   12.49 (MET)
y_reg[9]$_SDFFE_PN0P_/D (sg13g2_dfrbpq_1)   15.48    2.99   12.49 (MET)
y_reg[9]$_SDFFE_PN0P_/D (sg13g2_dfrbpq_1)   15.48    2.99   12.49 (MET)
y_reg[9]$_SDFFE_PN0P_/D (sg13g2_dfrbpq_1)   15.48    2.99   12.49 (MET)
y_reg[9]$_SDFFE_PN0P_/D (sg13g2_dfrbpq_1)   15.48    2.99   12.49 (MET)
y_reg[9]$_SDFFE_PN0P_/D (sg13g2_dfrbpq_1)   15.48    2.99   12.49 (MET)
y_reg[8]$_SDFFE_PN0P_/D (sg13g2_dfrbpq_1)   15.48    2.98   12.49 (MET)
y_reg[8]$_SDFFE_PN0P_/D (sg13g2_dfrbpq_1)   15.48    2.98   12.49 (MET)
x_reg[8]$_SDFFE_PN0P_/D (sg13g2_dfrbpq_1)   15.49    2.99   12.49 (MET)
x_reg[8]$_SDFFE_PN0P_/D (sg13g2_dfrbpq_1)   15.49    2.99   12.49 (MET)
x_reg[8]$_SDFFE_PN0P_/D (sg13g2_dfrbpq_1)   15.49    2.99   12.49 (MET)
x_reg[8]$_SDFFE_PN0P_/D (sg13g2_dfrbpq_1)   15.49    2.99   12.49 (MET)
y_reg[9]$_SDFFE_PN0P_/D (sg13g2_dfrbpq_1)   15.48    2.99   12.49 (MET)
y_reg[9]$_SDFFE_PN0P_/D (sg13g2_dfrbpq_1)   15.48    2.99   12.49 (MET)
y_reg[9]$_SDFFE_PN0P_/D (sg13g2_dfrbpq_1)   15.48    2.99   12.49 (MET)
y_reg[6]$_SDFFE_PN0P_/D (sg13g2_dfrbpq_1)   15.49    3.00   12.49 (MET)
y_reg[6]$_SDFFE_PN0P_/D (sg13g2_dfrbpq_1)   15.49    3.00   12.49 (MET)
y_reg[6]$_SDFFE_PN0P_/D (sg13g2_dfrbpq_1)   15.49    3.00   12.49 (MET)
y_reg[6]$_SDFFE_PN0P_/D (sg13g2_dfrbpq_1)   15.49    3.00   12.49 (MET)
y_reg[6]$_SDFFE_PN0P_/D (sg13g2_dfrbpq_1)   15.49    3.00   12.49 (MET)
y_reg[6]$_SDFFE_PN0P_/D (sg13g2_dfrbpq_1)   15.49    3.00   12.49 (MET)
y_reg[6]$_SDFFE_PN0P_/D (sg13g2_dfrbpq_1)   15.49    3.00   12.49 (MET)
y_reg[6]$_SDFFE_PN0P_/D (sg13g2_dfrbpq_1)   15.49    3.00   12.49 (MET)
y_reg[9]$_SDFFE_PN0P_/D (sg13g2_dfrbpq_1)   15.48    2.99   12.49 (MET)
y_reg[9]$_SDFFE_PN0P_/D (sg13g2_dfrbpq_1)   15.48    2.99   12.49 (MET)
y_reg[9]$_SDFFE_PN0P_/D (sg13g2_dfrbpq_1)   15.48    2.99   12.49 (MET)
y_reg[6]$_SDFFE_PN0P_/D (sg13g2_dfrbpq_1)   15.49    3.00   12.49 (MET)
y_reg[6]$_SDFFE_PN0P_/D (sg13g2_dfrbpq_1)   15.49    3.00   12.49 (MET)
y_reg[6]$_SDFFE_PN0P_/D (sg13g2_dfrbpq_1)   15.49    3.00   12.49 (MET)
y_reg[6]$_SDFFE_PN0P_/D (sg13g2_dfrbpq_1)   15.49    3.00   12.49 (MET)
y_reg[6]$_SDFFE_PN0P_/D (sg13g2_dfrbpq_1)   15.49    3.00   12.49 (MET)
y_reg[6]$_SDFFE_PN0P_/D (sg13g2_dfrbpq_1)   15.49    3.00   12.49 (MET)
y_reg[6]$_SDFFE_PN0P_/D (sg13g2_dfrbpq_1)   15.49    3.00   12.49 (MET)
y_reg[6]$_SDFFE_PN0P_/D (sg13g2_dfrbpq_1)   15.49    3.00   12.49 (MET)
y_reg[9]$_SDFFE_PN0P_/D (sg13g2_dfrbpq_1)   15.48    2.99   12.49 (MET)
y_reg[9]$_SDFFE_PN0P_/D (sg13g2_dfrbpq_1)   15.48    2.99   12.49 (MET)
y_reg[8]$_SDFFE_PN0P_/D (sg13g2_dfrbpq_1)   15.49    2.99   12.49 (MET)
y_reg[9]$_SDFFE_PN0P_/D (sg13g2_dfrbpq_1)   15.48    2.99   12.49 (MET)
y_reg[7]$_SDFFE_PN0P_/D (sg13g2_dfrbpq_1)   15.49    2.99   12.49 (MET)
y_reg[8]$_SDFFE_PN0P_/D (sg13g2_dfrbpq_1)   15.49    2.99   12.49 (MET)
y_reg[7]$_SDFFE_PN0P_/D (sg13g2_dfrbpq_1)   15.49    2.99   12.49 (MET)
y_reg[6]$_SDFFE_PN0P_/D (sg13g2_dfrbpq_1)   15.49    3.00   12.50 (MET)
y_reg[6]$_SDFFE_PN0P_/D (sg13g2_dfrbpq_1)   15.49    3.00   12.50 (MET)
y_reg[6]$_SDFFE_PN0P_/D (sg13g2_dfrbpq_1)   15.49    3.00   12.50 (MET)
y_reg[6]$_SDFFE_PN0P_/D (sg13g2_dfrbpq_1)   15.49    3.00   12.50 (MET)
y_reg[9]$_SDFFE_PN0P_/D (sg13g2_dfrbpq_1)   15.48    2.99   12.50 (MET)
y_reg[8]$_SDFFE_PN0P_/D (sg13g2_dfrbpq_1)   15.49    2.99   12.50 (MET)
y_reg[8]$_SDFFE_PN0P_/D (sg13g2_dfrbpq_1)   15.49    2.99   12.50 (MET)
y_reg[9]$_SDFFE_PN0P_/D (sg13g2_dfrbpq_1)   15.48    2.99   12.50 (MET)
y_reg[9]$_SDFFE_PN0P_/D (sg13g2_dfrbpq_1)   15.48    2.99   12.50 (MET)
x_reg[9]$_SDFFE_PN0P_/D (sg13g2_dfrbpq_1)   15.49    2.99   12.50 (MET)
x_reg[9]$_SDFFE_PN0P_/D (sg13g2_dfrbpq_1)   15.49    2.99   12.50 (MET)
x_reg[9]$_SDFFE_PN0P_/D (sg13g2_dfrbpq_1)   15.49    2.99   12.50 (MET)
x_reg[9]$_SDFFE_PN0P_/D (sg13g2_dfrbpq_1)   15.49    2.99   12.50 (MET)
x_reg[9]$_SDFFE_PN0P_/D (sg13g2_dfrbpq_1)   15.49    2.99   12.50 (MET)
x_reg[9]$_SDFFE_PN0P_/D (sg13g2_dfrbpq_1)   15.49    2.99   12.50 (MET)
x_reg[9]$_SDFFE_PN0P_/D (sg13g2_dfrbpq_1)   15.49    2.99   12.50 (MET)
x_reg[9]$_SDFFE_PN0P_/D (sg13g2_dfrbpq_1)   15.49    2.99   12.50 (MET)
y_reg[6]$_SDFFE_PN0P_/D (sg13g2_dfrbpq_1)   15.49    3.00   12.50 (MET)
y_reg[6]$_SDFFE_PN0P_/D (sg13g2_dfrbpq_1)   15.49    3.00   12.50 (MET)
y_reg[6]$_SDFFE_PN0P_/D (sg13g2_dfrbpq_1)   15.49    3.00   12.50 (MET)
y_reg[6]$_SDFFE_PN0P_/D (sg13g2_dfrbpq_1)   15.49    3.00   12.50 (MET)
x_reg[9]$_SDFFE_PN0P_/D (sg13g2_dfrbpq_1)   15.49    2.99   12.50 (MET)
x_reg[9]$_SDFFE_PN0P_/D (sg13g2_dfrbpq_1)   15.49    2.99   12.50 (MET)
x_reg[9]$_SDFFE_PN0P_/D (sg13g2_dfrbpq_1)   15.49    2.99   12.50 (MET)
x_reg[9]$_SDFFE_PN0P_/D (sg13g2_dfrbpq_1)   15.49    2.99   12.50 (MET)
x_reg[9]$_SDFFE_PN0P_/D (sg13g2_dfrbpq_1)   15.49    2.99   12.50 (MET)
x_reg[9]$_SDFFE_PN0P_/D (sg13g2_dfrbpq_1)   15.49    2.99   12.50 (MET)
x_reg[9]$_SDFFE_PN0P_/D (sg13g2_dfrbpq_1)   15.49    2.99   12.50 (MET)
x_reg[9]$_SDFFE_PN0P_/D (sg13g2_dfrbpq_1)   15.49    2.99   12.50 (MET)
y_reg[8]$_SDFFE_PN0P_/D (sg13g2_dfrbpq_1)   15.49    2.99   12.50 (MET)
y_reg[8]$_SDFFE_PN0P_/D (sg13g2_dfrbpq_1)   15.49    2.99   12.50 (MET)
x_reg[8]$_SDFFE_PN0P_/D (sg13g2_dfrbpq_1)   15.49    3.00   12.50 (MET)
y_reg[7]$_SDFFE_PN0P_/D (sg13g2_dfrbpq_1)   15.49    2.99   12.50 (MET)
y_reg[7]$_SDFFE_PN0P_/D (sg13g2_dfrbpq_1)   15.49    2.99   12.50 (MET)
x_reg[8]$_SDFFE_PN0P_/D (sg13g2_dfrbpq_1)   15.49    3.00   12.50 (MET)
y_reg[8]$_SDFFE_PN0P_/D (sg13g2_dfrbpq_1)   15.48    2.98   12.50 (MET)
y_reg[8]$_SDFFE_PN0P_/D (sg13g2_dfrbpq_1)   15.48    2.98   12.50 (MET)
y_reg[8]$_SDFFE_PN0P_/D (sg13g2_dfrbpq_1)   15.48    2.98   12.50 (MET)
y_reg[8]$_SDFFE_PN0P_/D (sg13g2_dfrbpq_1)   15.48    2.98   12.50 (MET)
y_reg[8]$_SDFFE_PN0P_/D (sg13g2_dfrbpq_1)   15.48    2.98   12.50 (MET)
y_reg[8]$_SDFFE_PN0P_/D (sg13g2_dfrbpq_1)   15.48    2.98   12.50 (MET)
x_reg[8]$_SDFFE_PN0P_/D (sg13g2_dfrbpq_1)   15.49    3.00   12.50 (MET)
x_reg[8]$_SDFFE_PN0P_/D (sg13g2_dfrbpq_1)   15.49    3.00   12.50 (MET)
y_reg[6]$_SDFFE_PN0P_/D (sg13g2_dfrbpq_1)   15.49    3.00   12.50 (MET)
y_reg[6]$_SDFFE_PN0P_/D (sg13g2_dfrbpq_1)   15.49    3.00   12.50 (MET)
y_reg[6]$_SDFFE_PN0P_/D (sg13g2_dfrbpq_1)   15.49    3.00   12.50 (MET)
y_reg[6]$_SDFFE_PN0P_/D (sg13g2_dfrbpq_1)   15.49    3.00   12.50 (MET)
y_reg[6]$_SDFFE_PN0P_/D (sg13g2_dfrbpq_1)   15.49    3.00   12.50 (MET)
y_reg[6]$_SDFFE_PN0P_/D (sg13g2_dfrbpq_1)   15.49    3.00   12.50 (MET)
y_reg[6]$_SDFFE_PN0P_/D (sg13g2_dfrbpq_1)   15.49    3.00   12.50 (MET)
y_reg[6]$_SDFFE_PN0P_/D (sg13g2_dfrbpq_1)   15.49    3.00   12.50 (MET)
y_reg[8]$_SDFFE_PN0P_/D (sg13g2_dfrbpq_1)   15.48    2.98   12.50 (MET)
y_reg[8]$_SDFFE_PN0P_/D (sg13g2_dfrbpq_1)   15.48    2.98   12.50 (MET)
y_reg[8]$_SDFFE_PN0P_/D (sg13g2_dfrbpq_1)   15.48    2.98   12.50 (MET)
y_reg[8]$_SDFFE_PN0P_/D (sg13g2_dfrbpq_1)   15.48    2.98   12.50 (MET)
x_reg[1]$_SDFFE_PN0P_/D (sg13g2_dfrbpq_1)   15.49    2.99   12.50 (MET)
y_reg[8]$_SDFFE_PN0P_/D (sg13g2_dfrbpq_1)   15.48    2.98   12.50 (MET)
y_reg[8]$_SDFFE_PN0P_/D (sg13g2_dfrbpq_1)   15.48    2.98   12.50 (MET)
y_reg[8]$_SDFFE_PN0P_/D (sg13g2_dfrbpq_1)   15.48    2.98   12.50 (MET)
y_reg[8]$_SDFFE_PN0P_/D (sg13g2_dfrbpq_1)   15.48    2.98   12.50 (MET)
y_reg[9]$_SDFFE_PN0P_/D (sg13g2_dfrbpq_1)   15.48    2.99   12.50 (MET)
y_reg[9]$_SDFFE_PN0P_/D (sg13g2_dfrbpq_1)   15.48    2.99   12.50 (MET)
y_reg[6]$_SDFFE_PN0P_/D (sg13g2_dfrbpq_1)   15.49    3.00   12.50 (MET)
y_reg[6]$_SDFFE_PN0P_/D (sg13g2_dfrbpq_1)   15.49    3.00   12.50 (MET)
y_reg[6]$_SDFFE_PN0P_/D (sg13g2_dfrbpq_1)   15.49    3.00   12.50 (MET)
y_reg[6]$_SDFFE_PN0P_/D (sg13g2_dfrbpq_1)   15.49    3.00   12.50 (MET)
x_reg[7]$_SDFFE_PN0P_/D (sg13g2_dfrbpq_1)   15.47    2.97   12.50 (MET)
x_reg[7]$_SDFFE_PN0P_/D (sg13g2_dfrbpq_1)   15.47    2.97   12.50 (MET)
x_reg[7]$_SDFFE_PN0P_/D (sg13g2_dfrbpq_1)   15.47    2.97   12.50 (MET)
x_reg[7]$_SDFFE_PN0P_/D (sg13g2_dfrbpq_1)   15.47    2.97   12.50 (MET)
y_reg[6]$_SDFFE_PN0P_/D (sg13g2_dfrbpq_1)   15.49    3.00   12.50 (MET)
y_reg[6]$_SDFFE_PN0P_/D (sg13g2_dfrbpq_1)   15.49    3.00   12.50 (MET)
y_reg[6]$_SDFFE_PN0P_/D (sg13g2_dfrbpq_1)   15.49    3.00   12.50 (MET)
y_reg[6]$_SDFFE_PN0P_/D (sg13g2_dfrbpq_1)   15.49    3.00   12.50 (MET)
y_reg[9]$_SDFFE_PN0P_/D (sg13g2_dfrbpq_1)   15.48    2.99   12.50 (MET)
y_reg[9]$_SDFFE_PN0P_/D (sg13g2_dfrbpq_1)   15.48    2.99   12.50 (MET)
x_reg[7]$_SDFFE_PN0P_/D (sg13g2_dfrbpq_1)   15.47    2.97   12.50 (MET)
x_reg[7]$_SDFFE_PN0P_/D (sg13g2_dfrbpq_1)   15.47    2.97   12.50 (MET)
x_reg[7]$_SDFFE_PN0P_/D (sg13g2_dfrbpq_1)   15.47    2.97   12.50 (MET)
x_reg[7]$_SDFFE_PN0P_/D (sg13g2_dfrbpq_1)   15.47    2.97   12.50 (MET)
y_reg[6]$_SDFFE_PN0P_/D (sg13g2_dfrbpq_1)   15.49    3.00   12.50 (MET)
y_reg[6]$_SDFFE_PN0P_/D (sg13g2_dfrbpq_1)   15.49    3.00   12.50 (MET)
y_reg[6]$_SDFFE_PN0P_/D (sg13g2_dfrbpq_1)   15.49    3.00   12.50 (MET)
y_reg[6]$_SDFFE_PN0P_/D (sg13g2_dfrbpq_1)   15.49    3.00   12.50 (MET)
y_reg[6]$_SDFFE_PN0P_/D (sg13g2_dfrbpq_1)   15.49    3.00   12.50 (MET)
y_reg[6]$_SDFFE_PN0P_/D (sg13g2_dfrbpq_1)   15.49    3.00   12.50 (MET)
y_reg[6]$_SDFFE_PN0P_/D (sg13g2_dfrbpq_1)   15.49    3.00   12.50 (MET)
y_reg[6]$_SDFFE_PN0P_/D (sg13g2_dfrbpq_1)   15.49    3.00   12.50 (MET)
y_reg[6]$_SDFFE_PN0P_/D (sg13g2_dfrbpq_1)   15.49    3.00   12.50 (MET)
y_reg[6]$_SDFFE_PN0P_/D (sg13g2_dfrbpq_1)   15.49    3.00   12.50 (MET)
y_reg[6]$_SDFFE_PN0P_/D (sg13g2_dfrbpq_1)   15.49    3.00   12.50 (MET)
y_reg[6]$_SDFFE_PN0P_/D (sg13g2_dfrbpq_1)   15.49    3.00   12.50 (MET)
y_reg[6]$_SDFFE_PN0P_/D (sg13g2_dfrbpq_1)   15.49    3.00   12.50 (MET)
y_reg[6]$_SDFFE_PN0P_/D (sg13g2_dfrbpq_1)   15.49    3.00   12.50 (MET)
y_reg[6]$_SDFFE_PN0P_/D (sg13g2_dfrbpq_1)   15.49    3.00   12.50 (MET)
y_reg[6]$_SDFFE_PN0P_/D (sg13g2_dfrbpq_1)   15.49    3.00   12.50 (MET)
y_reg[9]$_SDFFE_PN0P_/D (sg13g2_dfrbpq_1)   15.48    2.99   12.50 (MET)
y_reg[8]$_SDFFE_PN0P_/D (sg13g2_dfrbpq_1)   15.48    2.98   12.50 (MET)
y_reg[8]$_SDFFE_PN0P_/D (sg13g2_dfrbpq_1)   15.48    2.98   12.50 (MET)
y_reg[8]$_SDFFE_PN0P_/D (sg13g2_dfrbpq_1)   15.48    2.98   12.50 (MET)
y_reg[8]$_SDFFE_PN0P_/D (sg13g2_dfrbpq_1)   15.48    2.98   12.50 (MET)
x_reg[8]$_SDFFE_PN0P_/D (sg13g2_dfrbpq_1)   15.49    3.00   12.50 (MET)
y_reg[6]$_SDFFE_PN0P_/D (sg13g2_dfrbpq_1)   15.49    3.00   12.50 (MET)
y_reg[6]$_SDFFE_PN0P_/D (sg13g2_dfrbpq_1)   15.49    3.00   12.50 (MET)
y_reg[6]$_SDFFE_PN0P_/D (sg13g2_dfrbpq_1)   15.49    3.00   12.50 (MET)
y_reg[6]$_SDFFE_PN0P_/D (sg13g2_dfrbpq_1)   15.49    3.00   12.50 (MET)
y_reg[9]$_SDFFE_PN0P_/D (sg13g2_dfrbpq_1)   15.48    2.99   12.50 (MET)
y_reg[6]$_SDFFE_PN0P_/D (sg13g2_dfrbpq_1)   15.49    3.00   12.50 (MET)
y_reg[6]$_SDFFE_PN0P_/D (sg13g2_dfrbpq_1)   15.49    3.00   12.50 (MET)
y_reg[6]$_SDFFE_PN0P_/D (sg13g2_dfrbpq_1)   15.49    3.00   12.50 (MET)
y_reg[6]$_SDFFE_PN0P_/D (sg13g2_dfrbpq_1)   15.49    3.00   12.50 (MET)
y_reg[9]$_SDFFE_PN0P_/D (sg13g2_dfrbpq_1)   15.48    2.99   12.50 (MET)
y_reg[9]$_SDFFE_PN0P_/D (sg13g2_dfrbpq_1)   15.48    2.99   12.50 (MET)
y_reg[6]$_SDFFE_PN0P_/D (sg13g2_dfrbpq_1)   15.49    3.00   12.50 (MET)
y_reg[6]$_SDFFE_PN0P_/D (sg13g2_dfrbpq_1)   15.49    3.00   12.50 (MET)
y_reg[6]$_SDFFE_PN0P_/D (sg13g2_dfrbpq_1)   15.49    3.00   12.50 (MET)
y_reg[6]$_SDFFE_PN0P_/D (sg13g2_dfrbpq_1)   15.49    3.00   12.50 (MET)
y_reg[6]$_SDFFE_PN0P_/D (sg13g2_dfrbpq_1)   15.49    3.00   12.50 (MET)
y_reg[6]$_SDFFE_PN0P_/D (sg13g2_dfrbpq_1)   15.49    3.00   12.50 (MET)
y_reg[6]$_SDFFE_PN0P_/D (sg13g2_dfrbpq_1)   15.49    3.00   12.50 (MET)
y_reg[6]$_SDFFE_PN0P_/D (sg13g2_dfrbpq_1)   15.49    3.00   12.50 (MET)
y_reg[6]$_SDFFE_PN0P_/D (sg13g2_dfrbpq_1)   15.49    3.00   12.50 (MET)
y_reg[6]$_SDFFE_PN0P_/D (sg13g2_dfrbpq_1)   15.49    3.00   12.50 (MET)
y_reg[6]$_SDFFE_PN0P_/D (sg13g2_dfrbpq_1)   15.49    3.00   12.50 (MET)
y_reg[6]$_SDFFE_PN0P_/D (sg13g2_dfrbpq_1)   15.49    3.00   12.50 (MET)
y_reg[6]$_SDFFE_PN0P_/D (sg13g2_dfrbpq_1)   15.49    3.00   12.50 (MET)
y_reg[6]$_SDFFE_PN0P_/D (sg13g2_dfrbpq_1)   15.49    3.00   12.50 (MET)
y_reg[6]$_SDFFE_PN0P_/D (sg13g2_dfrbpq_1)   15.49    3.00   12.50 (MET)
y_reg[6]$_SDFFE_PN0P_/D (sg13g2_dfrbpq_1)   15.49    3.00   12.50 (MET)
y_reg[6]$_SDFFE_PN0P_/D (sg13g2_dfrbpq_1)   15.49    3.00   12.50 (MET)
y_reg[6]$_SDFFE_PN0P_/D (sg13g2_dfrbpq_1)   15.49    3.00   12.50 (MET)
y_reg[6]$_SDFFE_PN0P_/D (sg13g2_dfrbpq_1)   15.49    3.00   12.50 (MET)
y_reg[6]$_SDFFE_PN0P_/D (sg13g2_dfrbpq_1)   15.49    3.00   12.50 (MET)
y_reg[6]$_SDFFE_PN0P_/D (sg13g2_dfrbpq_1)   15.49    3.00   12.50 (MET)
y_reg[6]$_SDFFE_PN0P_/D (sg13g2_dfrbpq_1)   15.49    3.00   12.50 (MET)
y_reg[6]$_SDFFE_PN0P_/D (sg13g2_dfrbpq_1)   15.49    3.00   12.50 (MET)
y_reg[6]$_SDFFE_PN0P_/D (sg13g2_dfrbpq_1)   15.49    3.00   12.50 (MET)
y_reg[2]$_SDFFE_PN0P_/D (sg13g2_dfrbpq_1)   15.48    2.98   12.50 (MET)
y_reg[2]$_SDFFE_PN0P_/D (sg13g2_dfrbpq_1)   15.48    2.98   12.50 (MET)
y_reg[2]$_SDFFE_PN0P_/D (sg13g2_dfrbpq_1)   15.48    2.98   12.50 (MET)
y_reg[2]$_SDFFE_PN0P_/D (sg13g2_dfrbpq_1)   15.48    2.98   12.50 (MET)
y_reg[6]$_SDFFE_PN0P_/D (sg13g2_dfrbpq_1)   15.49    3.00   12.50 (MET)
y_reg[6]$_SDFFE_PN0P_/D (sg13g2_dfrbpq_1)   15.49    3.00   12.50 (MET)
y_reg[6]$_SDFFE_PN0P_/D (sg13g2_dfrbpq_1)   15.49    3.00   12.50 (MET)
y_reg[6]$_SDFFE_PN0P_/D (sg13g2_dfrbpq_1)   15.49    3.00   12.50 (MET)
y_reg[6]$_SDFFE_PN0P_/D (sg13g2_dfrbpq_1)   15.49    3.00   12.50 (MET)
y_reg[6]$_SDFFE_PN0P_/D (sg13g2_dfrbpq_1)   15.49    3.00   12.50 (MET)
y_reg[6]$_SDFFE_PN0P_/D (sg13g2_dfrbpq_1)   15.49    3.00   12.50 (MET)
y_reg[6]$_SDFFE_PN0P_/D (sg13g2_dfrbpq_1)   15.49    3.00   12.50 (MET)
y_reg[9]$_SDFFE_PN0P_/D (sg13g2_dfrbpq_1)   15.48    2.99   12.50 (MET)
x_reg[7]$_SDFFE_PN0P_/D (sg13g2_dfrbpq_1)   15.47    2.97   12.50 (MET)
x_reg[7]$_SDFFE_PN0P_/D (sg13g2_dfrbpq_1)   15.47    2.97   12.50 (MET)
y_reg[6]$_SDFFE_PN0P_/D (sg13g2_dfrbpq_1)   15.49    2.99   12.50 (MET)
y_reg[6]$_SDFFE_PN0P_/D (sg13g2_dfrbpq_1)   15.49    2.99   12.50 (MET)
y_reg[6]$_SDFFE_PN0P_/D (sg13g2_dfrbpq_1)   15.49    2.99   12.50 (MET)
y_reg[6]$_SDFFE_PN0P_/D (sg13g2_dfrbpq_1)   15.49    2.99   12.50 (MET)
y_reg[6]$_SDFFE_PN0P_/D (sg13g2_dfrbpq_1)   15.49    2.99   12.50 (MET)
y_reg[6]$_SDFFE_PN0P_/D (sg13g2_dfrbpq_1)   15.49    2.99   12.50 (MET)
y_reg[6]$_SDFFE_PN0P_/D (sg13g2_dfrbpq_1)   15.49    2.99   12.50 (MET)
y_reg[6]$_SDFFE_PN0P_/D (sg13g2_dfrbpq_1)   15.49    2.99   12.50 (MET)
y_reg[6]$_SDFFE_PN0P_/D (sg13g2_dfrbpq_1)   15.49    2.99   12.50 (MET)
y_reg[6]$_SDFFE_PN0P_/D (sg13g2_dfrbpq_1)   15.49    2.99   12.50 (MET)
y_reg[6]$_SDFFE_PN0P_/D (sg13g2_dfrbpq_1)   15.49    2.99   12.50 (MET)
y_reg[6]$_SDFFE_PN0P_/D (sg13g2_dfrbpq_1)   15.49    2.99   12.50 (MET)
y_reg[6]$_SDFFE_PN0P_/D (sg13g2_dfrbpq_1)   15.49    2.99   12.50 (MET)
y_reg[6]$_SDFFE_PN0P_/D (sg13g2_dfrbpq_1)   15.49    2.99   12.50 (MET)
y_reg[6]$_SDFFE_PN0P_/D (sg13g2_dfrbpq_1)   15.49    2.99   12.50 (MET)
y_reg[6]$_SDFFE_PN0P_/D (sg13g2_dfrbpq_1)   15.49    2.99   12.50 (MET)
y_reg[6]$_SDFFE_PN0P_/D (sg13g2_dfrbpq_1)   15.49    2.99   12.50 (MET)
y_reg[6]$_SDFFE_PN0P_/D (sg13g2_dfrbpq_1)   15.49    2.99   12.50 (MET)
y_reg[6]$_SDFFE_PN0P_/D (sg13g2_dfrbpq_1)   15.49    2.99   12.50 (MET)
y_reg[6]$_SDFFE_PN0P_/D (sg13g2_dfrbpq_1)   15.49    2.99   12.50 (MET)
y_reg[6]$_SDFFE_PN0P_/D (sg13g2_dfrbpq_1)   15.49    2.99   12.50 (MET)
y_reg[6]$_SDFFE_PN0P_/D (sg13g2_dfrbpq_1)   15.49    2.99   12.50 (MET)
y_reg[6]$_SDFFE_PN0P_/D (sg13g2_dfrbpq_1)   15.49    2.99   12.50 (MET)
y_reg[6]$_SDFFE_PN0P_/D (sg13g2_dfrbpq_1)   15.49    2.99   12.50 (MET)
y_reg[9]$_SDFFE_PN0P_/D (sg13g2_dfrbpq_1)   15.48    2.99   12.50 (MET)
y_reg[9]$_SDFFE_PN0P_/D (sg13g2_dfrbpq_1)   15.48    2.99   12.50 (MET)
y_reg[9]$_SDFFE_PN0P_/D (sg13g2_dfrbpq_1)   15.48    2.99   12.50 (MET)
y_reg[9]$_SDFFE_PN0P_/D (sg13g2_dfrbpq_1)   15.48    2.99   12.50 (MET)
y_reg[9]$_SDFFE_PN0P_/D (sg13g2_dfrbpq_1)   15.48    2.99   12.50 (MET)
y_reg[9]$_SDFFE_PN0P_/D (sg13g2_dfrbpq_1)   15.48    2.99   12.50 (MET)
y_reg[6]$_SDFFE_PN0P_/D (sg13g2_dfrbpq_1)   15.49    2.99   12.50 (MET)
y_reg[6]$_SDFFE_PN0P_/D (sg13g2_dfrbpq_1)   15.49    2.99   12.50 (MET)
y_reg[6]$_SDFFE_PN0P_/D (sg13g2_dfrbpq_1)   15.49    2.99   12.50 (MET)
y_reg[6]$_SDFFE_PN0P_/D (sg13g2_dfrbpq_1)   15.49    2.99   12.50 (MET)
y_reg[6]$_SDFFE_PN0P_/D (sg13g2_dfrbpq_1)   15.49    2.99   12.50 (MET)
y_reg[6]$_SDFFE_PN0P_/D (sg13g2_dfrbpq_1)   15.49    2.99   12.50 (MET)
y_reg[6]$_SDFFE_PN0P_/D (sg13g2_dfrbpq_1)   15.49    2.99   12.50 (MET)
y_reg[6]$_SDFFE_PN0P_/D (sg13g2_dfrbpq_1)   15.49    2.99   12.50 (MET)
y_reg[6]$_SDFFE_PN0P_/D (sg13g2_dfrbpq_1)   15.49    2.99   12.50 (MET)
y_reg[6]$_SDFFE_PN0P_/D (sg13g2_dfrbpq_1)   15.49    2.99   12.50 (MET)
y_reg[6]$_SDFFE_PN0P_/D (sg13g2_dfrbpq_1)   15.49    2.99   12.50 (MET)
y_reg[6]$_SDFFE_PN0P_/D (sg13g2_dfrbpq_1)   15.49    2.99   12.50 (MET)
y_reg[6]$_SDFFE_PN0P_/D (sg13g2_dfrbpq_1)   15.49    2.99   12.50 (MET)
y_reg[6]$_SDFFE_PN0P_/D (sg13g2_dfrbpq_1)   15.49    2.99   12.50 (MET)
y_reg[6]$_SDFFE_PN0P_/D (sg13g2_dfrbpq_1)   15.49    2.99   12.50 (MET)
y_reg[6]$_SDFFE_PN0P_/D (sg13g2_dfrbpq_1)   15.49    2.99   12.50 (MET)
y_reg[6]$_SDFFE_PN0P_/D (sg13g2_dfrbpq_1)   15.49    2.99   12.50 (MET)
y_reg[6]$_SDFFE_PN0P_/D (sg13g2_dfrbpq_1)   15.49    2.99   12.50 (MET)
y_reg[6]$_SDFFE_PN0P_/D (sg13g2_dfrbpq_1)   15.49    2.99   12.50 (MET)
y_reg[6]$_SDFFE_PN0P_/D (sg13g2_dfrbpq_1)   15.49    2.99   12.50 (MET)
y_reg[8]$_SDFFE_PN0P_/D (sg13g2_dfrbpq_1)   15.49    2.99   12.50 (MET)
x_reg[8]$_SDFFE_PN0P_/D (sg13g2_dfrbpq_1)   15.49    2.99   12.50 (MET)
y_reg[6]$_SDFFE_PN0P_/D (sg13g2_dfrbpq_1)   15.49    2.99   12.50 (MET)
y_reg[6]$_SDFFE_PN0P_/D (sg13g2_dfrbpq_1)   15.49    2.99   12.50 (MET)
y_reg[6]$_SDFFE_PN0P_/D (sg13g2_dfrbpq_1)   15.49    2.99   12.50 (MET)
y_reg[6]$_SDFFE_PN0P_/D (sg13g2_dfrbpq_1)   15.49    2.99   12.50 (MET)
y_reg[6]$_SDFFE_PN0P_/D (sg13g2_dfrbpq_1)   15.49    2.99   12.50 (MET)
y_reg[6]$_SDFFE_PN0P_/D (sg13g2_dfrbpq_1)   15.49    2.99   12.50 (MET)
y_reg[6]$_SDFFE_PN0P_/D (sg13g2_dfrbpq_1)   15.49    2.99   12.50 (MET)
y_reg[6]$_SDFFE_PN0P_/D (sg13g2_dfrbpq_1)   15.49    2.99   12.50 (MET)
y_reg[6]$_SDFFE_PN0P_/D (sg13g2_dfrbpq_1)   15.49    2.99   12.50 (MET)
y_reg[6]$_SDFFE_PN0P_/D (sg13g2_dfrbpq_1)   15.49    2.99   12.50 (MET)
y_reg[8]$_SDFFE_PN0P_/D (sg13g2_dfrbpq_1)   15.49    2.99   12.50 (MET)
y_reg[6]$_SDFFE_PN0P_/D (sg13g2_dfrbpq_1)   15.49    2.99   12.50 (MET)
y_reg[6]$_SDFFE_PN0P_/D (sg13g2_dfrbpq_1)   15.49    2.99   12.50 (MET)
y_reg[8]$_SDFFE_PN0P_/D (sg13g2_dfrbpq_1)   15.49    2.99   12.50 (MET)
y_reg[6]$_SDFFE_PN0P_/D (sg13g2_dfrbpq_1)   15.49    2.99   12.50 (MET)
y_reg[6]$_SDFFE_PN0P_/D (sg13g2_dfrbpq_1)   15.49    2.99   12.50 (MET)
y_reg[6]$_SDFFE_PN0P_/D (sg13g2_dfrbpq_1)   15.49    2.99   12.50 (MET)
y_reg[6]$_SDFFE_PN0P_/D (sg13g2_dfrbpq_1)   15.49    2.99   12.50 (MET)
y_reg[6]$_SDFFE_PN0P_/D (sg13g2_dfrbpq_1)   15.49    2.99   12.50 (MET)
y_reg[6]$_SDFFE_PN0P_/D (sg13g2_dfrbpq_1)   15.49    2.99   12.50 (MET)
y_reg[6]$_SDFFE_PN0P_/D (sg13g2_dfrbpq_1)   15.49    2.99   12.50 (MET)
y_reg[6]$_SDFFE_PN0P_/D (sg13g2_dfrbpq_1)   15.49    2.99   12.50 (MET)
y_reg[6]$_SDFFE_PN0P_/D (sg13g2_dfrbpq_1)   15.49    2.99   12.50 (MET)
y_reg[6]$_SDFFE_PN0P_/D (sg13g2_dfrbpq_1)   15.49    2.99   12.50 (MET)
y_reg[6]$_SDFFE_PN0P_/D (sg13g2_dfrbpq_1)   15.49    2.99   12.50 (MET)
y_reg[6]$_SDFFE_PN0P_/D (sg13g2_dfrbpq_1)   15.49    2.99   12.50 (MET)
y_reg[8]$_SDFFE_PN0P_/D (sg13g2_dfrbpq_1)   15.49    2.99   12.50 (MET)
y_reg[6]$_SDFFE_PN0P_/D (sg13g2_dfrbpq_1)   15.49    2.99   12.50 (MET)
y_reg[6]$_SDFFE_PN0P_/D (sg13g2_dfrbpq_1)   15.49    2.99   12.50 (MET)
y_reg[6]$_SDFFE_PN0P_/D (sg13g2_dfrbpq_1)   15.49    2.99   12.50 (MET)
y_reg[6]$_SDFFE_PN0P_/D (sg13g2_dfrbpq_1)   15.49    2.99   12.50 (MET)
y_reg[8]$_SDFFE_PN0P_/D (sg13g2_dfrbpq_1)   15.49    2.99   12.50 (MET)
y_reg[7]$_SDFFE_PN0P_/D (sg13g2_dfrbpq_1)   15.48    2.98   12.50 (MET)
y_reg[7]$_SDFFE_PN0P_/D (sg13g2_dfrbpq_1)   15.48    2.98   12.50 (MET)
y_reg[7]$_SDFFE_PN0P_/D (sg13g2_dfrbpq_1)   15.48    2.98   12.50 (MET)
y_reg[7]$_SDFFE_PN0P_/D (sg13g2_dfrbpq_1)   15.48    2.98   12.50 (MET)
x_reg[7]$_SDFFE_PN0P_/D (sg13g2_dfrbpq_1)   15.47    2.97   12.50 (MET)
x_reg[7]$_SDFFE_PN0P_/D (sg13g2_dfrbpq_1)   15.47    2.97   12.50 (MET)
y_reg[6]$_SDFFE_PN0P_/D (sg13g2_dfrbpq_1)   15.49    2.99   12.50 (MET)
y_reg[6]$_SDFFE_PN0P_/D (sg13g2_dfrbpq_1)   15.49    2.99   12.50 (MET)
y_reg[6]$_SDFFE_PN0P_/D (sg13g2_dfrbpq_1)   15.49    2.99   12.50 (MET)
y_reg[6]$_SDFFE_PN0P_/D (sg13g2_dfrbpq_1)   15.49    2.99   12.50 (MET)
x_reg[7]$_SDFFE_PN0P_/D (sg13g2_dfrbpq_1)   15.47    2.97   12.50 (MET)
x_reg[7]$_SDFFE_PN0P_/D (sg13g2_dfrbpq_1)   15.47    2.97   12.50 (MET)
y_reg[6]$_SDFFE_PN0P_/D (sg13g2_dfrbpq_1)   15.49    2.99   12.50 (MET)
y_reg[6]$_SDFFE_PN0P_/D (sg13g2_dfrbpq_1)   15.49    2.99   12.50 (MET)
y_reg[6]$_SDFFE_PN0P_/D (sg13g2_dfrbpq_1)   15.49    2.99   12.50 (MET)
y_reg[6]$_SDFFE_PN0P_/D (sg13g2_dfrbpq_1)   15.49    2.99   12.50 (MET)
y_reg[8]$_SDFFE_PN0P_/D (sg13g2_dfrbpq_1)   15.48    2.98   12.50 (MET)
y_reg[8]$_SDFFE_PN0P_/D (sg13g2_dfrbpq_1)   15.48    2.98   12.50 (MET)
y_reg[8]$_SDFFE_PN0P_/D (sg13g2_dfrbpq_1)   15.48    2.98   12.50 (MET)
y_reg[8]$_SDFFE_PN0P_/D (sg13g2_dfrbpq_1)   15.48    2.98   12.50 (MET)
y_reg[8]$_SDFFE_PN0P_/D (sg13g2_dfrbpq_1)   15.48    2.98   12.50 (MET)
y_reg[8]$_SDFFE_PN0P_/D (sg13g2_dfrbpq_1)   15.48    2.98   12.50 (MET)
y_reg[8]$_SDFFE_PN0P_/D (sg13g2_dfrbpq_1)   15.48    2.98   12.50 (MET)
y_reg[8]$_SDFFE_PN0P_/D (sg13g2_dfrbpq_1)   15.48    2.98   12.50 (MET)
y_reg[6]$_SDFFE_PN0P_/D (sg13g2_dfrbpq_1)   15.49    2.99   12.50 (MET)
y_reg[6]$_SDFFE_PN0P_/D (sg13g2_dfrbpq_1)   15.49    2.99   12.50 (MET)
y_reg[6]$_SDFFE_PN0P_/D (sg13g2_dfrbpq_1)   15.49    2.99   12.50 (MET)
y_reg[6]$_SDFFE_PN0P_/D (sg13g2_dfrbpq_1)   15.49    2.99   12.50 (MET)
y_reg[8]$_SDFFE_PN0P_/D (sg13g2_dfrbpq_1)   15.48    2.98   12.50 (MET)
y_reg[8]$_SDFFE_PN0P_/D (sg13g2_dfrbpq_1)   15.48    2.98   12.50 (MET)
y_reg[8]$_SDFFE_PN0P_/D (sg13g2_dfrbpq_1)   15.48    2.98   12.50 (MET)
y_reg[8]$_SDFFE_PN0P_/D (sg13g2_dfrbpq_1)   15.48    2.98   12.50 (MET)
y_reg[8]$_SDFFE_PN0P_/D (sg13g2_dfrbpq_1)   15.48    2.98   12.50 (MET)
y_reg[8]$_SDFFE_PN0P_/D (sg13g2_dfrbpq_1)   15.48    2.98   12.50 (MET)
y_reg[8]$_SDFFE_PN0P_/D (sg13g2_dfrbpq_1)   15.48    2.98   12.50 (MET)
y_reg[8]$_SDFFE_PN0P_/D (sg13g2_dfrbpq_1)   15.48    2.98   12.50 (MET)
y_reg[8]$_SDFFE_PN0P_/D (sg13g2_dfrbpq_1)   15.48    2.98   12.50 (MET)
y_reg[8]$_SDFFE_PN0P_/D (sg13g2_dfrbpq_1)   15.48    2.98   12.50 (MET)
y_reg[8]$_SDFFE_PN0P_/D (sg13g2_dfrbpq_1)   15.48    2.98   12.50 (MET)
y_reg[8]$_SDFFE_PN0P_/D (sg13g2_dfrbpq_1)   15.48    2.98   12.50 (MET)
y_reg[8]$_SDFFE_PN0P_/D (sg13g2_dfrbpq_1)   15.48    2.98   12.50 (MET)
y_reg[8]$_SDFFE_PN0P_/D (sg13g2_dfrbpq_1)   15.48    2.98   12.50 (MET)
y_reg[8]$_SDFFE_PN0P_/D (sg13g2_dfrbpq_1)   15.48    2.98   12.50 (MET)
y_reg[8]$_SDFFE_PN0P_/D (sg13g2_dfrbpq_1)   15.48    2.98   12.50 (MET)
y_reg[6]$_SDFFE_PN0P_/D (sg13g2_dfrbpq_1)   15.49    2.99   12.50 (MET)
y_reg[6]$_SDFFE_PN0P_/D (sg13g2_dfrbpq_1)   15.49    2.99   12.50 (MET)
y_reg[6]$_SDFFE_PN0P_/D (sg13g2_dfrbpq_1)   15.49    2.99   12.50 (MET)
y_reg[6]$_SDFFE_PN0P_/D (sg13g2_dfrbpq_1)   15.49    2.99   12.50 (MET)
y_reg[8]$_SDFFE_PN0P_/D (sg13g2_dfrbpq_1)   15.48    2.98   12.50 (MET)
y_reg[8]$_SDFFE_PN0P_/D (sg13g2_dfrbpq_1)   15.48    2.98   12.50 (MET)
y_reg[7]$_SDFFE_PN0P_/D (sg13g2_dfrbpq_1)   15.48    2.98   12.50 (MET)
y_reg[7]$_SDFFE_PN0P_/D (sg13g2_dfrbpq_1)   15.48    2.98   12.50 (MET)
y_reg[7]$_SDFFE_PN0P_/D (sg13g2_dfrbpq_1)   15.48    2.98   12.50 (MET)
y_reg[7]$_SDFFE_PN0P_/D (sg13g2_dfrbpq_1)   15.48    2.98   12.50 (MET)
y_reg[6]$_SDFFE_PN0P_/D (sg13g2_dfrbpq_1)   15.49    2.99   12.50 (MET)
y_reg[6]$_SDFFE_PN0P_/D (sg13g2_dfrbpq_1)   15.49    2.99   12.50 (MET)
y_reg[6]$_SDFFE_PN0P_/D (sg13g2_dfrbpq_1)   15.49    2.99   12.50 (MET)
y_reg[6]$_SDFFE_PN0P_/D (sg13g2_dfrbpq_1)   15.49    2.99   12.50 (MET)
y_reg[7]$_SDFFE_PN0P_/D (sg13g2_dfrbpq_1)   15.48    2.98   12.50 (MET)
y_reg[7]$_SDFFE_PN0P_/D (sg13g2_dfrbpq_1)   15.48    2.98   12.50 (MET)
y_reg[7]$_SDFFE_PN0P_/D (sg13g2_dfrbpq_1)   15.48    2.98   12.50 (MET)
y_reg[7]$_SDFFE_PN0P_/D (sg13g2_dfrbpq_1)   15.48    2.98   12.50 (MET)
y_reg[6]$_SDFFE_PN0P_/D (sg13g2_dfrbpq_1)   15.49    2.99   12.50 (MET)
y_reg[6]$_SDFFE_PN0P_/D (sg13g2_dfrbpq_1)   15.49    2.99   12.50 (MET)
y_reg[6]$_SDFFE_PN0P_/D (sg13g2_dfrbpq_1)   15.49    2.99   12.50 (MET)
y_reg[6]$_SDFFE_PN0P_/D (sg13g2_dfrbpq_1)   15.49    2.99   12.50 (MET)
y_reg[6]$_SDFFE_PN0P_/D (sg13g2_dfrbpq_1)   15.49    2.99   12.50 (MET)
y_reg[6]$_SDFFE_PN0P_/D (sg13g2_dfrbpq_1)   15.49    2.99   12.50 (MET)
y_reg[6]$_SDFFE_PN0P_/D (sg13g2_dfrbpq_1)   15.49    2.99   12.50 (MET)
y_reg[6]$_SDFFE_PN0P_/D (sg13g2_dfrbpq_1)   15.49    2.99   12.50 (MET)
y_reg[7]$_SDFFE_PN0P_/D (sg13g2_dfrbpq_1)   15.48    2.98   12.50 (MET)
y_reg[7]$_SDFFE_PN0P_/D (sg13g2_dfrbpq_1)   15.48    2.98   12.50 (MET)
y_reg[6]$_SDFFE_PN0P_/D (sg13g2_dfrbpq_1)   15.49    2.99   12.50 (MET)
y_reg[6]$_SDFFE_PN0P_/D (sg13g2_dfrbpq_1)   15.49    2.99   12.50 (MET)
y_reg[6]$_SDFFE_PN0P_/D (sg13g2_dfrbpq_1)   15.49    2.99   12.50 (MET)
y_reg[6]$_SDFFE_PN0P_/D (sg13g2_dfrbpq_1)   15.49    2.99   12.50 (MET)
y_reg[6]$_SDFFE_PN0P_/D (sg13g2_dfrbpq_1)   15.49    2.99   12.50 (MET)
y_reg[6]$_SDFFE_PN0P_/D (sg13g2_dfrbpq_1)   15.49    2.99   12.50 (MET)
y_reg[7]$_SDFFE_PN0P_/D (sg13g2_dfrbpq_1)   15.48    2.98   12.50 (MET)
y_reg[7]$_SDFFE_PN0P_/D (sg13g2_dfrbpq_1)   15.48    2.98   12.50 (MET)
y_reg[9]$_SDFFE_PN0P_/D (sg13g2_dfrbpq_1)   15.48    2.99   12.50 (MET)
y_reg[6]$_SDFFE_PN0P_/D (sg13g2_dfrbpq_1)   15.49    2.99   12.50 (MET)
y_reg[6]$_SDFFE_PN0P_/D (sg13g2_dfrbpq_1)   15.49    2.99   12.50 (MET)
y_reg[7]$_SDFFE_PN0P_/D (sg13g2_dfrbpq_1)   15.49    2.99   12.50 (MET)
y_reg[7]$_SDFFE_PN0P_/D (sg13g2_dfrbpq_1)   15.49    2.99   12.50 (MET)
y_reg[9]$_SDFFE_PN0P_/D (sg13g2_dfrbpq_1)   15.48    2.99   12.50 (MET)
y_reg[9]$_SDFFE_PN0P_/D (sg13g2_dfrbpq_1)   15.48    2.99   12.50 (MET)
x_reg[7]$_SDFFE_PN0P_/D (sg13g2_dfrbpq_1)   15.47    2.97   12.50 (MET)
x_reg[8]$_SDFFE_PN0P_/D (sg13g2_dfrbpq_1)   15.49    2.99   12.50 (MET)
x_reg[8]$_SDFFE_PN0P_/D (sg13g2_dfrbpq_1)   15.49    2.99   12.50 (MET)
y_reg[6]$_SDFFE_PN0P_/D (sg13g2_dfrbpq_1)   15.49    2.99   12.50 (MET)
y_reg[6]$_SDFFE_PN0P_/D (sg13g2_dfrbpq_1)   15.49    2.99   12.50 (MET)
y_reg[6]$_SDFFE_PN0P_/D (sg13g2_dfrbpq_1)   15.49    2.99   12.50 (MET)
y_reg[6]$_SDFFE_PN0P_/D (sg13g2_dfrbpq_1)   15.49    2.99   12.50 (MET)
y_reg[9]$_SDFFE_PN0P_/D (sg13g2_dfrbpq_1)   15.48    2.99   12.50 (MET)
y_reg[6]$_SDFFE_PN0P_/D (sg13g2_dfrbpq_1)   15.49    2.99   12.50 (MET)
y_reg[6]$_SDFFE_PN0P_/D (sg13g2_dfrbpq_1)   15.49    2.99   12.50 (MET)
y_reg[6]$_SDFFE_PN0P_/D (sg13g2_dfrbpq_1)   15.49    2.99   12.50 (MET)
y_reg[6]$_SDFFE_PN0P_/D (sg13g2_dfrbpq_1)   15.49    2.99   12.50 (MET)
y_reg[6]$_SDFFE_PN0P_/D (sg13g2_dfrbpq_1)   15.49    2.99   12.50 (MET)
y_reg[6]$_SDFFE_PN0P_/D (sg13g2_dfrbpq_1)   15.49    2.99   12.50 (MET)
y_reg[6]$_SDFFE_PN0P_/D (sg13g2_dfrbpq_1)   15.49    2.99   12.50 (MET)
y_reg[6]$_SDFFE_PN0P_/D (sg13g2_dfrbpq_1)   15.49    2.99   12.50 (MET)
y_reg[6]$_SDFFE_PN0P_/D (sg13g2_dfrbpq_1)   15.49    2.99   12.50 (MET)
y_reg[6]$_SDFFE_PN0P_/D (sg13g2_dfrbpq_1)   15.49    2.99   12.50 (MET)
y_reg[6]$_SDFFE_PN0P_/D (sg13g2_dfrbpq_1)   15.49    2.99   12.50 (MET)
y_reg[6]$_SDFFE_PN0P_/D (sg13g2_dfrbpq_1)   15.49    2.99   12.50 (MET)
x_reg[9]$_SDFFE_PN0P_/D (sg13g2_dfrbpq_1)   15.49    2.99   12.50 (MET)
x_reg[9]$_SDFFE_PN0P_/D (sg13g2_dfrbpq_1)   15.49    2.99   12.50 (MET)
x_reg[9]$_SDFFE_PN0P_/D (sg13g2_dfrbpq_1)   15.49    2.99   12.50 (MET)
x_reg[9]$_SDFFE_PN0P_/D (sg13g2_dfrbpq_1)   15.49    2.99   12.50 (MET)
y_reg[6]$_SDFFE_PN0P_/D (sg13g2_dfrbpq_1)   15.49    2.99   12.50 (MET)
y_reg[6]$_SDFFE_PN0P_/D (sg13g2_dfrbpq_1)   15.49    2.99   12.50 (MET)
x_reg[9]$_SDFFE_PN0P_/D (sg13g2_dfrbpq_1)   15.49    2.99   12.50 (MET)
x_reg[9]$_SDFFE_PN0P_/D (sg13g2_dfrbpq_1)   15.49    2.99   12.50 (MET)
x_reg[9]$_SDFFE_PN0P_/D (sg13g2_dfrbpq_1)   15.49    2.99   12.50 (MET)
x_reg[9]$_SDFFE_PN0P_/D (sg13g2_dfrbpq_1)   15.49    2.99   12.50 (MET)
y_reg[6]$_SDFFE_PN0P_/D (sg13g2_dfrbpq_1)   15.49    2.99   12.50 (MET)
y_reg[6]$_SDFFE_PN0P_/D (sg13g2_dfrbpq_1)   15.49    2.99   12.50 (MET)
y_reg[8]$_SDFFE_PN0P_/D (sg13g2_dfrbpq_1)   15.49    2.99   12.50 (MET)
y_reg[8]$_SDFFE_PN0P_/D (sg13g2_dfrbpq_1)   15.49    2.99   12.50 (MET)
y_reg[8]$_SDFFE_PN0P_/D (sg13g2_dfrbpq_1)   15.49    2.99   12.50 (MET)
y_reg[6]$_SDFFE_PN0P_/D (sg13g2_dfrbpq_1)   15.49    2.99   12.50 (MET)
y_reg[6]$_SDFFE_PN0P_/D (sg13g2_dfrbpq_1)   15.49    2.99   12.50 (MET)
y_reg[6]$_SDFFE_PN0P_/D (sg13g2_dfrbpq_1)   15.49    2.99   12.50 (MET)
y_reg[6]$_SDFFE_PN0P_/D (sg13g2_dfrbpq_1)   15.49    2.99   12.50 (MET)
y_reg[8]$_SDFFE_PN0P_/D (sg13g2_dfrbpq_1)   15.49    2.99   12.50 (MET)
y_reg[8]$_SDFFE_PN0P_/D (sg13g2_dfrbpq_1)   15.49    2.99   12.50 (MET)
y_reg[8]$_SDFFE_PN0P_/D (sg13g2_dfrbpq_1)   15.49    2.99   12.50 (MET)
y_reg[8]$_SDFFE_PN0P_/D (sg13g2_dfrbpq_1)   15.49    2.99   12.50 (MET)
y_reg[9]$_SDFFE_PN0P_/D (sg13g2_dfrbpq_1)   15.48    2.99   12.50 (MET)
y_reg[6]$_SDFFE_PN0P_/D (sg13g2_dfrbpq_1)   15.49    2.99   12.50 (MET)
y_reg[6]$_SDFFE_PN0P_/D (sg13g2_dfrbpq_1)   15.49    2.99   12.50 (MET)
y_reg[6]$_SDFFE_PN0P_/D (sg13g2_dfrbpq_1)   15.49    2.99   12.50 (MET)
y_reg[6]$_SDFFE_PN0P_/D (sg13g2_dfrbpq_1)   15.49    2.99   12.50 (MET)
y_reg[8]$_SDFFE_PN0P_/D (sg13g2_dfrbpq_1)   15.49    2.99   12.50 (MET)
y_reg[9]$_SDFFE_PN0P_/D (sg13g2_dfrbpq_1)   15.48    2.99   12.50 (MET)
z_reg[2]$_SDFFE_PN0P_/D (sg13g2_dfrbpq_1)   15.48    2.99   12.50 (MET)
z_reg[2]$_SDFFE_PN0P_/D (sg13g2_dfrbpq_1)   15.48    2.99   12.50 (MET)
z_reg[2]$_SDFFE_PN0P_/D (sg13g2_dfrbpq_1)   15.48    2.99   12.50 (MET)
z_reg[2]$_SDFFE_PN0P_/D (sg13g2_dfrbpq_1)   15.48    2.99   12.50 (MET)
y_reg[8]$_SDFFE_PN0P_/D (sg13g2_dfrbpq_1)   15.49    2.99   12.50 (MET)
y_reg[6]$_SDFFE_PN0P_/D (sg13g2_dfrbpq_1)   15.49    2.99   12.50 (MET)
y_reg[6]$_SDFFE_PN0P_/D (sg13g2_dfrbpq_1)   15.49    2.99   12.50 (MET)
y_reg[6]$_SDFFE_PN0P_/D (sg13g2_dfrbpq_1)   15.49    2.99   12.50 (MET)
y_reg[6]$_SDFFE_PN0P_/D (sg13g2_dfrbpq_1)   15.49    2.99   12.50 (MET)
y_reg[8]$_SDFFE_PN0P_/D (sg13g2_dfrbpq_1)   15.49    2.99   12.50 (MET)
y_reg[8]$_SDFFE_PN0P_/D (sg13g2_dfrbpq_1)   15.49    2.99   12.50 (MET)
y_reg[8]$_SDFFE_PN0P_/D (sg13g2_dfrbpq_1)   15.49    2.99   12.50 (MET)
y_reg[8]$_SDFFE_PN0P_/D (sg13g2_dfrbpq_1)   15.49    2.99   12.50 (MET)
y_reg[8]$_SDFFE_PN0P_/D (sg13g2_dfrbpq_1)   15.49    2.99   12.50 (MET)
y_reg[8]$_SDFFE_PN0P_/D (sg13g2_dfrbpq_1)   15.49    2.99   12.50 (MET)
y_reg[9]$_SDFFE_PN0P_/D (sg13g2_dfrbpq_1)   15.49    2.99   12.50 (MET)
y_reg[9]$_SDFFE_PN0P_/D (sg13g2_dfrbpq_1)   15.49    2.99   12.50 (MET)
x_reg[7]$_SDFFE_PN0P_/D (sg13g2_dfrbpq_1)   15.48    2.99   12.50 (MET)
y_reg[9]$_SDFFE_PN0P_/D (sg13g2_dfrbpq_1)   15.49    2.99   12.50 (MET)
y_reg[9]$_SDFFE_PN0P_/D (sg13g2_dfrbpq_1)   15.49    2.99   12.50 (MET)
y_reg[9]$_SDFFE_PN0P_/D (sg13g2_dfrbpq_1)   15.49    2.99   12.50 (MET)
y_reg[6]$_SDFFE_PN0P_/D (sg13g2_dfrbpq_1)   15.49    2.99   12.50 (MET)
y_reg[6]$_SDFFE_PN0P_/D (sg13g2_dfrbpq_1)   15.49    2.99   12.50 (MET)
y_reg[6]$_SDFFE_PN0P_/D (sg13g2_dfrbpq_1)   15.49    2.99   12.50 (MET)
y_reg[6]$_SDFFE_PN0P_/D (sg13g2_dfrbpq_1)   15.49    2.99   12.50 (MET)
y_reg[8]$_SDFFE_PN0P_/D (sg13g2_dfrbpq_1)   15.49    2.99   12.50 (MET)
y_reg[8]$_SDFFE_PN0P_/D (sg13g2_dfrbpq_1)   15.49    2.99   12.50 (MET)
y_reg[9]$_SDFFE_PN0P_/D (sg13g2_dfrbpq_1)   15.49    2.99   12.50 (MET)
y_reg[8]$_SDFFE_PN0P_/D (sg13g2_dfrbpq_1)   15.49    2.99   12.50 (MET)
y_reg[8]$_SDFFE_PN0P_/D (sg13g2_dfrbpq_1)   15.49    2.99   12.50 (MET)
y_reg[8]$_SDFFE_PN0P_/D (sg13g2_dfrbpq_1)   15.49    2.99   12.50 (MET)
y_reg[8]$_SDFFE_PN0P_/D (sg13g2_dfrbpq_1)   15.49    2.99   12.50 (MET)
y_reg[8]$_SDFFE_PN0P_/D (sg13g2_dfrbpq_1)   15.49    2.99   12.50 (MET)
y_reg[8]$_SDFFE_PN0P_/D (sg13g2_dfrbpq_1)   15.49    2.99   12.50 (MET)
y_reg[6]$_SDFFE_PN0P_/D (sg13g2_dfrbpq_1)   15.49    2.99   12.50 (MET)
y_reg[6]$_SDFFE_PN0P_/D (sg13g2_dfrbpq_1)   15.49    2.99   12.50 (MET)
y_reg[6]$_SDFFE_PN0P_/D (sg13g2_dfrbpq_1)   15.49    2.99   12.50 (MET)
y_reg[6]$_SDFFE_PN0P_/D (sg13g2_dfrbpq_1)   15.49    2.99   12.50 (MET)
y_reg[8]$_SDFFE_PN0P_/D (sg13g2_dfrbpq_1)   15.49    2.99   12.50 (MET)
y_reg[8]$_SDFFE_PN0P_/D (sg13g2_dfrbpq_1)   15.49    2.99   12.50 (MET)
y_reg[8]$_SDFFE_PN0P_/D (sg13g2_dfrbpq_1)   15.49    2.99   12.50 (MET)
y_reg[8]$_SDFFE_PN0P_/D (sg13g2_dfrbpq_1)   15.49    2.99   12.50 (MET)
y_reg[8]$_SDFFE_PN0P_/D (sg13g2_dfrbpq_1)   15.48    2.98   12.50 (MET)
y_reg[8]$_SDFFE_PN0P_/D (sg13g2_dfrbpq_1)   15.48    2.98   12.50 (MET)
y_reg[8]$_SDFFE_PN0P_/D (sg13g2_dfrbpq_1)   15.48    2.98   12.50 (MET)
y_reg[8]$_SDFFE_PN0P_/D (sg13g2_dfrbpq_1)   15.48    2.98   12.50 (MET)
y_reg[8]$_SDFFE_PN0P_/D (sg13g2_dfrbpq_1)   15.49    2.99   12.50 (MET)
y_reg[8]$_SDFFE_PN0P_/D (sg13g2_dfrbpq_1)   15.49    2.99   12.50 (MET)
y_reg[8]$_SDFFE_PN0P_/D (sg13g2_dfrbpq_1)   15.49    2.99   12.50 (MET)
y_reg[8]$_SDFFE_PN0P_/D (sg13g2_dfrbpq_1)   15.49    2.99   12.50 (MET)
y_reg[8]$_SDFFE_PN0P_/D (sg13g2_dfrbpq_1)   15.48    2.98   12.50 (MET)
y_reg[8]$_SDFFE_PN0P_/D (sg13g2_dfrbpq_1)   15.48    2.98   12.50 (MET)
y_reg[8]$_SDFFE_PN0P_/D (sg13g2_dfrbpq_1)   15.48    2.98   12.50 (MET)
y_reg[8]$_SDFFE_PN0P_/D (sg13g2_dfrbpq_1)   15.48    2.98   12.50 (MET)
y_reg[8]$_SDFFE_PN0P_/D (sg13g2_dfrbpq_1)   15.48    2.98   12.50 (MET)
y_reg[8]$_SDFFE_PN0P_/D (sg13g2_dfrbpq_1)   15.48    2.98   12.50 (MET)
y_reg[8]$_SDFFE_PN0P_/D (sg13g2_dfrbpq_1)   15.48    2.98   12.50 (MET)
y_reg[8]$_SDFFE_PN0P_/D (sg13g2_dfrbpq_1)   15.48    2.98   12.50 (MET)
x_reg[7]$_SDFFE_PN0P_/D (sg13g2_dfrbpq_1)   15.47    2.97   12.50 (MET)
y_reg[6]$_SDFFE_PN0P_/D (sg13g2_dfrbpq_1)   15.49    2.99   12.50 (MET)
y_reg[6]$_SDFFE_PN0P_/D (sg13g2_dfrbpq_1)   15.49    2.99   12.50 (MET)
x_reg[7]$_SDFFE_PN0P_/D (sg13g2_dfrbpq_1)   15.47    2.97   12.50 (MET)
y_reg[6]$_SDFFE_PN0P_/D (sg13g2_dfrbpq_1)   15.49    2.99   12.50 (MET)
y_reg[6]$_SDFFE_PN0P_/D (sg13g2_dfrbpq_1)   15.49    2.99   12.50 (MET)
y_reg[9]$_SDFFE_PN0P_/D (sg13g2_dfrbpq_1)   15.48    2.99   12.50 (MET)
y_reg[9]$_SDFFE_PN0P_/D (sg13g2_dfrbpq_1)   15.48    2.99   12.50 (MET)
y_reg[9]$_SDFFE_PN0P_/D (sg13g2_dfrbpq_1)   15.48    2.99   12.50 (MET)
y_reg[6]$_SDFFE_PN0P_/D (sg13g2_dfrbpq_1)   15.49    2.99   12.50 (MET)
y_reg[6]$_SDFFE_PN0P_/D (sg13g2_dfrbpq_1)   15.49    2.99   12.50 (MET)
y_reg[6]$_SDFFE_PN0P_/D (sg13g2_dfrbpq_1)   15.49    2.99   12.50 (MET)
y_reg[6]$_SDFFE_PN0P_/D (sg13g2_dfrbpq_1)   15.49    2.99   12.50 (MET)
y_reg[6]$_SDFFE_PN0P_/D (sg13g2_dfrbpq_1)   15.49    2.99   12.50 (MET)
y_reg[6]$_SDFFE_PN0P_/D (sg13g2_dfrbpq_1)   15.49    2.99   12.50 (MET)
y_reg[6]$_SDFFE_PN0P_/D (sg13g2_dfrbpq_1)   15.49    2.99   12.50 (MET)
y_reg[6]$_SDFFE_PN0P_/D (sg13g2_dfrbpq_1)   15.49    2.99   12.50 (MET)
y_reg[6]$_SDFFE_PN0P_/D (sg13g2_dfrbpq_1)   15.49    2.99   12.50 (MET)
y_reg[6]$_SDFFE_PN0P_/D (sg13g2_dfrbpq_1)   15.49    2.99   12.50 (MET)
y_reg[8]$_SDFFE_PN0P_/D (sg13g2_dfrbpq_1)   15.49    2.99   12.50 (MET)
y_reg[6]$_SDFFE_PN0P_/D (sg13g2_dfrbpq_1)   15.49    2.99   12.50 (MET)
y_reg[6]$_SDFFE_PN0P_/D (sg13g2_dfrbpq_1)   15.49    2.99   12.50 (MET)
y_reg[8]$_SDFFE_PN0P_/D (sg13g2_dfrbpq_1)   15.49    2.99   12.50 (MET)
y_reg[6]$_SDFFE_PN0P_/D (sg13g2_dfrbpq_1)   15.49    2.99   12.50 (MET)
y_reg[6]$_SDFFE_PN0P_/D (sg13g2_dfrbpq_1)   15.49    2.99   12.50 (MET)
x_reg[9]$_SDFFE_PN0P_/D (sg13g2_dfrbpq_1)   15.49    2.99   12.50 (MET)
x_reg[9]$_SDFFE_PN0P_/D (sg13g2_dfrbpq_1)   15.49    2.99   12.50 (MET)
x_reg[9]$_SDFFE_PN0P_/D (sg13g2_dfrbpq_1)   15.49    2.99   12.50 (MET)
x_reg[9]$_SDFFE_PN0P_/D (sg13g2_dfrbpq_1)   15.49    2.99   12.50 (MET)
y_reg[6]$_SDFFE_PN0P_/D (sg13g2_dfrbpq_1)   15.49    2.99   12.50 (MET)
y_reg[6]$_SDFFE_PN0P_/D (sg13g2_dfrbpq_1)   15.49    2.99   12.50 (MET)
x_reg[9]$_SDFFE_PN0P_/D (sg13g2_dfrbpq_1)   15.49    2.99   12.50 (MET)
x_reg[9]$_SDFFE_PN0P_/D (sg13g2_dfrbpq_1)   15.49    2.99   12.50 (MET)
x_reg[9]$_SDFFE_PN0P_/D (sg13g2_dfrbpq_1)   15.49    2.99   12.50 (MET)
x_reg[9]$_SDFFE_PN0P_/D (sg13g2_dfrbpq_1)   15.49    2.99   12.50 (MET)
x_reg[9]$_SDFFE_PN0P_/D (sg13g2_dfrbpq_1)   15.49    2.99   12.50 (MET)
x_reg[9]$_SDFFE_PN0P_/D (sg13g2_dfrbpq_1)   15.49    2.99   12.50 (MET)
x_reg[9]$_SDFFE_PN0P_/D (sg13g2_dfrbpq_1)   15.49    2.99   12.50 (MET)
x_reg[9]$_SDFFE_PN0P_/D (sg13g2_dfrbpq_1)   15.49    2.99   12.50 (MET)
y_reg[8]$_SDFFE_PN0P_/D (sg13g2_dfrbpq_1)   15.49    2.99   12.50 (MET)
x_reg[8]$_SDFFE_PN0P_/D (sg13g2_dfrbpq_1)   15.49    2.99   12.50 (MET)
x_reg[8]$_SDFFE_PN0P_/D (sg13g2_dfrbpq_1)   15.49    2.99   12.50 (MET)
x_reg[8]$_SDFFE_PN0P_/D (sg13g2_dfrbpq_1)   15.49    2.99   12.50 (MET)
x_reg[8]$_SDFFE_PN0P_/D (sg13g2_dfrbpq_1)   15.49    2.99   12.50 (MET)
x_reg[8]$_SDFFE_PN0P_/D (sg13g2_dfrbpq_1)   15.49    2.99   12.50 (MET)
y_reg[6]$_SDFFE_PN0P_/D (sg13g2_dfrbpq_1)   15.49    2.99   12.50 (MET)
y_reg[6]$_SDFFE_PN0P_/D (sg13g2_dfrbpq_1)   15.49    2.99   12.50 (MET)
y_reg[8]$_SDFFE_PN0P_/D (sg13g2_dfrbpq_1)   15.49    2.99   12.50 (MET)
y_reg[6]$_SDFFE_PN0P_/D (sg13g2_dfrbpq_1)   15.49    2.99   12.50 (MET)
y_reg[6]$_SDFFE_PN0P_/D (sg13g2_dfrbpq_1)   15.49    2.99   12.50 (MET)
y_reg[6]$_SDFFE_PN0P_/D (sg13g2_dfrbpq_1)   15.49    2.99   12.50 (MET)
y_reg[6]$_SDFFE_PN0P_/D (sg13g2_dfrbpq_1)   15.49    2.99   12.50 (MET)
y_reg[9]$_SDFFE_PN0P_/D (sg13g2_dfrbpq_1)   15.49    2.99   12.50 (MET)
y_reg[9]$_SDFFE_PN0P_/D (sg13g2_dfrbpq_1)   15.49    2.99   12.50 (MET)
y_reg[9]$_SDFFE_PN0P_/D (sg13g2_dfrbpq_1)   15.49    2.99   12.50 (MET)
y_reg[9]$_SDFFE_PN0P_/D (sg13g2_dfrbpq_1)   15.48    2.98   12.50 (MET)
y_reg[9]$_SDFFE_PN0P_/D (sg13g2_dfrbpq_1)   15.48    2.98   12.50 (MET)
y_reg[6]$_SDFFE_PN0P_/D (sg13g2_dfrbpq_1)   15.49    2.99   12.50 (MET)
y_reg[6]$_SDFFE_PN0P_/D (sg13g2_dfrbpq_1)   15.49    2.99   12.50 (MET)
y_reg[6]$_SDFFE_PN0P_/D (sg13g2_dfrbpq_1)   15.49    2.99   12.50 (MET)
y_reg[6]$_SDFFE_PN0P_/D (sg13g2_dfrbpq_1)   15.49    2.99   12.50 (MET)
y_reg[9]$_SDFFE_PN0P_/D (sg13g2_dfrbpq_1)   15.49    2.99   12.50 (MET)
y_reg[9]$_SDFFE_PN0P_/D (sg13g2_dfrbpq_1)   15.48    2.98   12.50 (MET)
y_reg[9]$_SDFFE_PN0P_/D (sg13g2_dfrbpq_1)   15.48    2.98   12.50 (MET)
y_reg[9]$_SDFFE_PN0P_/D (sg13g2_dfrbpq_1)   15.48    2.98   12.50 (MET)
y_reg[8]$_SDFFE_PN0P_/D (sg13g2_dfrbpq_1)   15.49    2.99   12.50 (MET)
y_reg[9]$_SDFFE_PN0P_/D (sg13g2_dfrbpq_1)   15.48    2.98   12.50 (MET)
y_reg[6]$_SDFFE_PN0P_/D (sg13g2_dfrbpq_1)   15.49    2.99   12.50 (MET)
y_reg[6]$_SDFFE_PN0P_/D (sg13g2_dfrbpq_1)   15.49    2.99   12.50 (MET)
y_reg[6]$_SDFFE_PN0P_/D (sg13g2_dfrbpq_1)   15.49    2.99   12.50 (MET)
y_reg[6]$_SDFFE_PN0P_/D (sg13g2_dfrbpq_1)   15.49    2.99   12.50 (MET)
y_reg[9]$_SDFFE_PN0P_/D (sg13g2_dfrbpq_1)   15.49    2.99   12.50 (MET)
x_reg[9]$_SDFFE_PN0P_/D (sg13g2_dfrbpq_1)   15.49    2.99   12.50 (MET)
x_reg[9]$_SDFFE_PN0P_/D (sg13g2_dfrbpq_1)   15.49    2.99   12.50 (MET)
y_reg[9]$_SDFFE_PN0P_/D (sg13g2_dfrbpq_1)   15.49    2.99   12.50 (MET)
y_reg[8]$_SDFFE_PN0P_/D (sg13g2_dfrbpq_1)   15.49    2.99   12.50 (MET)
y_reg[8]$_SDFFE_PN0P_/D (sg13g2_dfrbpq_1)   15.49    2.99   12.50 (MET)
y_reg[9]$_SDFFE_PN0P_/D (sg13g2_dfrbpq_1)   15.48    2.98   12.50 (MET)
y_reg[9]$_SDFFE_PN0P_/D (sg13g2_dfrbpq_1)   15.49    2.99   12.50 (MET)
y_reg[9]$_SDFFE_PN0P_/D (sg13g2_dfrbpq_1)   15.49    2.99   12.50 (MET)
y_reg[9]$_SDFFE_PN0P_/D (sg13g2_dfrbpq_1)   15.49    2.99   12.50 (MET)
y_reg[9]$_SDFFE_PN0P_/D (sg13g2_dfrbpq_1)   15.49    2.99   12.50 (MET)
y_reg[9]$_SDFFE_PN0P_/D (sg13g2_dfrbpq_1)   15.48    2.98   12.50 (MET)
y_reg[9]$_SDFFE_PN0P_/D (sg13g2_dfrbpq_1)   15.49    2.99   12.50 (MET)
y_reg[9]$_SDFFE_PN0P_/D (sg13g2_dfrbpq_1)   15.49    2.99   12.50 (MET)
y_reg[9]$_SDFFE_PN0P_/D (sg13g2_dfrbpq_1)   15.49    2.99   12.50 (MET)
y_reg[9]$_SDFFE_PN0P_/D (sg13g2_dfrbpq_1)   15.49    2.99   12.50 (MET)
y_reg[9]$_SDFFE_PN0P_/D (sg13g2_dfrbpq_1)   15.49    2.99   12.50 (MET)
y_reg[9]$_SDFFE_PN0P_/D (sg13g2_dfrbpq_1)   15.49    2.99   12.50 (MET)
y_reg[9]$_SDFFE_PN0P_/D (sg13g2_dfrbpq_1)   15.49    2.99   12.50 (MET)
y_reg[9]$_SDFFE_PN0P_/D (sg13g2_dfrbpq_1)   15.49    2.99   12.50 (MET)
y_reg[9]$_SDFFE_PN0P_/D (sg13g2_dfrbpq_1)   15.49    2.99   12.50 (MET)
y_reg[9]$_SDFFE_PN0P_/D (sg13g2_dfrbpq_1)   15.49    2.99   12.50 (MET)
y_reg[9]$_SDFFE_PN0P_/D (sg13g2_dfrbpq_1)   15.49    2.99   12.50 (MET)
x_reg[8]$_SDFFE_PN0P_/D (sg13g2_dfrbpq_1)   15.49    2.99   12.50 (MET)
y_reg[8]$_SDFFE_PN0P_/D (sg13g2_dfrbpq_1)   15.49    2.99   12.50 (MET)
x_reg[9]$_SDFFE_PN0P_/D (sg13g2_dfrbpq_1)   15.49    2.99   12.50 (MET)
x_reg[9]$_SDFFE_PN0P_/D (sg13g2_dfrbpq_1)   15.49    2.99   12.50 (MET)
y_reg[9]$_SDFFE_PN0P_/D (sg13g2_dfrbpq_1)   15.48    2.98   12.50 (MET)
x_reg[8]$_SDFFE_PN0P_/D (sg13g2_dfrbpq_1)   15.49    2.99   12.50 (MET)
x_reg[8]$_SDFFE_PN0P_/D (sg13g2_dfrbpq_1)   15.49    2.99   12.50 (MET)
x_reg[8]$_SDFFE_PN0P_/D (sg13g2_dfrbpq_1)   15.49    2.99   12.50 (MET)
x_reg[8]$_SDFFE_PN0P_/D (sg13g2_dfrbpq_1)   15.49    2.99   12.50 (MET)
x_reg[8]$_SDFFE_PN0P_/D (sg13g2_dfrbpq_1)   15.49    2.99   12.50 (MET)
x_reg[8]$_SDFFE_PN0P_/D (sg13g2_dfrbpq_1)   15.49    2.99   12.50 (MET)
x_reg[8]$_SDFFE_PN0P_/D (sg13g2_dfrbpq_1)   15.49    2.99   12.50 (MET)
x_reg[8]$_SDFFE_PN0P_/D (sg13g2_dfrbpq_1)   15.49    2.99   12.50 (MET)
x_reg[8]$_SDFFE_PN0P_/D (sg13g2_dfrbpq_1)   15.49    2.99   12.50 (MET)
x_reg[8]$_SDFFE_PN0P_/D (sg13g2_dfrbpq_1)   15.49    2.99   12.50 (MET)
x_reg[8]$_SDFFE_PN0P_/D (sg13g2_dfrbpq_1)   15.49    2.99   12.50 (MET)
x_reg[8]$_SDFFE_PN0P_/D (sg13g2_dfrbpq_1)   15.49    2.99   12.50 (MET)
x_reg[8]$_SDFFE_PN0P_/D (sg13g2_dfrbpq_1)   15.49    2.99   12.50 (MET)
x_reg[8]$_SDFFE_PN0P_/D (sg13g2_dfrbpq_1)   15.49    2.99   12.50 (MET)
x_reg[8]$_SDFFE_PN0P_/D (sg13g2_dfrbpq_1)   15.49    2.99   12.50 (MET)
x_reg[8]$_SDFFE_PN0P_/D (sg13g2_dfrbpq_1)   15.49    2.99   12.50 (MET)
x_reg[9]$_SDFFE_PN0P_/D (sg13g2_dfrbpq_1)   15.49    2.99   12.50 (MET)
x_reg[9]$_SDFFE_PN0P_/D (sg13g2_dfrbpq_1)   15.49    2.99   12.50 (MET)
x_reg[8]$_SDFFE_PN0P_/D (sg13g2_dfrbpq_1)   15.49    2.99   12.50 (MET)
x_reg[8]$_SDFFE_PN0P_/D (sg13g2_dfrbpq_1)   15.49    2.99   12.50 (MET)
x_reg[8]$_SDFFE_PN0P_/D (sg13g2_dfrbpq_1)   15.49    2.99   12.50 (MET)
x_reg[8]$_SDFFE_PN0P_/D (sg13g2_dfrbpq_1)   15.49    2.99   12.50 (MET)
y_reg[6]$_SDFFE_PN0P_/D (sg13g2_dfrbpq_1)   15.49    2.99   12.50 (MET)
y_reg[6]$_SDFFE_PN0P_/D (sg13g2_dfrbpq_1)   15.49    2.99   12.50 (MET)
y_reg[6]$_SDFFE_PN0P_/D (sg13g2_dfrbpq_1)   15.49    2.99   12.50 (MET)
y_reg[6]$_SDFFE_PN0P_/D (sg13g2_dfrbpq_1)   15.49    2.99   12.50 (MET)
y_reg[6]$_SDFFE_PN0P_/D (sg13g2_dfrbpq_1)   15.49    2.99   12.50 (MET)
y_reg[6]$_SDFFE_PN0P_/D (sg13g2_dfrbpq_1)   15.49    2.99   12.50 (MET)
y_reg[6]$_SDFFE_PN0P_/D (sg13g2_dfrbpq_1)   15.49    2.99   12.50 (MET)
y_reg[6]$_SDFFE_PN0P_/D (sg13g2_dfrbpq_1)   15.49    2.99   12.50 (MET)
y_reg[9]$_SDFFE_PN0P_/D (sg13g2_dfrbpq_1)   15.48    2.98   12.50 (MET)
x_reg[8]$_SDFFE_PN0P_/D (sg13g2_dfrbpq_1)   15.49    2.99   12.50 (MET)
x_reg[8]$_SDFFE_PN0P_/D (sg13g2_dfrbpq_1)   15.49    2.99   12.50 (MET)
y_reg[7]$_SDFFE_PN0P_/D (sg13g2_dfrbpq_1)   15.49    2.99   12.50 (MET)
y_reg[7]$_SDFFE_PN0P_/D (sg13g2_dfrbpq_1)   15.49    2.99   12.50 (MET)
y_reg[9]$_SDFFE_PN0P_/D (sg13g2_dfrbpq_1)   15.48    2.98   12.50 (MET)
y_reg[9]$_SDFFE_PN0P_/D (sg13g2_dfrbpq_1)   15.48    2.98   12.50 (MET)
y_reg[7]$_SDFFE_PN0P_/D (sg13g2_dfrbpq_1)   15.49    2.99   12.50 (MET)
y_reg[7]$_SDFFE_PN0P_/D (sg13g2_dfrbpq_1)   15.49    2.99   12.50 (MET)
y_reg[9]$_SDFFE_PN0P_/D (sg13g2_dfrbpq_1)   15.48    2.98   12.50 (MET)
y_reg[6]$_SDFFE_PN0P_/D (sg13g2_dfrbpq_1)   15.49    2.99   12.50 (MET)
y_reg[6]$_SDFFE_PN0P_/D (sg13g2_dfrbpq_1)   15.49    2.99   12.50 (MET)
y_reg[8]$_SDFFE_PN0P_/D (sg13g2_dfrbpq_1)   15.49    2.99   12.50 (MET)
y_reg[8]$_SDFFE_PN0P_/D (sg13g2_dfrbpq_1)   15.48    2.98   12.50 (MET)
y_reg[8]$_SDFFE_PN0P_/D (sg13g2_dfrbpq_1)   15.48    2.98   12.50 (MET)
y_reg[8]$_SDFFE_PN0P_/D (sg13g2_dfrbpq_1)   15.49    2.99   12.50 (MET)
y_reg[8]$_SDFFE_PN0P_/D (sg13g2_dfrbpq_1)   15.49    2.99   12.50 (MET)
y_reg[9]$_SDFFE_PN0P_/D (sg13g2_dfrbpq_1)   15.48    2.98   12.50 (MET)
z_reg[3]$_SDFFE_PN0P_/D (sg13g2_dfrbpq_1)   15.48    2.98   12.50 (MET)
z_reg[3]$_SDFFE_PN0P_/D (sg13g2_dfrbpq_1)   15.48    2.98   12.50 (MET)
y_reg[3]$_SDFFE_PN0P_/D (sg13g2_dfrbpq_1)   15.48    2.98   12.50 (MET)
y_reg[3]$_SDFFE_PN0P_/D (sg13g2_dfrbpq_1)   15.48    2.98   12.50 (MET)
y_reg[3]$_SDFFE_PN0P_/D (sg13g2_dfrbpq_1)   15.48    2.98   12.50 (MET)
y_reg[3]$_SDFFE_PN0P_/D (sg13g2_dfrbpq_1)   15.48    2.98   12.50 (MET)
y_reg[9]$_SDFFE_PN0P_/D (sg13g2_dfrbpq_1)   15.48    2.98   12.50 (MET)
y_reg[8]$_SDFFE_PN0P_/D (sg13g2_dfrbpq_1)   15.49    2.99   12.50 (MET)
y_reg[9]$_SDFFE_PN0P_/D (sg13g2_dfrbpq_1)   15.49    2.99   12.50 (MET)
y_reg[9]$_SDFFE_PN0P_/D (sg13g2_dfrbpq_1)   15.49    2.99   12.50 (MET)
y_reg[9]$_SDFFE_PN0P_/D (sg13g2_dfrbpq_1)   15.49    2.99   12.50 (MET)
y_reg[6]$_SDFFE_PN0P_/D (sg13g2_dfrbpq_1)   15.49    2.99   12.50 (MET)
y_reg[6]$_SDFFE_PN0P_/D (sg13g2_dfrbpq_1)   15.49    2.99   12.50 (MET)
y_reg[6]$_SDFFE_PN0P_/D (sg13g2_dfrbpq_1)   15.49    2.99   12.50 (MET)
y_reg[6]$_SDFFE_PN0P_/D (sg13g2_dfrbpq_1)   15.49    2.99   12.50 (MET)
y_reg[8]$_SDFFE_PN0P_/D (sg13g2_dfrbpq_1)   15.49    2.99   12.50 (MET)
y_reg[9]$_SDFFE_PN0P_/D (sg13g2_dfrbpq_1)   15.49    2.99   12.50 (MET)
y_reg[9]$_SDFFE_PN0P_/D (sg13g2_dfrbpq_1)   15.49    2.99   12.50 (MET)
y_reg[9]$_SDFFE_PN0P_/D (sg13g2_dfrbpq_1)   15.49    2.99   12.50 (MET)
y_reg[8]$_SDFFE_PN0P_/D (sg13g2_dfrbpq_1)   15.48    2.98   12.50 (MET)
y_reg[9]$_SDFFE_PN0P_/D (sg13g2_dfrbpq_1)   15.49    2.99   12.50 (MET)
y_reg[9]$_SDFFE_PN0P_/D (sg13g2_dfrbpq_1)   15.49    2.99   12.50 (MET)
y_reg[6]$_SDFFE_PN0P_/D (sg13g2_dfrbpq_1)   15.49    2.99   12.50 (MET)
y_reg[6]$_SDFFE_PN0P_/D (sg13g2_dfrbpq_1)   15.49    2.99   12.50 (MET)
y_reg[6]$_SDFFE_PN0P_/D (sg13g2_dfrbpq_1)   15.49    2.99   12.50 (MET)
y_reg[6]$_SDFFE_PN0P_/D (sg13g2_dfrbpq_1)   15.49    2.99   12.50 (MET)
y_reg[9]$_SDFFE_PN0P_/D (sg13g2_dfrbpq_1)   15.49    2.99   12.50 (MET)
y_reg[9]$_SDFFE_PN0P_/D (sg13g2_dfrbpq_1)   15.49    2.99   12.50 (MET)
y_reg[8]$_SDFFE_PN0P_/D (sg13g2_dfrbpq_1)   15.49    2.99   12.50 (MET)
y_reg[8]$_SDFFE_PN0P_/D (sg13g2_dfrbpq_1)   15.49    2.99   12.50 (MET)
y_reg[6]$_SDFFE_PN0P_/D (sg13g2_dfrbpq_1)   15.49    2.99   12.50 (MET)
y_reg[6]$_SDFFE_PN0P_/D (sg13g2_dfrbpq_1)   15.49    2.99   12.50 (MET)
y_reg[8]$_SDFFE_PN0P_/D (sg13g2_dfrbpq_1)   15.49    2.99   12.50 (MET)
y_reg[8]$_SDFFE_PN0P_/D (sg13g2_dfrbpq_1)   15.49    2.99   12.50 (MET)
y_reg[6]$_SDFFE_PN0P_/D (sg13g2_dfrbpq_1)   15.49    2.99   12.50 (MET)
y_reg[6]$_SDFFE_PN0P_/D (sg13g2_dfrbpq_1)   15.49    2.99   12.50 (MET)
x_reg[8]$_SDFFE_PN0P_/D (sg13g2_dfrbpq_1)   15.49    2.99   12.50 (MET)
x_reg[8]$_SDFFE_PN0P_/D (sg13g2_dfrbpq_1)   15.49    2.99   12.50 (MET)
y_reg[9]$_SDFFE_PN0P_/D (sg13g2_dfrbpq_1)   15.49    2.99   12.50 (MET)
y_reg[9]$_SDFFE_PN0P_/D (sg13g2_dfrbpq_1)   15.49    2.99   12.50 (MET)
y_reg[9]$_SDFFE_PN0P_/D (sg13g2_dfrbpq_1)   15.49    2.99   12.50 (MET)
y_reg[9]$_SDFFE_PN0P_/D (sg13g2_dfrbpq_1)   15.49    2.99   12.50 (MET)
y_reg[8]$_SDFFE_PN0P_/D (sg13g2_dfrbpq_1)   15.48    2.98   12.50 (MET)
y_reg[8]$_SDFFE_PN0P_/D (sg13g2_dfrbpq_1)   15.48    2.98   12.50 (MET)
y_reg[8]$_SDFFE_PN0P_/D (sg13g2_dfrbpq_1)   15.48    2.98   12.50 (MET)
y_reg[8]$_SDFFE_PN0P_/D (sg13g2_dfrbpq_1)   15.48    2.98   12.50 (MET)
y_reg[9]$_SDFFE_PN0P_/D (sg13g2_dfrbpq_1)   15.49    2.99   12.50 (MET)
y_reg[8]$_SDFFE_PN0P_/D (sg13g2_dfrbpq_1)   15.49    2.99   12.50 (MET)
y_reg[8]$_SDFFE_PN0P_/D (sg13g2_dfrbpq_1)   15.49    2.99   12.50 (MET)
y_reg[6]$_SDFFE_PN0P_/D (sg13g2_dfrbpq_1)   15.49    2.99   12.50 (MET)
y_reg[6]$_SDFFE_PN0P_/D (sg13g2_dfrbpq_1)   15.49    2.99   12.50 (MET)
y_reg[8]$_SDFFE_PN0P_/D (sg13g2_dfrbpq_1)   15.49    2.99   12.50 (MET)
y_reg[8]$_SDFFE_PN0P_/D (sg13g2_dfrbpq_1)   15.49    2.99   12.50 (MET)
y_reg[6]$_SDFFE_PN0P_/D (sg13g2_dfrbpq_1)   15.49    2.99   12.50 (MET)
y_reg[6]$_SDFFE_PN0P_/D (sg13g2_dfrbpq_1)   15.49    2.99   12.50 (MET)
x_reg[8]$_SDFFE_PN0P_/D (sg13g2_dfrbpq_1)   15.49    2.99   12.50 (MET)
x_reg[8]$_SDFFE_PN0P_/D (sg13g2_dfrbpq_1)   15.49    2.99   12.50 (MET)
y_reg[6]$_SDFFE_PN0P_/D (sg13g2_dfrbpq_1)   15.49    2.99   12.50 (MET)
y_reg[6]$_SDFFE_PN0P_/D (sg13g2_dfrbpq_1)   15.49    2.99   12.50 (MET)
y_reg[6]$_SDFFE_PN0P_/D (sg13g2_dfrbpq_1)   15.49    2.99   12.50 (MET)
y_reg[6]$_SDFFE_PN0P_/D (sg13g2_dfrbpq_1)   15.49    2.99   12.50 (MET)
y_reg[6]$_SDFFE_PN0P_/D (sg13g2_dfrbpq_1)   15.49    2.99   12.50 (MET)
y_reg[6]$_SDFFE_PN0P_/D (sg13g2_dfrbpq_1)   15.49    2.99   12.50 (MET)
y_reg[6]$_SDFFE_PN0P_/D (sg13g2_dfrbpq_1)   15.49    2.99   12.50 (MET)
y_reg[6]$_SDFFE_PN0P_/D (sg13g2_dfrbpq_1)   15.49    2.99   12.50 (MET)
y_reg[9]$_SDFFE_PN0P_/D (sg13g2_dfrbpq_1)   15.48    2.98   12.50 (MET)
y_reg[9]$_SDFFE_PN0P_/D (sg13g2_dfrbpq_1)   15.48    2.98   12.50 (MET)
y_reg[9]$_SDFFE_PN0P_/D (sg13g2_dfrbpq_1)   15.48    2.98   12.50 (MET)
y_reg[9]$_SDFFE_PN0P_/D (sg13g2_dfrbpq_1)   15.48    2.98   12.50 (MET)
y_reg[6]$_SDFFE_PN0P_/D (sg13g2_dfrbpq_1)   15.49    2.99   12.50 (MET)
y_reg[6]$_SDFFE_PN0P_/D (sg13g2_dfrbpq_1)   15.49    2.99   12.50 (MET)
y_reg[6]$_SDFFE_PN0P_/D (sg13g2_dfrbpq_1)   15.49    2.99   12.50 (MET)
y_reg[6]$_SDFFE_PN0P_/D (sg13g2_dfrbpq_1)   15.49    2.99   12.50 (MET)
y_reg[6]$_SDFFE_PN0P_/D (sg13g2_dfrbpq_1)   15.49    2.99   12.50 (MET)
y_reg[6]$_SDFFE_PN0P_/D (sg13g2_dfrbpq_1)   15.49    2.99   12.50 (MET)
y_reg[6]$_SDFFE_PN0P_/D (sg13g2_dfrbpq_1)   15.49    2.99   12.50 (MET)
y_reg[6]$_SDFFE_PN0P_/D (sg13g2_dfrbpq_1)   15.49    2.99   12.50 (MET)
y_reg[9]$_SDFFE_PN0P_/D (sg13g2_dfrbpq_1)   15.48    2.98   12.50 (MET)
y_reg[9]$_SDFFE_PN0P_/D (sg13g2_dfrbpq_1)   15.48    2.98   12.50 (MET)
y_reg[9]$_SDFFE_PN0P_/D (sg13g2_dfrbpq_1)   15.48    2.98   12.50 (MET)
y_reg[9]$_SDFFE_PN0P_/D (sg13g2_dfrbpq_1)   15.48    2.98   12.50 (MET)
y_reg[9]$_SDFFE_PN0P_/D (sg13g2_dfrbpq_1)   15.48    2.98   12.50 (MET)
y_reg[9]$_SDFFE_PN0P_/D (sg13g2_dfrbpq_1)   15.48    2.98   12.50 (MET)
y_reg[6]$_SDFFE_PN0P_/D (sg13g2_dfrbpq_1)   15.49    2.99   12.50 (MET)
y_reg[6]$_SDFFE_PN0P_/D (sg13g2_dfrbpq_1)   15.49    2.99   12.50 (MET)
y_reg[9]$_SDFFE_PN0P_/D (sg13g2_dfrbpq_1)   15.48    2.98   12.50 (MET)
y_reg[9]$_SDFFE_PN0P_/D (sg13g2_dfrbpq_1)   15.48    2.98   12.50 (MET)
y_reg[6]$_SDFFE_PN0P_/D (sg13g2_dfrbpq_1)   15.49    2.99   12.50 (MET)
y_reg[6]$_SDFFE_PN0P_/D (sg13g2_dfrbpq_1)   15.49    2.99   12.50 (MET)
y_reg[7]$_SDFFE_PN0P_/D (sg13g2_dfrbpq_1)   15.48    2.98   12.50 (MET)
y_reg[7]$_SDFFE_PN0P_/D (sg13g2_dfrbpq_1)   15.48    2.98   12.50 (MET)
y_reg[8]$_SDFFE_PN0P_/D (sg13g2_dfrbpq_1)   15.48    2.98   12.50 (MET)
y_reg[8]$_SDFFE_PN0P_/D (sg13g2_dfrbpq_1)   15.48    2.98   12.50 (MET)
y_reg[8]$_SDFFE_PN0P_/D (sg13g2_dfrbpq_1)   15.48    2.98   12.50 (MET)
y_reg[8]$_SDFFE_PN0P_/D (sg13g2_dfrbpq_1)   15.48    2.98   12.50 (MET)
y_reg[7]$_SDFFE_PN0P_/D (sg13g2_dfrbpq_1)   15.48    2.98   12.50 (MET)
y_reg[7]$_SDFFE_PN0P_/D (sg13g2_dfrbpq_1)   15.48    2.98   12.50 (MET)
y_reg[8]$_SDFFE_PN0P_/D (sg13g2_dfrbpq_1)   15.48    2.98   12.50 (MET)
y_reg[8]$_SDFFE_PN0P_/D (sg13g2_dfrbpq_1)   15.48    2.98   12.50 (MET)
y_reg[8]$_SDFFE_PN0P_/D (sg13g2_dfrbpq_1)   15.48    2.98   12.50 (MET)
y_reg[8]$_SDFFE_PN0P_/D (sg13g2_dfrbpq_1)   15.48    2.98   12.50 (MET)
y_reg[8]$_SDFFE_PN0P_/D (sg13g2_dfrbpq_1)   15.48    2.98   12.50 (MET)
y_reg[8]$_SDFFE_PN0P_/D (sg13g2_dfrbpq_1)   15.48    2.98   12.50 (MET)
x_reg[8]$_SDFFE_PN0P_/D (sg13g2_dfrbpq_1)   15.49    2.99   12.50 (MET)
x_reg[8]$_SDFFE_PN0P_/D (sg13g2_dfrbpq_1)   15.49    2.99   12.50 (MET)
y_reg[6]$_SDFFE_PN0P_/D (sg13g2_dfrbpq_1)   15.49    2.99   12.50 (MET)
y_reg[6]$_SDFFE_PN0P_/D (sg13g2_dfrbpq_1)   15.49    2.99   12.50 (MET)
y_reg[8]$_SDFFE_PN0P_/D (sg13g2_dfrbpq_1)   15.48    2.98   12.50 (MET)
y_reg[8]$_SDFFE_PN0P_/D (sg13g2_dfrbpq_1)   15.48    2.98   12.50 (MET)
y_reg[6]$_SDFFE_PN0P_/D (sg13g2_dfrbpq_1)   15.49    2.99   12.50 (MET)
y_reg[6]$_SDFFE_PN0P_/D (sg13g2_dfrbpq_1)   15.49    2.99   12.50 (MET)
x_reg[9]$_SDFFE_PN0P_/D (sg13g2_dfrbpq_1)   15.49    2.98   12.50 (MET)
x_reg[9]$_SDFFE_PN0P_/D (sg13g2_dfrbpq_1)   15.49    2.98   12.50 (MET)
x_reg[9]$_SDFFE_PN0P_/D (sg13g2_dfrbpq_1)   15.49    2.98   12.50 (MET)
x_reg[9]$_SDFFE_PN0P_/D (sg13g2_dfrbpq_1)   15.49    2.98   12.50 (MET)
x_reg[8]$_SDFFE_PN0P_/D (sg13g2_dfrbpq_1)   15.49    2.99   12.50 (MET)
x_reg[9]$_SDFFE_PN0P_/D (sg13g2_dfrbpq_1)   15.49    2.98   12.50 (MET)
x_reg[9]$_SDFFE_PN0P_/D (sg13g2_dfrbpq_1)   15.49    2.98   12.50 (MET)
x_reg[9]$_SDFFE_PN0P_/D (sg13g2_dfrbpq_1)   15.49    2.98   12.50 (MET)
x_reg[9]$_SDFFE_PN0P_/D (sg13g2_dfrbpq_1)   15.49    2.98   12.50 (MET)
y_reg[7]$_SDFFE_PN0P_/D (sg13g2_dfrbpq_1)   15.49    2.99   12.50 (MET)
y_reg[7]$_SDFFE_PN0P_/D (sg13g2_dfrbpq_1)   15.49    2.99   12.50 (MET)
y_reg[7]$_SDFFE_PN0P_/D (sg13g2_dfrbpq_1)   15.49    2.99   12.50 (MET)
y_reg[7]$_SDFFE_PN0P_/D (sg13g2_dfrbpq_1)   15.49    2.99   12.50 (MET)
x_reg[9]$_SDFFE_PN0P_/D (sg13g2_dfrbpq_1)   15.49    2.99   12.50 (MET)
x_reg[9]$_SDFFE_PN0P_/D (sg13g2_dfrbpq_1)   15.49    2.99   12.50 (MET)
y_reg[6]$_SDFFE_PN0P_/D (sg13g2_dfrbpq_1)   15.49    2.99   12.50 (MET)
y_reg[6]$_SDFFE_PN0P_/D (sg13g2_dfrbpq_1)   15.49    2.99   12.50 (MET)
y_reg[6]$_SDFFE_PN0P_/D (sg13g2_dfrbpq_1)   15.49    2.99   12.50 (MET)
y_reg[6]$_SDFFE_PN0P_/D (sg13g2_dfrbpq_1)   15.49    2.99   12.50 (MET)
y_reg[8]$_SDFFE_PN0P_/D (sg13g2_dfrbpq_1)   15.49    2.99   12.50 (MET)
y_reg[8]$_SDFFE_PN0P_/D (sg13g2_dfrbpq_1)   15.49    2.99   12.50 (MET)
y_reg[6]$_SDFFE_PN0P_/D (sg13g2_dfrbpq_1)   15.49    2.99   12.50 (MET)
y_reg[6]$_SDFFE_PN0P_/D (sg13g2_dfrbpq_1)   15.49    2.99   12.50 (MET)
y_reg[7]$_SDFFE_PN0P_/D (sg13g2_dfrbpq_1)   15.49    2.99   12.50 (MET)
y_reg[7]$_SDFFE_PN0P_/D (sg13g2_dfrbpq_1)   15.49    2.99   12.50 (MET)
y_reg[6]$_SDFFE_PN0P_/D (sg13g2_dfrbpq_1)   15.49    2.99   12.50 (MET)
y_reg[6]$_SDFFE_PN0P_/D (sg13g2_dfrbpq_1)   15.49    2.99   12.50 (MET)
x_reg[8]$_SDFFE_PN0P_/D (sg13g2_dfrbpq_1)   15.49    2.99   12.50 (MET)
y_reg[1]$_SDFFE_PN0P_/D (sg13g2_dfrbpq_1)   15.48    2.98   12.50 (MET)
y_reg[1]$_SDFFE_PN0P_/D (sg13g2_dfrbpq_1)   15.48    2.98   12.50 (MET)
y_reg[1]$_SDFFE_PN0P_/D (sg13g2_dfrbpq_1)   15.48    2.98   12.50 (MET)
y_reg[1]$_SDFFE_PN0P_/D (sg13g2_dfrbpq_1)   15.48    2.98   12.50 (MET)
y_reg[8]$_SDFFE_PN0P_/D (sg13g2_dfrbpq_1)   15.48    2.98   12.50 (MET)
y_reg[8]$_SDFFE_PN0P_/D (sg13g2_dfrbpq_1)   15.48    2.98   12.50 (MET)
y_reg[8]$_SDFFE_PN0P_/D (sg13g2_dfrbpq_1)   15.48    2.98   12.50 (MET)
y_reg[8]$_SDFFE_PN0P_/D (sg13g2_dfrbpq_1)   15.48    2.98   12.50 (MET)
y_reg[8]$_SDFFE_PN0P_/D (sg13g2_dfrbpq_1)   15.48    2.98   12.50 (MET)
y_reg[8]$_SDFFE_PN0P_/D (sg13g2_dfrbpq_1)   15.48    2.98   12.50 (MET)
y_reg[8]$_SDFFE_PN0P_/D (sg13g2_dfrbpq_1)   15.48    2.98   12.50 (MET)
y_reg[8]$_SDFFE_PN0P_/D (sg13g2_dfrbpq_1)   15.48    2.98   12.50 (MET)
y_reg[8]$_SDFFE_PN0P_/D (sg13g2_dfrbpq_1)   15.48    2.98   12.50 (MET)
y_reg[8]$_SDFFE_PN0P_/D (sg13g2_dfrbpq_1)   15.48    2.98   12.50 (MET)
y_reg[8]$_SDFFE_PN0P_/D (sg13g2_dfrbpq_1)   15.49    2.99   12.50 (MET)
y_reg[8]$_SDFFE_PN0P_/D (sg13g2_dfrbpq_1)   15.49    2.99   12.50 (MET)
y_reg[8]$_SDFFE_PN0P_/D (sg13g2_dfrbpq_1)   15.48    2.98   12.50 (MET)
y_reg[8]$_SDFFE_PN0P_/D (sg13g2_dfrbpq_1)   15.48    2.98   12.50 (MET)
y_reg[8]$_SDFFE_PN0P_/D (sg13g2_dfrbpq_1)   15.48    2.98   12.50 (MET)
y_reg[8]$_SDFFE_PN0P_/D (sg13g2_dfrbpq_1)   15.48    2.98   12.50 (MET)
y_reg[8]$_SDFFE_PN0P_/D (sg13g2_dfrbpq_1)   15.49    2.99   12.50 (MET)
y_reg[9]$_SDFFE_PN0P_/D (sg13g2_dfrbpq_1)   15.48    2.98   12.50 (MET)
y_reg[9]$_SDFFE_PN0P_/D (sg13g2_dfrbpq_1)   15.48    2.98   12.50 (MET)
y_reg[8]$_SDFFE_PN0P_/D (sg13g2_dfrbpq_1)   15.49    2.99   12.50 (MET)
y_reg[8]$_SDFFE_PN0P_/D (sg13g2_dfrbpq_1)   15.49    2.99   12.50 (MET)
y_reg[9]$_SDFFE_PN0P_/D (sg13g2_dfrbpq_1)   15.48    2.98   12.50 (MET)
y_reg[9]$_SDFFE_PN0P_/D (sg13g2_dfrbpq_1)   15.48    2.98   12.50 (MET)
y_reg[9]$_SDFFE_PN0P_/D (sg13g2_dfrbpq_1)   15.48    2.98   12.50 (MET)
y_reg[9]$_SDFFE_PN0P_/D (sg13g2_dfrbpq_1)   15.48    2.98   12.50 (MET)
y_reg[6]$_SDFFE_PN0P_/D (sg13g2_dfrbpq_1)   15.49    2.99   12.50 (MET)
y_reg[6]$_SDFFE_PN0P_/D (sg13g2_dfrbpq_1)   15.49    2.99   12.50 (MET)
y_reg[6]$_SDFFE_PN0P_/D (sg13g2_dfrbpq_1)   15.49    2.99   12.50 (MET)
y_reg[6]$_SDFFE_PN0P_/D (sg13g2_dfrbpq_1)   15.49    2.99   12.50 (MET)
y_reg[6]$_SDFFE_PN0P_/D (sg13g2_dfrbpq_1)   15.49    2.99   12.50 (MET)
y_reg[6]$_SDFFE_PN0P_/D (sg13g2_dfrbpq_1)   15.49    2.99   12.50 (MET)
y_reg[6]$_SDFFE_PN0P_/D (sg13g2_dfrbpq_1)   15.49    2.99   12.50 (MET)
y_reg[6]$_SDFFE_PN0P_/D (sg13g2_dfrbpq_1)   15.49    2.99   12.50 (MET)
y_reg[9]$_SDFFE_PN0P_/D (sg13g2_dfrbpq_1)   15.48    2.98   12.50 (MET)
y_reg[9]$_SDFFE_PN0P_/D (sg13g2_dfrbpq_1)   15.48    2.98   12.50 (MET)
x_reg[9]$_SDFFE_PN0P_/D (sg13g2_dfrbpq_1)   15.49    2.99   12.50 (MET)
x_reg[9]$_SDFFE_PN0P_/D (sg13g2_dfrbpq_1)   15.49    2.99   12.50 (MET)
x_reg[9]$_SDFFE_PN0P_/D (sg13g2_dfrbpq_1)   15.49    2.99   12.50 (MET)
x_reg[9]$_SDFFE_PN0P_/D (sg13g2_dfrbpq_1)   15.49    2.99   12.50 (MET)
y_reg[6]$_SDFFE_PN0P_/D (sg13g2_dfrbpq_1)   15.49    2.99   12.50 (MET)
uo_out[0] (output)                     13.43    0.92   12.50 (MET)
y_reg[6]$_SDFFE_PN0P_/D (sg13g2_dfrbpq_1)   15.49    2.99   12.50 (MET)
y_reg[6]$_SDFFE_PN0P_/D (sg13g2_dfrbpq_1)   15.49    2.99   12.50 (MET)
y_reg[6]$_SDFFE_PN0P_/D (sg13g2_dfrbpq_1)   15.49    2.99   12.50 (MET)
y_reg[6]$_SDFFE_PN0P_/D (sg13g2_dfrbpq_1)   15.49    2.99   12.50 (MET)
y_reg[6]$_SDFFE_PN0P_/D (sg13g2_dfrbpq_1)   15.49    2.99   12.50 (MET)
x_reg[9]$_SDFFE_PN0P_/D (sg13g2_dfrbpq_1)   15.49    2.99   12.50 (MET)
x_reg[9]$_SDFFE_PN0P_/D (sg13g2_dfrbpq_1)   15.49    2.99   12.50 (MET)
x_reg[9]$_SDFFE_PN0P_/D (sg13g2_dfrbpq_1)   15.49    2.99   12.50 (MET)
x_reg[9]$_SDFFE_PN0P_/D (sg13g2_dfrbpq_1)   15.49    2.99   12.50 (MET)
y_reg[6]$_SDFFE_PN0P_/D (sg13g2_dfrbpq_1)   15.49    2.99   12.50 (MET)
y_reg[6]$_SDFFE_PN0P_/D (sg13g2_dfrbpq_1)   15.49    2.99   12.50 (MET)
y_reg[6]$_SDFFE_PN0P_/D (sg13g2_dfrbpq_1)   15.49    2.99   12.50 (MET)
y_reg[6]$_SDFFE_PN0P_/D (sg13g2_dfrbpq_1)   15.49    2.99   12.50 (MET)
y_reg[8]$_SDFFE_PN0P_/D (sg13g2_dfrbpq_1)   15.49    2.99   12.50 (MET)
y_reg[8]$_SDFFE_PN0P_/D (sg13g2_dfrbpq_1)   15.49    2.99   12.50 (MET)
x_reg[8]$_SDFFE_PN0P_/D (sg13g2_dfrbpq_1)   15.49    2.99   12.50 (MET)
x_reg[8]$_SDFFE_PN0P_/D (sg13g2_dfrbpq_1)   15.49    2.99   12.50 (MET)
x_reg[8]$_SDFFE_PN0P_/D (sg13g2_dfrbpq_1)   15.49    2.99   12.50 (MET)
x_reg[8]$_SDFFE_PN0P_/D (sg13g2_dfrbpq_1)   15.49    2.99   12.50 (MET)
x_reg[8]$_SDFFE_PN0P_/D (sg13g2_dfrbpq_1)   15.49    2.99   12.50 (MET)
x_reg[8]$_SDFFE_PN0P_/D (sg13g2_dfrbpq_1)   15.49    2.99   12.50 (MET)
x_reg[8]$_SDFFE_PN0P_/D (sg13g2_dfrbpq_1)   15.49    2.99   12.50 (MET)
x_reg[8]$_SDFFE_PN0P_/D (sg13g2_dfrbpq_1)   15.49    2.99   12.50 (MET)
y_reg[8]$_SDFFE_PN0P_/D (sg13g2_dfrbpq_1)   15.49    2.99   12.50 (MET)
y_reg[8]$_SDFFE_PN0P_/D (sg13g2_dfrbpq_1)   15.49    2.99   12.50 (MET)
y_reg[9]$_SDFFE_PN0P_/D (sg13g2_dfrbpq_1)   15.48    2.98   12.50 (MET)
y_reg[9]$_SDFFE_PN0P_/D (sg13g2_dfrbpq_1)   15.48    2.98   12.50 (MET)
y_reg[9]$_SDFFE_PN0P_/D (sg13g2_dfrbpq_1)   15.48    2.98   12.50 (MET)
y_reg[9]$_SDFFE_PN0P_/D (sg13g2_dfrbpq_1)   15.48    2.98   12.50 (MET)
y_reg[9]$_SDFFE_PN0P_/D (sg13g2_dfrbpq_1)   15.48    2.98   12.50 (MET)
y_reg[9]$_SDFFE_PN0P_/D (sg13g2_dfrbpq_1)   15.48    2.98   12.50 (MET)
y_reg[9]$_SDFFE_PN0P_/D (sg13g2_dfrbpq_1)   15.48    2.98   12.50 (MET)
y_reg[9]$_SDFFE_PN0P_/D (sg13g2_dfrbpq_1)   15.48    2.98   12.50 (MET)
y_reg[6]$_SDFFE_PN0P_/D (sg13g2_dfrbpq_1)   15.49    2.99   12.50 (MET)
y_reg[6]$_SDFFE_PN0P_/D (sg13g2_dfrbpq_1)   15.49    2.99   12.50 (MET)
y_reg[6]$_SDFFE_PN0P_/D (sg13g2_dfrbpq_1)   15.49    2.99   12.50 (MET)
y_reg[6]$_SDFFE_PN0P_/D (sg13g2_dfrbpq_1)   15.49    2.99   12.50 (MET)
y_reg[6]$_SDFFE_PN0P_/D (sg13g2_dfrbpq_1)   15.49    2.99   12.50 (MET)
y_reg[6]$_SDFFE_PN0P_/D (sg13g2_dfrbpq_1)   15.49    2.99   12.50 (MET)
y_reg[6]$_SDFFE_PN0P_/D (sg13g2_dfrbpq_1)   15.49    2.99   12.50 (MET)
y_reg[6]$_SDFFE_PN0P_/D (sg13g2_dfrbpq_1)   15.49    2.99   12.50 (MET)
y_reg[9]$_SDFFE_PN0P_/D (sg13g2_dfrbpq_1)   15.48    2.98   12.50 (MET)
y_reg[9]$_SDFFE_PN0P_/D (sg13g2_dfrbpq_1)   15.48    2.98   12.50 (MET)
y_reg[6]$_SDFFE_PN0P_/D (sg13g2_dfrbpq_1)   15.49    2.99   12.50 (MET)
y_reg[6]$_SDFFE_PN0P_/D (sg13g2_dfrbpq_1)   15.49    2.99   12.50 (MET)
y_reg[6]$_SDFFE_PN0P_/D (sg13g2_dfrbpq_1)   15.49    2.99   12.50 (MET)
y_reg[6]$_SDFFE_PN0P_/D (sg13g2_dfrbpq_1)   15.49    2.99   12.50 (MET)
y_reg[6]$_SDFFE_PN0P_/D (sg13g2_dfrbpq_1)   15.49    2.99   12.50 (MET)
y_reg[6]$_SDFFE_PN0P_/D (sg13g2_dfrbpq_1)   15.49    2.99   12.50 (MET)
y_reg[6]$_SDFFE_PN0P_/D (sg13g2_dfrbpq_1)   15.49    2.99   12.50 (MET)
y_reg[6]$_SDFFE_PN0P_/D (sg13g2_dfrbpq_1)   15.49    2.99   12.50 (MET)
y_reg[7]$_SDFFE_PN0P_/D (sg13g2_dfrbpq_1)   15.48    2.98   12.50 (MET)
y_reg[7]$_SDFFE_PN0P_/D (sg13g2_dfrbpq_1)   15.48    2.98   12.50 (MET)
y_reg[7]$_SDFFE_PN0P_/D (sg13g2_dfrbpq_1)   15.48    2.98   12.50 (MET)
y_reg[7]$_SDFFE_PN0P_/D (sg13g2_dfrbpq_1)   15.48    2.98   12.50 (MET)
y_reg[7]$_SDFFE_PN0P_/D (sg13g2_dfrbpq_1)   15.48    2.98   12.50 (MET)
y_reg[7]$_SDFFE_PN0P_/D (sg13g2_dfrbpq_1)   15.48    2.98   12.50 (MET)
y_reg[7]$_SDFFE_PN0P_/D (sg13g2_dfrbpq_1)   15.48    2.98   12.50 (MET)
y_reg[7]$_SDFFE_PN0P_/D (sg13g2_dfrbpq_1)   15.48    2.98   12.50 (MET)
y_reg[7]$_SDFFE_PN0P_/D (sg13g2_dfrbpq_1)   15.48    2.98   12.50 (MET)
y_reg[7]$_SDFFE_PN0P_/D (sg13g2_dfrbpq_1)   15.48    2.98   12.50 (MET)
y_reg[7]$_SDFFE_PN0P_/D (sg13g2_dfrbpq_1)   15.48    2.98   12.50 (MET)
y_reg[7]$_SDFFE_PN0P_/D (sg13g2_dfrbpq_1)   15.48    2.98   12.50 (MET)
y_reg[6]$_SDFFE_PN0P_/D (sg13g2_dfrbpq_1)   15.49    2.99   12.50 (MET)
y_reg[6]$_SDFFE_PN0P_/D (sg13g2_dfrbpq_1)   15.49    2.99   12.50 (MET)
y_reg[8]$_SDFFE_PN0P_/D (sg13g2_dfrbpq_1)   15.49    2.98   12.50 (MET)
y_reg[8]$_SDFFE_PN0P_/D (sg13g2_dfrbpq_1)   15.49    2.98   12.50 (MET)
x_reg[9]$_SDFFE_PN0P_/D (sg13g2_dfrbpq_1)   15.49    2.99   12.50 (MET)
x_reg[9]$_SDFFE_PN0P_/D (sg13g2_dfrbpq_1)   15.49    2.99   12.50 (MET)
x_reg[9]$_SDFFE_PN0P_/D (sg13g2_dfrbpq_1)   15.49    2.99   12.50 (MET)
x_reg[9]$_SDFFE_PN0P_/D (sg13g2_dfrbpq_1)   15.49    2.99   12.50 (MET)
y_reg[6]$_SDFFE_PN0P_/D (sg13g2_dfrbpq_1)   15.49    2.99   12.50 (MET)
y_reg[6]$_SDFFE_PN0P_/D (sg13g2_dfrbpq_1)   15.49    2.99   12.50 (MET)
y_reg[8]$_SDFFE_PN0P_/D (sg13g2_dfrbpq_1)   15.49    2.98   12.50 (MET)
y_reg[8]$_SDFFE_PN0P_/D (sg13g2_dfrbpq_1)   15.49    2.98   12.50 (MET)
y_reg[8]$_SDFFE_PN0P_/D (sg13g2_dfrbpq_1)   15.49    2.98   12.50 (MET)
y_reg[8]$_SDFFE_PN0P_/D (sg13g2_dfrbpq_1)   15.49    2.98   12.50 (MET)
y_reg[8]$_SDFFE_PN0P_/D (sg13g2_dfrbpq_1)   15.49    2.98   12.50 (MET)
y_reg[8]$_SDFFE_PN0P_/D (sg13g2_dfrbpq_1)   15.49    2.98   12.50 (MET)
y_reg[7]$_SDFFE_PN0P_/D (sg13g2_dfrbpq_1)   15.49    2.98   12.50 (MET)
y_reg[7]$_SDFFE_PN0P_/D (sg13g2_dfrbpq_1)   15.49    2.98   12.50 (MET)
y_reg[8]$_SDFFE_PN0P_/D (sg13g2_dfrbpq_1)   15.49    2.98   12.50 (MET)
y_reg[8]$_SDFFE_PN0P_/D (sg13g2_dfrbpq_1)   15.49    2.98   12.50 (MET)
y_reg[8]$_SDFFE_PN0P_/D (sg13g2_dfrbpq_1)   15.49    2.98   12.50 (MET)
y_reg[8]$_SDFFE_PN0P_/D (sg13g2_dfrbpq_1)   15.49    2.98   12.50 (MET)
y_reg[8]$_SDFFE_PN0P_/D (sg13g2_dfrbpq_1)   15.49    2.98   12.50 (MET)
y_reg[8]$_SDFFE_PN0P_/D (sg13g2_dfrbpq_1)   15.49    2.98   12.50 (MET)
y_reg[8]$_SDFFE_PN0P_/D (sg13g2_dfrbpq_1)   15.49    2.98   12.50 (MET)
y_reg[8]$_SDFFE_PN0P_/D (sg13g2_dfrbpq_1)   15.49    2.98   12.50 (MET)
y_reg[8]$_SDFFE_PN0P_/D (sg13g2_dfrbpq_1)   15.49    2.98   12.50 (MET)
y_reg[8]$_SDFFE_PN0P_/D (sg13g2_dfrbpq_1)   15.49    2.98   12.50 (MET)
y_reg[8]$_SDFFE_PN0P_/D (sg13g2_dfrbpq_1)   15.49    2.98   12.50 (MET)
y_reg[8]$_SDFFE_PN0P_/D (sg13g2_dfrbpq_1)   15.49    2.98   12.50 (MET)
x_reg[9]$_SDFFE_PN0P_/D (sg13g2_dfrbpq_1)   15.49    2.98   12.50 (MET)
x_reg[9]$_SDFFE_PN0P_/D (sg13g2_dfrbpq_1)   15.49    2.98   12.50 (MET)
x_reg[9]$_SDFFE_PN0P_/D (sg13g2_dfrbpq_1)   15.49    2.98   12.50 (MET)
x_reg[9]$_SDFFE_PN0P_/D (sg13g2_dfrbpq_1)   15.49    2.98   12.50 (MET)
x_reg[9]$_SDFFE_PN0P_/D (sg13g2_dfrbpq_1)   15.49    2.98   12.50 (MET)
x_reg[9]$_SDFFE_PN0P_/D (sg13g2_dfrbpq_1)   15.49    2.98   12.50 (MET)
x_reg[9]$_SDFFE_PN0P_/D (sg13g2_dfrbpq_1)   15.49    2.98   12.50 (MET)
x_reg[9]$_SDFFE_PN0P_/D (sg13g2_dfrbpq_1)   15.49    2.98   12.50 (MET)
y_reg[8]$_SDFFE_PN0P_/D (sg13g2_dfrbpq_1)   15.49    2.98   12.50 (MET)
y_reg[8]$_SDFFE_PN0P_/D (sg13g2_dfrbpq_1)   15.49    2.98   12.50 (MET)
x_reg[8]$_SDFFE_PN0P_/D (sg13g2_dfrbpq_1)   15.49    2.99   12.50 (MET)
x_reg[8]$_SDFFE_PN0P_/D (sg13g2_dfrbpq_1)   15.49    2.99   12.50 (MET)
x_reg[8]$_SDFFE_PN0P_/D (sg13g2_dfrbpq_1)   15.49    2.99   12.50 (MET)
x_reg[8]$_SDFFE_PN0P_/D (sg13g2_dfrbpq_1)   15.49    2.99   12.50 (MET)
x_reg[8]$_SDFFE_PN0P_/D (sg13g2_dfrbpq_1)   15.49    2.99   12.50 (MET)
x_reg[9]$_SDFFE_PN0P_/D (sg13g2_dfrbpq_1)   15.49    2.99   12.50 (MET)
x_reg[9]$_SDFFE_PN0P_/D (sg13g2_dfrbpq_1)   15.49    2.99   12.50 (MET)
x_reg[9]$_SDFFE_PN0P_/D (sg13g2_dfrbpq_1)   15.49    2.99   12.50 (MET)
x_reg[9]$_SDFFE_PN0P_/D (sg13g2_dfrbpq_1)   15.49    2.99   12.50 (MET)
y_reg[8]$_SDFFE_PN0P_/D (sg13g2_dfrbpq_1)   15.48    2.98   12.50 (MET)
y_reg[8]$_SDFFE_PN0P_/D (sg13g2_dfrbpq_1)   15.48    2.98   12.50 (MET)
y_reg[8]$_SDFFE_PN0P_/D (sg13g2_dfrbpq_1)   15.48    2.98   12.50 (MET)
y_reg[8]$_SDFFE_PN0P_/D (sg13g2_dfrbpq_1)   15.48    2.98   12.50 (MET)
y_reg[8]$_SDFFE_PN0P_/D (sg13g2_dfrbpq_1)   15.48    2.98   12.50 (MET)
y_reg[8]$_SDFFE_PN0P_/D (sg13g2_dfrbpq_1)   15.48    2.98   12.50 (MET)
y_reg[6]$_SDFFE_PN0P_/D (sg13g2_dfrbpq_1)   15.49    2.99   12.50 (MET)
y_reg[6]$_SDFFE_PN0P_/D (sg13g2_dfrbpq_1)   15.49    2.99   12.50 (MET)
y_reg[6]$_SDFFE_PN0P_/D (sg13g2_dfrbpq_1)   15.49    2.99   12.50 (MET)
y_reg[6]$_SDFFE_PN0P_/D (sg13g2_dfrbpq_1)   15.49    2.99   12.50 (MET)
y_reg[6]$_SDFFE_PN0P_/D (sg13g2_dfrbpq_1)   15.49    2.99   12.50 (MET)
y_reg[6]$_SDFFE_PN0P_/D (sg13g2_dfrbpq_1)   15.49    2.99   12.50 (MET)
z_reg[1]$_SDFFE_PN0P_/D (sg13g2_dfrbpq_1)   15.48    2.98   12.50 (MET)
z_reg[1]$_SDFFE_PN0P_/D (sg13g2_dfrbpq_1)   15.48    2.98   12.50 (MET)
z_reg[1]$_SDFFE_PN0P_/D (sg13g2_dfrbpq_1)   15.48    2.98   12.50 (MET)
z_reg[1]$_SDFFE_PN0P_/D (sg13g2_dfrbpq_1)   15.48    2.98   12.50 (MET)
y_reg[6]$_SDFFE_PN0P_/D (sg13g2_dfrbpq_1)   15.49    2.99   12.50 (MET)
y_reg[6]$_SDFFE_PN0P_/D (sg13g2_dfrbpq_1)   15.49    2.99   12.50 (MET)
y_reg[6]$_SDFFE_PN0P_/D (sg13g2_dfrbpq_1)   15.49    2.99   12.50 (MET)
y_reg[6]$_SDFFE_PN0P_/D (sg13g2_dfrbpq_1)   15.49    2.99   12.50 (MET)
x_reg[7]$_SDFFE_PN0P_/D (sg13g2_dfrbpq_1)   15.47    2.97   12.50 (MET)
x_reg[7]$_SDFFE_PN0P_/D (sg13g2_dfrbpq_1)   15.47    2.97   12.50 (MET)
x_reg[7]$_SDFFE_PN0P_/D (sg13g2_dfrbpq_1)   15.47    2.97   12.50 (MET)
x_reg[7]$_SDFFE_PN0P_/D (sg13g2_dfrbpq_1)   15.47    2.97   12.50 (MET)
x_reg[7]$_SDFFE_PN0P_/D (sg13g2_dfrbpq_1)   15.47    2.97   12.50 (MET)
x_reg[7]$_SDFFE_PN0P_/D (sg13g2_dfrbpq_1)   15.47    2.97   12.50 (MET)
x_reg[7]$_SDFFE_PN0P_/D (sg13g2_dfrbpq_1)   15.47    2.97   12.50 (MET)
x_reg[7]$_SDFFE_PN0P_/D (sg13g2_dfrbpq_1)   15.47    2.97   12.50 (MET)
y_reg[9]$_SDFFE_PN0P_/D (sg13g2_dfrbpq_1)   15.48    2.98   12.50 (MET)
y_reg[9]$_SDFFE_PN0P_/D (sg13g2_dfrbpq_1)   15.48    2.98   12.50 (MET)
y_reg[6]$_SDFFE_PN0P_/D (sg13g2_dfrbpq_1)   15.49    2.99   12.50 (MET)
y_reg[6]$_SDFFE_PN0P_/D (sg13g2_dfrbpq_1)   15.49    2.99   12.50 (MET)
y_reg[6]$_SDFFE_PN0P_/D (sg13g2_dfrbpq_1)   15.49    2.99   12.50 (MET)
y_reg[6]$_SDFFE_PN0P_/D (sg13g2_dfrbpq_1)   15.49    2.99   12.50 (MET)
y_reg[6]$_SDFFE_PN0P_/D (sg13g2_dfrbpq_1)   15.49    2.99   12.50 (MET)
y_reg[6]$_SDFFE_PN0P_/D (sg13g2_dfrbpq_1)   15.49    2.99   12.50 (MET)
y_reg[6]$_SDFFE_PN0P_/D (sg13g2_dfrbpq_1)   15.49    2.99   12.50 (MET)
y_reg[6]$_SDFFE_PN0P_/D (sg13g2_dfrbpq_1)   15.49    2.99   12.50 (MET)
x_reg[8]$_SDFFE_PN0P_/D (sg13g2_dfrbpq_1)   15.49    2.99   12.50 (MET)
x_reg[8]$_SDFFE_PN0P_/D (sg13g2_dfrbpq_1)   15.49    2.99   12.50 (MET)
x_reg[8]$_SDFFE_PN0P_/D (sg13g2_dfrbpq_1)   15.49    2.99   12.50 (MET)
x_reg[8]$_SDFFE_PN0P_/D (sg13g2_dfrbpq_1)   15.49    2.99   12.50 (MET)
y_reg[6]$_SDFFE_PN0P_/D (sg13g2_dfrbpq_1)   15.49    2.99   12.50 (MET)
y_reg[6]$_SDFFE_PN0P_/D (sg13g2_dfrbpq_1)   15.49    2.99   12.50 (MET)
y_reg[6]$_SDFFE_PN0P_/D (sg13g2_dfrbpq_1)   15.49    2.99   12.50 (MET)
y_reg[6]$_SDFFE_PN0P_/D (sg13g2_dfrbpq_1)   15.49    2.99   12.50 (MET)
y_reg[6]$_SDFFE_PN0P_/D (sg13g2_dfrbpq_1)   15.49    2.99   12.50 (MET)
y_reg[6]$_SDFFE_PN0P_/D (sg13g2_dfrbpq_1)   15.49    2.99   12.50 (MET)
y_reg[6]$_SDFFE_PN0P_/D (sg13g2_dfrbpq_1)   15.49    2.99   12.50 (MET)
y_reg[6]$_SDFFE_PN0P_/D (sg13g2_dfrbpq_1)   15.49    2.99   12.50 (MET)
y_reg[9]$_SDFFE_PN0P_/D (sg13g2_dfrbpq_1)   15.48    2.98   12.50 (MET)
y_reg[9]$_SDFFE_PN0P_/D (sg13g2_dfrbpq_1)   15.48    2.98   12.50 (MET)
x_reg[8]$_SDFFE_PN0P_/D (sg13g2_dfrbpq_1)   15.49    2.99   12.50 (MET)
x_reg[8]$_SDFFE_PN0P_/D (sg13g2_dfrbpq_1)   15.49    2.99   12.50 (MET)
x_reg[8]$_SDFFE_PN0P_/D (sg13g2_dfrbpq_1)   15.49    2.99   12.50 (MET)
x_reg[8]$_SDFFE_PN0P_/D (sg13g2_dfrbpq_1)   15.49    2.99   12.50 (MET)
x_reg[8]$_SDFFE_PN0P_/D (sg13g2_dfrbpq_1)   15.49    2.99   12.50 (MET)
x_reg[8]$_SDFFE_PN0P_/D (sg13g2_dfrbpq_1)   15.49    2.99   12.50 (MET)
y_reg[6]$_SDFFE_PN0P_/D (sg13g2_dfrbpq_1)   15.49    2.99   12.50 (MET)
y_reg[6]$_SDFFE_PN0P_/D (sg13g2_dfrbpq_1)   15.49    2.99   12.50 (MET)
y_reg[6]$_SDFFE_PN0P_/D (sg13g2_dfrbpq_1)   15.49    2.99   12.50 (MET)
y_reg[6]$_SDFFE_PN0P_/D (sg13g2_dfrbpq_1)   15.49    2.99   12.50 (MET)
y_reg[8]$_SDFFE_PN0P_/D (sg13g2_dfrbpq_1)   15.49    2.98   12.50 (MET)
y_reg[8]$_SDFFE_PN0P_/D (sg13g2_dfrbpq_1)   15.49    2.98   12.50 (MET)
y_reg[6]$_SDFFE_PN0P_/D (sg13g2_dfrbpq_1)   15.49    2.99   12.50 (MET)
y_reg[6]$_SDFFE_PN0P_/D (sg13g2_dfrbpq_1)   15.49    2.99   12.50 (MET)
y_reg[6]$_SDFFE_PN0P_/D (sg13g2_dfrbpq_1)   15.49    2.99   12.50 (MET)
y_reg[6]$_SDFFE_PN0P_/D (sg13g2_dfrbpq_1)   15.49    2.99   12.50 (MET)
y_reg[8]$_SDFFE_PN0P_/D (sg13g2_dfrbpq_1)   15.49    2.98   12.50 (MET)
y_reg[8]$_SDFFE_PN0P_/D (sg13g2_dfrbpq_1)   15.49    2.98   12.50 (MET)
y_reg[8]$_SDFFE_PN0P_/D (sg13g2_dfrbpq_1)   15.48    2.98   12.50 (MET)
y_reg[8]$_SDFFE_PN0P_/D (sg13g2_dfrbpq_1)   15.48    2.98   12.50 (MET)
y_reg[8]$_SDFFE_PN0P_/D (sg13g2_dfrbpq_1)   15.48    2.98   12.50 (MET)
y_reg[8]$_SDFFE_PN0P_/D (sg13g2_dfrbpq_1)   15.48    2.98   12.50 (MET)
y_reg[9]$_SDFFE_PN0P_/D (sg13g2_dfrbpq_1)   15.48    2.98   12.50 (MET)
y_reg[9]$_SDFFE_PN0P_/D (sg13g2_dfrbpq_1)   15.48    2.98   12.50 (MET)
x_reg[8]$_SDFFE_PN0P_/D (sg13g2_dfrbpq_1)   15.49    2.99   12.50 (MET)
x_reg[8]$_SDFFE_PN0P_/D (sg13g2_dfrbpq_1)   15.49    2.99   12.50 (MET)
x_reg[5]$_SDFFE_PN0P_/D (sg13g2_dfrbpq_1)   15.48    2.98   12.50 (MET)
x_reg[5]$_SDFFE_PN0P_/D (sg13g2_dfrbpq_1)   15.48    2.98   12.50 (MET)
y_reg[6]$_SDFFE_PN0P_/D (sg13g2_dfrbpq_1)   15.49    2.99   12.50 (MET)
y_reg[6]$_SDFFE_PN0P_/D (sg13g2_dfrbpq_1)   15.49    2.99   12.50 (MET)
y_reg[6]$_SDFFE_PN0P_/D (sg13g2_dfrbpq_1)   15.49    2.99   12.50 (MET)
y_reg[6]$_SDFFE_PN0P_/D (sg13g2_dfrbpq_1)   15.49    2.99   12.50 (MET)
y_reg[6]$_SDFFE_PN0P_/D (sg13g2_dfrbpq_1)   15.49    2.99   12.50 (MET)
y_reg[6]$_SDFFE_PN0P_/D (sg13g2_dfrbpq_1)   15.49    2.99   12.50 (MET)
y_reg[6]$_SDFFE_PN0P_/D (sg13g2_dfrbpq_1)   15.49    2.99   12.50 (MET)
y_reg[6]$_SDFFE_PN0P_/D (sg13g2_dfrbpq_1)   15.49    2.99   12.50 (MET)
x_reg[8]$_SDFFE_PN0P_/D (sg13g2_dfrbpq_1)   15.49    2.99   12.50 (MET)
x_reg[8]$_SDFFE_PN0P_/D (sg13g2_dfrbpq_1)   15.49    2.99   12.50 (MET)
y_reg[9]$_SDFFE_PN0P_/D (sg13g2_dfrbpq_1)   15.48    2.98   12.50 (MET)
y_reg[9]$_SDFFE_PN0P_/D (sg13g2_dfrbpq_1)   15.48    2.98   12.50 (MET)
y_reg[9]$_SDFFE_PN0P_/D (sg13g2_dfrbpq_1)   15.48    2.98   12.50 (MET)
y_reg[9]$_SDFFE_PN0P_/D (sg13g2_dfrbpq_1)   15.48    2.98   12.50 (MET)
y_reg[9]$_SDFFE_PN0P_/D (sg13g2_dfrbpq_1)   15.48    2.98   12.50 (MET)
y_reg[9]$_SDFFE_PN0P_/D (sg13g2_dfrbpq_1)   15.48    2.98   12.50 (MET)
y_reg[8]$_SDFFE_PN0P_/D (sg13g2_dfrbpq_1)   15.49    2.98   12.50 (MET)
y_reg[6]$_SDFFE_PN0P_/D (sg13g2_dfrbpq_1)   15.49    2.99   12.50 (MET)
y_reg[6]$_SDFFE_PN0P_/D (sg13g2_dfrbpq_1)   15.49    2.99   12.50 (MET)
y_reg[6]$_SDFFE_PN0P_/D (sg13g2_dfrbpq_1)   15.49    2.99   12.50 (MET)
y_reg[6]$_SDFFE_PN0P_/D (sg13g2_dfrbpq_1)   15.49    2.99   12.50 (MET)
y_reg[8]$_SDFFE_PN0P_/D (sg13g2_dfrbpq_1)   15.49    2.98   12.50 (MET)
y_reg[6]$_SDFFE_PN0P_/D (sg13g2_dfrbpq_1)   15.49    2.99   12.50 (MET)
y_reg[6]$_SDFFE_PN0P_/D (sg13g2_dfrbpq_1)   15.49    2.99   12.50 (MET)
y_reg[6]$_SDFFE_PN0P_/D (sg13g2_dfrbpq_1)   15.49    2.99   12.50 (MET)
y_reg[6]$_SDFFE_PN0P_/D (sg13g2_dfrbpq_1)   15.49    2.99   12.50 (MET)
y_reg[8]$_SDFFE_PN0P_/D (sg13g2_dfrbpq_1)   15.49    2.98   12.50 (MET)
y_reg[6]$_SDFFE_PN0P_/D (sg13g2_dfrbpq_1)   15.49    2.99   12.50 (MET)
y_reg[6]$_SDFFE_PN0P_/D (sg13g2_dfrbpq_1)   15.49    2.99   12.50 (MET)
y_reg[6]$_SDFFE_PN0P_/D (sg13g2_dfrbpq_1)   15.49    2.99   12.50 (MET)
y_reg[6]$_SDFFE_PN0P_/D (sg13g2_dfrbpq_1)   15.49    2.99   12.50 (MET)
x_reg[8]$_SDFFE_PN0P_/D (sg13g2_dfrbpq_1)   15.49    2.99   12.50 (MET)
x_reg[8]$_SDFFE_PN0P_/D (sg13g2_dfrbpq_1)   15.49    2.99   12.50 (MET)
x_reg[8]$_SDFFE_PN0P_/D (sg13g2_dfrbpq_1)   15.49    2.99   12.50 (MET)
x_reg[8]$_SDFFE_PN0P_/D (sg13g2_dfrbpq_1)   15.49    2.99   12.50 (MET)
x_reg[8]$_SDFFE_PN0P_/D (sg13g2_dfrbpq_1)   15.49    2.99   12.50 (MET)
x_reg[8]$_SDFFE_PN0P_/D (sg13g2_dfrbpq_1)   15.49    2.99   12.50 (MET)
x_reg[8]$_SDFFE_PN0P_/D (sg13g2_dfrbpq_1)   15.49    2.99   12.50 (MET)
x_reg[8]$_SDFFE_PN0P_/D (sg13g2_dfrbpq_1)   15.49    2.99   12.50 (MET)
y_reg[6]$_SDFFE_PN0P_/D (sg13g2_dfrbpq_1)   15.49    2.99   12.50 (MET)
y_reg[6]$_SDFFE_PN0P_/D (sg13g2_dfrbpq_1)   15.49    2.99   12.50 (MET)
y_reg[6]$_SDFFE_PN0P_/D (sg13g2_dfrbpq_1)   15.49    2.99   12.50 (MET)
y_reg[6]$_SDFFE_PN0P_/D (sg13g2_dfrbpq_1)   15.49    2.99   12.50 (MET)
x_reg[8]$_SDFFE_PN0P_/D (sg13g2_dfrbpq_1)   15.49    2.98   12.50 (MET)
y_reg[9]$_SDFFE_PN0P_/D (sg13g2_dfrbpq_1)   15.49    2.98   12.50 (MET)
y_reg[9]$_SDFFE_PN0P_/D (sg13g2_dfrbpq_1)   15.49    2.98   12.50 (MET)
y_reg[9]$_SDFFE_PN0P_/D (sg13g2_dfrbpq_1)   15.49    2.98   12.50 (MET)
y_reg[9]$_SDFFE_PN0P_/D (sg13g2_dfrbpq_1)   15.49    2.98   12.50 (MET)
x_reg[7]$_SDFFE_PN0P_/D (sg13g2_dfrbpq_1)   15.47    2.97   12.50 (MET)
x_reg[7]$_SDFFE_PN0P_/D (sg13g2_dfrbpq_1)   15.47    2.97   12.50 (MET)
y_reg[9]$_SDFFE_PN0P_/D (sg13g2_dfrbpq_1)   15.49    2.98   12.50 (MET)
y_reg[9]$_SDFFE_PN0P_/D (sg13g2_dfrbpq_1)   15.49    2.98   12.50 (MET)
x_reg[7]$_SDFFE_PN0P_/D (sg13g2_dfrbpq_1)   15.47    2.97   12.50 (MET)
x_reg[7]$_SDFFE_PN0P_/D (sg13g2_dfrbpq_1)   15.47    2.97   12.50 (MET)
uo_out[1] (output)                     13.43    0.92   12.50 (MET)
y_reg[8]$_SDFFE_PN0P_/D (sg13g2_dfrbpq_1)   15.48    2.98   12.50 (MET)
y_reg[8]$_SDFFE_PN0P_/D (sg13g2_dfrbpq_1)   15.48    2.98   12.50 (MET)
y_reg[8]$_SDFFE_PN0P_/D (sg13g2_dfrbpq_1)   15.48    2.98   12.50 (MET)
y_reg[8]$_SDFFE_PN0P_/D (sg13g2_dfrbpq_1)   15.48    2.98   12.50 (MET)
uo_out[4] (output)                     13.43    0.92   12.50 (MET)
y_reg[6]$_SDFFE_PN0P_/D (sg13g2_dfrbpq_1)   15.49    2.99   12.50 (MET)
y_reg[6]$_SDFFE_PN0P_/D (sg13g2_dfrbpq_1)   15.49    2.99   12.50 (MET)
y_reg[6]$_SDFFE_PN0P_/D (sg13g2_dfrbpq_1)   15.49    2.99   12.50 (MET)
y_reg[6]$_SDFFE_PN0P_/D (sg13g2_dfrbpq_1)   15.49    2.99   12.50 (MET)
y_reg[7]$_SDFFE_PN0P_/D (sg13g2_dfrbpq_1)   15.48    2.98   12.50 (MET)
y_reg[7]$_SDFFE_PN0P_/D (sg13g2_dfrbpq_1)   15.48    2.98   12.50 (MET)
y_reg[7]$_SDFFE_PN0P_/D (sg13g2_dfrbpq_1)   15.48    2.98   12.50 (MET)
y_reg[7]$_SDFFE_PN0P_/D (sg13g2_dfrbpq_1)   15.48    2.98   12.50 (MET)
y_reg[9]$_SDFFE_PN0P_/D (sg13g2_dfrbpq_1)   15.49    2.98   12.50 (MET)
y_reg[9]$_SDFFE_PN0P_/D (sg13g2_dfrbpq_1)   15.49    2.98   12.50 (MET)
y_reg[7]$_SDFFE_PN0P_/D (sg13g2_dfrbpq_1)   15.48    2.98   12.50 (MET)
y_reg[7]$_SDFFE_PN0P_/D (sg13g2_dfrbpq_1)   15.48    2.98   12.50 (MET)
y_reg[7]$_SDFFE_PN0P_/D (sg13g2_dfrbpq_1)   15.48    2.98   12.50 (MET)
y_reg[7]$_SDFFE_PN0P_/D (sg13g2_dfrbpq_1)   15.48    2.98   12.50 (MET)
y_reg[9]$_SDFFE_PN0P_/D (sg13g2_dfrbpq_1)   15.49    2.98   12.50 (MET)
y_reg[9]$_SDFFE_PN0P_/D (sg13g2_dfrbpq_1)   15.49    2.98   12.50 (MET)
y_reg[9]$_SDFFE_PN0P_/D (sg13g2_dfrbpq_1)   15.49    2.98   12.50 (MET)
y_reg[9]$_SDFFE_PN0P_/D (sg13g2_dfrbpq_1)   15.49    2.98   12.50 (MET)
y_reg[9]$_SDFFE_PN0P_/D (sg13g2_dfrbpq_1)   15.48    2.98   12.50 (MET)
y_reg[9]$_SDFFE_PN0P_/D (sg13g2_dfrbpq_1)   15.48    2.98   12.50 (MET)
y_reg[9]$_SDFFE_PN0P_/D (sg13g2_dfrbpq_1)   15.48    2.98   12.50 (MET)
y_reg[9]$_SDFFE_PN0P_/D (sg13g2_dfrbpq_1)   15.48    2.98   12.50 (MET)
y_reg[9]$_SDFFE_PN0P_/D (sg13g2_dfrbpq_1)   15.48    2.98   12.50 (MET)
x_reg[8]$_SDFFE_PN0P_/D (sg13g2_dfrbpq_1)   15.49    2.99   12.50 (MET)
y_reg[9]$_SDFFE_PN0P_/D (sg13g2_dfrbpq_1)   15.48    2.98   12.50 (MET)
y_reg[9]$_SDFFE_PN0P_/D (sg13g2_dfrbpq_1)   15.48    2.98   12.50 (MET)
y_reg[9]$_SDFFE_PN0P_/D (sg13g2_dfrbpq_1)   15.48    2.98   12.50 (MET)
y_reg[9]$_SDFFE_PN0P_/D (sg13g2_dfrbpq_1)   15.48    2.98   12.50 (MET)
y_reg[9]$_SDFFE_PN0P_/D (sg13g2_dfrbpq_1)   15.48    2.98   12.50 (MET)
y_reg[9]$_SDFFE_PN0P_/D (sg13g2_dfrbpq_1)   15.48    2.98   12.50 (MET)
y_reg[9]$_SDFFE_PN0P_/D (sg13g2_dfrbpq_1)   15.48    2.98   12.50 (MET)
y_reg[9]$_SDFFE_PN0P_/D (sg13g2_dfrbpq_1)   15.48    2.98   12.50 (MET)
y_reg[9]$_SDFFE_PN0P_/D (sg13g2_dfrbpq_1)   15.48    2.98   12.50 (MET)
y_reg[9]$_SDFFE_PN0P_/D (sg13g2_dfrbpq_1)   15.48    2.98   12.50 (MET)
y_reg[9]$_SDFFE_PN0P_/D (sg13g2_dfrbpq_1)   15.48    2.98   12.50 (MET)
y_reg[8]$_SDFFE_PN0P_/D (sg13g2_dfrbpq_1)   15.49    2.98   12.50 (MET)
y_reg[8]$_SDFFE_PN0P_/D (sg13g2_dfrbpq_1)   15.49    2.98   12.50 (MET)
x_reg[8]$_SDFFE_PN0P_/D (sg13g2_dfrbpq_1)   15.49    2.98   12.50 (MET)
y_reg[8]$_SDFFE_PN0P_/D (sg13g2_dfrbpq_1)   15.49    2.98   12.50 (MET)
y_reg[8]$_SDFFE_PN0P_/D (sg13g2_dfrbpq_1)   15.49    2.98   12.50 (MET)
y_reg[8]$_SDFFE_PN0P_/D (sg13g2_dfrbpq_1)   15.49    2.98   12.50 (MET)
y_reg[8]$_SDFFE_PN0P_/D (sg13g2_dfrbpq_1)   15.49    2.98   12.50 (MET)
y_reg[8]$_SDFFE_PN0P_/D (sg13g2_dfrbpq_1)   15.49    2.98   12.50 (MET)
y_reg[9]$_SDFFE_PN0P_/D (sg13g2_dfrbpq_1)   15.48    2.98   12.50 (MET)
y_reg[8]$_SDFFE_PN0P_/D (sg13g2_dfrbpq_1)   15.49    2.98   12.50 (MET)
y_reg[9]$_SDFFE_PN0P_/D (sg13g2_dfrbpq_1)   15.48    2.98   12.50 (MET)
y_reg[6]$_SDFFE_PN0P_/D (sg13g2_dfrbpq_1)   15.49    2.99   12.50 (MET)
y_reg[6]$_SDFFE_PN0P_/D (sg13g2_dfrbpq_1)   15.49    2.99   12.50 (MET)
y_reg[6]$_SDFFE_PN0P_/D (sg13g2_dfrbpq_1)   15.49    2.99   12.50 (MET)
y_reg[6]$_SDFFE_PN0P_/D (sg13g2_dfrbpq_1)   15.49    2.99   12.50 (MET)
y_reg[6]$_SDFFE_PN0P_/D (sg13g2_dfrbpq_1)   15.49    2.99   12.50 (MET)
y_reg[6]$_SDFFE_PN0P_/D (sg13g2_dfrbpq_1)   15.49    2.99   12.50 (MET)
y_reg[6]$_SDFFE_PN0P_/D (sg13g2_dfrbpq_1)   15.49    2.99   12.50 (MET)
y_reg[6]$_SDFFE_PN0P_/D (sg13g2_dfrbpq_1)   15.49    2.99   12.50 (MET)
y_reg[8]$_SDFFE_PN0P_/D (sg13g2_dfrbpq_1)   15.49    2.98   12.50 (MET)
y_reg[6]$_SDFFE_PN0P_/D (sg13g2_dfrbpq_1)   15.49    2.99   12.50 (MET)
y_reg[6]$_SDFFE_PN0P_/D (sg13g2_dfrbpq_1)   15.49    2.99   12.50 (MET)
y_reg[6]$_SDFFE_PN0P_/D (sg13g2_dfrbpq_1)   15.49    2.99   12.50 (MET)
y_reg[6]$_SDFFE_PN0P_/D (sg13g2_dfrbpq_1)   15.49    2.99   12.50 (MET)
y_reg[6]$_SDFFE_PN0P_/D (sg13g2_dfrbpq_1)   15.49    2.99   12.50 (MET)
y_reg[6]$_SDFFE_PN0P_/D (sg13g2_dfrbpq_1)   15.49    2.99   12.50 (MET)
y_reg[6]$_SDFFE_PN0P_/D (sg13g2_dfrbpq_1)   15.49    2.99   12.50 (MET)
y_reg[6]$_SDFFE_PN0P_/D (sg13g2_dfrbpq_1)   15.49    2.99   12.50 (MET)
y_reg[6]$_SDFFE_PN0P_/D (sg13g2_dfrbpq_1)   15.49    2.99   12.50 (MET)
y_reg[6]$_SDFFE_PN0P_/D (sg13g2_dfrbpq_1)   15.49    2.99   12.50 (MET)
y_reg[6]$_SDFFE_PN0P_/D (sg13g2_dfrbpq_1)   15.49    2.99   12.50 (MET)
y_reg[6]$_SDFFE_PN0P_/D (sg13g2_dfrbpq_1)   15.49    2.99   12.50 (MET)
z_reg[5]$_SDFFE_PN0P_/D (sg13g2_dfrbpq_1)   15.48    2.98   12.50 (MET)
z_reg[5]$_SDFFE_PN0P_/D (sg13g2_dfrbpq_1)   15.48    2.98   12.50 (MET)
z_reg[5]$_SDFFE_PN0P_/D (sg13g2_dfrbpq_1)   15.48    2.98   12.50 (MET)
z_reg[5]$_SDFFE_PN0P_/D (sg13g2_dfrbpq_1)   15.48    2.98   12.50 (MET)
y_reg[6]$_SDFFE_PN0P_/D (sg13g2_dfrbpq_1)   15.49    2.99   12.50 (MET)
y_reg[6]$_SDFFE_PN0P_/D (sg13g2_dfrbpq_1)   15.49    2.99   12.50 (MET)
y_reg[9]$_SDFFE_PN0P_/D (sg13g2_dfrbpq_1)   15.49    2.98   12.50 (MET)
y_reg[9]$_SDFFE_PN0P_/D (sg13g2_dfrbpq_1)   15.49    2.98   12.50 (MET)
x_reg[8]$_SDFFE_PN0P_/D (sg13g2_dfrbpq_1)   15.49    2.99   12.50 (MET)
x_reg[8]$_SDFFE_PN0P_/D (sg13g2_dfrbpq_1)   15.49    2.99   12.50 (MET)
y_reg[6]$_SDFFE_PN0P_/D (sg13g2_dfrbpq_1)   15.49    2.99   12.50 (MET)
y_reg[6]$_SDFFE_PN0P_/D (sg13g2_dfrbpq_1)   15.49    2.99   12.50 (MET)
y_reg[9]$_SDFFE_PN0P_/D (sg13g2_dfrbpq_1)   15.49    2.98   12.50 (MET)
y_reg[9]$_SDFFE_PN0P_/D (sg13g2_dfrbpq_1)   15.49    2.98   12.50 (MET)
y_reg[8]$_SDFFE_PN0P_/D (sg13g2_dfrbpq_1)   15.48    2.97   12.50 (MET)
y_reg[8]$_SDFFE_PN0P_/D (sg13g2_dfrbpq_1)   15.48    2.97   12.50 (MET)
y_reg[8]$_SDFFE_PN0P_/D (sg13g2_dfrbpq_1)   15.48    2.97   12.50 (MET)
y_reg[8]$_SDFFE_PN0P_/D (sg13g2_dfrbpq_1)   15.48    2.97   12.50 (MET)
y_reg[8]$_SDFFE_PN0P_/D (sg13g2_dfrbpq_1)   15.49    2.98   12.50 (MET)
y_reg[8]$_SDFFE_PN0P_/D (sg13g2_dfrbpq_1)   15.49    2.98   12.50 (MET)
y_reg[8]$_SDFFE_PN0P_/D (sg13g2_dfrbpq_1)   15.49    2.98   12.50 (MET)
y_reg[8]$_SDFFE_PN0P_/D (sg13g2_dfrbpq_1)   15.49    2.98   12.50 (MET)
y_reg[8]$_SDFFE_PN0P_/D (sg13g2_dfrbpq_1)   15.49    2.98   12.50 (MET)
y_reg[8]$_SDFFE_PN0P_/D (sg13g2_dfrbpq_1)   15.49    2.98   12.50 (MET)
y_reg[8]$_SDFFE_PN0P_/D (sg13g2_dfrbpq_1)   15.49    2.98   12.50 (MET)
y_reg[8]$_SDFFE_PN0P_/D (sg13g2_dfrbpq_1)   15.49    2.98   12.50 (MET)
y_reg[8]$_SDFFE_PN0P_/D (sg13g2_dfrbpq_1)   15.49    2.98   12.50 (MET)
y_reg[8]$_SDFFE_PN0P_/D (sg13g2_dfrbpq_1)   15.49    2.98   12.50 (MET)
x_reg[8]$_SDFFE_PN0P_/D (sg13g2_dfrbpq_1)   15.49    2.99   12.50 (MET)
x_reg[8]$_SDFFE_PN0P_/D (sg13g2_dfrbpq_1)   15.49    2.99   12.50 (MET)
x_reg[8]$_SDFFE_PN0P_/D (sg13g2_dfrbpq_1)   15.49    2.99   12.50 (MET)
x_reg[8]$_SDFFE_PN0P_/D (sg13g2_dfrbpq_1)   15.49    2.99   12.50 (MET)
x_reg[8]$_SDFFE_PN0P_/D (sg13g2_dfrbpq_1)   15.49    2.99   12.50 (MET)
x_reg[8]$_SDFFE_PN0P_/D (sg13g2_dfrbpq_1)   15.49    2.99   12.50 (MET)
x_reg[8]$_SDFFE_PN0P_/D (sg13g2_dfrbpq_1)   15.49    2.99   12.50 (MET)
x_reg[8]$_SDFFE_PN0P_/D (sg13g2_dfrbpq_1)   15.49    2.99   12.50 (MET)
x_reg[8]$_SDFFE_PN0P_/D (sg13g2_dfrbpq_1)   15.49    2.99   12.50 (MET)
x_reg[8]$_SDFFE_PN0P_/D (sg13g2_dfrbpq_1)   15.49    2.99   12.50 (MET)
x_reg[8]$_SDFFE_PN0P_/D (sg13g2_dfrbpq_1)   15.49    2.99   12.50 (MET)
x_reg[8]$_SDFFE_PN0P_/D (sg13g2_dfrbpq_1)   15.49    2.99   12.50 (MET)
x_reg[8]$_SDFFE_PN0P_/D (sg13g2_dfrbpq_1)   15.49    2.99   12.50 (MET)
x_reg[8]$_SDFFE_PN0P_/D (sg13g2_dfrbpq_1)   15.49    2.99   12.50 (MET)
x_reg[8]$_SDFFE_PN0P_/D (sg13g2_dfrbpq_1)   15.49    2.99   12.50 (MET)
x_reg[8]$_SDFFE_PN0P_/D (sg13g2_dfrbpq_1)   15.49    2.99   12.50 (MET)
y_reg[7]$_SDFFE_PN0P_/D (sg13g2_dfrbpq_1)   15.48    2.97   12.50 (MET)
y_reg[7]$_SDFFE_PN0P_/D (sg13g2_dfrbpq_1)   15.48    2.97   12.50 (MET)
y_reg[8]$_SDFFE_PN0P_/D (sg13g2_dfrbpq_1)   15.49    2.98   12.50 (MET)
y_reg[8]$_SDFFE_PN0P_/D (sg13g2_dfrbpq_1)   15.49    2.98   12.50 (MET)
y_reg[8]$_SDFFE_PN0P_/D (sg13g2_dfrbpq_1)   15.48    2.97   12.50 (MET)
y_reg[8]$_SDFFE_PN0P_/D (sg13g2_dfrbpq_1)   15.48    2.97   12.50 (MET)
y_reg[8]$_SDFFE_PN0P_/D (sg13g2_dfrbpq_1)   15.48    2.97   12.50 (MET)
y_reg[8]$_SDFFE_PN0P_/D (sg13g2_dfrbpq_1)   15.48    2.97   12.50 (MET)
y_reg[8]$_SDFFE_PN0P_/D (sg13g2_dfrbpq_1)   15.48    2.97   12.50 (MET)
y_reg[8]$_SDFFE_PN0P_/D (sg13g2_dfrbpq_1)   15.48    2.97   12.50 (MET)
y_reg[8]$_SDFFE_PN0P_/D (sg13g2_dfrbpq_1)   15.48    2.97   12.50 (MET)
y_reg[8]$_SDFFE_PN0P_/D (sg13g2_dfrbpq_1)   15.48    2.97   12.50 (MET)
y_reg[8]$_SDFFE_PN0P_/D (sg13g2_dfrbpq_1)   15.48    2.97   12.50 (MET)
y_reg[8]$_SDFFE_PN0P_/D (sg13g2_dfrbpq_1)   15.48    2.97   12.50 (MET)
y_reg[8]$_SDFFE_PN0P_/D (sg13g2_dfrbpq_1)   15.48    2.97   12.50 (MET)
y_reg[8]$_SDFFE_PN0P_/D (sg13g2_dfrbpq_1)   15.48    2.97   12.50 (MET)
x_reg[8]$_SDFFE_PN0P_/D (sg13g2_dfrbpq_1)   15.49    2.99   12.50 (MET)
x_reg[8]$_SDFFE_PN0P_/D (sg13g2_dfrbpq_1)   15.49    2.99   12.50 (MET)
y_reg[9]$_SDFFE_PN0P_/D (sg13g2_dfrbpq_1)   15.49    2.98   12.50 (MET)
y_reg[9]$_SDFFE_PN0P_/D (sg13g2_dfrbpq_1)   15.49    2.98   12.50 (MET)
y_reg[8]$_SDFFE_PN0P_/D (sg13g2_dfrbpq_1)   15.48    2.97   12.50 (MET)
y_reg[8]$_SDFFE_PN0P_/D (sg13g2_dfrbpq_1)   15.48    2.97   12.50 (MET)
y_reg[8]$_SDFFE_PN0P_/D (sg13g2_dfrbpq_1)   15.48    2.97   12.50 (MET)
y_reg[8]$_SDFFE_PN0P_/D (sg13g2_dfrbpq_1)   15.48    2.97   12.50 (MET)
y_reg[9]$_SDFFE_PN0P_/D (sg13g2_dfrbpq_1)   15.49    2.98   12.50 (MET)
y_reg[8]$_SDFFE_PN0P_/D (sg13g2_dfrbpq_1)   15.48    2.97   12.50 (MET)
y_reg[8]$_SDFFE_PN0P_/D (sg13g2_dfrbpq_1)   15.48    2.97   12.50 (MET)
y_reg[8]$_SDFFE_PN0P_/D (sg13g2_dfrbpq_1)   15.48    2.97   12.50 (MET)
y_reg[8]$_SDFFE_PN0P_/D (sg13g2_dfrbpq_1)   15.48    2.97   12.50 (MET)
y_reg[8]$_SDFFE_PN0P_/D (sg13g2_dfrbpq_1)   15.48    2.97   12.50 (MET)
y_reg[8]$_SDFFE_PN0P_/D (sg13g2_dfrbpq_1)   15.48    2.97   12.50 (MET)
y_reg[8]$_SDFFE_PN0P_/D (sg13g2_dfrbpq_1)   15.48    2.97   12.50 (MET)
y_reg[8]$_SDFFE_PN0P_/D (sg13g2_dfrbpq_1)   15.48    2.97   12.50 (MET)
y_reg[9]$_SDFFE_PN0P_/D (sg13g2_dfrbpq_1)   15.49    2.98   12.50 (MET)
y_reg[9]$_SDFFE_PN0P_/D (sg13g2_dfrbpq_1)   15.49    2.98   12.50 (MET)
y_reg[9]$_SDFFE_PN0P_/D (sg13g2_dfrbpq_1)   15.49    2.98   12.50 (MET)
y_reg[9]$_SDFFE_PN0P_/D (sg13g2_dfrbpq_1)   15.48    2.98   12.50 (MET)
y_reg[9]$_SDFFE_PN0P_/D (sg13g2_dfrbpq_1)   15.48    2.98   12.50 (MET)
y_reg[9]$_SDFFE_PN0P_/D (sg13g2_dfrbpq_1)   15.48    2.98   12.50 (MET)
y_reg[9]$_SDFFE_PN0P_/D (sg13g2_dfrbpq_1)   15.48    2.98   12.50 (MET)
y_reg[9]$_SDFFE_PN0P_/D (sg13g2_dfrbpq_1)   15.48    2.98   12.50 (MET)
y_reg[9]$_SDFFE_PN0P_/D (sg13g2_dfrbpq_1)   15.48    2.98   12.50 (MET)
y_reg[9]$_SDFFE_PN0P_/D (sg13g2_dfrbpq_1)   15.48    2.98   12.50 (MET)
y_reg[9]$_SDFFE_PN0P_/D (sg13g2_dfrbpq_1)   15.48    2.98   12.50 (MET)
y_reg[9]$_SDFFE_PN0P_/D (sg13g2_dfrbpq_1)   15.48    2.98   12.50 (MET)
y_reg[9]$_SDFFE_PN0P_/D (sg13g2_dfrbpq_1)   15.48    2.98   12.50 (MET)
y_reg[9]$_SDFFE_PN0P_/D (sg13g2_dfrbpq_1)   15.48    2.98   12.50 (MET)
y_reg[8]$_SDFFE_PN0P_/D (sg13g2_dfrbpq_1)   15.48    2.97   12.50 (MET)
y_reg[8]$_SDFFE_PN0P_/D (sg13g2_dfrbpq_1)   15.48    2.97   12.50 (MET)
y_reg[8]$_SDFFE_PN0P_/D (sg13g2_dfrbpq_1)   15.48    2.97   12.50 (MET)
y_reg[8]$_SDFFE_PN0P_/D (sg13g2_dfrbpq_1)   15.48    2.97   12.50 (MET)
x_reg[7]$_SDFFE_PN0P_/D (sg13g2_dfrbpq_1)   15.47    2.96   12.50 (MET)
x_reg[7]$_SDFFE_PN0P_/D (sg13g2_dfrbpq_1)   15.47    2.96   12.50 (MET)
x_reg[7]$_SDFFE_PN0P_/D (sg13g2_dfrbpq_1)   15.47    2.96   12.50 (MET)
x_reg[7]$_SDFFE_PN0P_/D (sg13g2_dfrbpq_1)   15.47    2.96   12.50 (MET)
x_reg[7]$_SDFFE_PN0P_/D (sg13g2_dfrbpq_1)   15.47    2.96   12.50 (MET)
x_reg[7]$_SDFFE_PN0P_/D (sg13g2_dfrbpq_1)   15.47    2.96   12.50 (MET)
x_reg[7]$_SDFFE_PN0P_/D (sg13g2_dfrbpq_1)   15.47    2.96   12.50 (MET)
x_reg[7]$_SDFFE_PN0P_/D (sg13g2_dfrbpq_1)   15.47    2.96   12.50 (MET)
y_reg[8]$_SDFFE_PN0P_/D (sg13g2_dfrbpq_1)   15.48    2.97   12.50 (MET)
y_reg[8]$_SDFFE_PN0P_/D (sg13g2_dfrbpq_1)   15.48    2.97   12.50 (MET)
y_reg[8]$_SDFFE_PN0P_/D (sg13g2_dfrbpq_1)   15.48    2.97   12.50 (MET)
y_reg[8]$_SDFFE_PN0P_/D (sg13g2_dfrbpq_1)   15.48    2.97   12.50 (MET)
y_reg[8]$_SDFFE_PN0P_/D (sg13g2_dfrbpq_1)   15.48    2.97   12.50 (MET)
y_reg[8]$_SDFFE_PN0P_/D (sg13g2_dfrbpq_1)   15.48    2.97   12.50 (MET)
y_reg[8]$_SDFFE_PN0P_/D (sg13g2_dfrbpq_1)   15.48    2.97   12.50 (MET)
y_reg[8]$_SDFFE_PN0P_/D (sg13g2_dfrbpq_1)   15.48    2.97   12.50 (MET)
y_reg[9]$_SDFFE_PN0P_/D (sg13g2_dfrbpq_1)   15.49    2.98   12.50 (MET)
y_reg[8]$_SDFFE_PN0P_/D (sg13g2_dfrbpq_1)   15.49    2.98   12.50 (MET)
y_reg[8]$_SDFFE_PN0P_/D (sg13g2_dfrbpq_1)   15.49    2.98   12.50 (MET)
y_reg[9]$_SDFFE_PN0P_/D (sg13g2_dfrbpq_1)   15.49    2.98   12.50 (MET)
y_reg[9]$_SDFFE_PN0P_/D (sg13g2_dfrbpq_1)   15.48    2.98   12.50 (MET)
y_reg[9]$_SDFFE_PN0P_/D (sg13g2_dfrbpq_1)   15.48    2.98   12.50 (MET)
y_reg[8]$_SDFFE_PN0P_/D (sg13g2_dfrbpq_1)   15.49    2.98   12.51 (MET)
y_reg[8]$_SDFFE_PN0P_/D (sg13g2_dfrbpq_1)   15.49    2.98   12.51 (MET)
y_reg[8]$_SDFFE_PN0P_/D (sg13g2_dfrbpq_1)   15.49    2.98   12.51 (MET)
y_reg[8]$_SDFFE_PN0P_/D (sg13g2_dfrbpq_1)   15.49    2.98   12.51 (MET)
y_reg[8]$_SDFFE_PN0P_/D (sg13g2_dfrbpq_1)   15.49    2.98   12.51 (MET)
y_reg[8]$_SDFFE_PN0P_/D (sg13g2_dfrbpq_1)   15.49    2.98   12.51 (MET)
y_reg[6]$_SDFFE_PN0P_/D (sg13g2_dfrbpq_1)   15.49    2.99   12.51 (MET)
y_reg[6]$_SDFFE_PN0P_/D (sg13g2_dfrbpq_1)   15.49    2.99   12.51 (MET)
y_reg[6]$_SDFFE_PN0P_/D (sg13g2_dfrbpq_1)   15.49    2.99   12.51 (MET)
y_reg[6]$_SDFFE_PN0P_/D (sg13g2_dfrbpq_1)   15.49    2.99   12.51 (MET)
y_reg[6]$_SDFFE_PN0P_/D (sg13g2_dfrbpq_1)   15.49    2.99   12.51 (MET)
y_reg[6]$_SDFFE_PN0P_/D (sg13g2_dfrbpq_1)   15.49    2.99   12.51 (MET)
y_reg[6]$_SDFFE_PN0P_/D (sg13g2_dfrbpq_1)   15.49    2.99   12.51 (MET)
y_reg[6]$_SDFFE_PN0P_/D (sg13g2_dfrbpq_1)   15.49    2.99   12.51 (MET)
y_reg[9]$_SDFFE_PN0P_/D (sg13g2_dfrbpq_1)   15.48    2.98   12.51 (MET)
y_reg[9]$_SDFFE_PN0P_/D (sg13g2_dfrbpq_1)   15.48    2.98   12.51 (MET)
y_reg[6]$_SDFFE_PN0P_/D (sg13g2_dfrbpq_1)   15.49    2.99   12.51 (MET)
y_reg[6]$_SDFFE_PN0P_/D (sg13g2_dfrbpq_1)   15.49    2.99   12.51 (MET)
y_reg[6]$_SDFFE_PN0P_/D (sg13g2_dfrbpq_1)   15.49    2.99   12.51 (MET)
y_reg[6]$_SDFFE_PN0P_/D (sg13g2_dfrbpq_1)   15.49    2.99   12.51 (MET)
y_reg[6]$_SDFFE_PN0P_/D (sg13g2_dfrbpq_1)   15.49    2.99   12.51 (MET)
y_reg[6]$_SDFFE_PN0P_/D (sg13g2_dfrbpq_1)   15.49    2.99   12.51 (MET)
y_reg[6]$_SDFFE_PN0P_/D (sg13g2_dfrbpq_1)   15.49    2.99   12.51 (MET)
y_reg[6]$_SDFFE_PN0P_/D (sg13g2_dfrbpq_1)   15.49    2.99   12.51 (MET)
x_reg[9]$_SDFFE_PN0P_/D (sg13g2_dfrbpq_1)   15.49    2.98   12.51 (MET)
x_reg[9]$_SDFFE_PN0P_/D (sg13g2_dfrbpq_1)   15.49    2.98   12.51 (MET)
x_reg[9]$_SDFFE_PN0P_/D (sg13g2_dfrbpq_1)   15.49    2.98   12.51 (MET)
x_reg[9]$_SDFFE_PN0P_/D (sg13g2_dfrbpq_1)   15.49    2.98   12.51 (MET)
x_reg[9]$_SDFFE_PN0P_/D (sg13g2_dfrbpq_1)   15.49    2.98   12.51 (MET)
x_reg[9]$_SDFFE_PN0P_/D (sg13g2_dfrbpq_1)   15.49    2.98   12.51 (MET)
x_reg[9]$_SDFFE_PN0P_/D (sg13g2_dfrbpq_1)   15.49    2.98   12.51 (MET)
x_reg[9]$_SDFFE_PN0P_/D (sg13g2_dfrbpq_1)   15.49    2.98   12.51 (MET)
y_reg[9]$_SDFFE_PN0P_/D (sg13g2_dfrbpq_1)   15.48    2.98   12.51 (MET)
y_reg[9]$_SDFFE_PN0P_/D (sg13g2_dfrbpq_1)   15.48    2.98   12.51 (MET)
y_reg[9]$_SDFFE_PN0P_/D (sg13g2_dfrbpq_1)   15.48    2.98   12.51 (MET)
y_reg[9]$_SDFFE_PN0P_/D (sg13g2_dfrbpq_1)   15.48    2.98   12.51 (MET)
y_reg[9]$_SDFFE_PN0P_/D (sg13g2_dfrbpq_1)   15.48    2.98   12.51 (MET)
y_reg[6]$_SDFFE_PN0P_/D (sg13g2_dfrbpq_1)   15.49    2.99   12.51 (MET)
y_reg[6]$_SDFFE_PN0P_/D (sg13g2_dfrbpq_1)   15.49    2.99   12.51 (MET)
y_reg[8]$_SDFFE_PN0P_/D (sg13g2_dfrbpq_1)   15.49    2.98   12.51 (MET)
y_reg[9]$_SDFFE_PN0P_/D (sg13g2_dfrbpq_1)   15.48    2.98   12.51 (MET)
x_reg[8]$_SDFFE_PN0P_/D (sg13g2_dfrbpq_1)   15.49    2.99   12.51 (MET)
y_reg[6]$_SDFFE_PN0P_/D (sg13g2_dfrbpq_1)   15.49    2.99   12.51 (MET)
y_reg[6]$_SDFFE_PN0P_/D (sg13g2_dfrbpq_1)   15.49    2.99   12.51 (MET)
x_reg[8]$_SDFFE_PN0P_/D (sg13g2_dfrbpq_1)   15.49    2.99   12.51 (MET)
x_reg[8]$_SDFFE_PN0P_/D (sg13g2_dfrbpq_1)   15.49    2.99   12.51 (MET)
y_reg[8]$_SDFFE_PN0P_/D (sg13g2_dfrbpq_1)   15.49    2.98   12.51 (MET)
y_reg[8]$_SDFFE_PN0P_/D (sg13g2_dfrbpq_1)   15.49    2.98   12.51 (MET)
y_reg[9]$_SDFFE_PN0P_/D (sg13g2_dfrbpq_1)   15.48    2.98   12.51 (MET)
y_reg[9]$_SDFFE_PN0P_/D (sg13g2_dfrbpq_1)   15.49    2.98   12.51 (MET)
y_reg[9]$_SDFFE_PN0P_/D (sg13g2_dfrbpq_1)   15.49    2.98   12.51 (MET)
y_reg[9]$_SDFFE_PN0P_/D (sg13g2_dfrbpq_1)   15.49    2.98   12.51 (MET)
y_reg[9]$_SDFFE_PN0P_/D (sg13g2_dfrbpq_1)   15.49    2.98   12.51 (MET)
y_reg[9]$_SDFFE_PN0P_/D (sg13g2_dfrbpq_1)   15.48    2.98   12.51 (MET)
x_reg[8]$_SDFFE_PN0P_/D (sg13g2_dfrbpq_1)   15.49    2.99   12.51 (MET)
y_reg[9]$_SDFFE_PN0P_/D (sg13g2_dfrbpq_1)   15.49    2.98   12.51 (MET)
y_reg[9]$_SDFFE_PN0P_/D (sg13g2_dfrbpq_1)   15.49    2.98   12.51 (MET)
y_reg[9]$_SDFFE_PN0P_/D (sg13g2_dfrbpq_1)   15.49    2.98   12.51 (MET)
y_reg[9]$_SDFFE_PN0P_/D (sg13g2_dfrbpq_1)   15.49    2.98   12.51 (MET)
y_reg[9]$_SDFFE_PN0P_/D (sg13g2_dfrbpq_1)   15.49    2.98   12.51 (MET)
y_reg[9]$_SDFFE_PN0P_/D (sg13g2_dfrbpq_1)   15.49    2.98   12.51 (MET)
y_reg[9]$_SDFFE_PN0P_/D (sg13g2_dfrbpq_1)   15.49    2.98   12.51 (MET)
y_reg[9]$_SDFFE_PN0P_/D (sg13g2_dfrbpq_1)   15.49    2.98   12.51 (MET)
x_reg[8]$_SDFFE_PN0P_/D (sg13g2_dfrbpq_1)   15.49    2.99   12.51 (MET)
x_reg[8]$_SDFFE_PN0P_/D (sg13g2_dfrbpq_1)   15.49    2.99   12.51 (MET)
x_reg[8]$_SDFFE_PN0P_/D (sg13g2_dfrbpq_1)   15.49    2.99   12.51 (MET)
x_reg[8]$_SDFFE_PN0P_/D (sg13g2_dfrbpq_1)   15.49    2.99   12.51 (MET)
x_reg[8]$_SDFFE_PN0P_/D (sg13g2_dfrbpq_1)   15.49    2.99   12.51 (MET)
x_reg[8]$_SDFFE_PN0P_/D (sg13g2_dfrbpq_1)   15.49    2.99   12.51 (MET)
x_reg[8]$_SDFFE_PN0P_/D (sg13g2_dfrbpq_1)   15.49    2.99   12.51 (MET)
x_reg[8]$_SDFFE_PN0P_/D (sg13g2_dfrbpq_1)   15.49    2.99   12.51 (MET)
x_reg[8]$_SDFFE_PN0P_/D (sg13g2_dfrbpq_1)   15.49    2.99   12.51 (MET)
x_reg[8]$_SDFFE_PN0P_/D (sg13g2_dfrbpq_1)   15.49    2.99   12.51 (MET)
x_reg[8]$_SDFFE_PN0P_/D (sg13g2_dfrbpq_1)   15.49    2.99   12.51 (MET)
x_reg[8]$_SDFFE_PN0P_/D (sg13g2_dfrbpq_1)   15.49    2.99   12.51 (MET)
x_reg[8]$_SDFFE_PN0P_/D (sg13g2_dfrbpq_1)   15.49    2.99   12.51 (MET)
x_reg[8]$_SDFFE_PN0P_/D (sg13g2_dfrbpq_1)   15.49    2.99   12.51 (MET)
y_reg[9]$_SDFFE_PN0P_/D (sg13g2_dfrbpq_1)   15.48    2.98   12.51 (MET)
y_reg[8]$_SDFFE_PN0P_/D (sg13g2_dfrbpq_1)   15.49    2.98   12.51 (MET)
y_reg[8]$_SDFFE_PN0P_/D (sg13g2_dfrbpq_1)   15.49    2.98   12.51 (MET)
y_reg[8]$_SDFFE_PN0P_/D (sg13g2_dfrbpq_1)   15.49    2.98   12.51 (MET)
uo_out[5] (output)                     13.43    0.92   12.51 (MET)
x_reg[8]$_SDFFE_PN0P_/D (sg13g2_dfrbpq_1)   15.49    2.99   12.51 (MET)
y_reg[8]$_SDFFE_PN0P_/D (sg13g2_dfrbpq_1)   15.48    2.97   12.51 (MET)
y_reg[8]$_SDFFE_PN0P_/D (sg13g2_dfrbpq_1)   15.48    2.97   12.51 (MET)
y_reg[9]$_SDFFE_PN0P_/D (sg13g2_dfrbpq_1)   15.48    2.98   12.51 (MET)
y_reg[7]$_SDFFE_PN0P_/D (sg13g2_dfrbpq_1)   15.49    2.98   12.51 (MET)
y_reg[7]$_SDFFE_PN0P_/D (sg13g2_dfrbpq_1)   15.49    2.98   12.51 (MET)
y_reg[9]$_SDFFE_PN0P_/D (sg13g2_dfrbpq_1)   15.48    2.98   12.51 (MET)
y_reg[9]$_SDFFE_PN0P_/D (sg13g2_dfrbpq_1)   15.48    2.98   12.51 (MET)
y_reg[7]$_SDFFE_PN0P_/D (sg13g2_dfrbpq_1)   15.49    2.98   12.51 (MET)
y_reg[7]$_SDFFE_PN0P_/D (sg13g2_dfrbpq_1)   15.49    2.98   12.51 (MET)
y_reg[9]$_SDFFE_PN0P_/D (sg13g2_dfrbpq_1)   15.48    2.98   12.51 (MET)
x_reg[7]$_SDFFE_PN0P_/D (sg13g2_dfrbpq_1)   15.47    2.96   12.51 (MET)
x_reg[7]$_SDFFE_PN0P_/D (sg13g2_dfrbpq_1)   15.47    2.96   12.51 (MET)
x_reg[7]$_SDFFE_PN0P_/D (sg13g2_dfrbpq_1)   15.47    2.96   12.51 (MET)
x_reg[7]$_SDFFE_PN0P_/D (sg13g2_dfrbpq_1)   15.47    2.96   12.51 (MET)
y_reg[6]$_SDFFE_PN0P_/D (sg13g2_dfrbpq_1)   15.49    2.98   12.51 (MET)
y_reg[6]$_SDFFE_PN0P_/D (sg13g2_dfrbpq_1)   15.49    2.98   12.51 (MET)
y_reg[6]$_SDFFE_PN0P_/D (sg13g2_dfrbpq_1)   15.49    2.98   12.51 (MET)
y_reg[6]$_SDFFE_PN0P_/D (sg13g2_dfrbpq_1)   15.49    2.98   12.51 (MET)
y_reg[8]$_SDFFE_PN0P_/D (sg13g2_dfrbpq_1)   15.48    2.97   12.51 (MET)
y_reg[8]$_SDFFE_PN0P_/D (sg13g2_dfrbpq_1)   15.48    2.97   12.51 (MET)
x_reg[7]$_SDFFE_PN0P_/D (sg13g2_dfrbpq_1)   15.47    2.96   12.51 (MET)
x_reg[7]$_SDFFE_PN0P_/D (sg13g2_dfrbpq_1)   15.47    2.96   12.51 (MET)
x_reg[7]$_SDFFE_PN0P_/D (sg13g2_dfrbpq_1)   15.47    2.96   12.51 (MET)
x_reg[7]$_SDFFE_PN0P_/D (sg13g2_dfrbpq_1)   15.47    2.96   12.51 (MET)
y_reg[6]$_SDFFE_PN0P_/D (sg13g2_dfrbpq_1)   15.49    2.98   12.51 (MET)
y_reg[6]$_SDFFE_PN0P_/D (sg13g2_dfrbpq_1)   15.49    2.98   12.51 (MET)
y_reg[6]$_SDFFE_PN0P_/D (sg13g2_dfrbpq_1)   15.49    2.98   12.51 (MET)
y_reg[6]$_SDFFE_PN0P_/D (sg13g2_dfrbpq_1)   15.49    2.98   12.51 (MET)
y_reg[6]$_SDFFE_PN0P_/D (sg13g2_dfrbpq_1)   15.49    2.98   12.51 (MET)
y_reg[6]$_SDFFE_PN0P_/D (sg13g2_dfrbpq_1)   15.49    2.98   12.51 (MET)
y_reg[6]$_SDFFE_PN0P_/D (sg13g2_dfrbpq_1)   15.49    2.98   12.51 (MET)
y_reg[6]$_SDFFE_PN0P_/D (sg13g2_dfrbpq_1)   15.49    2.98   12.51 (MET)
y_reg[9]$_SDFFE_PN0P_/D (sg13g2_dfrbpq_1)   15.48    2.98   12.51 (MET)
y_reg[6]$_SDFFE_PN0P_/D (sg13g2_dfrbpq_1)   15.49    2.98   12.51 (MET)
y_reg[6]$_SDFFE_PN0P_/D (sg13g2_dfrbpq_1)   15.49    2.98   12.51 (MET)
y_reg[6]$_SDFFE_PN0P_/D (sg13g2_dfrbpq_1)   15.49    2.98   12.51 (MET)
y_reg[6]$_SDFFE_PN0P_/D (sg13g2_dfrbpq_1)   15.49    2.98   12.51 (MET)
y_reg[8]$_SDFFE_PN0P_/D (sg13g2_dfrbpq_1)   15.49    2.98   12.51 (MET)
y_reg[8]$_SDFFE_PN0P_/D (sg13g2_dfrbpq_1)   15.49    2.98   12.51 (MET)
y_reg[9]$_SDFFE_PN0P_/D (sg13g2_dfrbpq_1)   15.48    2.98   12.51 (MET)
y_reg[8]$_SDFFE_PN0P_/D (sg13g2_dfrbpq_1)   15.49    2.98   12.51 (MET)
y_reg[8]$_SDFFE_PN0P_/D (sg13g2_dfrbpq_1)   15.49    2.98   12.51 (MET)
y_reg[8]$_SDFFE_PN0P_/D (sg13g2_dfrbpq_1)   15.49    2.98   12.51 (MET)
y_reg[9]$_SDFFE_PN0P_/D (sg13g2_dfrbpq_1)   15.49    2.98   12.51 (MET)
y_reg[9]$_SDFFE_PN0P_/D (sg13g2_dfrbpq_1)   15.49    2.98   12.51 (MET)
y_reg[9]$_SDFFE_PN0P_/D (sg13g2_dfrbpq_1)   15.49    2.98   12.51 (MET)
x_reg[8]$_SDFFE_PN0P_/D (sg13g2_dfrbpq_1)   15.49    2.98   12.51 (MET)
y_reg[8]$_SDFFE_PN0P_/D (sg13g2_dfrbpq_1)   15.49    2.98   12.51 (MET)
y_reg[9]$_SDFFE_PN0P_/D (sg13g2_dfrbpq_1)   15.49    2.98   12.51 (MET)
y_reg[9]$_SDFFE_PN0P_/D (sg13g2_dfrbpq_1)   15.49    2.98   12.51 (MET)
y_reg[9]$_SDFFE_PN0P_/D (sg13g2_dfrbpq_1)   15.49    2.98   12.51 (MET)
y_reg[9]$_SDFFE_PN0P_/D (sg13g2_dfrbpq_1)   15.49    2.98   12.51 (MET)
y_reg[9]$_SDFFE_PN0P_/D (sg13g2_dfrbpq_1)   15.49    2.98   12.51 (MET)
x_reg[8]$_SDFFE_PN0P_/D (sg13g2_dfrbpq_1)   15.49    2.98   12.51 (MET)
x_reg[8]$_SDFFE_PN0P_/D (sg13g2_dfrbpq_1)   15.49    2.98   12.51 (MET)
x_reg[8]$_SDFFE_PN0P_/D (sg13g2_dfrbpq_1)   15.49    2.98   12.51 (MET)
x_reg[8]$_SDFFE_PN0P_/D (sg13g2_dfrbpq_1)   15.49    2.98   12.51 (MET)
x_reg[8]$_SDFFE_PN0P_/D (sg13g2_dfrbpq_1)   15.49    2.98   12.51 (MET)
x_reg[8]$_SDFFE_PN0P_/D (sg13g2_dfrbpq_1)   15.49    2.98   12.51 (MET)
x_reg[8]$_SDFFE_PN0P_/D (sg13g2_dfrbpq_1)   15.49    2.98   12.51 (MET)
x_reg[8]$_SDFFE_PN0P_/D (sg13g2_dfrbpq_1)   15.49    2.98   12.51 (MET)
x_reg[8]$_SDFFE_PN0P_/D (sg13g2_dfrbpq_1)   15.49    2.98   12.51 (MET)
x_reg[8]$_SDFFE_PN0P_/D (sg13g2_dfrbpq_1)   15.49    2.98   12.51 (MET)
x_reg[8]$_SDFFE_PN0P_/D (sg13g2_dfrbpq_1)   15.49    2.98   12.51 (MET)
x_reg[8]$_SDFFE_PN0P_/D (sg13g2_dfrbpq_1)   15.49    2.98   12.51 (MET)
x_reg[8]$_SDFFE_PN0P_/D (sg13g2_dfrbpq_1)   15.49    2.98   12.51 (MET)
x_reg[8]$_SDFFE_PN0P_/D (sg13g2_dfrbpq_1)   15.49    2.98   12.51 (MET)
x_reg[8]$_SDFFE_PN0P_/D (sg13g2_dfrbpq_1)   15.49    2.98   12.51 (MET)
x_reg[8]$_SDFFE_PN0P_/D (sg13g2_dfrbpq_1)   15.49    2.98   12.51 (MET)
y_reg[8]$_SDFFE_PN0P_/D (sg13g2_dfrbpq_1)   15.48    2.97   12.51 (MET)
y_reg[8]$_SDFFE_PN0P_/D (sg13g2_dfrbpq_1)   15.48    2.97   12.51 (MET)
x_reg[8]$_SDFFE_PN0P_/D (sg13g2_dfrbpq_1)   15.49    2.98   12.51 (MET)
y_reg[8]$_SDFFE_PN0P_/D (sg13g2_dfrbpq_1)   15.48    2.97   12.51 (MET)
y_reg[8]$_SDFFE_PN0P_/D (sg13g2_dfrbpq_1)   15.48    2.97   12.51 (MET)
y_reg[9]$_SDFFE_PN0P_/D (sg13g2_dfrbpq_1)   15.49    2.98   12.51 (MET)
y_reg[9]$_SDFFE_PN0P_/D (sg13g2_dfrbpq_1)   15.49    2.98   12.51 (MET)
y_reg[8]$_SDFFE_PN0P_/D (sg13g2_dfrbpq_1)   15.49    2.98   12.51 (MET)
y_reg[8]$_SDFFE_PN0P_/D (sg13g2_dfrbpq_1)   15.49    2.98   12.51 (MET)
y_reg[9]$_SDFFE_PN0P_/D (sg13g2_dfrbpq_1)   15.49    2.98   12.51 (MET)
y_reg[9]$_SDFFE_PN0P_/D (sg13g2_dfrbpq_1)   15.49    2.98   12.51 (MET)
y_reg[8]$_SDFFE_PN0P_/D (sg13g2_dfrbpq_1)   15.49    2.98   12.51 (MET)
y_reg[8]$_SDFFE_PN0P_/D (sg13g2_dfrbpq_1)   15.49    2.98   12.51 (MET)
y_reg[8]$_SDFFE_PN0P_/D (sg13g2_dfrbpq_1)   15.49    2.98   12.51 (MET)
y_reg[8]$_SDFFE_PN0P_/D (sg13g2_dfrbpq_1)   15.49    2.98   12.51 (MET)
y_reg[8]$_SDFFE_PN0P_/D (sg13g2_dfrbpq_1)   15.49    2.98   12.51 (MET)
x_reg[8]$_SDFFE_PN0P_/D (sg13g2_dfrbpq_1)   15.49    2.98   12.51 (MET)
x_reg[8]$_SDFFE_PN0P_/D (sg13g2_dfrbpq_1)   15.49    2.98   12.51 (MET)
x_reg[8]$_SDFFE_PN0P_/D (sg13g2_dfrbpq_1)   15.49    2.98   12.51 (MET)
x_reg[8]$_SDFFE_PN0P_/D (sg13g2_dfrbpq_1)   15.49    2.98   12.51 (MET)
x_reg[8]$_SDFFE_PN0P_/D (sg13g2_dfrbpq_1)   15.49    2.98   12.51 (MET)
x_reg[8]$_SDFFE_PN0P_/D (sg13g2_dfrbpq_1)   15.49    2.98   12.51 (MET)
x_reg[8]$_SDFFE_PN0P_/D (sg13g2_dfrbpq_1)   15.49    2.98   12.51 (MET)
x_reg[8]$_SDFFE_PN0P_/D (sg13g2_dfrbpq_1)   15.49    2.98   12.51 (MET)
y_reg[8]$_SDFFE_PN0P_/D (sg13g2_dfrbpq_1)   15.49    2.98   12.51 (MET)
y_reg[8]$_SDFFE_PN0P_/D (sg13g2_dfrbpq_1)   15.49    2.98   12.51 (MET)
y_reg[8]$_SDFFE_PN0P_/D (sg13g2_dfrbpq_1)   15.49    2.98   12.51 (MET)
y_reg[7]$_SDFFE_PN0P_/D (sg13g2_dfrbpq_1)   15.48    2.97   12.51 (MET)
y_reg[7]$_SDFFE_PN0P_/D (sg13g2_dfrbpq_1)   15.48    2.97   12.51 (MET)
y_reg[8]$_SDFFE_PN0P_/D (sg13g2_dfrbpq_1)   15.48    2.97   12.51 (MET)
y_reg[8]$_SDFFE_PN0P_/D (sg13g2_dfrbpq_1)   15.48    2.97   12.51 (MET)
y_reg[8]$_SDFFE_PN0P_/D (sg13g2_dfrbpq_1)   15.48    2.97   12.51 (MET)
y_reg[8]$_SDFFE_PN0P_/D (sg13g2_dfrbpq_1)   15.48    2.97   12.51 (MET)
y_reg[6]$_SDFFE_PN0P_/D (sg13g2_dfrbpq_1)   15.49    2.98   12.51 (MET)
y_reg[6]$_SDFFE_PN0P_/D (sg13g2_dfrbpq_1)   15.49    2.98   12.51 (MET)
y_reg[6]$_SDFFE_PN0P_/D (sg13g2_dfrbpq_1)   15.49    2.98   12.51 (MET)
y_reg[6]$_SDFFE_PN0P_/D (sg13g2_dfrbpq_1)   15.49    2.98   12.51 (MET)
y_reg[7]$_SDFFE_PN0P_/D (sg13g2_dfrbpq_1)   15.48    2.97   12.51 (MET)
y_reg[7]$_SDFFE_PN0P_/D (sg13g2_dfrbpq_1)   15.48    2.97   12.51 (MET)
y_reg[8]$_SDFFE_PN0P_/D (sg13g2_dfrbpq_1)   15.48    2.97   12.51 (MET)
y_reg[8]$_SDFFE_PN0P_/D (sg13g2_dfrbpq_1)   15.48    2.97   12.51 (MET)
y_reg[8]$_SDFFE_PN0P_/D (sg13g2_dfrbpq_1)   15.48    2.97   12.51 (MET)
y_reg[8]$_SDFFE_PN0P_/D (sg13g2_dfrbpq_1)   15.48    2.97   12.51 (MET)
x_reg[8]$_SDFFE_PN0P_/D (sg13g2_dfrbpq_1)   15.49    2.98   12.51 (MET)
x_reg[8]$_SDFFE_PN0P_/D (sg13g2_dfrbpq_1)   15.49    2.98   12.51 (MET)
x_reg[8]$_SDFFE_PN0P_/D (sg13g2_dfrbpq_1)   15.49    2.98   12.51 (MET)
x_reg[8]$_SDFFE_PN0P_/D (sg13g2_dfrbpq_1)   15.49    2.98   12.51 (MET)
x_reg[8]$_SDFFE_PN0P_/D (sg13g2_dfrbpq_1)   15.49    2.98   12.51 (MET)
x_reg[8]$_SDFFE_PN0P_/D (sg13g2_dfrbpq_1)   15.49    2.98   12.51 (MET)
x_reg[8]$_SDFFE_PN0P_/D (sg13g2_dfrbpq_1)   15.49    2.98   12.51 (MET)
x_reg[8]$_SDFFE_PN0P_/D (sg13g2_dfrbpq_1)   15.49    2.98   12.51 (MET)
x_reg[8]$_SDFFE_PN0P_/D (sg13g2_dfrbpq_1)   15.49    2.98   12.51 (MET)
x_reg[8]$_SDFFE_PN0P_/D (sg13g2_dfrbpq_1)   15.49    2.98   12.51 (MET)
x_reg[8]$_SDFFE_PN0P_/D (sg13g2_dfrbpq_1)   15.49    2.98   12.51 (MET)
x_reg[8]$_SDFFE_PN0P_/D (sg13g2_dfrbpq_1)   15.49    2.98   12.51 (MET)
x_reg[8]$_SDFFE_PN0P_/D (sg13g2_dfrbpq_1)   15.49    2.98   12.51 (MET)
x_reg[8]$_SDFFE_PN0P_/D (sg13g2_dfrbpq_1)   15.49    2.98   12.51 (MET)
x_reg[8]$_SDFFE_PN0P_/D (sg13g2_dfrbpq_1)   15.49    2.98   12.51 (MET)
x_reg[8]$_SDFFE_PN0P_/D (sg13g2_dfrbpq_1)   15.49    2.98   12.51 (MET)
y_reg[6]$_SDFFE_PN0P_/D (sg13g2_dfrbpq_1)   15.49    2.98   12.51 (MET)
y_reg[6]$_SDFFE_PN0P_/D (sg13g2_dfrbpq_1)   15.49    2.98   12.51 (MET)
y_reg[6]$_SDFFE_PN0P_/D (sg13g2_dfrbpq_1)   15.49    2.98   12.51 (MET)
y_reg[6]$_SDFFE_PN0P_/D (sg13g2_dfrbpq_1)   15.49    2.98   12.51 (MET)
z_reg[9]$_SDFFE_PN0P_/D (sg13g2_dfrbpq_1)   15.48    2.97   12.51 (MET)
x_reg[9]$_SDFFE_PN0P_/D (sg13g2_dfrbpq_1)   15.49    2.98   12.51 (MET)
x_reg[9]$_SDFFE_PN0P_/D (sg13g2_dfrbpq_1)   15.49    2.98   12.51 (MET)
x_reg[9]$_SDFFE_PN0P_/D (sg13g2_dfrbpq_1)   15.49    2.98   12.51 (MET)
x_reg[9]$_SDFFE_PN0P_/D (sg13g2_dfrbpq_1)   15.49    2.98   12.51 (MET)
y_reg[6]$_SDFFE_PN0P_/D (sg13g2_dfrbpq_1)   15.49    2.98   12.51 (MET)
y_reg[6]$_SDFFE_PN0P_/D (sg13g2_dfrbpq_1)   15.49    2.98   12.51 (MET)
y_reg[6]$_SDFFE_PN0P_/D (sg13g2_dfrbpq_1)   15.49    2.98   12.51 (MET)
y_reg[6]$_SDFFE_PN0P_/D (sg13g2_dfrbpq_1)   15.49    2.98   12.51 (MET)
y_reg[6]$_SDFFE_PN0P_/D (sg13g2_dfrbpq_1)   15.49    2.98   12.51 (MET)
y_reg[6]$_SDFFE_PN0P_/D (sg13g2_dfrbpq_1)   15.49    2.98   12.51 (MET)
y_reg[6]$_SDFFE_PN0P_/D (sg13g2_dfrbpq_1)   15.49    2.98   12.51 (MET)
y_reg[6]$_SDFFE_PN0P_/D (sg13g2_dfrbpq_1)   15.49    2.98   12.51 (MET)
y_reg[8]$_SDFFE_PN0P_/D (sg13g2_dfrbpq_1)   15.49    2.98   12.51 (MET)
x_reg[8]$_SDFFE_PN0P_/D (sg13g2_dfrbpq_1)   15.49    2.98   12.51 (MET)
x_reg[8]$_SDFFE_PN0P_/D (sg13g2_dfrbpq_1)   15.49    2.98   12.51 (MET)
x_reg[8]$_SDFFE_PN0P_/D (sg13g2_dfrbpq_1)   15.49    2.98   12.51 (MET)
x_reg[8]$_SDFFE_PN0P_/D (sg13g2_dfrbpq_1)   15.49    2.98   12.51 (MET)
y_reg[4]$_SDFFE_PN0P_/D (sg13g2_dfrbpq_1)   15.48    2.98   12.51 (MET)
y_reg[4]$_SDFFE_PN0P_/D (sg13g2_dfrbpq_1)   15.48    2.98   12.51 (MET)
y_reg[4]$_SDFFE_PN0P_/D (sg13g2_dfrbpq_1)   15.48    2.98   12.51 (MET)
y_reg[4]$_SDFFE_PN0P_/D (sg13g2_dfrbpq_1)   15.48    2.98   12.51 (MET)
y_reg[7]$_SDFFE_PN0P_/D (sg13g2_dfrbpq_1)   15.49    2.98   12.51 (MET)
y_reg[7]$_SDFFE_PN0P_/D (sg13g2_dfrbpq_1)   15.49    2.98   12.51 (MET)
y_reg[8]$_SDFFE_PN0P_/D (sg13g2_dfrbpq_1)   15.49    2.98   12.51 (MET)
y_reg[8]$_SDFFE_PN0P_/D (sg13g2_dfrbpq_1)   15.49    2.98   12.51 (MET)
y_reg[8]$_SDFFE_PN0P_/D (sg13g2_dfrbpq_1)   15.49    2.98   12.51 (MET)
y_reg[8]$_SDFFE_PN0P_/D (sg13g2_dfrbpq_1)   15.48    2.97   12.51 (MET)
y_reg[8]$_SDFFE_PN0P_/D (sg13g2_dfrbpq_1)   15.48    2.97   12.51 (MET)
y_reg[8]$_SDFFE_PN0P_/D (sg13g2_dfrbpq_1)   15.49    2.98   12.51 (MET)
y_reg[8]$_SDFFE_PN0P_/D (sg13g2_dfrbpq_1)   15.48    2.97   12.51 (MET)
y_reg[8]$_SDFFE_PN0P_/D (sg13g2_dfrbpq_1)   15.48    2.97   12.51 (MET)
y_reg[8]$_SDFFE_PN0P_/D (sg13g2_dfrbpq_1)   15.48    2.97   12.51 (MET)
y_reg[8]$_SDFFE_PN0P_/D (sg13g2_dfrbpq_1)   15.48    2.97   12.51 (MET)
y_reg[8]$_SDFFE_PN0P_/D (sg13g2_dfrbpq_1)   15.49    2.98   12.51 (MET)
y_reg[8]$_SDFFE_PN0P_/D (sg13g2_dfrbpq_1)   15.49    2.98   12.51 (MET)
y_reg[6]$_SDFFE_PN0P_/D (sg13g2_dfrbpq_1)   15.49    2.98   12.51 (MET)
y_reg[6]$_SDFFE_PN0P_/D (sg13g2_dfrbpq_1)   15.49    2.98   12.51 (MET)
y_reg[6]$_SDFFE_PN0P_/D (sg13g2_dfrbpq_1)   15.49    2.98   12.51 (MET)
y_reg[6]$_SDFFE_PN0P_/D (sg13g2_dfrbpq_1)   15.49    2.98   12.51 (MET)
y_reg[8]$_SDFFE_PN0P_/D (sg13g2_dfrbpq_1)   15.49    2.98   12.51 (MET)
y_reg[8]$_SDFFE_PN0P_/D (sg13g2_dfrbpq_1)   15.49    2.98   12.51 (MET)
y_reg[8]$_SDFFE_PN0P_/D (sg13g2_dfrbpq_1)   15.49    2.98   12.51 (MET)
y_reg[8]$_SDFFE_PN0P_/D (sg13g2_dfrbpq_1)   15.49    2.98   12.51 (MET)
y_reg[8]$_SDFFE_PN0P_/D (sg13g2_dfrbpq_1)   15.49    2.98   12.51 (MET)
y_reg[6]$_SDFFE_PN0P_/D (sg13g2_dfrbpq_1)   15.49    2.98   12.51 (MET)
y_reg[6]$_SDFFE_PN0P_/D (sg13g2_dfrbpq_1)   15.49    2.98   12.51 (MET)
y_reg[8]$_SDFFE_PN0P_/D (sg13g2_dfrbpq_1)   15.49    2.98   12.51 (MET)
y_reg[8]$_SDFFE_PN0P_/D (sg13g2_dfrbpq_1)   15.48    2.97   12.51 (MET)
y_reg[8]$_SDFFE_PN0P_/D (sg13g2_dfrbpq_1)   15.48    2.97   12.51 (MET)
y_reg[6]$_SDFFE_PN0P_/D (sg13g2_dfrbpq_1)   15.49    2.98   12.51 (MET)
y_reg[6]$_SDFFE_PN0P_/D (sg13g2_dfrbpq_1)   15.49    2.98   12.51 (MET)
y_reg[8]$_SDFFE_PN0P_/D (sg13g2_dfrbpq_1)   15.49    2.98   12.51 (MET)
y_reg[6]$_SDFFE_PN0P_/D (sg13g2_dfrbpq_1)   15.49    2.98   12.51 (MET)
y_reg[6]$_SDFFE_PN0P_/D (sg13g2_dfrbpq_1)   15.49    2.98   12.51 (MET)
y_reg[6]$_SDFFE_PN0P_/D (sg13g2_dfrbpq_1)   15.49    2.98   12.51 (MET)
y_reg[6]$_SDFFE_PN0P_/D (sg13g2_dfrbpq_1)   15.49    2.98   12.51 (MET)
y_reg[6]$_SDFFE_PN0P_/D (sg13g2_dfrbpq_1)   15.49    2.98   12.51 (MET)
y_reg[6]$_SDFFE_PN0P_/D (sg13g2_dfrbpq_1)   15.49    2.98   12.51 (MET)
y_reg[6]$_SDFFE_PN0P_/D (sg13g2_dfrbpq_1)   15.49    2.98   12.51 (MET)
y_reg[6]$_SDFFE_PN0P_/D (sg13g2_dfrbpq_1)   15.49    2.98   12.51 (MET)
x_reg[8]$_SDFFE_PN0P_/D (sg13g2_dfrbpq_1)   15.49    2.98   12.51 (MET)
y_reg[6]$_SDFFE_PN0P_/D (sg13g2_dfrbpq_1)   15.49    2.98   12.51 (MET)
y_reg[6]$_SDFFE_PN0P_/D (sg13g2_dfrbpq_1)   15.49    2.98   12.51 (MET)
y_reg[9]$_SDFFE_PN0P_/D (sg13g2_dfrbpq_1)   15.48    2.98   12.51 (MET)
y_reg[9]$_SDFFE_PN0P_/D (sg13g2_dfrbpq_1)   15.48    2.98   12.51 (MET)
y_reg[6]$_SDFFE_PN0P_/D (sg13g2_dfrbpq_1)   15.49    2.98   12.51 (MET)
y_reg[6]$_SDFFE_PN0P_/D (sg13g2_dfrbpq_1)   15.49    2.98   12.51 (MET)
y_reg[9]$_SDFFE_PN0P_/D (sg13g2_dfrbpq_1)   15.48    2.98   12.51 (MET)
y_reg[9]$_SDFFE_PN0P_/D (sg13g2_dfrbpq_1)   15.48    2.98   12.51 (MET)
y_reg[9]$_SDFFE_PN0P_/D (sg13g2_dfrbpq_1)   15.48    2.98   12.51 (MET)
y_reg[9]$_SDFFE_PN0P_/D (sg13g2_dfrbpq_1)   15.48    2.98   12.51 (MET)
y_reg[8]$_SDFFE_PN0P_/D (sg13g2_dfrbpq_1)   15.49    2.98   12.51 (MET)
y_reg[8]$_SDFFE_PN0P_/D (sg13g2_dfrbpq_1)   15.49    2.98   12.51 (MET)
x_reg[8]$_SDFFE_PN0P_/D (sg13g2_dfrbpq_1)   15.49    2.98   12.51 (MET)
x_reg[8]$_SDFFE_PN0P_/D (sg13g2_dfrbpq_1)   15.49    2.98   12.51 (MET)
y_reg[8]$_SDFFE_PN0P_/D (sg13g2_dfrbpq_1)   15.49    2.98   12.51 (MET)
y_reg[8]$_SDFFE_PN0P_/D (sg13g2_dfrbpq_1)   15.49    2.98   12.51 (MET)
y_reg[6]$_SDFFE_PN0P_/D (sg13g2_dfrbpq_1)   15.49    2.98   12.51 (MET)
y_reg[6]$_SDFFE_PN0P_/D (sg13g2_dfrbpq_1)   15.49    2.98   12.51 (MET)
y_reg[6]$_SDFFE_PN0P_/D (sg13g2_dfrbpq_1)   15.49    2.98   12.51 (MET)
y_reg[6]$_SDFFE_PN0P_/D (sg13g2_dfrbpq_1)   15.49    2.98   12.51 (MET)
x_reg[8]$_SDFFE_PN0P_/D (sg13g2_dfrbpq_1)   15.49    2.98   12.51 (MET)
x_reg[8]$_SDFFE_PN0P_/D (sg13g2_dfrbpq_1)   15.49    2.98   12.51 (MET)
y_reg[6]$_SDFFE_PN0P_/D (sg13g2_dfrbpq_1)   15.49    2.98   12.51 (MET)
y_reg[6]$_SDFFE_PN0P_/D (sg13g2_dfrbpq_1)   15.49    2.98   12.51 (MET)
y_reg[6]$_SDFFE_PN0P_/D (sg13g2_dfrbpq_1)   15.49    2.98   12.51 (MET)
y_reg[6]$_SDFFE_PN0P_/D (sg13g2_dfrbpq_1)   15.49    2.98   12.51 (MET)
z_reg[2]$_SDFFE_PN0P_/D (sg13g2_dfrbpq_1)   15.48    2.97   12.51 (MET)
z_reg[2]$_SDFFE_PN0P_/D (sg13g2_dfrbpq_1)   15.48    2.97   12.51 (MET)
x_reg[7]$_SDFFE_PN0P_/D (sg13g2_dfrbpq_1)   15.47    2.96   12.51 (MET)
x_reg[7]$_SDFFE_PN0P_/D (sg13g2_dfrbpq_1)   15.47    2.96   12.51 (MET)
x_reg[7]$_SDFFE_PN0P_/D (sg13g2_dfrbpq_1)   15.47    2.96   12.51 (MET)
x_reg[7]$_SDFFE_PN0P_/D (sg13g2_dfrbpq_1)   15.47    2.96   12.51 (MET)
x_reg[7]$_SDFFE_PN0P_/D (sg13g2_dfrbpq_1)   15.47    2.96   12.51 (MET)
x_reg[7]$_SDFFE_PN0P_/D (sg13g2_dfrbpq_1)   15.47    2.96   12.51 (MET)
x_reg[7]$_SDFFE_PN0P_/D (sg13g2_dfrbpq_1)   15.47    2.96   12.51 (MET)
x_reg[7]$_SDFFE_PN0P_/D (sg13g2_dfrbpq_1)   15.47    2.96   12.51 (MET)
y_reg[7]$_SDFFE_PN0P_/D (sg13g2_dfrbpq_1)   15.49    2.98   12.51 (MET)
x_reg[9]$_SDFFE_PN0P_/D (sg13g2_dfrbpq_1)   15.49    2.98   12.51 (MET)
x_reg[9]$_SDFFE_PN0P_/D (sg13g2_dfrbpq_1)   15.49    2.98   12.51 (MET)
x_reg[9]$_SDFFE_PN0P_/D (sg13g2_dfrbpq_1)   15.49    2.98   12.51 (MET)
x_reg[9]$_SDFFE_PN0P_/D (sg13g2_dfrbpq_1)   15.49    2.98   12.51 (MET)
y_reg[7]$_SDFFE_PN0P_/D (sg13g2_dfrbpq_1)   15.48    2.97   12.51 (MET)
y_reg[7]$_SDFFE_PN0P_/D (sg13g2_dfrbpq_1)   15.48    2.97   12.51 (MET)
y_reg[7]$_SDFFE_PN0P_/D (sg13g2_dfrbpq_1)   15.48    2.97   12.51 (MET)
y_reg[7]$_SDFFE_PN0P_/D (sg13g2_dfrbpq_1)   15.48    2.97   12.51 (MET)
y_reg[7]$_SDFFE_PN0P_/D (sg13g2_dfrbpq_1)   15.49    2.98   12.51 (MET)
y_reg[7]$_SDFFE_PN0P_/D (sg13g2_dfrbpq_1)   15.48    2.97   12.51 (MET)
y_reg[7]$_SDFFE_PN0P_/D (sg13g2_dfrbpq_1)   15.48    2.97   12.51 (MET)
y_reg[7]$_SDFFE_PN0P_/D (sg13g2_dfrbpq_1)   15.48    2.97   12.51 (MET)
y_reg[7]$_SDFFE_PN0P_/D (sg13g2_dfrbpq_1)   15.48    2.97   12.51 (MET)
y_reg[7]$_SDFFE_PN0P_/D (sg13g2_dfrbpq_1)   15.48    2.97   12.51 (MET)
y_reg[7]$_SDFFE_PN0P_/D (sg13g2_dfrbpq_1)   15.48    2.97   12.51 (MET)
y_reg[7]$_SDFFE_PN0P_/D (sg13g2_dfrbpq_1)   15.48    2.97   12.51 (MET)
y_reg[7]$_SDFFE_PN0P_/D (sg13g2_dfrbpq_1)   15.48    2.97   12.51 (MET)
x_reg[8]$_SDFFE_PN0P_/D (sg13g2_dfrbpq_1)   15.49    2.98   12.51 (MET)
x_reg[8]$_SDFFE_PN0P_/D (sg13g2_dfrbpq_1)   15.49    2.98   12.51 (MET)
y_reg[6]$_SDFFE_PN0P_/D (sg13g2_dfrbpq_1)   15.49    2.98   12.51 (MET)
y_reg[6]$_SDFFE_PN0P_/D (sg13g2_dfrbpq_1)   15.49    2.98   12.51 (MET)
y_reg[6]$_SDFFE_PN0P_/D (sg13g2_dfrbpq_1)   15.49    2.98   12.51 (MET)
y_reg[6]$_SDFFE_PN0P_/D (sg13g2_dfrbpq_1)   15.49    2.98   12.51 (MET)
y_reg[6]$_SDFFE_PN0P_/D (sg13g2_dfrbpq_1)   15.49    2.98   12.51 (MET)
y_reg[6]$_SDFFE_PN0P_/D (sg13g2_dfrbpq_1)   15.49    2.98   12.51 (MET)
y_reg[6]$_SDFFE_PN0P_/D (sg13g2_dfrbpq_1)   15.49    2.98   12.51 (MET)
y_reg[6]$_SDFFE_PN0P_/D (sg13g2_dfrbpq_1)   15.49    2.98   12.51 (MET)
y_reg[6]$_SDFFE_PN0P_/D (sg13g2_dfrbpq_1)   15.49    2.98   12.51 (MET)
y_reg[6]$_SDFFE_PN0P_/D (sg13g2_dfrbpq_1)   15.49    2.98   12.51 (MET)
x_reg[8]$_SDFFE_PN0P_/D (sg13g2_dfrbpq_1)   15.49    2.98   12.51 (MET)
x_reg[8]$_SDFFE_PN0P_/D (sg13g2_dfrbpq_1)   15.49    2.98   12.51 (MET)
y_reg[9]$_SDFFE_PN0P_/D (sg13g2_dfrbpq_1)   15.48    2.98   12.51 (MET)
y_reg[9]$_SDFFE_PN0P_/D (sg13g2_dfrbpq_1)   15.48    2.98   12.51 (MET)
y_reg[9]$_SDFFE_PN0P_/D (sg13g2_dfrbpq_1)   15.48    2.98   12.51 (MET)
y_reg[9]$_SDFFE_PN0P_/D (sg13g2_dfrbpq_1)   15.48    2.98   12.51 (MET)
y_reg[6]$_SDFFE_PN0P_/D (sg13g2_dfrbpq_1)   15.49    2.98   12.51 (MET)
y_reg[6]$_SDFFE_PN0P_/D (sg13g2_dfrbpq_1)   15.49    2.98   12.51 (MET)
y_reg[9]$_SDFFE_PN0P_/D (sg13g2_dfrbpq_1)   15.48    2.98   12.51 (MET)
y_reg[9]$_SDFFE_PN0P_/D (sg13g2_dfrbpq_1)   15.48    2.98   12.51 (MET)
x_reg[8]$_SDFFE_PN0P_/D (sg13g2_dfrbpq_1)   15.49    2.98   12.51 (MET)
x_reg[8]$_SDFFE_PN0P_/D (sg13g2_dfrbpq_1)   15.49    2.98   12.51 (MET)
x_reg[8]$_SDFFE_PN0P_/D (sg13g2_dfrbpq_1)   15.49    2.98   12.51 (MET)
x_reg[8]$_SDFFE_PN0P_/D (sg13g2_dfrbpq_1)   15.49    2.98   12.51 (MET)
x_reg[8]$_SDFFE_PN0P_/D (sg13g2_dfrbpq_1)   15.49    2.98   12.51 (MET)
x_reg[8]$_SDFFE_PN0P_/D (sg13g2_dfrbpq_1)   15.49    2.98   12.51 (MET)
x_reg[8]$_SDFFE_PN0P_/D (sg13g2_dfrbpq_1)   15.49    2.98   12.51 (MET)
x_reg[8]$_SDFFE_PN0P_/D (sg13g2_dfrbpq_1)   15.49    2.98   12.51 (MET)
y_reg[8]$_SDFFE_PN0P_/D (sg13g2_dfrbpq_1)   15.49    2.98   12.51 (MET)
y_reg[8]$_SDFFE_PN0P_/D (sg13g2_dfrbpq_1)   15.49    2.98   12.51 (MET)
x_reg[8]$_SDFFE_PN0P_/D (sg13g2_dfrbpq_1)   15.49    2.98   12.51 (MET)
x_reg[8]$_SDFFE_PN0P_/D (sg13g2_dfrbpq_1)   15.49    2.98   12.51 (MET)
x_reg[8]$_SDFFE_PN0P_/D (sg13g2_dfrbpq_1)   15.49    2.98   12.51 (MET)
x_reg[8]$_SDFFE_PN0P_/D (sg13g2_dfrbpq_1)   15.49    2.98   12.51 (MET)
x_reg[8]$_SDFFE_PN0P_/D (sg13g2_dfrbpq_1)   15.49    2.98   12.51 (MET)
x_reg[8]$_SDFFE_PN0P_/D (sg13g2_dfrbpq_1)   15.49    2.98   12.51 (MET)
x_reg[8]$_SDFFE_PN0P_/D (sg13g2_dfrbpq_1)   15.49    2.98   12.51 (MET)
x_reg[8]$_SDFFE_PN0P_/D (sg13g2_dfrbpq_1)   15.49    2.98   12.51 (MET)
y_reg[8]$_SDFFE_PN0P_/D (sg13g2_dfrbpq_1)   15.49    2.98   12.51 (MET)
y_reg[8]$_SDFFE_PN0P_/D (sg13g2_dfrbpq_1)   15.49    2.98   12.51 (MET)
y_reg[6]$_SDFFE_PN0P_/D (sg13g2_dfrbpq_1)   15.49    2.98   12.51 (MET)
y_reg[6]$_SDFFE_PN0P_/D (sg13g2_dfrbpq_1)   15.49    2.98   12.51 (MET)
y_reg[8]$_SDFFE_PN0P_/D (sg13g2_dfrbpq_1)   15.49    2.98   12.51 (MET)
y_reg[8]$_SDFFE_PN0P_/D (sg13g2_dfrbpq_1)   15.49    2.98   12.51 (MET)
y_reg[8]$_SDFFE_PN0P_/D (sg13g2_dfrbpq_1)   15.49    2.98   12.51 (MET)
y_reg[8]$_SDFFE_PN0P_/D (sg13g2_dfrbpq_1)   15.49    2.98   12.51 (MET)
x_reg[8]$_SDFFE_PN0P_/D (sg13g2_dfrbpq_1)   15.49    2.98   12.51 (MET)
y_reg[6]$_SDFFE_PN0P_/D (sg13g2_dfrbpq_1)   15.49    2.98   12.51 (MET)
y_reg[6]$_SDFFE_PN0P_/D (sg13g2_dfrbpq_1)   15.49    2.98   12.51 (MET)
y_reg[8]$_SDFFE_PN0P_/D (sg13g2_dfrbpq_1)   15.49    2.98   12.51 (MET)
y_reg[8]$_SDFFE_PN0P_/D (sg13g2_dfrbpq_1)   15.49    2.98   12.51 (MET)
y_reg[8]$_SDFFE_PN0P_/D (sg13g2_dfrbpq_1)   15.49    2.98   12.51 (MET)
y_reg[8]$_SDFFE_PN0P_/D (sg13g2_dfrbpq_1)   15.49    2.98   12.51 (MET)
y_reg[8]$_SDFFE_PN0P_/D (sg13g2_dfrbpq_1)   15.49    2.98   12.51 (MET)
y_reg[8]$_SDFFE_PN0P_/D (sg13g2_dfrbpq_1)   15.49    2.98   12.51 (MET)
y_reg[8]$_SDFFE_PN0P_/D (sg13g2_dfrbpq_1)   15.49    2.98   12.51 (MET)
y_reg[8]$_SDFFE_PN0P_/D (sg13g2_dfrbpq_1)   15.49    2.98   12.51 (MET)
y_reg[8]$_SDFFE_PN0P_/D (sg13g2_dfrbpq_1)   15.49    2.98   12.51 (MET)
y_reg[8]$_SDFFE_PN0P_/D (sg13g2_dfrbpq_1)   15.48    2.97   12.51 (MET)
y_reg[8]$_SDFFE_PN0P_/D (sg13g2_dfrbpq_1)   15.48    2.97   12.51 (MET)
x_reg[8]$_SDFFE_PN0P_/D (sg13g2_dfrbpq_1)   15.49    2.98   12.51 (MET)
x_reg[8]$_SDFFE_PN0P_/D (sg13g2_dfrbpq_1)   15.49    2.98   12.51 (MET)
x_reg[8]$_SDFFE_PN0P_/D (sg13g2_dfrbpq_1)   15.49    2.98   12.51 (MET)
x_reg[8]$_SDFFE_PN0P_/D (sg13g2_dfrbpq_1)   15.49    2.98   12.51 (MET)
x_reg[8]$_SDFFE_PN0P_/D (sg13g2_dfrbpq_1)   15.49    2.98   12.51 (MET)
x_reg[8]$_SDFFE_PN0P_/D (sg13g2_dfrbpq_1)   15.49    2.98   12.51 (MET)
x_reg[8]$_SDFFE_PN0P_/D (sg13g2_dfrbpq_1)   15.49    2.98   12.51 (MET)
x_reg[8]$_SDFFE_PN0P_/D (sg13g2_dfrbpq_1)   15.49    2.98   12.51 (MET)
y_reg[8]$_SDFFE_PN0P_/D (sg13g2_dfrbpq_1)   15.49    2.98   12.51 (MET)
y_reg[8]$_SDFFE_PN0P_/D (sg13g2_dfrbpq_1)   15.48    2.97   12.51 (MET)
y_reg[8]$_SDFFE_PN0P_/D (sg13g2_dfrbpq_1)   15.48    2.97   12.51 (MET)
z_reg[6]$_SDFFE_PN0P_/D (sg13g2_dfrbpq_1)   15.48    2.97   12.51 (MET)
z_reg[6]$_SDFFE_PN0P_/D (sg13g2_dfrbpq_1)   15.48    2.97   12.51 (MET)
z_reg[6]$_SDFFE_PN0P_/D (sg13g2_dfrbpq_1)   15.48    2.97   12.51 (MET)
z_reg[6]$_SDFFE_PN0P_/D (sg13g2_dfrbpq_1)   15.48    2.97   12.51 (MET)
y_reg[9]$_SDFFE_PN0P_/D (sg13g2_dfrbpq_1)   15.48    2.97   12.51 (MET)
y_reg[9]$_SDFFE_PN0P_/D (sg13g2_dfrbpq_1)   15.48    2.97   12.51 (MET)
y_reg[9]$_SDFFE_PN0P_/D (sg13g2_dfrbpq_1)   15.48    2.97   12.51 (MET)
y_reg[9]$_SDFFE_PN0P_/D (sg13g2_dfrbpq_1)   15.48    2.97   12.51 (MET)
y_reg[8]$_SDFFE_PN0P_/D (sg13g2_dfrbpq_1)   15.48    2.97   12.51 (MET)
y_reg[8]$_SDFFE_PN0P_/D (sg13g2_dfrbpq_1)   15.48    2.97   12.51 (MET)
y_reg[8]$_SDFFE_PN0P_/D (sg13g2_dfrbpq_1)   15.48    2.97   12.51 (MET)
y_reg[8]$_SDFFE_PN0P_/D (sg13g2_dfrbpq_1)   15.48    2.97   12.51 (MET)
y_reg[8]$_SDFFE_PN0P_/D (sg13g2_dfrbpq_1)   15.48    2.97   12.51 (MET)
y_reg[8]$_SDFFE_PN0P_/D (sg13g2_dfrbpq_1)   15.48    2.97   12.51 (MET)
y_reg[8]$_SDFFE_PN0P_/D (sg13g2_dfrbpq_1)   15.48    2.97   12.51 (MET)
y_reg[8]$_SDFFE_PN0P_/D (sg13g2_dfrbpq_1)   15.48    2.97   12.51 (MET)
x_reg[8]$_SDFFE_PN0P_/D (sg13g2_dfrbpq_1)   15.49    2.98   12.51 (MET)
x_reg[8]$_SDFFE_PN0P_/D (sg13g2_dfrbpq_1)   15.49    2.98   12.51 (MET)
x_reg[8]$_SDFFE_PN0P_/D (sg13g2_dfrbpq_1)   15.49    2.98   12.51 (MET)
x_reg[8]$_SDFFE_PN0P_/D (sg13g2_dfrbpq_1)   15.49    2.98   12.51 (MET)
y_reg[8]$_SDFFE_PN0P_/D (sg13g2_dfrbpq_1)   15.49    2.98   12.51 (MET)
y_reg[8]$_SDFFE_PN0P_/D (sg13g2_dfrbpq_1)   15.49    2.98   12.51 (MET)
y_reg[8]$_SDFFE_PN0P_/D (sg13g2_dfrbpq_1)   15.49    2.98   12.51 (MET)
y_reg[8]$_SDFFE_PN0P_/D (sg13g2_dfrbpq_1)   15.49    2.98   12.51 (MET)
y_reg[8]$_SDFFE_PN0P_/D (sg13g2_dfrbpq_1)   15.49    2.98   12.51 (MET)
y_reg[8]$_SDFFE_PN0P_/D (sg13g2_dfrbpq_1)   15.49    2.98   12.51 (MET)
y_reg[9]$_SDFFE_PN0P_/D (sg13g2_dfrbpq_1)   15.48    2.97   12.51 (MET)
x_reg[7]$_SDFFE_PN0P_/D (sg13g2_dfrbpq_1)   15.47    2.96   12.51 (MET)
x_reg[7]$_SDFFE_PN0P_/D (sg13g2_dfrbpq_1)   15.47    2.96   12.51 (MET)
x_reg[7]$_SDFFE_PN0P_/D (sg13g2_dfrbpq_1)   15.47    2.96   12.51 (MET)
x_reg[7]$_SDFFE_PN0P_/D (sg13g2_dfrbpq_1)   15.47    2.96   12.51 (MET)
x_reg[7]$_SDFFE_PN0P_/D (sg13g2_dfrbpq_1)   15.47    2.96   12.51 (MET)
x_reg[7]$_SDFFE_PN0P_/D (sg13g2_dfrbpq_1)   15.47    2.96   12.51 (MET)
x_reg[7]$_SDFFE_PN0P_/D (sg13g2_dfrbpq_1)   15.47    2.96   12.51 (MET)
x_reg[7]$_SDFFE_PN0P_/D (sg13g2_dfrbpq_1)   15.47    2.96   12.51 (MET)
y_reg[8]$_SDFFE_PN0P_/D (sg13g2_dfrbpq_1)   15.49    2.98   12.51 (MET)
y_reg[8]$_SDFFE_PN0P_/D (sg13g2_dfrbpq_1)   15.49    2.98   12.51 (MET)
y_reg[8]$_SDFFE_PN0P_/D (sg13g2_dfrbpq_1)   15.49    2.98   12.51 (MET)
y_reg[8]$_SDFFE_PN0P_/D (sg13g2_dfrbpq_1)   15.49    2.98   12.51 (MET)
y_reg[8]$_SDFFE_PN0P_/D (sg13g2_dfrbpq_1)   15.49    2.98   12.51 (MET)
y_reg[8]$_SDFFE_PN0P_/D (sg13g2_dfrbpq_1)   15.49    2.98   12.51 (MET)
y_reg[8]$_SDFFE_PN0P_/D (sg13g2_dfrbpq_1)   15.49    2.98   12.51 (MET)
y_reg[8]$_SDFFE_PN0P_/D (sg13g2_dfrbpq_1)   15.49    2.98   12.51 (MET)
y_reg[8]$_SDFFE_PN0P_/D (sg13g2_dfrbpq_1)   15.49    2.98   12.51 (MET)
y_reg[8]$_SDFFE_PN0P_/D (sg13g2_dfrbpq_1)   15.49    2.98   12.51 (MET)
y_reg[8]$_SDFFE_PN0P_/D (sg13g2_dfrbpq_1)   15.49    2.98   12.51 (MET)
x_reg[7]$_SDFFE_PN0P_/D (sg13g2_dfrbpq_1)   15.47    2.96   12.51 (MET)
x_reg[7]$_SDFFE_PN0P_/D (sg13g2_dfrbpq_1)   15.47    2.96   12.51 (MET)
x_reg[7]$_SDFFE_PN0P_/D (sg13g2_dfrbpq_1)   15.47    2.96   12.51 (MET)
x_reg[7]$_SDFFE_PN0P_/D (sg13g2_dfrbpq_1)   15.47    2.96   12.51 (MET)
x_reg[7]$_SDFFE_PN0P_/D (sg13g2_dfrbpq_1)   15.47    2.96   12.51 (MET)
x_reg[7]$_SDFFE_PN0P_/D (sg13g2_dfrbpq_1)   15.47    2.96   12.51 (MET)
x_reg[7]$_SDFFE_PN0P_/D (sg13g2_dfrbpq_1)   15.47    2.96   12.51 (MET)
x_reg[7]$_SDFFE_PN0P_/D (sg13g2_dfrbpq_1)   15.47    2.96   12.51 (MET)
y_reg[9]$_SDFFE_PN0P_/D (sg13g2_dfrbpq_1)   15.48    2.97   12.51 (MET)
x_reg[8]$_SDFFE_PN0P_/D (sg13g2_dfrbpq_1)   15.49    2.98   12.51 (MET)
x_reg[8]$_SDFFE_PN0P_/D (sg13g2_dfrbpq_1)   15.49    2.98   12.51 (MET)
x_reg[8]$_SDFFE_PN0P_/D (sg13g2_dfrbpq_1)   15.49    2.98   12.51 (MET)
x_reg[8]$_SDFFE_PN0P_/D (sg13g2_dfrbpq_1)   15.49    2.98   12.51 (MET)
x_reg[8]$_SDFFE_PN0P_/D (sg13g2_dfrbpq_1)   15.49    2.98   12.51 (MET)
x_reg[8]$_SDFFE_PN0P_/D (sg13g2_dfrbpq_1)   15.49    2.98   12.51 (MET)
x_reg[8]$_SDFFE_PN0P_/D (sg13g2_dfrbpq_1)   15.49    2.98   12.51 (MET)
x_reg[8]$_SDFFE_PN0P_/D (sg13g2_dfrbpq_1)   15.49    2.98   12.51 (MET)
y_reg[8]$_SDFFE_PN0P_/D (sg13g2_dfrbpq_1)   15.49    2.98   12.51 (MET)
y_reg[8]$_SDFFE_PN0P_/D (sg13g2_dfrbpq_1)   15.49    2.98   12.51 (MET)
y_reg[8]$_SDFFE_PN0P_/D (sg13g2_dfrbpq_1)   15.49    2.98   12.51 (MET)
y_reg[9]$_SDFFE_PN0P_/D (sg13g2_dfrbpq_1)   15.48    2.97   12.51 (MET)
y_reg[9]$_SDFFE_PN0P_/D (sg13g2_dfrbpq_1)   15.48    2.97   12.51 (MET)
y_reg[8]$_SDFFE_PN0P_/D (sg13g2_dfrbpq_1)   15.49    2.98   12.51 (MET)
y_reg[8]$_SDFFE_PN0P_/D (sg13g2_dfrbpq_1)   15.49    2.98   12.51 (MET)
y_reg[9]$_SDFFE_PN0P_/D (sg13g2_dfrbpq_1)   15.48    2.97   12.51 (MET)
y_reg[8]$_SDFFE_PN0P_/D (sg13g2_dfrbpq_1)   15.49    2.98   12.51 (MET)
iter_cnt[1]$_SDFFE_PN0P_/D (sg13g2_dfrbpq_1)   15.48    2.97   12.51 (MET)
iter_cnt[1]$_SDFFE_PN0P_/D (sg13g2_dfrbpq_1)   15.48    2.97   12.51 (MET)
x_reg[8]$_SDFFE_PN0P_/D (sg13g2_dfrbpq_1)   15.49    2.98   12.51 (MET)
x_reg[8]$_SDFFE_PN0P_/D (sg13g2_dfrbpq_1)   15.49    2.98   12.51 (MET)
x_reg[8]$_SDFFE_PN0P_/D (sg13g2_dfrbpq_1)   15.49    2.98   12.51 (MET)
x_reg[8]$_SDFFE_PN0P_/D (sg13g2_dfrbpq_1)   15.49    2.98   12.51 (MET)
y_reg[9]$_SDFFE_PN0P_/D (sg13g2_dfrbpq_1)   15.48    2.97   12.51 (MET)
y_reg[9]$_SDFFE_PN0P_/D (sg13g2_dfrbpq_1)   15.48    2.97   12.51 (MET)
y_reg[9]$_SDFFE_PN0P_/D (sg13g2_dfrbpq_1)   15.48    2.97   12.51 (MET)
y_reg[9]$_SDFFE_PN0P_/D (sg13g2_dfrbpq_1)   15.48    2.97   12.51 (MET)
y_reg[6]$_SDFFE_PN0P_/D (sg13g2_dfrbpq_1)   15.49    2.98   12.51 (MET)
y_reg[6]$_SDFFE_PN0P_/D (sg13g2_dfrbpq_1)   15.49    2.98   12.51 (MET)
y_reg[6]$_SDFFE_PN0P_/D (sg13g2_dfrbpq_1)   15.49    2.98   12.51 (MET)
y_reg[6]$_SDFFE_PN0P_/D (sg13g2_dfrbpq_1)   15.49    2.98   12.51 (MET)
x_reg[8]$_SDFFE_PN0P_/D (sg13g2_dfrbpq_1)   15.49    2.98   12.51 (MET)
x_reg[8]$_SDFFE_PN0P_/D (sg13g2_dfrbpq_1)   15.49    2.98   12.51 (MET)
x_reg[8]$_SDFFE_PN0P_/D (sg13g2_dfrbpq_1)   15.49    2.98   12.51 (MET)
x_reg[8]$_SDFFE_PN0P_/D (sg13g2_dfrbpq_1)   15.49    2.98   12.51 (MET)
y_reg[9]$_SDFFE_PN0P_/D (sg13g2_dfrbpq_1)   15.48    2.97   12.51 (MET)
y_reg[9]$_SDFFE_PN0P_/D (sg13g2_dfrbpq_1)   15.48    2.97   12.51 (MET)
y_reg[7]$_SDFFE_PN0P_/D (sg13g2_dfrbpq_1)   15.49    2.98   12.51 (MET)
x_reg[8]$_SDFFE_PN0P_/D (sg13g2_dfrbpq_1)   15.49    2.98   12.51 (MET)
x_reg[8]$_SDFFE_PN0P_/D (sg13g2_dfrbpq_1)   15.49    2.98   12.51 (MET)
x_reg[8]$_SDFFE_PN0P_/D (sg13g2_dfrbpq_1)   15.49    2.98   12.51 (MET)
x_reg[8]$_SDFFE_PN0P_/D (sg13g2_dfrbpq_1)   15.49    2.98   12.51 (MET)
x_reg[8]$_SDFFE_PN0P_/D (sg13g2_dfrbpq_1)   15.49    2.98   12.51 (MET)
x_reg[8]$_SDFFE_PN0P_/D (sg13g2_dfrbpq_1)   15.49    2.98   12.51 (MET)
x_reg[8]$_SDFFE_PN0P_/D (sg13g2_dfrbpq_1)   15.49    2.98   12.51 (MET)
x_reg[8]$_SDFFE_PN0P_/D (sg13g2_dfrbpq_1)   15.49    2.98   12.51 (MET)
y_reg[6]$_SDFFE_PN0P_/D (sg13g2_dfrbpq_1)   15.49    2.98   12.51 (MET)
y_reg[6]$_SDFFE_PN0P_/D (sg13g2_dfrbpq_1)   15.49    2.98   12.51 (MET)
y_reg[8]$_SDFFE_PN0P_/D (sg13g2_dfrbpq_1)   15.49    2.98   12.51 (MET)
y_reg[8]$_SDFFE_PN0P_/D (sg13g2_dfrbpq_1)   15.49    2.98   12.51 (MET)
y_reg[9]$_SDFFE_PN0P_/D (sg13g2_dfrbpq_1)   15.48    2.97   12.51 (MET)
x_reg[8]$_SDFFE_PN0P_/D (sg13g2_dfrbpq_1)   15.49    2.98   12.51 (MET)
x_reg[8]$_SDFFE_PN0P_/D (sg13g2_dfrbpq_1)   15.49    2.98   12.51 (MET)
x_reg[8]$_SDFFE_PN0P_/D (sg13g2_dfrbpq_1)   15.49    2.98   12.51 (MET)
x_reg[8]$_SDFFE_PN0P_/D (sg13g2_dfrbpq_1)   15.49    2.98   12.51 (MET)
y_reg[9]$_SDFFE_PN0P_/D (sg13g2_dfrbpq_1)   15.48    2.97   12.51 (MET)
y_reg[9]$_SDFFE_PN0P_/D (sg13g2_dfrbpq_1)   15.49    2.98   12.51 (MET)
y_reg[9]$_SDFFE_PN0P_/D (sg13g2_dfrbpq_1)   15.49    2.98   12.51 (MET)
y_reg[9]$_SDFFE_PN0P_/D (sg13g2_dfrbpq_1)   15.49    2.98   12.51 (MET)
y_reg[9]$_SDFFE_PN0P_/D (sg13g2_dfrbpq_1)   15.49    2.98   12.51 (MET)
y_reg[8]$_SDFFE_PN0P_/D (sg13g2_dfrbpq_1)   15.48    2.97   12.51 (MET)
y_reg[8]$_SDFFE_PN0P_/D (sg13g2_dfrbpq_1)   15.48    2.97   12.51 (MET)
y_reg[9]$_SDFFE_PN0P_/D (sg13g2_dfrbpq_1)   15.49    2.98   12.51 (MET)
y_reg[9]$_SDFFE_PN0P_/D (sg13g2_dfrbpq_1)   15.49    2.98   12.51 (MET)
y_reg[9]$_SDFFE_PN0P_/D (sg13g2_dfrbpq_1)   15.48    2.97   12.51 (MET)
y_reg[8]$_SDFFE_PN0P_/D (sg13g2_dfrbpq_1)   15.48    2.97   12.51 (MET)
y_reg[8]$_SDFFE_PN0P_/D (sg13g2_dfrbpq_1)   15.48    2.97   12.51 (MET)
y_reg[6]$_SDFFE_PN0P_/D (sg13g2_dfrbpq_1)   15.49    2.98   12.51 (MET)
y_reg[6]$_SDFFE_PN0P_/D (sg13g2_dfrbpq_1)   15.49    2.98   12.51 (MET)
y_reg[6]$_SDFFE_PN0P_/D (sg13g2_dfrbpq_1)   15.49    2.98   12.51 (MET)
y_reg[6]$_SDFFE_PN0P_/D (sg13g2_dfrbpq_1)   15.49    2.98   12.51 (MET)
y_reg[8]$_SDFFE_PN0P_/D (sg13g2_dfrbpq_1)   15.48    2.97   12.51 (MET)
y_reg[8]$_SDFFE_PN0P_/D (sg13g2_dfrbpq_1)   15.48    2.97   12.51 (MET)
y_reg[6]$_SDFFE_PN0P_/D (sg13g2_dfrbpq_1)   15.49    2.98   12.51 (MET)
y_reg[6]$_SDFFE_PN0P_/D (sg13g2_dfrbpq_1)   15.49    2.98   12.51 (MET)
y_reg[6]$_SDFFE_PN0P_/D (sg13g2_dfrbpq_1)   15.49    2.98   12.51 (MET)
y_reg[6]$_SDFFE_PN0P_/D (sg13g2_dfrbpq_1)   15.49    2.98   12.51 (MET)
y_reg[9]$_SDFFE_PN0P_/D (sg13g2_dfrbpq_1)   15.49    2.98   12.51 (MET)
y_reg[9]$_SDFFE_PN0P_/D (sg13g2_dfrbpq_1)   15.49    2.98   12.51 (MET)
y_reg[9]$_SDFFE_PN0P_/D (sg13g2_dfrbpq_1)   15.49    2.98   12.51 (MET)
y_reg[9]$_SDFFE_PN0P_/D (sg13g2_dfrbpq_1)   15.49    2.98   12.51 (MET)
x_reg[8]$_SDFFE_PN0P_/D (sg13g2_dfrbpq_1)   15.49    2.98   12.51 (MET)
x_reg[8]$_SDFFE_PN0P_/D (sg13g2_dfrbpq_1)   15.49    2.98   12.51 (MET)
x_reg[8]$_SDFFE_PN0P_/D (sg13g2_dfrbpq_1)   15.49    2.98   12.51 (MET)
x_reg[8]$_SDFFE_PN0P_/D (sg13g2_dfrbpq_1)   15.49    2.98   12.51 (MET)
x_reg[8]$_SDFFE_PN0P_/D (sg13g2_dfrbpq_1)   15.49    2.98   12.51 (MET)
x_reg[8]$_SDFFE_PN0P_/D (sg13g2_dfrbpq_1)   15.49    2.98   12.51 (MET)
x_reg[8]$_SDFFE_PN0P_/D (sg13g2_dfrbpq_1)   15.49    2.98   12.51 (MET)
x_reg[8]$_SDFFE_PN0P_/D (sg13g2_dfrbpq_1)   15.49    2.98   12.51 (MET)
y_reg[9]$_SDFFE_PN0P_/D (sg13g2_dfrbpq_1)   15.49    2.98   12.51 (MET)
y_reg[9]$_SDFFE_PN0P_/D (sg13g2_dfrbpq_1)   15.49    2.98   12.51 (MET)
y_reg[9]$_SDFFE_PN0P_/D (sg13g2_dfrbpq_1)   15.49    2.98   12.51 (MET)
y_reg[9]$_SDFFE_PN0P_/D (sg13g2_dfrbpq_1)   15.49    2.98   12.51 (MET)
y_reg[9]$_SDFFE_PN0P_/D (sg13g2_dfrbpq_1)   15.49    2.98   12.51 (MET)
y_reg[9]$_SDFFE_PN0P_/D (sg13g2_dfrbpq_1)   15.49    2.98   12.51 (MET)
x_reg[8]$_SDFFE_PN0P_/D (sg13g2_dfrbpq_1)   15.49    2.98   12.51 (MET)
x_reg[8]$_SDFFE_PN0P_/D (sg13g2_dfrbpq_1)   15.49    2.98   12.51 (MET)
x_reg[8]$_SDFFE_PN0P_/D (sg13g2_dfrbpq_1)   15.49    2.98   12.51 (MET)
x_reg[8]$_SDFFE_PN0P_/D (sg13g2_dfrbpq_1)   15.49    2.98   12.51 (MET)
x_reg[8]$_SDFFE_PN0P_/D (sg13g2_dfrbpq_1)   15.49    2.98   12.51 (MET)
x_reg[8]$_SDFFE_PN0P_/D (sg13g2_dfrbpq_1)   15.49    2.98   12.51 (MET)
x_reg[8]$_SDFFE_PN0P_/D (sg13g2_dfrbpq_1)   15.49    2.98   12.51 (MET)
x_reg[8]$_SDFFE_PN0P_/D (sg13g2_dfrbpq_1)   15.49    2.98   12.51 (MET)
x_reg[8]$_SDFFE_PN0P_/D (sg13g2_dfrbpq_1)   15.49    2.98   12.51 (MET)
x_reg[8]$_SDFFE_PN0P_/D (sg13g2_dfrbpq_1)   15.49    2.98   12.51 (MET)
x_reg[8]$_SDFFE_PN0P_/D (sg13g2_dfrbpq_1)   15.49    2.98   12.51 (MET)
x_reg[8]$_SDFFE_PN0P_/D (sg13g2_dfrbpq_1)   15.49    2.98   12.51 (MET)
x_reg[8]$_SDFFE_PN0P_/D (sg13g2_dfrbpq_1)   15.49    2.98   12.51 (MET)
x_reg[8]$_SDFFE_PN0P_/D (sg13g2_dfrbpq_1)   15.49    2.98   12.51 (MET)
x_reg[8]$_SDFFE_PN0P_/D (sg13g2_dfrbpq_1)   15.49    2.98   12.51 (MET)
x_reg[8]$_SDFFE_PN0P_/D (sg13g2_dfrbpq_1)   15.49    2.98   12.51 (MET)
y_reg[9]$_SDFFE_PN0P_/D (sg13g2_dfrbpq_1)   15.49    2.98   12.51 (MET)
y_reg[9]$_SDFFE_PN0P_/D (sg13g2_dfrbpq_1)   15.49    2.98   12.51 (MET)
y_reg[9]$_SDFFE_PN0P_/D (sg13g2_dfrbpq_1)   15.49    2.98   12.51 (MET)
y_reg[9]$_SDFFE_PN0P_/D (sg13g2_dfrbpq_1)   15.49    2.98   12.51 (MET)
y_reg[9]$_SDFFE_PN0P_/D (sg13g2_dfrbpq_1)   15.49    2.98   12.51 (MET)
y_reg[9]$_SDFFE_PN0P_/D (sg13g2_dfrbpq_1)   15.49    2.98   12.51 (MET)
y_reg[9]$_SDFFE_PN0P_/D (sg13g2_dfrbpq_1)   15.49    2.98   12.51 (MET)
x_reg[8]$_SDFFE_PN0P_/D (sg13g2_dfrbpq_1)   15.49    2.98   12.51 (MET)
x_reg[8]$_SDFFE_PN0P_/D (sg13g2_dfrbpq_1)   15.49    2.98   12.51 (MET)
x_reg[8]$_SDFFE_PN0P_/D (sg13g2_dfrbpq_1)   15.49    2.98   12.51 (MET)
x_reg[8]$_SDFFE_PN0P_/D (sg13g2_dfrbpq_1)   15.49    2.98   12.51 (MET)
y_reg[9]$_SDFFE_PN0P_/D (sg13g2_dfrbpq_1)   15.49    2.98   12.51 (MET)
y_reg[9]$_SDFFE_PN0P_/D (sg13g2_dfrbpq_1)   15.48    2.97   12.51 (MET)
y_reg[9]$_SDFFE_PN0P_/D (sg13g2_dfrbpq_1)   15.48    2.97   12.51 (MET)
y_reg[9]$_SDFFE_PN0P_/D (sg13g2_dfrbpq_1)   15.48    2.97   12.51 (MET)
y_reg[9]$_SDFFE_PN0P_/D (sg13g2_dfrbpq_1)   15.48    2.97   12.51 (MET)
y_reg[7]$_SDFFE_PN0P_/D (sg13g2_dfrbpq_1)   15.48    2.97   12.51 (MET)
y_reg[7]$_SDFFE_PN0P_/D (sg13g2_dfrbpq_1)   15.48    2.97   12.51 (MET)
y_reg[7]$_SDFFE_PN0P_/D (sg13g2_dfrbpq_1)   15.48    2.97   12.51 (MET)
y_reg[7]$_SDFFE_PN0P_/D (sg13g2_dfrbpq_1)   15.48    2.97   12.51 (MET)
y_reg[9]$_SDFFE_PN0P_/D (sg13g2_dfrbpq_1)   15.48    2.97   12.51 (MET)
y_reg[9]$_SDFFE_PN0P_/D (sg13g2_dfrbpq_1)   15.48    2.97   12.51 (MET)
y_reg[9]$_SDFFE_PN0P_/D (sg13g2_dfrbpq_1)   15.48    2.97   12.51 (MET)
y_reg[9]$_SDFFE_PN0P_/D (sg13g2_dfrbpq_1)   15.48    2.97   12.51 (MET)
y_reg[9]$_SDFFE_PN0P_/D (sg13g2_dfrbpq_1)   15.48    2.97   12.51 (MET)
y_reg[9]$_SDFFE_PN0P_/D (sg13g2_dfrbpq_1)   15.48    2.97   12.51 (MET)
y_reg[7]$_SDFFE_PN0P_/D (sg13g2_dfrbpq_1)   15.48    2.97   12.51 (MET)
y_reg[7]$_SDFFE_PN0P_/D (sg13g2_dfrbpq_1)   15.48    2.97   12.51 (MET)
y_reg[7]$_SDFFE_PN0P_/D (sg13g2_dfrbpq_1)   15.48    2.97   12.51 (MET)
y_reg[7]$_SDFFE_PN0P_/D (sg13g2_dfrbpq_1)   15.48    2.97   12.51 (MET)
y_reg[9]$_SDFFE_PN0P_/D (sg13g2_dfrbpq_1)   15.48    2.97   12.51 (MET)
y_reg[9]$_SDFFE_PN0P_/D (sg13g2_dfrbpq_1)   15.48    2.97   12.51 (MET)
y_reg[9]$_SDFFE_PN0P_/D (sg13g2_dfrbpq_1)   15.48    2.97   12.51 (MET)
y_reg[9]$_SDFFE_PN0P_/D (sg13g2_dfrbpq_1)   15.48    2.97   12.51 (MET)
y_reg[9]$_SDFFE_PN0P_/D (sg13g2_dfrbpq_1)   15.48    2.97   12.51 (MET)
y_reg[9]$_SDFFE_PN0P_/D (sg13g2_dfrbpq_1)   15.48    2.97   12.51 (MET)
x_reg[8]$_SDFFE_PN0P_/D (sg13g2_dfrbpq_1)   15.49    2.98   12.51 (MET)
x_reg[8]$_SDFFE_PN0P_/D (sg13g2_dfrbpq_1)   15.49    2.98   12.51 (MET)
x_reg[8]$_SDFFE_PN0P_/D (sg13g2_dfrbpq_1)   15.49    2.98   12.51 (MET)
x_reg[8]$_SDFFE_PN0P_/D (sg13g2_dfrbpq_1)   15.49    2.98   12.51 (MET)
x_reg[8]$_SDFFE_PN0P_/D (sg13g2_dfrbpq_1)   15.49    2.98   12.51 (MET)
x_reg[8]$_SDFFE_PN0P_/D (sg13g2_dfrbpq_1)   15.49    2.98   12.51 (MET)
x_reg[8]$_SDFFE_PN0P_/D (sg13g2_dfrbpq_1)   15.49    2.98   12.51 (MET)
x_reg[8]$_SDFFE_PN0P_/D (sg13g2_dfrbpq_1)   15.49    2.98   12.51 (MET)
y_reg[9]$_SDFFE_PN0P_/D (sg13g2_dfrbpq_1)   15.48    2.97   12.51 (MET)
y_reg[9]$_SDFFE_PN0P_/D (sg13g2_dfrbpq_1)   15.48    2.97   12.51 (MET)
y_reg[8]$_SDFFE_PN0P_/D (sg13g2_dfrbpq_1)   15.49    2.98   12.51 (MET)
y_reg[8]$_SDFFE_PN0P_/D (sg13g2_dfrbpq_1)   15.49    2.98   12.51 (MET)
x_reg[8]$_SDFFE_PN0P_/D (sg13g2_dfrbpq_1)   15.49    2.98   12.51 (MET)
x_reg[8]$_SDFFE_PN0P_/D (sg13g2_dfrbpq_1)   15.49    2.98   12.51 (MET)
x_reg[9]$_SDFFE_PN0P_/D (sg13g2_dfrbpq_1)   15.49    2.97   12.51 (MET)
x_reg[9]$_SDFFE_PN0P_/D (sg13g2_dfrbpq_1)   15.49    2.97   12.51 (MET)
x_reg[9]$_SDFFE_PN0P_/D (sg13g2_dfrbpq_1)   15.49    2.97   12.51 (MET)
x_reg[9]$_SDFFE_PN0P_/D (sg13g2_dfrbpq_1)   15.49    2.97   12.51 (MET)
y_reg[6]$_SDFFE_PN0P_/D (sg13g2_dfrbpq_1)   15.49    2.98   12.51 (MET)
y_reg[6]$_SDFFE_PN0P_/D (sg13g2_dfrbpq_1)   15.49    2.98   12.51 (MET)
x_reg[9]$_SDFFE_PN0P_/D (sg13g2_dfrbpq_1)   15.49    2.97   12.51 (MET)
x_reg[9]$_SDFFE_PN0P_/D (sg13g2_dfrbpq_1)   15.49    2.97   12.51 (MET)
x_reg[9]$_SDFFE_PN0P_/D (sg13g2_dfrbpq_1)   15.49    2.97   12.51 (MET)
x_reg[9]$_SDFFE_PN0P_/D (sg13g2_dfrbpq_1)   15.49    2.97   12.51 (MET)
y_reg[6]$_SDFFE_PN0P_/D (sg13g2_dfrbpq_1)   15.49    2.98   12.51 (MET)
y_reg[6]$_SDFFE_PN0P_/D (sg13g2_dfrbpq_1)   15.49    2.98   12.51 (MET)
y_reg[6]$_SDFFE_PN0P_/D (sg13g2_dfrbpq_1)   15.49    2.98   12.51 (MET)
y_reg[6]$_SDFFE_PN0P_/D (sg13g2_dfrbpq_1)   15.49    2.98   12.51 (MET)
x_reg[7]$_SDFFE_PN0P_/D (sg13g2_dfrbpq_1)   15.47    2.96   12.51 (MET)
x_reg[7]$_SDFFE_PN0P_/D (sg13g2_dfrbpq_1)   15.47    2.96   12.51 (MET)
x_reg[7]$_SDFFE_PN0P_/D (sg13g2_dfrbpq_1)   15.47    2.96   12.51 (MET)
x_reg[7]$_SDFFE_PN0P_/D (sg13g2_dfrbpq_1)   15.47    2.96   12.51 (MET)
x_reg[7]$_SDFFE_PN0P_/D (sg13g2_dfrbpq_1)   15.47    2.96   12.51 (MET)
x_reg[7]$_SDFFE_PN0P_/D (sg13g2_dfrbpq_1)   15.47    2.96   12.51 (MET)
x_reg[7]$_SDFFE_PN0P_/D (sg13g2_dfrbpq_1)   15.47    2.96   12.51 (MET)
x_reg[7]$_SDFFE_PN0P_/D (sg13g2_dfrbpq_1)   15.47    2.96   12.51 (MET)
y_reg[6]$_SDFFE_PN0P_/D (sg13g2_dfrbpq_1)   15.49    2.98   12.51 (MET)
y_reg[6]$_SDFFE_PN0P_/D (sg13g2_dfrbpq_1)   15.49    2.98   12.51 (MET)
y_reg[6]$_SDFFE_PN0P_/D (sg13g2_dfrbpq_1)   15.49    2.98   12.51 (MET)
y_reg[6]$_SDFFE_PN0P_/D (sg13g2_dfrbpq_1)   15.49    2.98   12.51 (MET)
y_reg[6]$_SDFFE_PN0P_/D (sg13g2_dfrbpq_1)   15.49    2.98   12.51 (MET)
y_reg[6]$_SDFFE_PN0P_/D (sg13g2_dfrbpq_1)   15.49    2.98   12.51 (MET)
y_reg[8]$_SDFFE_PN0P_/D (sg13g2_dfrbpq_1)   15.49    2.98   12.51 (MET)
y_reg[9]$_SDFFE_PN0P_/D (sg13g2_dfrbpq_1)   15.49    2.98   12.51 (MET)
y_reg[9]$_SDFFE_PN0P_/D (sg13g2_dfrbpq_1)   15.49    2.98   12.51 (MET)
y_reg[6]$_SDFFE_PN0P_/D (sg13g2_dfrbpq_1)   15.49    2.98   12.51 (MET)
y_reg[6]$_SDFFE_PN0P_/D (sg13g2_dfrbpq_1)   15.49    2.98   12.51 (MET)
y_reg[8]$_SDFFE_PN0P_/D (sg13g2_dfrbpq_1)   15.49    2.98   12.51 (MET)
y_reg[9]$_SDFFE_PN0P_/D (sg13g2_dfrbpq_1)   15.49    2.98   12.51 (MET)
y_reg[9]$_SDFFE_PN0P_/D (sg13g2_dfrbpq_1)   15.49    2.98   12.51 (MET)
x_reg[8]$_SDFFE_PN0P_/D (sg13g2_dfrbpq_1)   15.49    2.98   12.51 (MET)
x_reg[8]$_SDFFE_PN0P_/D (sg13g2_dfrbpq_1)   15.49    2.98   12.51 (MET)
y_reg[8]$_SDFFE_PN0P_/D (sg13g2_dfrbpq_1)   15.48    2.97   12.51 (MET)
y_reg[8]$_SDFFE_PN0P_/D (sg13g2_dfrbpq_1)   15.48    2.97   12.51 (MET)
y_reg[8]$_SDFFE_PN0P_/D (sg13g2_dfrbpq_1)   15.48    2.97   12.51 (MET)
y_reg[8]$_SDFFE_PN0P_/D (sg13g2_dfrbpq_1)   15.48    2.97   12.51 (MET)
y_reg[8]$_SDFFE_PN0P_/D (sg13g2_dfrbpq_1)   15.48    2.97   12.51 (MET)
y_reg[8]$_SDFFE_PN0P_/D (sg13g2_dfrbpq_1)   15.48    2.97   12.51 (MET)
y_reg[8]$_SDFFE_PN0P_/D (sg13g2_dfrbpq_1)   15.48    2.97   12.51 (MET)
y_reg[8]$_SDFFE_PN0P_/D (sg13g2_dfrbpq_1)   15.48    2.97   12.51 (MET)
y_reg[8]$_SDFFE_PN0P_/D (sg13g2_dfrbpq_1)   15.48    2.97   12.51 (MET)
y_reg[8]$_SDFFE_PN0P_/D (sg13g2_dfrbpq_1)   15.48    2.97   12.51 (MET)
y_reg[8]$_SDFFE_PN0P_/D (sg13g2_dfrbpq_1)   15.48    2.97   12.51 (MET)
y_reg[8]$_SDFFE_PN0P_/D (sg13g2_dfrbpq_1)   15.48    2.97   12.51 (MET)
y_reg[8]$_SDFFE_PN0P_/D (sg13g2_dfrbpq_1)   15.49    2.98   12.51 (MET)
y_reg[8]$_SDFFE_PN0P_/D (sg13g2_dfrbpq_1)   15.48    2.97   12.51 (MET)
y_reg[8]$_SDFFE_PN0P_/D (sg13g2_dfrbpq_1)   15.48    2.97   12.51 (MET)
y_reg[8]$_SDFFE_PN0P_/D (sg13g2_dfrbpq_1)   15.48    2.97   12.51 (MET)
y_reg[7]$_SDFFE_PN0P_/D (sg13g2_dfrbpq_1)   15.48    2.97   12.51 (MET)
y_reg[7]$_SDFFE_PN0P_/D (sg13g2_dfrbpq_1)   15.48    2.97   12.51 (MET)
y_reg[8]$_SDFFE_PN0P_/D (sg13g2_dfrbpq_1)   15.49    2.98   12.51 (MET)
y_reg[8]$_SDFFE_PN0P_/D (sg13g2_dfrbpq_1)   15.48    2.97   12.51 (MET)
x_reg[7]$_SDFFE_PN0P_/D (sg13g2_dfrbpq_1)   15.47    2.96   12.51 (MET)
x_reg[7]$_SDFFE_PN0P_/D (sg13g2_dfrbpq_1)   15.47    2.96   12.51 (MET)
x_reg[7]$_SDFFE_PN0P_/D (sg13g2_dfrbpq_1)   15.47    2.96   12.51 (MET)
x_reg[7]$_SDFFE_PN0P_/D (sg13g2_dfrbpq_1)   15.47    2.96   12.51 (MET)
y_reg[9]$_SDFFE_PN0P_/D (sg13g2_dfrbpq_1)   15.49    2.97   12.51 (MET)
y_reg[9]$_SDFFE_PN0P_/D (sg13g2_dfrbpq_1)   15.49    2.97   12.51 (MET)
x_reg[7]$_SDFFE_PN0P_/D (sg13g2_dfrbpq_1)   15.47    2.96   12.51 (MET)
x_reg[7]$_SDFFE_PN0P_/D (sg13g2_dfrbpq_1)   15.47    2.96   12.51 (MET)
x_reg[7]$_SDFFE_PN0P_/D (sg13g2_dfrbpq_1)   15.47    2.96   12.51 (MET)
x_reg[7]$_SDFFE_PN0P_/D (sg13g2_dfrbpq_1)   15.47    2.96   12.51 (MET)
x_reg[8]$_SDFFE_PN0P_/D (sg13g2_dfrbpq_1)   15.49    2.98   12.51 (MET)
x_reg[8]$_SDFFE_PN0P_/D (sg13g2_dfrbpq_1)   15.49    2.98   12.51 (MET)
x_reg[8]$_SDFFE_PN0P_/D (sg13g2_dfrbpq_1)   15.49    2.98   12.51 (MET)
x_reg[8]$_SDFFE_PN0P_/D (sg13g2_dfrbpq_1)   15.49    2.98   12.51 (MET)
y_reg[9]$_SDFFE_PN0P_/D (sg13g2_dfrbpq_1)   15.49    2.97   12.51 (MET)
y_reg[9]$_SDFFE_PN0P_/D (sg13g2_dfrbpq_1)   15.49    2.97   12.51 (MET)
y_reg[9]$_SDFFE_PN0P_/D (sg13g2_dfrbpq_1)   15.49    2.97   12.51 (MET)
y_reg[9]$_SDFFE_PN0P_/D (sg13g2_dfrbpq_1)   15.49    2.97   12.51 (MET)
y_reg[8]$_SDFFE_PN0P_/D (sg13g2_dfrbpq_1)   15.48    2.97   12.51 (MET)
y_reg[8]$_SDFFE_PN0P_/D (sg13g2_dfrbpq_1)   15.48    2.97   12.51 (MET)
y_reg[8]$_SDFFE_PN0P_/D (sg13g2_dfrbpq_1)   15.48    2.97   12.51 (MET)
y_reg[8]$_SDFFE_PN0P_/D (sg13g2_dfrbpq_1)   15.48    2.97   12.51 (MET)
y_reg[9]$_SDFFE_PN0P_/D (sg13g2_dfrbpq_1)   15.49    2.97   12.51 (MET)
y_reg[9]$_SDFFE_PN0P_/D (sg13g2_dfrbpq_1)   15.49    2.97   12.51 (MET)
y_reg[9]$_SDFFE_PN0P_/D (sg13g2_dfrbpq_1)   15.49    2.97   12.51 (MET)
y_reg[6]$_SDFFE_PN0P_/D (sg13g2_dfrbpq_1)   15.49    2.98   12.51 (MET)
y_reg[6]$_SDFFE_PN0P_/D (sg13g2_dfrbpq_1)   15.49    2.98   12.51 (MET)
y_reg[8]$_SDFFE_PN0P_/D (sg13g2_dfrbpq_1)   15.48    2.97   12.51 (MET)
y_reg[8]$_SDFFE_PN0P_/D (sg13g2_dfrbpq_1)   15.48    2.97   12.51 (MET)
y_reg[8]$_SDFFE_PN0P_/D (sg13g2_dfrbpq_1)   15.48    2.97   12.51 (MET)
y_reg[8]$_SDFFE_PN0P_/D (sg13g2_dfrbpq_1)   15.48    2.97   12.51 (MET)
y_reg[8]$_SDFFE_PN0P_/D (sg13g2_dfrbpq_1)   15.48    2.97   12.51 (MET)
y_reg[8]$_SDFFE_PN0P_/D (sg13g2_dfrbpq_1)   15.48    2.97   12.51 (MET)
y_reg[8]$_SDFFE_PN0P_/D (sg13g2_dfrbpq_1)   15.48    2.97   12.51 (MET)
y_reg[8]$_SDFFE_PN0P_/D (sg13g2_dfrbpq_1)   15.48    2.97   12.51 (MET)
y_reg[9]$_SDFFE_PN0P_/D (sg13g2_dfrbpq_1)   15.49    2.97   12.51 (MET)
y_reg[9]$_SDFFE_PN0P_/D (sg13g2_dfrbpq_1)   15.49    2.97   12.51 (MET)
y_reg[9]$_SDFFE_PN0P_/D (sg13g2_dfrbpq_1)   15.49    2.97   12.51 (MET)
y_reg[9]$_SDFFE_PN0P_/D (sg13g2_dfrbpq_1)   15.49    2.97   12.51 (MET)
y_reg[6]$_SDFFE_PN0P_/D (sg13g2_dfrbpq_1)   15.49    2.98   12.51 (MET)
y_reg[6]$_SDFFE_PN0P_/D (sg13g2_dfrbpq_1)   15.49    2.98   12.51 (MET)
y_reg[9]$_SDFFE_PN0P_/D (sg13g2_dfrbpq_1)   15.49    2.97   12.51 (MET)
y_reg[9]$_SDFFE_PN0P_/D (sg13g2_dfrbpq_1)   15.48    2.97   12.51 (MET)
y_reg[9]$_SDFFE_PN0P_/D (sg13g2_dfrbpq_1)   15.48    2.97   12.51 (MET)
y_reg[9]$_SDFFE_PN0P_/D (sg13g2_dfrbpq_1)   15.48    2.97   12.51 (MET)
y_reg[9]$_SDFFE_PN0P_/D (sg13g2_dfrbpq_1)   15.48    2.97   12.51 (MET)
x_reg[8]$_SDFFE_PN0P_/D (sg13g2_dfrbpq_1)   15.49    2.98   12.51 (MET)
y_reg[7]$_SDFFE_PN0P_/D (sg13g2_dfrbpq_1)   15.48    2.97   12.51 (MET)
y_reg[7]$_SDFFE_PN0P_/D (sg13g2_dfrbpq_1)   15.48    2.97   12.51 (MET)
y_reg[9]$_SDFFE_PN0P_/D (sg13g2_dfrbpq_1)   15.48    2.97   12.51 (MET)
y_reg[9]$_SDFFE_PN0P_/D (sg13g2_dfrbpq_1)   15.48    2.97   12.51 (MET)
y_reg[6]$_SDFFE_PN0P_/D (sg13g2_dfrbpq_1)   15.49    2.98   12.51 (MET)
y_reg[6]$_SDFFE_PN0P_/D (sg13g2_dfrbpq_1)   15.49    2.98   12.51 (MET)
y_reg[7]$_SDFFE_PN0P_/D (sg13g2_dfrbpq_1)   15.48    2.97   12.51 (MET)
y_reg[7]$_SDFFE_PN0P_/D (sg13g2_dfrbpq_1)   15.48    2.97   12.51 (MET)
y_reg[8]$_SDFFE_PN0P_/D (sg13g2_dfrbpq_1)   15.48    2.97   12.51 (MET)
y_reg[8]$_SDFFE_PN0P_/D (sg13g2_dfrbpq_1)   15.48    2.97   12.51 (MET)
y_reg[8]$_SDFFE_PN0P_/D (sg13g2_dfrbpq_1)   15.48    2.97   12.51 (MET)
y_reg[8]$_SDFFE_PN0P_/D (sg13g2_dfrbpq_1)   15.48    2.97   12.51 (MET)
y_reg[9]$_SDFFE_PN0P_/D (sg13g2_dfrbpq_1)   15.48    2.97   12.51 (MET)
y_reg[9]$_SDFFE_PN0P_/D (sg13g2_dfrbpq_1)   15.48    2.97   12.51 (MET)
y_reg[9]$_SDFFE_PN0P_/D (sg13g2_dfrbpq_1)   15.48    2.97   12.51 (MET)
y_reg[9]$_SDFFE_PN0P_/D (sg13g2_dfrbpq_1)   15.48    2.97   12.51 (MET)
y_reg[6]$_SDFFE_PN0P_/D (sg13g2_dfrbpq_1)   15.49    2.98   12.51 (MET)
y_reg[6]$_SDFFE_PN0P_/D (sg13g2_dfrbpq_1)   15.49    2.98   12.51 (MET)
y_reg[8]$_SDFFE_PN0P_/D (sg13g2_dfrbpq_1)   15.48    2.97   12.51 (MET)
y_reg[8]$_SDFFE_PN0P_/D (sg13g2_dfrbpq_1)   15.48    2.97   12.51 (MET)
y_reg[8]$_SDFFE_PN0P_/D (sg13g2_dfrbpq_1)   15.48    2.97   12.51 (MET)
y_reg[8]$_SDFFE_PN0P_/D (sg13g2_dfrbpq_1)   15.48    2.97   12.51 (MET)
y_reg[9]$_SDFFE_PN0P_/D (sg13g2_dfrbpq_1)   15.49    2.97   12.51 (MET)
y_reg[9]$_SDFFE_PN0P_/D (sg13g2_dfrbpq_1)   15.49    2.97   12.51 (MET)
y_reg[9]$_SDFFE_PN0P_/D (sg13g2_dfrbpq_1)   15.48    2.97   12.51 (MET)
y_reg[9]$_SDFFE_PN0P_/D (sg13g2_dfrbpq_1)   15.48    2.97   12.51 (MET)
y_reg[8]$_SDFFE_PN0P_/D (sg13g2_dfrbpq_1)   15.48    2.97   12.51 (MET)
y_reg[8]$_SDFFE_PN0P_/D (sg13g2_dfrbpq_1)   15.48    2.97   12.51 (MET)
y_reg[8]$_SDFFE_PN0P_/D (sg13g2_dfrbpq_1)   15.48    2.97   12.51 (MET)
y_reg[8]$_SDFFE_PN0P_/D (sg13g2_dfrbpq_1)   15.48    2.97   12.51 (MET)
y_reg[9]$_SDFFE_PN0P_/D (sg13g2_dfrbpq_1)   15.49    2.97   12.51 (MET)
y_reg[9]$_SDFFE_PN0P_/D (sg13g2_dfrbpq_1)   15.49    2.97   12.51 (MET)
y_reg[8]$_SDFFE_PN0P_/D (sg13g2_dfrbpq_1)   15.48    2.97   12.51 (MET)
y_reg[8]$_SDFFE_PN0P_/D (sg13g2_dfrbpq_1)   15.48    2.97   12.51 (MET)
y_reg[8]$_SDFFE_PN0P_/D (sg13g2_dfrbpq_1)   15.48    2.97   12.51 (MET)
y_reg[8]$_SDFFE_PN0P_/D (sg13g2_dfrbpq_1)   15.48    2.97   12.51 (MET)
y_reg[8]$_SDFFE_PN0P_/D (sg13g2_dfrbpq_1)   15.48    2.97   12.51 (MET)
y_reg[8]$_SDFFE_PN0P_/D (sg13g2_dfrbpq_1)   15.48    2.97   12.51 (MET)
y_reg[8]$_SDFFE_PN0P_/D (sg13g2_dfrbpq_1)   15.48    2.97   12.51 (MET)
y_reg[8]$_SDFFE_PN0P_/D (sg13g2_dfrbpq_1)   15.48    2.97   12.51 (MET)
y_reg[9]$_SDFFE_PN0P_/D (sg13g2_dfrbpq_1)   15.49    2.97   12.51 (MET)
y_reg[8]$_SDFFE_PN0P_/D (sg13g2_dfrbpq_1)   15.49    2.97   12.51 (MET)
y_reg[9]$_SDFFE_PN0P_/D (sg13g2_dfrbpq_1)   15.49    2.97   12.51 (MET)
x_reg[8]$_SDFFE_PN0P_/D (sg13g2_dfrbpq_1)   15.49    2.98   12.51 (MET)
x_reg[8]$_SDFFE_PN0P_/D (sg13g2_dfrbpq_1)   15.49    2.98   12.51 (MET)
y_reg[8]$_SDFFE_PN0P_/D (sg13g2_dfrbpq_1)   15.49    2.97   12.51 (MET)
x_reg[8]$_SDFFE_PN0P_/D (sg13g2_dfrbpq_1)   15.49    2.98   12.51 (MET)
x_reg[8]$_SDFFE_PN0P_/D (sg13g2_dfrbpq_1)   15.49    2.98   12.51 (MET)
y_reg[6]$_SDFFE_PN0P_/D (sg13g2_dfrbpq_1)   15.49    2.98   12.51 (MET)
y_reg[6]$_SDFFE_PN0P_/D (sg13g2_dfrbpq_1)   15.49    2.98   12.51 (MET)
y_reg[9]$_SDFFE_PN0P_/D (sg13g2_dfrbpq_1)   15.48    2.97   12.51 (MET)
y_reg[9]$_SDFFE_PN0P_/D (sg13g2_dfrbpq_1)   15.48    2.97   12.51 (MET)
y_reg[6]$_SDFFE_PN0P_/D (sg13g2_dfrbpq_1)   15.49    2.98   12.51 (MET)
y_reg[6]$_SDFFE_PN0P_/D (sg13g2_dfrbpq_1)   15.49    2.98   12.51 (MET)
y_reg[8]$_SDFFE_PN0P_/D (sg13g2_dfrbpq_1)   15.49    2.97   12.51 (MET)
y_reg[8]$_SDFFE_PN0P_/D (sg13g2_dfrbpq_1)   15.49    2.97   12.51 (MET)
y_reg[8]$_SDFFE_PN0P_/D (sg13g2_dfrbpq_1)   15.49    2.97   12.51 (MET)
y_reg[8]$_SDFFE_PN0P_/D (sg13g2_dfrbpq_1)   15.49    2.97   12.51 (MET)
y_reg[8]$_SDFFE_PN0P_/D (sg13g2_dfrbpq_1)   15.49    2.97   12.51 (MET)
y_reg[8]$_SDFFE_PN0P_/D (sg13g2_dfrbpq_1)   15.49    2.97   12.51 (MET)
y_reg[9]$_SDFFE_PN0P_/D (sg13g2_dfrbpq_1)   15.48    2.97   12.51 (MET)
y_reg[9]$_SDFFE_PN0P_/D (sg13g2_dfrbpq_1)   15.48    2.97   12.51 (MET)
x_reg[8]$_SDFFE_PN0P_/D (sg13g2_dfrbpq_1)   15.49    2.98   12.51 (MET)
x_reg[8]$_SDFFE_PN0P_/D (sg13g2_dfrbpq_1)   15.49    2.98   12.51 (MET)
y_reg[9]$_SDFFE_PN0P_/D (sg13g2_dfrbpq_1)   15.48    2.97   12.51 (MET)
y_reg[9]$_SDFFE_PN0P_/D (sg13g2_dfrbpq_1)   15.48    2.97   12.51 (MET)
x_reg[8]$_SDFFE_PN0P_/D (sg13g2_dfrbpq_1)   15.49    2.98   12.51 (MET)
x_reg[8]$_SDFFE_PN0P_/D (sg13g2_dfrbpq_1)   15.49    2.98   12.51 (MET)
y_reg[6]$_SDFFE_PN0P_/D (sg13g2_dfrbpq_1)   15.49    2.98   12.51 (MET)
y_reg[6]$_SDFFE_PN0P_/D (sg13g2_dfrbpq_1)   15.49    2.98   12.51 (MET)
x_reg[8]$_SDFFE_PN0P_/D (sg13g2_dfrbpq_1)   15.49    2.98   12.51 (MET)
x_reg[8]$_SDFFE_PN0P_/D (sg13g2_dfrbpq_1)   15.49    2.98   12.51 (MET)
x_reg[9]$_SDFFE_PN0P_/D (sg13g2_dfrbpq_1)   15.49    2.97   12.51 (MET)
x_reg[9]$_SDFFE_PN0P_/D (sg13g2_dfrbpq_1)   15.49    2.97   12.51 (MET)
x_reg[9]$_SDFFE_PN0P_/D (sg13g2_dfrbpq_1)   15.49    2.97   12.51 (MET)
x_reg[9]$_SDFFE_PN0P_/D (sg13g2_dfrbpq_1)   15.49    2.97   12.51 (MET)
y_reg[6]$_SDFFE_PN0P_/D (sg13g2_dfrbpq_1)   15.49    2.98   12.51 (MET)
y_reg[6]$_SDFFE_PN0P_/D (sg13g2_dfrbpq_1)   15.49    2.98   12.51 (MET)
x_reg[8]$_SDFFE_PN0P_/D (sg13g2_dfrbpq_1)   15.49    2.98   12.51 (MET)
x_reg[8]$_SDFFE_PN0P_/D (sg13g2_dfrbpq_1)   15.49    2.98   12.51 (MET)
x_reg[8]$_SDFFE_PN0P_/D (sg13g2_dfrbpq_1)   15.49    2.98   12.51 (MET)
x_reg[8]$_SDFFE_PN0P_/D (sg13g2_dfrbpq_1)   15.49    2.98   12.51 (MET)
x_reg[8]$_SDFFE_PN0P_/D (sg13g2_dfrbpq_1)   15.49    2.98   12.51 (MET)
x_reg[8]$_SDFFE_PN0P_/D (sg13g2_dfrbpq_1)   15.49    2.98   12.51 (MET)
x_reg[8]$_SDFFE_PN0P_/D (sg13g2_dfrbpq_1)   15.49    2.98   12.51 (MET)
x_reg[8]$_SDFFE_PN0P_/D (sg13g2_dfrbpq_1)   15.49    2.98   12.51 (MET)
x_reg[8]$_SDFFE_PN0P_/D (sg13g2_dfrbpq_1)   15.49    2.98   12.51 (MET)
x_reg[8]$_SDFFE_PN0P_/D (sg13g2_dfrbpq_1)   15.49    2.98   12.51 (MET)
x_reg[8]$_SDFFE_PN0P_/D (sg13g2_dfrbpq_1)   15.49    2.98   12.51 (MET)
x_reg[8]$_SDFFE_PN0P_/D (sg13g2_dfrbpq_1)   15.49    2.98   12.51 (MET)
x_reg[8]$_SDFFE_PN0P_/D (sg13g2_dfrbpq_1)   15.49    2.98   12.51 (MET)
x_reg[8]$_SDFFE_PN0P_/D (sg13g2_dfrbpq_1)   15.49    2.98   12.51 (MET)
x_reg[8]$_SDFFE_PN0P_/D (sg13g2_dfrbpq_1)   15.49    2.98   12.51 (MET)
x_reg[8]$_SDFFE_PN0P_/D (sg13g2_dfrbpq_1)   15.49    2.98   12.51 (MET)
x_reg[8]$_SDFFE_PN0P_/D (sg13g2_dfrbpq_1)   15.49    2.98   12.51 (MET)
x_reg[8]$_SDFFE_PN0P_/D (sg13g2_dfrbpq_1)   15.49    2.98   12.51 (MET)
x_reg[8]$_SDFFE_PN0P_/D (sg13g2_dfrbpq_1)   15.49    2.98   12.51 (MET)
x_reg[8]$_SDFFE_PN0P_/D (sg13g2_dfrbpq_1)   15.49    2.98   12.51 (MET)
x_reg[8]$_SDFFE_PN0P_/D (sg13g2_dfrbpq_1)   15.49    2.98   12.51 (MET)
y_reg[6]$_SDFFE_PN0P_/D (sg13g2_dfrbpq_1)   15.49    2.98   12.51 (MET)
y_reg[6]$_SDFFE_PN0P_/D (sg13g2_dfrbpq_1)   15.49    2.98   12.51 (MET)
y_reg[8]$_SDFFE_PN0P_/D (sg13g2_dfrbpq_1)   15.49    2.97   12.51 (MET)
y_reg[8]$_SDFFE_PN0P_/D (sg13g2_dfrbpq_1)   15.49    2.97   12.51 (MET)
y_reg[8]$_SDFFE_PN0P_/D (sg13g2_dfrbpq_1)   15.49    2.97   12.51 (MET)
y_reg[8]$_SDFFE_PN0P_/D (sg13g2_dfrbpq_1)   15.49    2.97   12.51 (MET)
y_reg[6]$_SDFFE_PN0P_/D (sg13g2_dfrbpq_1)   15.49    2.98   12.51 (MET)
y_reg[6]$_SDFFE_PN0P_/D (sg13g2_dfrbpq_1)   15.49    2.98   12.51 (MET)
y_reg[8]$_SDFFE_PN0P_/D (sg13g2_dfrbpq_1)   15.49    2.97   12.51 (MET)
y_reg[8]$_SDFFE_PN0P_/D (sg13g2_dfrbpq_1)   15.49    2.97   12.51 (MET)
y_reg[8]$_SDFFE_PN0P_/D (sg13g2_dfrbpq_1)   15.49    2.97   12.51 (MET)
y_reg[8]$_SDFFE_PN0P_/D (sg13g2_dfrbpq_1)   15.49    2.97   12.51 (MET)
x_reg[7]$_SDFFE_PN0P_/D (sg13g2_dfrbpq_1)   15.47    2.96   12.51 (MET)
x_reg[7]$_SDFFE_PN0P_/D (sg13g2_dfrbpq_1)   15.47    2.96   12.51 (MET)
x_reg[7]$_SDFFE_PN0P_/D (sg13g2_dfrbpq_1)   15.47    2.96   12.51 (MET)
x_reg[7]$_SDFFE_PN0P_/D (sg13g2_dfrbpq_1)   15.47    2.96   12.51 (MET)
y_reg[8]$_SDFFE_PN0P_/D (sg13g2_dfrbpq_1)   15.49    2.97   12.51 (MET)
x_reg[7]$_SDFFE_PN0P_/D (sg13g2_dfrbpq_1)   15.47    2.96   12.51 (MET)
x_reg[7]$_SDFFE_PN0P_/D (sg13g2_dfrbpq_1)   15.47    2.96   12.51 (MET)
x_reg[7]$_SDFFE_PN0P_/D (sg13g2_dfrbpq_1)   15.47    2.96   12.51 (MET)
x_reg[7]$_SDFFE_PN0P_/D (sg13g2_dfrbpq_1)   15.47    2.96   12.51 (MET)
x_reg[9]$_SDFFE_PN0P_/D (sg13g2_dfrbpq_1)   15.49    2.98   12.51 (MET)
x_reg[9]$_SDFFE_PN0P_/D (sg13g2_dfrbpq_1)   15.49    2.98   12.51 (MET)
y_reg[8]$_SDFFE_PN0P_/D (sg13g2_dfrbpq_1)   15.49    2.97   12.51 (MET)
y_reg[8]$_SDFFE_PN0P_/D (sg13g2_dfrbpq_1)   15.49    2.97   12.51 (MET)
y_reg[8]$_SDFFE_PN0P_/D (sg13g2_dfrbpq_1)   15.49    2.97   12.51 (MET)
x_reg[8]$_SDFFE_PN0P_/D (sg13g2_dfrbpq_1)   15.49    2.98   12.51 (MET)
x_reg[8]$_SDFFE_PN0P_/D (sg13g2_dfrbpq_1)   15.49    2.98   12.51 (MET)
x_reg[8]$_SDFFE_PN0P_/D (sg13g2_dfrbpq_1)   15.49    2.98   12.51 (MET)
x_reg[8]$_SDFFE_PN0P_/D (sg13g2_dfrbpq_1)   15.49    2.98   12.51 (MET)
x_reg[9]$_SDFFE_PN0P_/D (sg13g2_dfrbpq_1)   15.49    2.98   12.51 (MET)
x_reg[9]$_SDFFE_PN0P_/D (sg13g2_dfrbpq_1)   15.49    2.98   12.51 (MET)
y_reg[7]$_SDFFE_PN0P_/D (sg13g2_dfrbpq_1)   15.48    2.97   12.51 (MET)
y_reg[7]$_SDFFE_PN0P_/D (sg13g2_dfrbpq_1)   15.48    2.97   12.51 (MET)
y_reg[7]$_SDFFE_PN0P_/D (sg13g2_dfrbpq_1)   15.48    2.97   12.51 (MET)
y_reg[7]$_SDFFE_PN0P_/D (sg13g2_dfrbpq_1)   15.48    2.97   12.51 (MET)
y_reg[6]$_SDFFE_PN0P_/D (sg13g2_dfrbpq_1)   15.49    2.98   12.51 (MET)
x_reg[8]$_SDFFE_PN0P_/D (sg13g2_dfrbpq_1)   15.49    2.98   12.51 (MET)
x_reg[8]$_SDFFE_PN0P_/D (sg13g2_dfrbpq_1)   15.49    2.98   12.51 (MET)
y_reg[6]$_SDFFE_PN0P_/D (sg13g2_dfrbpq_1)   15.49    2.98   12.51 (MET)
y_reg[8]$_SDFFE_PN0P_/D (sg13g2_dfrbpq_1)   15.48    2.97   12.51 (MET)
y_reg[8]$_SDFFE_PN0P_/D (sg13g2_dfrbpq_1)   15.48    2.97   12.51 (MET)
x_reg[7]$_SDFFE_PN0P_/D (sg13g2_dfrbpq_1)   15.47    2.96   12.51 (MET)
x_reg[7]$_SDFFE_PN0P_/D (sg13g2_dfrbpq_1)   15.47    2.96   12.51 (MET)
x_reg[7]$_SDFFE_PN0P_/D (sg13g2_dfrbpq_1)   15.47    2.96   12.51 (MET)
x_reg[7]$_SDFFE_PN0P_/D (sg13g2_dfrbpq_1)   15.47    2.96   12.51 (MET)
y_reg[6]$_SDFFE_PN0P_/D (sg13g2_dfrbpq_1)   15.49    2.98   12.51 (MET)
y_reg[6]$_SDFFE_PN0P_/D (sg13g2_dfrbpq_1)   15.49    2.98   12.51 (MET)
y_reg[6]$_SDFFE_PN0P_/D (sg13g2_dfrbpq_1)   15.49    2.98   12.51 (MET)
y_reg[6]$_SDFFE_PN0P_/D (sg13g2_dfrbpq_1)   15.49    2.98   12.51 (MET)
x_reg[7]$_SDFFE_PN0P_/D (sg13g2_dfrbpq_1)   15.47    2.96   12.51 (MET)
x_reg[7]$_SDFFE_PN0P_/D (sg13g2_dfrbpq_1)   15.47    2.96   12.51 (MET)
x_reg[7]$_SDFFE_PN0P_/D (sg13g2_dfrbpq_1)   15.47    2.96   12.51 (MET)
x_reg[7]$_SDFFE_PN0P_/D (sg13g2_dfrbpq_1)   15.47    2.96   12.51 (MET)
y_reg[6]$_SDFFE_PN0P_/D (sg13g2_dfrbpq_1)   15.49    2.98   12.51 (MET)
y_reg[6]$_SDFFE_PN0P_/D (sg13g2_dfrbpq_1)   15.49    2.98   12.51 (MET)
y_reg[6]$_SDFFE_PN0P_/D (sg13g2_dfrbpq_1)   15.49    2.98   12.51 (MET)
y_reg[6]$_SDFFE_PN0P_/D (sg13g2_dfrbpq_1)   15.49    2.98   12.51 (MET)
y_reg[8]$_SDFFE_PN0P_/D (sg13g2_dfrbpq_1)   15.49    2.97   12.51 (MET)
y_reg[8]$_SDFFE_PN0P_/D (sg13g2_dfrbpq_1)   15.49    2.97   12.51 (MET)
y_reg[8]$_SDFFE_PN0P_/D (sg13g2_dfrbpq_1)   15.49    2.97   12.51 (MET)
y_reg[8]$_SDFFE_PN0P_/D (sg13g2_dfrbpq_1)   15.49    2.97   12.51 (MET)
y_reg[8]$_SDFFE_PN0P_/D (sg13g2_dfrbpq_1)   15.49    2.97   12.51 (MET)
y_reg[8]$_SDFFE_PN0P_/D (sg13g2_dfrbpq_1)   15.49    2.97   12.51 (MET)
y_reg[8]$_SDFFE_PN0P_/D (sg13g2_dfrbpq_1)   15.49    2.97   12.51 (MET)
y_reg[8]$_SDFFE_PN0P_/D (sg13g2_dfrbpq_1)   15.49    2.97   12.51 (MET)
y_reg[6]$_SDFFE_PN0P_/D (sg13g2_dfrbpq_1)   15.49    2.98   12.51 (MET)
y_reg[8]$_SDFFE_PN0P_/D (sg13g2_dfrbpq_1)   15.49    2.97   12.51 (MET)
y_reg[8]$_SDFFE_PN0P_/D (sg13g2_dfrbpq_1)   15.49    2.97   12.51 (MET)
x_reg[8]$_SDFFE_PN0P_/D (sg13g2_dfrbpq_1)   15.49    2.97   12.51 (MET)
y_reg[6]$_SDFFE_PN0P_/D (sg13g2_dfrbpq_1)   15.49    2.98   12.51 (MET)
y_reg[6]$_SDFFE_PN0P_/D (sg13g2_dfrbpq_1)   15.49    2.98   12.51 (MET)
y_reg[8]$_SDFFE_PN0P_/D (sg13g2_dfrbpq_1)   15.48    2.97   12.51 (MET)
y_reg[8]$_SDFFE_PN0P_/D (sg13g2_dfrbpq_1)   15.48    2.97   12.51 (MET)
x_reg[8]$_SDFFE_PN0P_/D (sg13g2_dfrbpq_1)   15.49    2.97   12.51 (MET)
y_reg[6]$_SDFFE_PN0P_/D (sg13g2_dfrbpq_1)   15.49    2.98   12.51 (MET)
y_reg[7]$_SDFFE_PN0P_/D (sg13g2_dfrbpq_1)   15.48    2.97   12.51 (MET)
y_reg[7]$_SDFFE_PN0P_/D (sg13g2_dfrbpq_1)   15.48    2.97   12.51 (MET)
y_reg[7]$_SDFFE_PN0P_/D (sg13g2_dfrbpq_1)   15.48    2.97   12.51 (MET)
y_reg[7]$_SDFFE_PN0P_/D (sg13g2_dfrbpq_1)   15.48    2.97   12.51 (MET)
y_reg[7]$_SDFFE_PN0P_/D (sg13g2_dfrbpq_1)   15.48    2.97   12.51 (MET)
y_reg[7]$_SDFFE_PN0P_/D (sg13g2_dfrbpq_1)   15.48    2.97   12.51 (MET)
y_reg[7]$_SDFFE_PN0P_/D (sg13g2_dfrbpq_1)   15.48    2.97   12.51 (MET)
y_reg[7]$_SDFFE_PN0P_/D (sg13g2_dfrbpq_1)   15.48    2.97   12.51 (MET)
z_reg[1]$_SDFFE_PN0P_/D (sg13g2_dfrbpq_1)   15.48    2.97   12.51 (MET)
z_reg[1]$_SDFFE_PN0P_/D (sg13g2_dfrbpq_1)   15.48    2.97   12.51 (MET)
x_reg[8]$_SDFFE_PN0P_/D (sg13g2_dfrbpq_1)   15.49    2.98   12.51 (MET)
x_reg[8]$_SDFFE_PN0P_/D (sg13g2_dfrbpq_1)   15.49    2.98   12.51 (MET)
x_reg[8]$_SDFFE_PN0P_/D (sg13g2_dfrbpq_1)   15.49    2.98   12.51 (MET)
x_reg[8]$_SDFFE_PN0P_/D (sg13g2_dfrbpq_1)   15.49    2.98   12.51 (MET)
x_reg[8]$_SDFFE_PN0P_/D (sg13g2_dfrbpq_1)   15.49    2.98   12.51 (MET)
x_reg[8]$_SDFFE_PN0P_/D (sg13g2_dfrbpq_1)   15.49    2.98   12.51 (MET)
x_reg[8]$_SDFFE_PN0P_/D (sg13g2_dfrbpq_1)   15.49    2.98   12.51 (MET)
x_reg[8]$_SDFFE_PN0P_/D (sg13g2_dfrbpq_1)   15.49    2.98   12.51 (MET)
x_reg[8]$_SDFFE_PN0P_/D (sg13g2_dfrbpq_1)   15.49    2.98   12.51 (MET)
x_reg[8]$_SDFFE_PN0P_/D (sg13g2_dfrbpq_1)   15.49    2.98   12.51 (MET)
x_reg[8]$_SDFFE_PN0P_/D (sg13g2_dfrbpq_1)   15.49    2.98   12.51 (MET)
x_reg[8]$_SDFFE_PN0P_/D (sg13g2_dfrbpq_1)   15.49    2.98   12.51 (MET)
x_reg[8]$_SDFFE_PN0P_/D (sg13g2_dfrbpq_1)   15.49    2.98   12.51 (MET)
x_reg[8]$_SDFFE_PN0P_/D (sg13g2_dfrbpq_1)   15.49    2.98   12.51 (MET)
x_reg[8]$_SDFFE_PN0P_/D (sg13g2_dfrbpq_1)   15.49    2.98   12.51 (MET)
x_reg[8]$_SDFFE_PN0P_/D (sg13g2_dfrbpq_1)   15.49    2.98   12.51 (MET)
x_reg[8]$_SDFFE_PN0P_/D (sg13g2_dfrbpq_1)   15.49    2.98   12.51 (MET)
x_reg[8]$_SDFFE_PN0P_/D (sg13g2_dfrbpq_1)   15.49    2.98   12.51 (MET)
x_reg[8]$_SDFFE_PN0P_/D (sg13g2_dfrbpq_1)   15.49    2.98   12.51 (MET)
x_reg[8]$_SDFFE_PN0P_/D (sg13g2_dfrbpq_1)   15.49    2.98   12.51 (MET)
x_reg[8]$_SDFFE_PN0P_/D (sg13g2_dfrbpq_1)   15.49    2.98   12.51 (MET)
x_reg[8]$_SDFFE_PN0P_/D (sg13g2_dfrbpq_1)   15.49    2.98   12.51 (MET)
x_reg[8]$_SDFFE_PN0P_/D (sg13g2_dfrbpq_1)   15.49    2.98   12.51 (MET)
x_reg[8]$_SDFFE_PN0P_/D (sg13g2_dfrbpq_1)   15.49    2.98   12.51 (MET)
y_reg[8]$_SDFFE_PN0P_/D (sg13g2_dfrbpq_1)   15.49    2.97   12.51 (MET)
y_reg[8]$_SDFFE_PN0P_/D (sg13g2_dfrbpq_1)   15.49    2.97   12.51 (MET)
x_reg[8]$_SDFFE_PN0P_/D (sg13g2_dfrbpq_1)   15.49    2.97   12.51 (MET)
x_reg[8]$_SDFFE_PN0P_/D (sg13g2_dfrbpq_1)   15.49    2.97   12.51 (MET)
x_reg[8]$_SDFFE_PN0P_/D (sg13g2_dfrbpq_1)   15.49    2.97   12.51 (MET)
x_reg[8]$_SDFFE_PN0P_/D (sg13g2_dfrbpq_1)   15.49    2.97   12.51 (MET)
y_reg[6]$_SDFFE_PN0P_/D (sg13g2_dfrbpq_1)   15.49    2.98   12.51 (MET)
y_reg[8]$_SDFFE_PN0P_/D (sg13g2_dfrbpq_1)   15.49    2.97   12.51 (MET)
y_reg[8]$_SDFFE_PN0P_/D (sg13g2_dfrbpq_1)   15.49    2.97   12.51 (MET)
y_reg[8]$_SDFFE_PN0P_/D (sg13g2_dfrbpq_1)   15.49    2.97   12.51 (MET)
y_reg[8]$_SDFFE_PN0P_/D (sg13g2_dfrbpq_1)   15.49    2.97   12.51 (MET)
x_reg[7]$_SDFFE_PN0P_/D (sg13g2_dfrbpq_1)   15.47    2.96   12.51 (MET)
x_reg[7]$_SDFFE_PN0P_/D (sg13g2_dfrbpq_1)   15.47    2.96   12.51 (MET)
y_reg[6]$_SDFFE_PN0P_/D (sg13g2_dfrbpq_1)   15.49    2.98   12.51 (MET)
y_reg[8]$_SDFFE_PN0P_/D (sg13g2_dfrbpq_1)   15.49    2.97   12.51 (MET)
y_reg[8]$_SDFFE_PN0P_/D (sg13g2_dfrbpq_1)   15.49    2.97   12.51 (MET)
x_reg[8]$_SDFFE_PN0P_/D (sg13g2_dfrbpq_1)   15.49    2.98   12.51 (MET)
x_reg[8]$_SDFFE_PN0P_/D (sg13g2_dfrbpq_1)   15.49    2.98   12.51 (MET)
x_reg[8]$_SDFFE_PN0P_/D (sg13g2_dfrbpq_1)   15.49    2.98   12.51 (MET)
x_reg[8]$_SDFFE_PN0P_/D (sg13g2_dfrbpq_1)   15.49    2.98   12.51 (MET)
x_reg[8]$_SDFFE_PN0P_/D (sg13g2_dfrbpq_1)   15.49    2.98   12.51 (MET)
x_reg[8]$_SDFFE_PN0P_/D (sg13g2_dfrbpq_1)   15.49    2.98   12.51 (MET)
x_reg[8]$_SDFFE_PN0P_/D (sg13g2_dfrbpq_1)   15.49    2.98   12.51 (MET)
x_reg[8]$_SDFFE_PN0P_/D (sg13g2_dfrbpq_1)   15.49    2.98   12.51 (MET)
y_reg[8]$_SDFFE_PN0P_/D (sg13g2_dfrbpq_1)   15.48    2.97   12.51 (MET)
y_reg[8]$_SDFFE_PN0P_/D (sg13g2_dfrbpq_1)   15.48    2.97   12.51 (MET)
y_reg[8]$_SDFFE_PN0P_/D (sg13g2_dfrbpq_1)   15.49    2.97   12.51 (MET)
y_reg[8]$_SDFFE_PN0P_/D (sg13g2_dfrbpq_1)   15.49    2.97   12.51 (MET)
y_reg[8]$_SDFFE_PN0P_/D (sg13g2_dfrbpq_1)   15.48    2.97   12.51 (MET)
y_reg[8]$_SDFFE_PN0P_/D (sg13g2_dfrbpq_1)   15.48    2.97   12.51 (MET)
x_reg[8]$_SDFFE_PN0P_/D (sg13g2_dfrbpq_1)   15.49    2.98   12.51 (MET)
y_reg[8]$_SDFFE_PN0P_/D (sg13g2_dfrbpq_1)   15.49    2.97   12.51 (MET)
y_reg[8]$_SDFFE_PN0P_/D (sg13g2_dfrbpq_1)   15.49    2.97   12.51 (MET)
y_reg[8]$_SDFFE_PN0P_/D (sg13g2_dfrbpq_1)   15.49    2.97   12.51 (MET)
y_reg[8]$_SDFFE_PN0P_/D (sg13g2_dfrbpq_1)   15.49    2.97   12.51 (MET)
y_reg[8]$_SDFFE_PN0P_/D (sg13g2_dfrbpq_1)   15.49    2.97   12.51 (MET)
x_reg[8]$_SDFFE_PN0P_/D (sg13g2_dfrbpq_1)   15.49    2.98   12.51 (MET)
x_reg[8]$_SDFFE_PN0P_/D (sg13g2_dfrbpq_1)   15.49    2.98   12.51 (MET)
x_reg[8]$_SDFFE_PN0P_/D (sg13g2_dfrbpq_1)   15.49    2.98   12.51 (MET)
x_reg[8]$_SDFFE_PN0P_/D (sg13g2_dfrbpq_1)   15.49    2.98   12.51 (MET)
y_reg[8]$_SDFFE_PN0P_/D (sg13g2_dfrbpq_1)   15.49    2.97   12.51 (MET)
x_reg[8]$_SDFFE_PN0P_/D (sg13g2_dfrbpq_1)   15.49    2.98   12.51 (MET)
x_reg[8]$_SDFFE_PN0P_/D (sg13g2_dfrbpq_1)   15.49    2.98   12.51 (MET)
x_reg[8]$_SDFFE_PN0P_/D (sg13g2_dfrbpq_1)   15.49    2.98   12.51 (MET)
x_reg[8]$_SDFFE_PN0P_/D (sg13g2_dfrbpq_1)   15.49    2.98   12.51 (MET)
x_reg[7]$_SDFFE_PN0P_/D (sg13g2_dfrbpq_1)   15.47    2.96   12.51 (MET)
x_reg[7]$_SDFFE_PN0P_/D (sg13g2_dfrbpq_1)   15.48    2.97   12.51 (MET)
x_reg[7]$_SDFFE_PN0P_/D (sg13g2_dfrbpq_1)   15.48    2.97   12.51 (MET)
y_reg[6]$_SDFFE_PN0P_/D (sg13g2_dfrbpq_1)   15.49    2.98   12.51 (MET)
y_reg[6]$_SDFFE_PN0P_/D (sg13g2_dfrbpq_1)   15.49    2.98   12.51 (MET)
y_reg[6]$_SDFFE_PN0P_/D (sg13g2_dfrbpq_1)   15.49    2.98   12.51 (MET)
y_reg[6]$_SDFFE_PN0P_/D (sg13g2_dfrbpq_1)   15.49    2.98   12.51 (MET)
y_reg[8]$_SDFFE_PN0P_/D (sg13g2_dfrbpq_1)   15.49    2.97   12.51 (MET)
x_reg[8]$_SDFFE_PN0P_/D (sg13g2_dfrbpq_1)   15.49    2.97   12.51 (MET)
x_reg[8]$_SDFFE_PN0P_/D (sg13g2_dfrbpq_1)   15.49    2.97   12.51 (MET)
y_reg[6]$_SDFFE_PN0P_/D (sg13g2_dfrbpq_1)   15.49    2.98   12.51 (MET)
y_reg[6]$_SDFFE_PN0P_/D (sg13g2_dfrbpq_1)   15.49    2.98   12.51 (MET)
y_reg[6]$_SDFFE_PN0P_/D (sg13g2_dfrbpq_1)   15.49    2.98   12.51 (MET)
y_reg[6]$_SDFFE_PN0P_/D (sg13g2_dfrbpq_1)   15.49    2.98   12.51 (MET)
y_reg[6]$_SDFFE_PN0P_/D (sg13g2_dfrbpq_1)   15.49    2.98   12.51 (MET)
y_reg[6]$_SDFFE_PN0P_/D (sg13g2_dfrbpq_1)   15.49    2.98   12.51 (MET)
y_reg[9]$_SDFFE_PN0P_/D (sg13g2_dfrbpq_1)   15.49    2.97   12.51 (MET)
y_reg[9]$_SDFFE_PN0P_/D (sg13g2_dfrbpq_1)   15.49    2.97   12.51 (MET)
y_reg[9]$_SDFFE_PN0P_/D (sg13g2_dfrbpq_1)   15.49    2.97   12.51 (MET)
y_reg[9]$_SDFFE_PN0P_/D (sg13g2_dfrbpq_1)   15.49    2.97   12.51 (MET)
y_reg[9]$_SDFFE_PN0P_/D (sg13g2_dfrbpq_1)   15.49    2.97   12.51 (MET)
y_reg[6]$_SDFFE_PN0P_/D (sg13g2_dfrbpq_1)   15.49    2.98   12.51 (MET)
y_reg[6]$_SDFFE_PN0P_/D (sg13g2_dfrbpq_1)   15.49    2.98   12.51 (MET)
y_reg[9]$_SDFFE_PN0P_/D (sg13g2_dfrbpq_1)   15.49    2.97   12.51 (MET)
y_reg[9]$_SDFFE_PN0P_/D (sg13g2_dfrbpq_1)   15.48    2.97   12.51 (MET)
y_reg[9]$_SDFFE_PN0P_/D (sg13g2_dfrbpq_1)   15.48    2.97   12.51 (MET)
y_reg[9]$_SDFFE_PN0P_/D (sg13g2_dfrbpq_1)   15.48    2.97   12.51 (MET)
y_reg[7]$_SDFFE_PN0P_/D (sg13g2_dfrbpq_1)   15.49    2.97   12.51 (MET)
y_reg[7]$_SDFFE_PN0P_/D (sg13g2_dfrbpq_1)   15.49    2.97   12.51 (MET)
y_reg[8]$_SDFFE_PN0P_/D (sg13g2_dfrbpq_1)   15.48    2.96   12.51 (MET)
y_reg[8]$_SDFFE_PN0P_/D (sg13g2_dfrbpq_1)   15.48    2.96   12.51 (MET)
y_reg[8]$_SDFFE_PN0P_/D (sg13g2_dfrbpq_1)   15.48    2.96   12.51 (MET)
y_reg[8]$_SDFFE_PN0P_/D (sg13g2_dfrbpq_1)   15.48    2.96   12.51 (MET)
y_reg[8]$_SDFFE_PN0P_/D (sg13g2_dfrbpq_1)   15.48    2.96   12.51 (MET)
y_reg[8]$_SDFFE_PN0P_/D (sg13g2_dfrbpq_1)   15.48    2.96   12.51 (MET)
y_reg[8]$_SDFFE_PN0P_/D (sg13g2_dfrbpq_1)   15.48    2.96   12.51 (MET)
y_reg[8]$_SDFFE_PN0P_/D (sg13g2_dfrbpq_1)   15.48    2.96   12.51 (MET)
y_reg[6]$_SDFFE_PN0P_/D (sg13g2_dfrbpq_1)   15.49    2.98   12.51 (MET)
y_reg[6]$_SDFFE_PN0P_/D (sg13g2_dfrbpq_1)   15.49    2.98   12.51 (MET)
y_reg[6]$_SDFFE_PN0P_/D (sg13g2_dfrbpq_1)   15.49    2.98   12.51 (MET)
y_reg[6]$_SDFFE_PN0P_/D (sg13g2_dfrbpq_1)   15.49    2.98   12.51 (MET)
y_reg[6]$_SDFFE_PN0P_/D (sg13g2_dfrbpq_1)   15.49    2.98   12.51 (MET)
y_reg[6]$_SDFFE_PN0P_/D (sg13g2_dfrbpq_1)   15.49    2.98   12.51 (MET)
x_reg[8]$_SDFFE_PN0P_/D (sg13g2_dfrbpq_1)   15.49    2.98   12.51 (MET)
x_reg[8]$_SDFFE_PN0P_/D (sg13g2_dfrbpq_1)   15.49    2.98   12.51 (MET)
y_reg[6]$_SDFFE_PN0P_/D (sg13g2_dfrbpq_1)   15.49    2.98   12.51 (MET)
y_reg[6]$_SDFFE_PN0P_/D (sg13g2_dfrbpq_1)   15.49    2.98   12.51 (MET)
y_reg[8]$_SDFFE_PN0P_/D (sg13g2_dfrbpq_1)   15.49    2.97   12.51 (MET)
x_reg[9]$_SDFFE_PN0P_/D (sg13g2_dfrbpq_1)   15.49    2.97   12.51 (MET)
x_reg[9]$_SDFFE_PN0P_/D (sg13g2_dfrbpq_1)   15.49    2.97   12.51 (MET)
y_reg[8]$_SDFFE_PN0P_/D (sg13g2_dfrbpq_1)   15.49    2.97   12.51 (MET)
y_reg[8]$_SDFFE_PN0P_/D (sg13g2_dfrbpq_1)   15.49    2.97   12.51 (MET)
x_reg[7]$_SDFFE_PN0P_/D (sg13g2_dfrbpq_1)   15.47    2.96   12.51 (MET)
x_reg[7]$_SDFFE_PN0P_/D (sg13g2_dfrbpq_1)   15.47    2.96   12.51 (MET)
x_reg[7]$_SDFFE_PN0P_/D (sg13g2_dfrbpq_1)   15.47    2.96   12.51 (MET)
x_reg[7]$_SDFFE_PN0P_/D (sg13g2_dfrbpq_1)   15.47    2.96   12.51 (MET)
x_reg[7]$_SDFFE_PN0P_/D (sg13g2_dfrbpq_1)   15.47    2.96   12.51 (MET)
x_reg[7]$_SDFFE_PN0P_/D (sg13g2_dfrbpq_1)   15.47    2.96   12.51 (MET)
x_reg[7]$_SDFFE_PN0P_/D (sg13g2_dfrbpq_1)   15.47    2.96   12.51 (MET)
x_reg[7]$_SDFFE_PN0P_/D (sg13g2_dfrbpq_1)   15.47    2.96   12.51 (MET)
x_reg[8]$_SDFFE_PN0P_/D (sg13g2_dfrbpq_1)   15.49    2.98   12.51 (MET)
x_reg[8]$_SDFFE_PN0P_/D (sg13g2_dfrbpq_1)   15.49    2.98   12.51 (MET)
x_reg[8]$_SDFFE_PN0P_/D (sg13g2_dfrbpq_1)   15.49    2.98   12.51 (MET)
x_reg[8]$_SDFFE_PN0P_/D (sg13g2_dfrbpq_1)   15.49    2.98   12.51 (MET)
x_reg[9]$_SDFFE_PN0P_/D (sg13g2_dfrbpq_1)   15.49    2.97   12.51 (MET)
x_reg[9]$_SDFFE_PN0P_/D (sg13g2_dfrbpq_1)   15.49    2.97   12.51 (MET)
x_reg[8]$_SDFFE_PN0P_/D (sg13g2_dfrbpq_1)   15.49    2.98   12.51 (MET)
x_reg[8]$_SDFFE_PN0P_/D (sg13g2_dfrbpq_1)   15.49    2.98   12.51 (MET)
x_reg[8]$_SDFFE_PN0P_/D (sg13g2_dfrbpq_1)   15.49    2.98   12.51 (MET)
x_reg[8]$_SDFFE_PN0P_/D (sg13g2_dfrbpq_1)   15.49    2.98   12.51 (MET)
x_reg[7]$_SDFFE_PN0P_/D (sg13g2_dfrbpq_1)   15.47    2.96   12.51 (MET)
x_reg[7]$_SDFFE_PN0P_/D (sg13g2_dfrbpq_1)   15.47    2.96   12.51 (MET)
y_reg[8]$_SDFFE_PN0P_/D (sg13g2_dfrbpq_1)   15.49    2.97   12.51 (MET)
y_reg[8]$_SDFFE_PN0P_/D (sg13g2_dfrbpq_1)   15.49    2.97   12.51 (MET)
y_reg[8]$_SDFFE_PN0P_/D (sg13g2_dfrbpq_1)   15.49    2.97   12.51 (MET)
y_reg[6]$_SDFFE_PN0P_/D (sg13g2_dfrbpq_1)   15.49    2.98   12.51 (MET)
x_reg[8]$_SDFFE_PN0P_/D (sg13g2_dfrbpq_1)   15.49    2.97   12.51 (MET)
y_reg[8]$_SDFFE_PN0P_/D (sg13g2_dfrbpq_1)   15.49    2.97   12.51 (MET)
y_reg[6]$_SDFFE_PN0P_/D (sg13g2_dfrbpq_1)   15.49    2.98   12.51 (MET)
y_reg[8]$_SDFFE_PN0P_/D (sg13g2_dfrbpq_1)   15.49    2.97   12.51 (MET)
y_reg[8]$_SDFFE_PN0P_/D (sg13g2_dfrbpq_1)   15.49    2.97   12.51 (MET)
x_reg[8]$_SDFFE_PN0P_/D (sg13g2_dfrbpq_1)   15.49    2.98   12.51 (MET)
x_reg[8]$_SDFFE_PN0P_/D (sg13g2_dfrbpq_1)   15.49    2.98   12.51 (MET)
x_reg[8]$_SDFFE_PN0P_/D (sg13g2_dfrbpq_1)   15.49    2.98   12.51 (MET)
x_reg[8]$_SDFFE_PN0P_/D (sg13g2_dfrbpq_1)   15.49    2.98   12.51 (MET)
y_reg[8]$_SDFFE_PN0P_/D (sg13g2_dfrbpq_1)   15.49    2.97   12.51 (MET)
y_reg[8]$_SDFFE_PN0P_/D (sg13g2_dfrbpq_1)   15.49    2.97   12.51 (MET)
x_reg[8]$_SDFFE_PN0P_/D (sg13g2_dfrbpq_1)   15.49    2.98   12.51 (MET)
x_reg[8]$_SDFFE_PN0P_/D (sg13g2_dfrbpq_1)   15.49    2.98   12.51 (MET)
x_reg[8]$_SDFFE_PN0P_/D (sg13g2_dfrbpq_1)   15.49    2.98   12.51 (MET)
x_reg[8]$_SDFFE_PN0P_/D (sg13g2_dfrbpq_1)   15.49    2.98   12.51 (MET)
y_reg[6]$_SDFFE_PN0P_/D (sg13g2_dfrbpq_1)   15.49    2.98   12.51 (MET)
y_reg[6]$_SDFFE_PN0P_/D (sg13g2_dfrbpq_1)   15.49    2.98   12.51 (MET)
y_reg[8]$_SDFFE_PN0P_/D (sg13g2_dfrbpq_1)   15.49    2.97   12.51 (MET)
y_reg[6]$_SDFFE_PN0P_/D (sg13g2_dfrbpq_1)   15.49    2.98   12.51 (MET)
y_reg[6]$_SDFFE_PN0P_/D (sg13g2_dfrbpq_1)   15.49    2.98   12.51 (MET)
y_reg[9]$_SDFFE_PN0P_/D (sg13g2_dfrbpq_1)   15.48    2.97   12.51 (MET)
y_reg[9]$_SDFFE_PN0P_/D (sg13g2_dfrbpq_1)   15.48    2.97   12.51 (MET)
y_reg[6]$_SDFFE_PN0P_/D (sg13g2_dfrbpq_1)   15.49    2.98   12.51 (MET)
y_reg[6]$_SDFFE_PN0P_/D (sg13g2_dfrbpq_1)   15.49    2.98   12.51 (MET)
y_reg[8]$_SDFFE_PN0P_/D (sg13g2_dfrbpq_1)   15.48    2.96   12.51 (MET)
y_reg[8]$_SDFFE_PN0P_/D (sg13g2_dfrbpq_1)   15.48    2.96   12.51 (MET)
y_reg[6]$_SDFFE_PN0P_/D (sg13g2_dfrbpq_1)   15.49    2.98   12.51 (MET)
y_reg[6]$_SDFFE_PN0P_/D (sg13g2_dfrbpq_1)   15.49    2.98   12.51 (MET)
y_reg[8]$_SDFFE_PN0P_/D (sg13g2_dfrbpq_1)   15.49    2.97   12.51 (MET)
y_reg[9]$_SDFFE_PN0P_/D (sg13g2_dfrbpq_1)   15.48    2.97   12.51 (MET)
y_reg[9]$_SDFFE_PN0P_/D (sg13g2_dfrbpq_1)   15.48    2.97   12.51 (MET)
y_reg[9]$_SDFFE_PN0P_/D (sg13g2_dfrbpq_1)   15.48    2.97   12.51 (MET)
y_reg[9]$_SDFFE_PN0P_/D (sg13g2_dfrbpq_1)   15.49    2.97   12.51 (MET)
y_reg[9]$_SDFFE_PN0P_/D (sg13g2_dfrbpq_1)   15.48    2.97   12.51 (MET)
y_reg[9]$_SDFFE_PN0P_/D (sg13g2_dfrbpq_1)   15.49    2.97   12.51 (MET)
y_reg[9]$_SDFFE_PN0P_/D (sg13g2_dfrbpq_1)   15.49    2.97   12.51 (MET)
x_reg[8]$_SDFFE_PN0P_/D (sg13g2_dfrbpq_1)   15.49    2.98   12.51 (MET)
x_reg[8]$_SDFFE_PN0P_/D (sg13g2_dfrbpq_1)   15.49    2.98   12.51 (MET)
y_reg[9]$_SDFFE_PN0P_/D (sg13g2_dfrbpq_1)   15.49    2.97   12.51 (MET)
y_reg[9]$_SDFFE_PN0P_/D (sg13g2_dfrbpq_1)   15.48    2.97   12.51 (MET)
x_reg[8]$_SDFFE_PN0P_/D (sg13g2_dfrbpq_1)   15.49    2.98   12.51 (MET)
x_reg[8]$_SDFFE_PN0P_/D (sg13g2_dfrbpq_1)   15.49    2.98   12.51 (MET)
x_reg[8]$_SDFFE_PN0P_/D (sg13g2_dfrbpq_1)   15.49    2.98   12.51 (MET)
x_reg[8]$_SDFFE_PN0P_/D (sg13g2_dfrbpq_1)   15.49    2.98   12.51 (MET)
x_reg[8]$_SDFFE_PN0P_/D (sg13g2_dfrbpq_1)   15.49    2.98   12.51 (MET)
x_reg[8]$_SDFFE_PN0P_/D (sg13g2_dfrbpq_1)   15.49    2.98   12.51 (MET)
x_reg[8]$_SDFFE_PN0P_/D (sg13g2_dfrbpq_1)   15.49    2.98   12.51 (MET)
x_reg[8]$_SDFFE_PN0P_/D (sg13g2_dfrbpq_1)   15.49    2.98   12.51 (MET)
x_reg[8]$_SDFFE_PN0P_/D (sg13g2_dfrbpq_1)   15.49    2.98   12.51 (MET)
x_reg[8]$_SDFFE_PN0P_/D (sg13g2_dfrbpq_1)   15.49    2.98   12.51 (MET)
y_reg[9]$_SDFFE_PN0P_/D (sg13g2_dfrbpq_1)   15.48    2.97   12.51 (MET)
y_reg[9]$_SDFFE_PN0P_/D (sg13g2_dfrbpq_1)   15.48    2.97   12.51 (MET)
x_reg[8]$_SDFFE_PN0P_/D (sg13g2_dfrbpq_1)   15.49    2.98   12.51 (MET)
x_reg[8]$_SDFFE_PN0P_/D (sg13g2_dfrbpq_1)   15.49    2.98   12.51 (MET)
x_reg[8]$_SDFFE_PN0P_/D (sg13g2_dfrbpq_1)   15.49    2.98   12.51 (MET)
x_reg[8]$_SDFFE_PN0P_/D (sg13g2_dfrbpq_1)   15.49    2.98   12.51 (MET)
x_reg[8]$_SDFFE_PN0P_/D (sg13g2_dfrbpq_1)   15.49    2.98   12.51 (MET)
x_reg[8]$_SDFFE_PN0P_/D (sg13g2_dfrbpq_1)   15.49    2.98   12.51 (MET)
x_reg[8]$_SDFFE_PN0P_/D (sg13g2_dfrbpq_1)   15.49    2.98   12.51 (MET)
x_reg[8]$_SDFFE_PN0P_/D (sg13g2_dfrbpq_1)   15.49    2.98   12.51 (MET)
y_reg[8]$_SDFFE_PN0P_/D (sg13g2_dfrbpq_1)   15.49    2.97   12.51 (MET)
y_reg[8]$_SDFFE_PN0P_/D (sg13g2_dfrbpq_1)   15.49    2.97   12.51 (MET)
x_reg[8]$_SDFFE_PN0P_/D (sg13g2_dfrbpq_1)   15.49    2.97   12.51 (MET)
x_reg[8]$_SDFFE_PN0P_/D (sg13g2_dfrbpq_1)   15.49    2.98   12.51 (MET)
x_reg[8]$_SDFFE_PN0P_/D (sg13g2_dfrbpq_1)   15.49    2.98   12.51 (MET)
x_reg[8]$_SDFFE_PN0P_/D (sg13g2_dfrbpq_1)   15.49    2.98   12.51 (MET)
x_reg[8]$_SDFFE_PN0P_/D (sg13g2_dfrbpq_1)   15.49    2.98   12.51 (MET)
y_reg[9]$_SDFFE_PN0P_/D (sg13g2_dfrbpq_1)   15.48    2.97   12.51 (MET)
y_reg[9]$_SDFFE_PN0P_/D (sg13g2_dfrbpq_1)   15.48    2.97   12.51 (MET)
y_reg[9]$_SDFFE_PN0P_/D (sg13g2_dfrbpq_1)   15.48    2.97   12.51 (MET)
y_reg[9]$_SDFFE_PN0P_/D (sg13g2_dfrbpq_1)   15.48    2.97   12.51 (MET)
x_reg[8]$_SDFFE_PN0P_/D (sg13g2_dfrbpq_1)   15.49    2.98   12.51 (MET)
x_reg[8]$_SDFFE_PN0P_/D (sg13g2_dfrbpq_1)   15.49    2.98   12.51 (MET)
x_reg[8]$_SDFFE_PN0P_/D (sg13g2_dfrbpq_1)   15.49    2.98   12.51 (MET)
x_reg[8]$_SDFFE_PN0P_/D (sg13g2_dfrbpq_1)   15.49    2.98   12.51 (MET)
y_reg[6]$_SDFFE_PN0P_/D (sg13g2_dfrbpq_1)   15.49    2.98   12.51 (MET)
y_reg[9]$_SDFFE_PN0P_/D (sg13g2_dfrbpq_1)   15.48    2.97   12.51 (MET)
y_reg[6]$_SDFFE_PN0P_/D (sg13g2_dfrbpq_1)   15.49    2.98   12.51 (MET)
y_reg[8]$_SDFFE_PN0P_/D (sg13g2_dfrbpq_1)   15.48    2.96   12.51 (MET)
y_reg[8]$_SDFFE_PN0P_/D (sg13g2_dfrbpq_1)   15.48    2.96   12.51 (MET)
y_reg[8]$_SDFFE_PN0P_/D (sg13g2_dfrbpq_1)   15.48    2.96   12.51 (MET)
y_reg[8]$_SDFFE_PN0P_/D (sg13g2_dfrbpq_1)   15.48    2.96   12.51 (MET)
y_reg[8]$_SDFFE_PN0P_/D (sg13g2_dfrbpq_1)   15.49    2.97   12.51 (MET)
y_reg[6]$_SDFFE_PN0P_/D (sg13g2_dfrbpq_1)   15.49    2.98   12.51 (MET)
y_reg[8]$_SDFFE_PN0P_/D (sg13g2_dfrbpq_1)   15.49    2.97   12.51 (MET)
y_reg[9]$_SDFFE_PN0P_/D (sg13g2_dfrbpq_1)   15.49    2.97   12.51 (MET)
y_reg[9]$_SDFFE_PN0P_/D (sg13g2_dfrbpq_1)   15.49    2.97   12.51 (MET)
x_reg[8]$_SDFFE_PN0P_/D (sg13g2_dfrbpq_1)   15.49    2.98   12.51 (MET)
x_reg[8]$_SDFFE_PN0P_/D (sg13g2_dfrbpq_1)   15.49    2.98   12.51 (MET)
y_reg[6]$_SDFFE_PN0P_/D (sg13g2_dfrbpq_1)   15.49    2.98   12.51 (MET)
y_reg[9]$_SDFFE_PN0P_/D (sg13g2_dfrbpq_1)   15.48    2.97   12.51 (MET)
y_reg[6]$_SDFFE_PN0P_/D (sg13g2_dfrbpq_1)   15.49    2.98   12.52 (MET)
y_reg[6]$_SDFFE_PN0P_/D (sg13g2_dfrbpq_1)   15.49    2.98   12.52 (MET)
y_reg[8]$_SDFFE_PN0P_/D (sg13g2_dfrbpq_1)   15.49    2.97   12.52 (MET)
y_reg[9]$_SDFFE_PN0P_/D (sg13g2_dfrbpq_1)   15.49    2.97   12.52 (MET)
y_reg[9]$_SDFFE_PN0P_/D (sg13g2_dfrbpq_1)   15.49    2.97   12.52 (MET)
y_reg[9]$_SDFFE_PN0P_/D (sg13g2_dfrbpq_1)   15.49    2.97   12.52 (MET)
y_reg[9]$_SDFFE_PN0P_/D (sg13g2_dfrbpq_1)   15.49    2.97   12.52 (MET)
y_reg[7]$_SDFFE_PN0P_/D (sg13g2_dfrbpq_1)   15.49    2.97   12.52 (MET)
y_reg[9]$_SDFFE_PN0P_/D (sg13g2_dfrbpq_1)   15.49    2.97   12.52 (MET)
y_reg[9]$_SDFFE_PN0P_/D (sg13g2_dfrbpq_1)   15.49    2.97   12.52 (MET)
y_reg[9]$_SDFFE_PN0P_/D (sg13g2_dfrbpq_1)   15.49    2.97   12.52 (MET)
y_reg[9]$_SDFFE_PN0P_/D (sg13g2_dfrbpq_1)   15.49    2.97   12.52 (MET)
y_reg[9]$_SDFFE_PN0P_/D (sg13g2_dfrbpq_1)   15.49    2.97   12.52 (MET)
y_reg[9]$_SDFFE_PN0P_/D (sg13g2_dfrbpq_1)   15.49    2.97   12.52 (MET)
y_reg[9]$_SDFFE_PN0P_/D (sg13g2_dfrbpq_1)   15.49    2.97   12.52 (MET)
y_reg[9]$_SDFFE_PN0P_/D (sg13g2_dfrbpq_1)   15.49    2.97   12.52 (MET)
y_reg[6]$_SDFFE_PN0P_/D (sg13g2_dfrbpq_1)   15.49    2.98   12.52 (MET)
y_reg[6]$_SDFFE_PN0P_/D (sg13g2_dfrbpq_1)   15.49    2.98   12.52 (MET)
y_reg[9]$_SDFFE_PN0P_/D (sg13g2_dfrbpq_1)   15.49    2.97   12.52 (MET)
y_reg[9]$_SDFFE_PN0P_/D (sg13g2_dfrbpq_1)   15.49    2.97   12.52 (MET)
y_reg[7]$_SDFFE_PN0P_/D (sg13g2_dfrbpq_1)   15.49    2.97   12.52 (MET)
y_reg[8]$_SDFFE_PN0P_/D (sg13g2_dfrbpq_1)   15.49    2.97   12.52 (MET)
y_reg[9]$_SDFFE_PN0P_/D (sg13g2_dfrbpq_1)   15.49    2.97   12.52 (MET)
y_reg[9]$_SDFFE_PN0P_/D (sg13g2_dfrbpq_1)   15.49    2.97   12.52 (MET)
y_reg[9]$_SDFFE_PN0P_/D (sg13g2_dfrbpq_1)   15.49    2.97   12.52 (MET)
y_reg[9]$_SDFFE_PN0P_/D (sg13g2_dfrbpq_1)   15.49    2.97   12.52 (MET)
z_reg[5]$_SDFFE_PN0P_/D (sg13g2_dfrbpq_1)   15.48    2.97   12.52 (MET)
z_reg[5]$_SDFFE_PN0P_/D (sg13g2_dfrbpq_1)   15.48    2.97   12.52 (MET)
x_reg[8]$_SDFFE_PN0P_/D (sg13g2_dfrbpq_1)   15.49    2.97   12.52 (MET)
y_reg[6]$_SDFFE_PN0P_/D (sg13g2_dfrbpq_1)   15.49    2.98   12.52 (MET)
y_reg[6]$_SDFFE_PN0P_/D (sg13g2_dfrbpq_1)   15.49    2.98   12.52 (MET)
x_reg[8]$_SDFFE_PN0P_/D (sg13g2_dfrbpq_1)   15.49    2.98   12.52 (MET)
x_reg[8]$_SDFFE_PN0P_/D (sg13g2_dfrbpq_1)   15.49    2.98   12.52 (MET)
x_reg[8]$_SDFFE_PN0P_/D (sg13g2_dfrbpq_1)   15.49    2.98   12.52 (MET)
x_reg[8]$_SDFFE_PN0P_/D (sg13g2_dfrbpq_1)   15.49    2.98   12.52 (MET)
y_reg[9]$_SDFFE_PN0P_/D (sg13g2_dfrbpq_1)   15.48    2.97   12.52 (MET)
y_reg[9]$_SDFFE_PN0P_/D (sg13g2_dfrbpq_1)   15.48    2.97   12.52 (MET)
y_reg[9]$_SDFFE_PN0P_/D (sg13g2_dfrbpq_1)   15.48    2.97   12.52 (MET)
y_reg[9]$_SDFFE_PN0P_/D (sg13g2_dfrbpq_1)   15.48    2.97   12.52 (MET)
y_reg[9]$_SDFFE_PN0P_/D (sg13g2_dfrbpq_1)   15.48    2.97   12.52 (MET)
y_reg[9]$_SDFFE_PN0P_/D (sg13g2_dfrbpq_1)   15.48    2.97   12.52 (MET)
y_reg[6]$_SDFFE_PN0P_/D (sg13g2_dfrbpq_1)   15.49    2.98   12.52 (MET)
y_reg[7]$_SDFFE_PN0P_/D (sg13g2_dfrbpq_1)   15.49    2.97   12.52 (MET)
y_reg[8]$_SDFFE_PN0P_/D (sg13g2_dfrbpq_1)   15.49    2.97   12.52 (MET)
y_reg[8]$_SDFFE_PN0P_/D (sg13g2_dfrbpq_1)   15.49    2.97   12.52 (MET)
y_reg[6]$_SDFFE_PN0P_/D (sg13g2_dfrbpq_1)   15.49    2.98   12.52 (MET)
x_reg[8]$_SDFFE_PN0P_/D (sg13g2_dfrbpq_1)   15.49    2.98   12.52 (MET)
x_reg[8]$_SDFFE_PN0P_/D (sg13g2_dfrbpq_1)   15.49    2.98   12.52 (MET)
x_reg[8]$_SDFFE_PN0P_/D (sg13g2_dfrbpq_1)   15.49    2.98   12.52 (MET)
x_reg[8]$_SDFFE_PN0P_/D (sg13g2_dfrbpq_1)   15.49    2.98   12.52 (MET)
x_reg[8]$_SDFFE_PN0P_/D (sg13g2_dfrbpq_1)   15.49    2.98   12.52 (MET)
x_reg[8]$_SDFFE_PN0P_/D (sg13g2_dfrbpq_1)   15.49    2.98   12.52 (MET)
x_reg[8]$_SDFFE_PN0P_/D (sg13g2_dfrbpq_1)   15.49    2.98   12.52 (MET)
x_reg[8]$_SDFFE_PN0P_/D (sg13g2_dfrbpq_1)   15.49    2.98   12.52 (MET)
y_reg[9]$_SDFFE_PN0P_/D (sg13g2_dfrbpq_1)   15.48    2.97   12.52 (MET)
y_reg[9]$_SDFFE_PN0P_/D (sg13g2_dfrbpq_1)   15.48    2.97   12.52 (MET)
y_reg[9]$_SDFFE_PN0P_/D (sg13g2_dfrbpq_1)   15.48    2.97   12.52 (MET)
y_reg[8]$_SDFFE_PN0P_/D (sg13g2_dfrbpq_1)   15.48    2.96   12.52 (MET)
y_reg[8]$_SDFFE_PN0P_/D (sg13g2_dfrbpq_1)   15.48    2.96   12.52 (MET)
y_reg[9]$_SDFFE_PN0P_/D (sg13g2_dfrbpq_1)   15.48    2.97   12.52 (MET)
x_reg[8]$_SDFFE_PN0P_/D (sg13g2_dfrbpq_1)   15.49    2.97   12.52 (MET)
y_reg[8]$_SDFFE_PN0P_/D (sg13g2_dfrbpq_1)   15.48    2.96   12.52 (MET)
y_reg[8]$_SDFFE_PN0P_/D (sg13g2_dfrbpq_1)   15.48    2.96   12.52 (MET)
y_reg[6]$_SDFFE_PN0P_/D (sg13g2_dfrbpq_1)   15.49    2.97   12.52 (MET)
y_reg[6]$_SDFFE_PN0P_/D (sg13g2_dfrbpq_1)   15.49    2.97   12.52 (MET)
y_reg[9]$_SDFFE_PN0P_/D (sg13g2_dfrbpq_1)   15.48    2.97   12.52 (MET)
y_reg[6]$_SDFFE_PN0P_/D (sg13g2_dfrbpq_1)   15.49    2.97   12.52 (MET)
y_reg[6]$_SDFFE_PN0P_/D (sg13g2_dfrbpq_1)   15.49    2.97   12.52 (MET)
y_reg[9]$_SDFFE_PN0P_/D (sg13g2_dfrbpq_1)   15.48    2.97   12.52 (MET)
y_reg[9]$_SDFFE_PN0P_/D (sg13g2_dfrbpq_1)   15.48    2.97   12.52 (MET)
y_reg[6]$_SDFFE_PN0P_/D (sg13g2_dfrbpq_1)   15.49    2.98   12.52 (MET)
y_reg[6]$_SDFFE_PN0P_/D (sg13g2_dfrbpq_1)   15.49    2.98   12.52 (MET)
y_reg[9]$_SDFFE_PN0P_/D (sg13g2_dfrbpq_1)   15.48    2.97   12.52 (MET)
y_reg[8]$_SDFFE_PN0P_/D (sg13g2_dfrbpq_1)   15.48    2.96   12.52 (MET)
y_reg[8]$_SDFFE_PN0P_/D (sg13g2_dfrbpq_1)   15.48    2.96   12.52 (MET)
y_reg[8]$_SDFFE_PN0P_/D (sg13g2_dfrbpq_1)   15.48    2.96   12.52 (MET)
y_reg[8]$_SDFFE_PN0P_/D (sg13g2_dfrbpq_1)   15.48    2.96   12.52 (MET)
y_reg[8]$_SDFFE_PN0P_/D (sg13g2_dfrbpq_1)   15.48    2.96   12.52 (MET)
y_reg[8]$_SDFFE_PN0P_/D (sg13g2_dfrbpq_1)   15.48    2.96   12.52 (MET)
y_reg[8]$_SDFFE_PN0P_/D (sg13g2_dfrbpq_1)   15.48    2.96   12.52 (MET)
y_reg[8]$_SDFFE_PN0P_/D (sg13g2_dfrbpq_1)   15.48    2.96   12.52 (MET)
y_reg[9]$_SDFFE_PN0P_/D (sg13g2_dfrbpq_1)   15.48    2.97   12.52 (MET)
y_reg[8]$_SDFFE_PN0P_/D (sg13g2_dfrbpq_1)   15.48    2.96   12.52 (MET)
y_reg[8]$_SDFFE_PN0P_/D (sg13g2_dfrbpq_1)   15.48    2.96   12.52 (MET)
y_reg[8]$_SDFFE_PN0P_/D (sg13g2_dfrbpq_1)   15.48    2.96   12.52 (MET)
y_reg[8]$_SDFFE_PN0P_/D (sg13g2_dfrbpq_1)   15.48    2.96   12.52 (MET)
y_reg[9]$_SDFFE_PN0P_/D (sg13g2_dfrbpq_1)   15.48    2.97   12.52 (MET)
x_reg[8]$_SDFFE_PN0P_/D (sg13g2_dfrbpq_1)   15.49    2.98   12.52 (MET)
x_reg[8]$_SDFFE_PN0P_/D (sg13g2_dfrbpq_1)   15.49    2.98   12.52 (MET)
x_reg[8]$_SDFFE_PN0P_/D (sg13g2_dfrbpq_1)   15.49    2.98   12.52 (MET)
y_reg[6]$_SDFFE_PN0P_/D (sg13g2_dfrbpq_1)   15.49    2.98   12.52 (MET)
y_reg[8]$_SDFFE_PN0P_/D (sg13g2_dfrbpq_1)   15.49    2.97   12.52 (MET)
y_reg[8]$_SDFFE_PN0P_/D (sg13g2_dfrbpq_1)   15.49    2.97   12.52 (MET)
y_reg[8]$_SDFFE_PN0P_/D (sg13g2_dfrbpq_1)   15.49    2.97   12.52 (MET)
y_reg[8]$_SDFFE_PN0P_/D (sg13g2_dfrbpq_1)   15.49    2.97   12.52 (MET)
y_reg[8]$_SDFFE_PN0P_/D (sg13g2_dfrbpq_1)   15.49    2.97   12.52 (MET)
y_reg[8]$_SDFFE_PN0P_/D (sg13g2_dfrbpq_1)   15.49    2.97   12.52 (MET)
y_reg[8]$_SDFFE_PN0P_/D (sg13g2_dfrbpq_1)   15.49    2.97   12.52 (MET)
y_reg[8]$_SDFFE_PN0P_/D (sg13g2_dfrbpq_1)   15.49    2.97   12.52 (MET)
y_reg[8]$_SDFFE_PN0P_/D (sg13g2_dfrbpq_1)   15.49    2.97   12.52 (MET)
y_reg[8]$_SDFFE_PN0P_/D (sg13g2_dfrbpq_1)   15.49    2.97   12.52 (MET)
y_reg[9]$_SDFFE_PN0P_/D (sg13g2_dfrbpq_1)   15.48    2.97   12.52 (MET)
y_reg[8]$_SDFFE_PN0P_/D (sg13g2_dfrbpq_1)   15.49    2.97   12.52 (MET)
y_reg[8]$_SDFFE_PN0P_/D (sg13g2_dfrbpq_1)   15.49    2.97   12.52 (MET)
y_reg[8]$_SDFFE_PN0P_/D (sg13g2_dfrbpq_1)   15.49    2.97   12.52 (MET)
y_reg[8]$_SDFFE_PN0P_/D (sg13g2_dfrbpq_1)   15.49    2.97   12.52 (MET)
y_reg[8]$_SDFFE_PN0P_/D (sg13g2_dfrbpq_1)   15.49    2.97   12.52 (MET)
y_reg[8]$_SDFFE_PN0P_/D (sg13g2_dfrbpq_1)   15.49    2.97   12.52 (MET)
y_reg[8]$_SDFFE_PN0P_/D (sg13g2_dfrbpq_1)   15.49    2.97   12.52 (MET)
y_reg[8]$_SDFFE_PN0P_/D (sg13g2_dfrbpq_1)   15.49    2.97   12.52 (MET)
y_reg[8]$_SDFFE_PN0P_/D (sg13g2_dfrbpq_1)   15.49    2.97   12.52 (MET)
y_reg[9]$_SDFFE_PN0P_/D (sg13g2_dfrbpq_1)   15.49    2.97   12.52 (MET)
y_reg[9]$_SDFFE_PN0P_/D (sg13g2_dfrbpq_1)   15.49    2.97   12.52 (MET)
y_reg[9]$_SDFFE_PN0P_/D (sg13g2_dfrbpq_1)   15.49    2.97   12.52 (MET)
y_reg[9]$_SDFFE_PN0P_/D (sg13g2_dfrbpq_1)   15.49    2.97   12.52 (MET)
y_reg[9]$_SDFFE_PN0P_/D (sg13g2_dfrbpq_1)   15.49    2.97   12.52 (MET)
y_reg[9]$_SDFFE_PN0P_/D (sg13g2_dfrbpq_1)   15.49    2.97   12.52 (MET)
y_reg[9]$_SDFFE_PN0P_/D (sg13g2_dfrbpq_1)   15.48    2.97   12.52 (MET)
x_reg[8]$_SDFFE_PN0P_/D (sg13g2_dfrbpq_1)   15.49    2.98   12.52 (MET)
x_reg[8]$_SDFFE_PN0P_/D (sg13g2_dfrbpq_1)   15.49    2.98   12.52 (MET)
y_reg[8]$_SDFFE_PN0P_/D (sg13g2_dfrbpq_1)   15.49    2.97   12.52 (MET)
y_reg[9]$_SDFFE_PN0P_/D (sg13g2_dfrbpq_1)   15.49    2.97   12.52 (MET)
y_reg[9]$_SDFFE_PN0P_/D (sg13g2_dfrbpq_1)   15.49    2.97   12.52 (MET)
y_reg[9]$_SDFFE_PN0P_/D (sg13g2_dfrbpq_1)   15.49    2.97   12.52 (MET)
y_reg[9]$_SDFFE_PN0P_/D (sg13g2_dfrbpq_1)   15.49    2.97   12.52 (MET)
y_reg[9]$_SDFFE_PN0P_/D (sg13g2_dfrbpq_1)   15.49    2.97   12.52 (MET)
y_reg[9]$_SDFFE_PN0P_/D (sg13g2_dfrbpq_1)   15.49    2.97   12.52 (MET)
y_reg[9]$_SDFFE_PN0P_/D (sg13g2_dfrbpq_1)   15.48    2.97   12.52 (MET)
y_reg[9]$_SDFFE_PN0P_/D (sg13g2_dfrbpq_1)   15.48    2.97   12.52 (MET)
x_reg[8]$_SDFFE_PN0P_/D (sg13g2_dfrbpq_1)   15.49    2.98   12.52 (MET)
y_reg[9]$_SDFFE_PN0P_/D (sg13g2_dfrbpq_1)   15.48    2.97   12.52 (MET)
y_reg[8]$_SDFFE_PN0P_/D (sg13g2_dfrbpq_1)   15.49    2.97   12.52 (MET)
y_reg[7]$_SDFFE_PN0P_/D (sg13g2_dfrbpq_1)   15.48    2.96   12.52 (MET)
y_reg[7]$_SDFFE_PN0P_/D (sg13g2_dfrbpq_1)   15.48    2.96   12.52 (MET)
y_reg[9]$_SDFFE_PN0P_/D (sg13g2_dfrbpq_1)   15.48    2.97   12.52 (MET)
y_reg[9]$_SDFFE_PN0P_/D (sg13g2_dfrbpq_1)   15.48    2.97   12.52 (MET)
x_reg[8]$_SDFFE_PN0P_/D (sg13g2_dfrbpq_1)   15.49    2.98   12.52 (MET)
y_reg[7]$_SDFFE_PN0P_/D (sg13g2_dfrbpq_1)   15.48    2.96   12.52 (MET)
y_reg[7]$_SDFFE_PN0P_/D (sg13g2_dfrbpq_1)   15.48    2.96   12.52 (MET)
y_reg[9]$_SDFFE_PN0P_/D (sg13g2_dfrbpq_1)   15.48    2.97   12.52 (MET)
y_reg[9]$_SDFFE_PN0P_/D (sg13g2_dfrbpq_1)   15.48    2.97   12.52 (MET)
y_reg[6]$_SDFFE_PN0P_/D (sg13g2_dfrbpq_1)   15.49    2.98   12.52 (MET)
x_reg[8]$_SDFFE_PN0P_/D (sg13g2_dfrbpq_1)   15.49    2.97   12.52 (MET)
y_reg[9]$_SDFFE_PN0P_/D (sg13g2_dfrbpq_1)   15.49    2.97   12.52 (MET)
y_reg[9]$_SDFFE_PN0P_/D (sg13g2_dfrbpq_1)   15.49    2.97   12.52 (MET)
y_reg[9]$_SDFFE_PN0P_/D (sg13g2_dfrbpq_1)   15.49    2.97   12.52 (MET)
y_reg[9]$_SDFFE_PN0P_/D (sg13g2_dfrbpq_1)   15.49    2.97   12.52 (MET)
y_reg[9]$_SDFFE_PN0P_/D (sg13g2_dfrbpq_1)   15.49    2.97   12.52 (MET)
y_reg[9]$_SDFFE_PN0P_/D (sg13g2_dfrbpq_1)   15.49    2.97   12.52 (MET)
y_reg[8]$_SDFFE_PN0P_/D (sg13g2_dfrbpq_1)   15.48    2.96   12.52 (MET)
y_reg[8]$_SDFFE_PN0P_/D (sg13g2_dfrbpq_1)   15.48    2.96   12.52 (MET)
y_reg[8]$_SDFFE_PN0P_/D (sg13g2_dfrbpq_1)   15.48    2.96   12.52 (MET)
y_reg[8]$_SDFFE_PN0P_/D (sg13g2_dfrbpq_1)   15.48    2.96   12.52 (MET)
y_reg[8]$_SDFFE_PN0P_/D (sg13g2_dfrbpq_1)   15.48    2.96   12.52 (MET)
y_reg[8]$_SDFFE_PN0P_/D (sg13g2_dfrbpq_1)   15.48    2.96   12.52 (MET)
y_reg[8]$_SDFFE_PN0P_/D (sg13g2_dfrbpq_1)   15.48    2.96   12.52 (MET)
y_reg[8]$_SDFFE_PN0P_/D (sg13g2_dfrbpq_1)   15.48    2.96   12.52 (MET)
y_reg[6]$_SDFFE_PN0P_/D (sg13g2_dfrbpq_1)   15.49    2.97   12.52 (MET)
y_reg[7]$_SDFFE_PN0P_/D (sg13g2_dfrbpq_1)   15.49    2.97   12.52 (MET)
y_reg[7]$_SDFFE_PN0P_/D (sg13g2_dfrbpq_1)   15.49    2.97   12.52 (MET)
y_reg[7]$_SDFFE_PN0P_/D (sg13g2_dfrbpq_1)   15.49    2.97   12.52 (MET)
y_reg[7]$_SDFFE_PN0P_/D (sg13g2_dfrbpq_1)   15.49    2.97   12.52 (MET)
y_reg[9]$_SDFFE_PN0P_/D (sg13g2_dfrbpq_1)   15.48    2.97   12.52 (MET)
y_reg[9]$_SDFFE_PN0P_/D (sg13g2_dfrbpq_1)   15.48    2.97   12.52 (MET)
y_reg[7]$_SDFFE_PN0P_/D (sg13g2_dfrbpq_1)   15.49    2.97   12.52 (MET)
y_reg[7]$_SDFFE_PN0P_/D (sg13g2_dfrbpq_1)   15.48    2.96   12.52 (MET)
y_reg[7]$_SDFFE_PN0P_/D (sg13g2_dfrbpq_1)   15.48    2.96   12.52 (MET)
x_reg[8]$_SDFFE_PN0P_/D (sg13g2_dfrbpq_1)   15.49    2.97   12.52 (MET)
x_reg[8]$_SDFFE_PN0P_/D (sg13g2_dfrbpq_1)   15.49    2.97   12.52 (MET)
x_reg[8]$_SDFFE_PN0P_/D (sg13g2_dfrbpq_1)   15.49    2.97   12.52 (MET)
x_reg[8]$_SDFFE_PN0P_/D (sg13g2_dfrbpq_1)   15.49    2.97   12.52 (MET)
x_reg[8]$_SDFFE_PN0P_/D (sg13g2_dfrbpq_1)   15.49    2.97   12.52 (MET)
x_reg[8]$_SDFFE_PN0P_/D (sg13g2_dfrbpq_1)   15.49    2.97   12.52 (MET)
x_reg[8]$_SDFFE_PN0P_/D (sg13g2_dfrbpq_1)   15.49    2.97   12.52 (MET)
x_reg[8]$_SDFFE_PN0P_/D (sg13g2_dfrbpq_1)   15.49    2.97   12.52 (MET)
y_reg[6]$_SDFFE_PN0P_/D (sg13g2_dfrbpq_1)   15.49    2.97   12.52 (MET)
y_reg[6]$_SDFFE_PN0P_/D (sg13g2_dfrbpq_1)   15.49    2.97   12.52 (MET)
y_reg[6]$_SDFFE_PN0P_/D (sg13g2_dfrbpq_1)   15.49    2.97   12.52 (MET)
y_reg[6]$_SDFFE_PN0P_/D (sg13g2_dfrbpq_1)   15.49    2.97   12.52 (MET)
y_reg[7]$_SDFFE_PN0P_/D (sg13g2_dfrbpq_1)   15.48    2.96   12.52 (MET)
y_reg[7]$_SDFFE_PN0P_/D (sg13g2_dfrbpq_1)   15.48    2.96   12.52 (MET)
y_reg[7]$_SDFFE_PN0P_/D (sg13g2_dfrbpq_1)   15.48    2.96   12.52 (MET)
y_reg[7]$_SDFFE_PN0P_/D (sg13g2_dfrbpq_1)   15.48    2.96   12.52 (MET)
y_reg[6]$_SDFFE_PN0P_/D (sg13g2_dfrbpq_1)   15.49    2.97   12.52 (MET)
y_reg[6]$_SDFFE_PN0P_/D (sg13g2_dfrbpq_1)   15.49    2.97   12.52 (MET)
y_reg[6]$_SDFFE_PN0P_/D (sg13g2_dfrbpq_1)   15.49    2.97   12.52 (MET)
y_reg[6]$_SDFFE_PN0P_/D (sg13g2_dfrbpq_1)   15.49    2.97   12.52 (MET)
x_reg[8]$_SDFFE_PN0P_/D (sg13g2_dfrbpq_1)   15.49    2.97   12.52 (MET)
x_reg[8]$_SDFFE_PN0P_/D (sg13g2_dfrbpq_1)   15.49    2.97   12.52 (MET)
x_reg[8]$_SDFFE_PN0P_/D (sg13g2_dfrbpq_1)   15.49    2.97   12.52 (MET)
x_reg[8]$_SDFFE_PN0P_/D (sg13g2_dfrbpq_1)   15.49    2.97   12.52 (MET)
x_reg[8]$_SDFFE_PN0P_/D (sg13g2_dfrbpq_1)   15.49    2.97   12.52 (MET)
x_reg[8]$_SDFFE_PN0P_/D (sg13g2_dfrbpq_1)   15.49    2.97   12.52 (MET)
x_reg[8]$_SDFFE_PN0P_/D (sg13g2_dfrbpq_1)   15.49    2.97   12.52 (MET)
x_reg[8]$_SDFFE_PN0P_/D (sg13g2_dfrbpq_1)   15.49    2.97   12.52 (MET)
x_reg[8]$_SDFFE_PN0P_/D (sg13g2_dfrbpq_1)   15.49    2.97   12.52 (MET)
x_reg[8]$_SDFFE_PN0P_/D (sg13g2_dfrbpq_1)   15.49    2.97   12.52 (MET)
x_reg[8]$_SDFFE_PN0P_/D (sg13g2_dfrbpq_1)   15.49    2.97   12.52 (MET)
x_reg[8]$_SDFFE_PN0P_/D (sg13g2_dfrbpq_1)   15.49    2.97   12.52 (MET)
x_reg[8]$_SDFFE_PN0P_/D (sg13g2_dfrbpq_1)   15.49    2.97   12.52 (MET)
x_reg[8]$_SDFFE_PN0P_/D (sg13g2_dfrbpq_1)   15.49    2.97   12.52 (MET)
x_reg[8]$_SDFFE_PN0P_/D (sg13g2_dfrbpq_1)   15.49    2.97   12.52 (MET)
x_reg[8]$_SDFFE_PN0P_/D (sg13g2_dfrbpq_1)   15.49    2.97   12.52 (MET)
y_reg[6]$_SDFFE_PN0P_/D (sg13g2_dfrbpq_1)   15.49    2.97   12.52 (MET)
y_reg[8]$_SDFFE_PN0P_/D (sg13g2_dfrbpq_1)   15.49    2.97   12.52 (MET)
x_reg[8]$_SDFFE_PN0P_/D (sg13g2_dfrbpq_1)   15.49    2.97   12.52 (MET)
x_reg[8]$_SDFFE_PN0P_/D (sg13g2_dfrbpq_1)   15.49    2.97   12.52 (MET)
x_reg[8]$_SDFFE_PN0P_/D (sg13g2_dfrbpq_1)   15.49    2.97   12.52 (MET)
x_reg[8]$_SDFFE_PN0P_/D (sg13g2_dfrbpq_1)   15.49    2.97   12.52 (MET)
x_reg[8]$_SDFFE_PN0P_/D (sg13g2_dfrbpq_1)   15.49    2.97   12.52 (MET)
x_reg[8]$_SDFFE_PN0P_/D (sg13g2_dfrbpq_1)   15.49    2.97   12.52 (MET)
x_reg[8]$_SDFFE_PN0P_/D (sg13g2_dfrbpq_1)   15.49    2.97   12.52 (MET)
x_reg[8]$_SDFFE_PN0P_/D (sg13g2_dfrbpq_1)   15.49    2.97   12.52 (MET)
y_reg[8]$_SDFFE_PN0P_/D (sg13g2_dfrbpq_1)   15.49    2.97   12.52 (MET)
y_reg[8]$_SDFFE_PN0P_/D (sg13g2_dfrbpq_1)   15.49    2.97   12.52 (MET)
y_reg[8]$_SDFFE_PN0P_/D (sg13g2_dfrbpq_1)   15.49    2.97   12.52 (MET)
y_reg[8]$_SDFFE_PN0P_/D (sg13g2_dfrbpq_1)   15.49    2.97   12.52 (MET)
y_reg[9]$_SDFFE_PN0P_/D (sg13g2_dfrbpq_1)   15.48    2.97   12.52 (MET)
y_reg[8]$_SDFFE_PN0P_/D (sg13g2_dfrbpq_1)   15.49    2.97   12.52 (MET)
y_reg[8]$_SDFFE_PN0P_/D (sg13g2_dfrbpq_1)   15.49    2.97   12.52 (MET)
y_reg[8]$_SDFFE_PN0P_/D (sg13g2_dfrbpq_1)   15.49    2.97   12.52 (MET)
y_reg[8]$_SDFFE_PN0P_/D (sg13g2_dfrbpq_1)   15.49    2.97   12.52 (MET)
y_reg[9]$_SDFFE_PN0P_/D (sg13g2_dfrbpq_1)   15.48    2.97   12.52 (MET)
x_reg[7]$_SDFFE_PN0P_/D (sg13g2_dfrbpq_1)   15.47    2.95   12.52 (MET)
x_reg[7]$_SDFFE_PN0P_/D (sg13g2_dfrbpq_1)   15.47    2.95   12.52 (MET)
x_reg[7]$_SDFFE_PN0P_/D (sg13g2_dfrbpq_1)   15.47    2.95   12.52 (MET)
x_reg[7]$_SDFFE_PN0P_/D (sg13g2_dfrbpq_1)   15.47    2.95   12.52 (MET)
x_reg[7]$_SDFFE_PN0P_/D (sg13g2_dfrbpq_1)   15.47    2.95   12.52 (MET)
x_reg[7]$_SDFFE_PN0P_/D (sg13g2_dfrbpq_1)   15.47    2.95   12.52 (MET)
x_reg[7]$_SDFFE_PN0P_/D (sg13g2_dfrbpq_1)   15.47    2.95   12.52 (MET)
x_reg[7]$_SDFFE_PN0P_/D (sg13g2_dfrbpq_1)   15.47    2.95   12.52 (MET)
y_reg[8]$_SDFFE_PN0P_/D (sg13g2_dfrbpq_1)   15.48    2.96   12.52 (MET)
y_reg[8]$_SDFFE_PN0P_/D (sg13g2_dfrbpq_1)   15.48    2.96   12.52 (MET)
y_reg[9]$_SDFFE_PN0P_/D (sg13g2_dfrbpq_1)   15.48    2.97   12.52 (MET)
y_reg[9]$_SDFFE_PN0P_/D (sg13g2_dfrbpq_1)   15.49    2.97   12.52 (MET)
y_reg[9]$_SDFFE_PN0P_/D (sg13g2_dfrbpq_1)   15.49    2.97   12.52 (MET)
y_reg[9]$_SDFFE_PN0P_/D (sg13g2_dfrbpq_1)   15.49    2.97   12.52 (MET)
y_reg[9]$_SDFFE_PN0P_/D (sg13g2_dfrbpq_1)   15.49    2.97   12.52 (MET)
y_reg[9]$_SDFFE_PN0P_/D (sg13g2_dfrbpq_1)   15.49    2.97   12.52 (MET)
y_reg[9]$_SDFFE_PN0P_/D (sg13g2_dfrbpq_1)   15.49    2.97   12.52 (MET)
y_reg[9]$_SDFFE_PN0P_/D (sg13g2_dfrbpq_1)   15.49    2.97   12.52 (MET)
y_reg[9]$_SDFFE_PN0P_/D (sg13g2_dfrbpq_1)   15.49    2.97   12.52 (MET)
y_reg[9]$_SDFFE_PN0P_/D (sg13g2_dfrbpq_1)   15.49    2.97   12.52 (MET)
y_reg[9]$_SDFFE_PN0P_/D (sg13g2_dfrbpq_1)   15.49    2.97   12.52 (MET)
y_reg[8]$_SDFFE_PN0P_/D (sg13g2_dfrbpq_1)   15.49    2.97   12.52 (MET)
y_reg[9]$_SDFFE_PN0P_/D (sg13g2_dfrbpq_1)   15.49    2.97   12.52 (MET)
y_reg[9]$_SDFFE_PN0P_/D (sg13g2_dfrbpq_1)   15.49    2.97   12.52 (MET)
y_reg[8]$_SDFFE_PN0P_/D (sg13g2_dfrbpq_1)   15.49    2.97   12.52 (MET)
y_reg[7]$_SDFFE_PN0P_/D (sg13g2_dfrbpq_1)   15.48    2.96   12.52 (MET)
y_reg[7]$_SDFFE_PN0P_/D (sg13g2_dfrbpq_1)   15.48    2.96   12.52 (MET)
y_reg[7]$_SDFFE_PN0P_/D (sg13g2_dfrbpq_1)   15.48    2.96   12.52 (MET)
y_reg[7]$_SDFFE_PN0P_/D (sg13g2_dfrbpq_1)   15.48    2.96   12.52 (MET)
y_reg[7]$_SDFFE_PN0P_/D (sg13g2_dfrbpq_1)   15.48    2.96   12.52 (MET)
y_reg[7]$_SDFFE_PN0P_/D (sg13g2_dfrbpq_1)   15.48    2.96   12.52 (MET)
x_reg[8]$_SDFFE_PN0P_/D (sg13g2_dfrbpq_1)   15.49    2.97   12.52 (MET)
x_reg[8]$_SDFFE_PN0P_/D (sg13g2_dfrbpq_1)   15.49    2.97   12.52 (MET)
x_reg[8]$_SDFFE_PN0P_/D (sg13g2_dfrbpq_1)   15.49    2.97   12.52 (MET)
x_reg[8]$_SDFFE_PN0P_/D (sg13g2_dfrbpq_1)   15.49    2.97   12.52 (MET)
y_reg[7]$_SDFFE_PN0P_/D (sg13g2_dfrbpq_1)   15.48    2.96   12.52 (MET)
y_reg[7]$_SDFFE_PN0P_/D (sg13g2_dfrbpq_1)   15.48    2.96   12.52 (MET)
y_reg[7]$_SDFFE_PN0P_/D (sg13g2_dfrbpq_1)   15.48    2.96   12.52 (MET)
y_reg[7]$_SDFFE_PN0P_/D (sg13g2_dfrbpq_1)   15.48    2.96   12.52 (MET)
y_reg[9]$_SDFFE_PN0P_/D (sg13g2_dfrbpq_1)   15.48    2.97   12.52 (MET)
y_reg[9]$_SDFFE_PN0P_/D (sg13g2_dfrbpq_1)   15.48    2.97   12.52 (MET)
y_reg[9]$_SDFFE_PN0P_/D (sg13g2_dfrbpq_1)   15.48    2.97   12.52 (MET)
y_reg[9]$_SDFFE_PN0P_/D (sg13g2_dfrbpq_1)   15.48    2.97   12.52 (MET)
y_reg[9]$_SDFFE_PN0P_/D (sg13g2_dfrbpq_1)   15.48    2.97   12.52 (MET)
y_reg[9]$_SDFFE_PN0P_/D (sg13g2_dfrbpq_1)   15.48    2.97   12.52 (MET)
x_reg[8]$_SDFFE_PN0P_/D (sg13g2_dfrbpq_1)   15.49    2.97   12.52 (MET)
x_reg[8]$_SDFFE_PN0P_/D (sg13g2_dfrbpq_1)   15.49    2.97   12.52 (MET)
x_reg[8]$_SDFFE_PN0P_/D (sg13g2_dfrbpq_1)   15.49    2.97   12.52 (MET)
x_reg[8]$_SDFFE_PN0P_/D (sg13g2_dfrbpq_1)   15.49    2.97   12.52 (MET)
x_reg[8]$_SDFFE_PN0P_/D (sg13g2_dfrbpq_1)   15.49    2.97   12.52 (MET)
x_reg[8]$_SDFFE_PN0P_/D (sg13g2_dfrbpq_1)   15.49    2.97   12.52 (MET)
x_reg[8]$_SDFFE_PN0P_/D (sg13g2_dfrbpq_1)   15.49    2.97   12.52 (MET)
x_reg[8]$_SDFFE_PN0P_/D (sg13g2_dfrbpq_1)   15.49    2.97   12.52 (MET)
x_reg[8]$_SDFFE_PN0P_/D (sg13g2_dfrbpq_1)   15.49    2.97   12.52 (MET)
x_reg[8]$_SDFFE_PN0P_/D (sg13g2_dfrbpq_1)   15.49    2.97   12.52 (MET)
y_reg[8]$_SDFFE_PN0P_/D (sg13g2_dfrbpq_1)   15.49    2.97   12.52 (MET)
x_reg[8]$_SDFFE_PN0P_/D (sg13g2_dfrbpq_1)   15.49    2.97   12.52 (MET)
x_reg[8]$_SDFFE_PN0P_/D (sg13g2_dfrbpq_1)   15.49    2.97   12.52 (MET)
x_reg[8]$_SDFFE_PN0P_/D (sg13g2_dfrbpq_1)   15.49    2.97   12.52 (MET)
y_reg[8]$_SDFFE_PN0P_/D (sg13g2_dfrbpq_1)   15.48    2.96   12.52 (MET)
y_reg[8]$_SDFFE_PN0P_/D (sg13g2_dfrbpq_1)   15.48    2.96   12.52 (MET)
y_reg[8]$_SDFFE_PN0P_/D (sg13g2_dfrbpq_1)   15.48    2.96   12.52 (MET)
y_reg[8]$_SDFFE_PN0P_/D (sg13g2_dfrbpq_1)   15.48    2.96   12.52 (MET)
y_reg[8]$_SDFFE_PN0P_/D (sg13g2_dfrbpq_1)   15.48    2.96   12.52 (MET)
y_reg[8]$_SDFFE_PN0P_/D (sg13g2_dfrbpq_1)   15.48    2.96   12.52 (MET)
y_reg[8]$_SDFFE_PN0P_/D (sg13g2_dfrbpq_1)   15.48    2.96   12.52 (MET)
y_reg[8]$_SDFFE_PN0P_/D (sg13g2_dfrbpq_1)   15.48    2.96   12.52 (MET)
y_reg[8]$_SDFFE_PN0P_/D (sg13g2_dfrbpq_1)   15.48    2.96   12.52 (MET)
y_reg[8]$_SDFFE_PN0P_/D (sg13g2_dfrbpq_1)   15.48    2.96   12.52 (MET)
y_reg[9]$_SDFFE_PN0P_/D (sg13g2_dfrbpq_1)   15.49    2.97   12.52 (MET)
y_reg[9]$_SDFFE_PN0P_/D (sg13g2_dfrbpq_1)   15.49    2.97   12.52 (MET)
y_reg[8]$_SDFFE_PN0P_/D (sg13g2_dfrbpq_1)   15.48    2.96   12.52 (MET)
y_reg[8]$_SDFFE_PN0P_/D (sg13g2_dfrbpq_1)   15.48    2.96   12.52 (MET)
y_reg[9]$_SDFFE_PN0P_/D (sg13g2_dfrbpq_1)   15.49    2.97   12.52 (MET)
y_reg[9]$_SDFFE_PN0P_/D (sg13g2_dfrbpq_1)   15.49    2.97   12.52 (MET)
y_reg[9]$_SDFFE_PN0P_/D (sg13g2_dfrbpq_1)   15.49    2.97   12.52 (MET)
x_reg[8]$_SDFFE_PN0P_/D (sg13g2_dfrbpq_1)   15.49    2.97   12.52 (MET)
y_reg[9]$_SDFFE_PN0P_/D (sg13g2_dfrbpq_1)   15.49    2.97   12.52 (MET)
y_reg[9]$_SDFFE_PN0P_/D (sg13g2_dfrbpq_1)   15.49    2.97   12.52 (MET)
y_reg[9]$_SDFFE_PN0P_/D (sg13g2_dfrbpq_1)   15.49    2.97   12.52 (MET)
y_reg[9]$_SDFFE_PN0P_/D (sg13g2_dfrbpq_1)   15.49    2.97   12.52 (MET)
y_reg[9]$_SDFFE_PN0P_/D (sg13g2_dfrbpq_1)   15.49    2.97   12.52 (MET)
y_reg[9]$_SDFFE_PN0P_/D (sg13g2_dfrbpq_1)   15.49    2.97   12.52 (MET)
x_reg[8]$_SDFFE_PN0P_/D (sg13g2_dfrbpq_1)   15.49    2.97   12.52 (MET)
x_reg[8]$_SDFFE_PN0P_/D (sg13g2_dfrbpq_1)   15.49    2.97   12.52 (MET)
y_reg[8]$_SDFFE_PN0P_/D (sg13g2_dfrbpq_1)   15.49    2.97   12.52 (MET)
y_reg[7]$_SDFFE_PN0P_/D (sg13g2_dfrbpq_1)   15.48    2.96   12.52 (MET)
y_reg[7]$_SDFFE_PN0P_/D (sg13g2_dfrbpq_1)   15.48    2.96   12.52 (MET)
y_reg[9]$_SDFFE_PN0P_/D (sg13g2_dfrbpq_1)   15.48    2.97   12.52 (MET)
y_reg[9]$_SDFFE_PN0P_/D (sg13g2_dfrbpq_1)   15.48    2.97   12.52 (MET)
y_reg[9]$_SDFFE_PN0P_/D (sg13g2_dfrbpq_1)   15.48    2.97   12.52 (MET)
y_reg[9]$_SDFFE_PN0P_/D (sg13g2_dfrbpq_1)   15.48    2.97   12.52 (MET)
y_reg[9]$_SDFFE_PN0P_/D (sg13g2_dfrbpq_1)   15.48    2.97   12.52 (MET)
y_reg[9]$_SDFFE_PN0P_/D (sg13g2_dfrbpq_1)   15.48    2.97   12.52 (MET)
y_reg[9]$_SDFFE_PN0P_/D (sg13g2_dfrbpq_1)   15.48    2.97   12.52 (MET)
y_reg[9]$_SDFFE_PN0P_/D (sg13g2_dfrbpq_1)   15.48    2.97   12.52 (MET)
y_reg[8]$_SDFFE_PN0P_/D (sg13g2_dfrbpq_1)   15.49    2.97   12.52 (MET)
y_reg[9]$_SDFFE_PN0P_/D (sg13g2_dfrbpq_1)   15.48    2.97   12.52 (MET)
y_reg[9]$_SDFFE_PN0P_/D (sg13g2_dfrbpq_1)   15.48    2.97   12.52 (MET)
y_reg[9]$_SDFFE_PN0P_/D (sg13g2_dfrbpq_1)   15.48    2.97   12.52 (MET)
y_reg[9]$_SDFFE_PN0P_/D (sg13g2_dfrbpq_1)   15.48    2.97   12.52 (MET)
y_reg[9]$_SDFFE_PN0P_/D (sg13g2_dfrbpq_1)   15.48    2.97   12.52 (MET)
y_reg[9]$_SDFFE_PN0P_/D (sg13g2_dfrbpq_1)   15.48    2.97   12.52 (MET)
y_reg[9]$_SDFFE_PN0P_/D (sg13g2_dfrbpq_1)   15.48    2.97   12.52 (MET)
y_reg[9]$_SDFFE_PN0P_/D (sg13g2_dfrbpq_1)   15.48    2.97   12.52 (MET)
y_reg[9]$_SDFFE_PN0P_/D (sg13g2_dfrbpq_1)   15.48    2.97   12.52 (MET)
y_reg[9]$_SDFFE_PN0P_/D (sg13g2_dfrbpq_1)   15.48    2.97   12.52 (MET)
y_reg[9]$_SDFFE_PN0P_/D (sg13g2_dfrbpq_1)   15.48    2.97   12.52 (MET)
y_reg[9]$_SDFFE_PN0P_/D (sg13g2_dfrbpq_1)   15.48    2.97   12.52 (MET)
y_reg[9]$_SDFFE_PN0P_/D (sg13g2_dfrbpq_1)   15.48    2.97   12.52 (MET)
y_reg[9]$_SDFFE_PN0P_/D (sg13g2_dfrbpq_1)   15.48    2.97   12.52 (MET)
y_reg[9]$_SDFFE_PN0P_/D (sg13g2_dfrbpq_1)   15.48    2.97   12.52 (MET)
y_reg[9]$_SDFFE_PN0P_/D (sg13g2_dfrbpq_1)   15.48    2.97   12.52 (MET)
y_reg[7]$_SDFFE_PN0P_/D (sg13g2_dfrbpq_1)   15.48    2.96   12.52 (MET)
y_reg[7]$_SDFFE_PN0P_/D (sg13g2_dfrbpq_1)   15.48    2.96   12.52 (MET)
y_reg[8]$_SDFFE_PN0P_/D (sg13g2_dfrbpq_1)   15.48    2.96   12.52 (MET)
y_reg[8]$_SDFFE_PN0P_/D (sg13g2_dfrbpq_1)   15.48    2.96   12.52 (MET)
y_reg[8]$_SDFFE_PN0P_/D (sg13g2_dfrbpq_1)   15.48    2.96   12.52 (MET)
y_reg[8]$_SDFFE_PN0P_/D (sg13g2_dfrbpq_1)   15.48    2.96   12.52 (MET)
y_reg[9]$_SDFFE_PN0P_/D (sg13g2_dfrbpq_1)   15.48    2.97   12.52 (MET)
y_reg[9]$_SDFFE_PN0P_/D (sg13g2_dfrbpq_1)   15.48    2.97   12.52 (MET)
y_reg[9]$_SDFFE_PN0P_/D (sg13g2_dfrbpq_1)   15.48    2.97   12.52 (MET)
y_reg[9]$_SDFFE_PN0P_/D (sg13g2_dfrbpq_1)   15.48    2.97   12.52 (MET)
y_reg[9]$_SDFFE_PN0P_/D (sg13g2_dfrbpq_1)   15.48    2.97   12.52 (MET)
y_reg[9]$_SDFFE_PN0P_/D (sg13g2_dfrbpq_1)   15.48    2.97   12.52 (MET)
y_reg[9]$_SDFFE_PN0P_/D (sg13g2_dfrbpq_1)   15.48    2.97   12.52 (MET)
y_reg[9]$_SDFFE_PN0P_/D (sg13g2_dfrbpq_1)   15.48    2.97   12.52 (MET)
y_reg[9]$_SDFFE_PN0P_/D (sg13g2_dfrbpq_1)   15.48    2.97   12.52 (MET)
y_reg[9]$_SDFFE_PN0P_/D (sg13g2_dfrbpq_1)   15.48    2.97   12.52 (MET)
y_reg[9]$_SDFFE_PN0P_/D (sg13g2_dfrbpq_1)   15.48    2.97   12.52 (MET)
y_reg[9]$_SDFFE_PN0P_/D (sg13g2_dfrbpq_1)   15.48    2.97   12.52 (MET)
y_reg[9]$_SDFFE_PN0P_/D (sg13g2_dfrbpq_1)   15.48    2.97   12.52 (MET)
y_reg[9]$_SDFFE_PN0P_/D (sg13g2_dfrbpq_1)   15.48    2.97   12.52 (MET)
y_reg[8]$_SDFFE_PN0P_/D (sg13g2_dfrbpq_1)   15.48    2.96   12.52 (MET)
y_reg[8]$_SDFFE_PN0P_/D (sg13g2_dfrbpq_1)   15.48    2.96   12.52 (MET)
y_reg[8]$_SDFFE_PN0P_/D (sg13g2_dfrbpq_1)   15.48    2.96   12.52 (MET)
y_reg[8]$_SDFFE_PN0P_/D (sg13g2_dfrbpq_1)   15.48    2.96   12.52 (MET)
y_reg[9]$_SDFFE_PN0P_/D (sg13g2_dfrbpq_1)   15.49    2.97   12.52 (MET)
y_reg[9]$_SDFFE_PN0P_/D (sg13g2_dfrbpq_1)   15.49    2.97   12.52 (MET)
y_reg[9]$_SDFFE_PN0P_/D (sg13g2_dfrbpq_1)   15.48    2.97   12.52 (MET)
y_reg[9]$_SDFFE_PN0P_/D (sg13g2_dfrbpq_1)   15.48    2.97   12.52 (MET)
y_reg[9]$_SDFFE_PN0P_/D (sg13g2_dfrbpq_1)   15.48    2.97   12.52 (MET)
x_reg[8]$_SDFFE_PN0P_/D (sg13g2_dfrbpq_1)   15.49    2.97   12.52 (MET)
x_reg[8]$_SDFFE_PN0P_/D (sg13g2_dfrbpq_1)   15.49    2.97   12.52 (MET)
x_reg[8]$_SDFFE_PN0P_/D (sg13g2_dfrbpq_1)   15.49    2.97   12.52 (MET)
x_reg[8]$_SDFFE_PN0P_/D (sg13g2_dfrbpq_1)   15.49    2.97   12.52 (MET)
y_reg[9]$_SDFFE_PN0P_/D (sg13g2_dfrbpq_1)   15.48    2.97   12.52 (MET)
y_reg[9]$_SDFFE_PN0P_/D (sg13g2_dfrbpq_1)   15.49    2.97   12.52 (MET)
y_reg[9]$_SDFFE_PN0P_/D (sg13g2_dfrbpq_1)   15.49    2.97   12.52 (MET)
y_reg[9]$_SDFFE_PN0P_/D (sg13g2_dfrbpq_1)   15.48    2.97   12.52 (MET)
y_reg[9]$_SDFFE_PN0P_/D (sg13g2_dfrbpq_1)   15.48    2.97   12.52 (MET)
y_reg[9]$_SDFFE_PN0P_/D (sg13g2_dfrbpq_1)   15.48    2.97   12.52 (MET)
y_reg[9]$_SDFFE_PN0P_/D (sg13g2_dfrbpq_1)   15.48    2.97   12.52 (MET)
y_reg[8]$_SDFFE_PN0P_/D (sg13g2_dfrbpq_1)   15.49    2.97   12.52 (MET)
y_reg[6]$_SDFFE_PN0P_/D (sg13g2_dfrbpq_1)   15.49    2.97   12.52 (MET)
y_reg[6]$_SDFFE_PN0P_/D (sg13g2_dfrbpq_1)   15.49    2.97   12.52 (MET)
x_reg[8]$_SDFFE_PN0P_/D (sg13g2_dfrbpq_1)   15.49    2.97   12.52 (MET)
y_reg[6]$_SDFFE_PN0P_/D (sg13g2_dfrbpq_1)   15.49    2.97   12.52 (MET)
y_reg[6]$_SDFFE_PN0P_/D (sg13g2_dfrbpq_1)   15.49    2.97   12.52 (MET)
y_reg[9]$_SDFFE_PN0P_/D (sg13g2_dfrbpq_1)   15.48    2.96   12.52 (MET)
y_reg[9]$_SDFFE_PN0P_/D (sg13g2_dfrbpq_1)   15.48    2.96   12.52 (MET)
x_reg[8]$_SDFFE_PN0P_/D (sg13g2_dfrbpq_1)   15.49    2.97   12.52 (MET)
x_reg[8]$_SDFFE_PN0P_/D (sg13g2_dfrbpq_1)   15.49    2.97   12.52 (MET)
x_reg[7]$_SDFFE_PN0P_/D (sg13g2_dfrbpq_1)   15.47    2.95   12.52 (MET)
x_reg[7]$_SDFFE_PN0P_/D (sg13g2_dfrbpq_1)   15.47    2.95   12.52 (MET)
x_reg[7]$_SDFFE_PN0P_/D (sg13g2_dfrbpq_1)   15.47    2.95   12.52 (MET)
x_reg[7]$_SDFFE_PN0P_/D (sg13g2_dfrbpq_1)   15.47    2.95   12.52 (MET)
y_reg[9]$_SDFFE_PN0P_/D (sg13g2_dfrbpq_1)   15.49    2.97   12.52 (MET)
y_reg[9]$_SDFFE_PN0P_/D (sg13g2_dfrbpq_1)   15.49    2.97   12.52 (MET)
x_reg[8]$_SDFFE_PN0P_/D (sg13g2_dfrbpq_1)   15.49    2.97   12.52 (MET)
y_reg[8]$_SDFFE_PN0P_/D (sg13g2_dfrbpq_1)   15.49    2.97   12.52 (MET)
y_reg[8]$_SDFFE_PN0P_/D (sg13g2_dfrbpq_1)   15.49    2.97   12.52 (MET)
y_reg[8]$_SDFFE_PN0P_/D (sg13g2_dfrbpq_1)   15.49    2.97   12.52 (MET)
y_reg[8]$_SDFFE_PN0P_/D (sg13g2_dfrbpq_1)   15.49    2.97   12.52 (MET)
y_reg[8]$_SDFFE_PN0P_/D (sg13g2_dfrbpq_1)   15.49    2.97   12.52 (MET)
y_reg[8]$_SDFFE_PN0P_/D (sg13g2_dfrbpq_1)   15.49    2.97   12.52 (MET)
y_reg[8]$_SDFFE_PN0P_/D (sg13g2_dfrbpq_1)   15.49    2.97   12.52 (MET)
y_reg[8]$_SDFFE_PN0P_/D (sg13g2_dfrbpq_1)   15.49    2.97   12.52 (MET)
y_reg[8]$_SDFFE_PN0P_/D (sg13g2_dfrbpq_1)   15.49    2.97   12.52 (MET)
y_reg[8]$_SDFFE_PN0P_/D (sg13g2_dfrbpq_1)   15.49    2.97   12.52 (MET)
y_reg[8]$_SDFFE_PN0P_/D (sg13g2_dfrbpq_1)   15.49    2.97   12.52 (MET)
y_reg[8]$_SDFFE_PN0P_/D (sg13g2_dfrbpq_1)   15.49    2.97   12.52 (MET)
y_reg[8]$_SDFFE_PN0P_/D (sg13g2_dfrbpq_1)   15.49    2.97   12.52 (MET)
y_reg[8]$_SDFFE_PN0P_/D (sg13g2_dfrbpq_1)   15.49    2.97   12.52 (MET)
x_reg[8]$_SDFFE_PN0P_/D (sg13g2_dfrbpq_1)   15.49    2.97   12.52 (MET)
x_reg[8]$_SDFFE_PN0P_/D (sg13g2_dfrbpq_1)   15.49    2.97   12.52 (MET)
y_reg[9]$_SDFFE_PN0P_/D (sg13g2_dfrbpq_1)   15.49    2.97   12.52 (MET)
x_reg[8]$_SDFFE_PN0P_/D (sg13g2_dfrbpq_1)   15.49    2.97   12.52 (MET)
x_reg[8]$_SDFFE_PN0P_/D (sg13g2_dfrbpq_1)   15.49    2.97   12.52 (MET)
x_reg[8]$_SDFFE_PN0P_/D (sg13g2_dfrbpq_1)   15.49    2.97   12.52 (MET)
x_reg[8]$_SDFFE_PN0P_/D (sg13g2_dfrbpq_1)   15.49    2.97   12.52 (MET)
x_reg[8]$_SDFFE_PN0P_/D (sg13g2_dfrbpq_1)   15.49    2.97   12.52 (MET)
x_reg[8]$_SDFFE_PN0P_/D (sg13g2_dfrbpq_1)   15.49    2.97   12.52 (MET)
x_reg[8]$_SDFFE_PN0P_/D (sg13g2_dfrbpq_1)   15.49    2.97   12.52 (MET)
x_reg[8]$_SDFFE_PN0P_/D (sg13g2_dfrbpq_1)   15.49    2.97   12.52 (MET)
y_reg[7]$_SDFFE_PN0P_/D (sg13g2_dfrbpq_1)   15.48    2.96   12.52 (MET)
y_reg[9]$_SDFFE_PN0P_/D (sg13g2_dfrbpq_1)   15.48    2.96   12.52 (MET)
y_reg[9]$_SDFFE_PN0P_/D (sg13g2_dfrbpq_1)   15.48    2.96   12.52 (MET)
y_reg[9]$_SDFFE_PN0P_/D (sg13g2_dfrbpq_1)   15.48    2.96   12.52 (MET)
y_reg[9]$_SDFFE_PN0P_/D (sg13g2_dfrbpq_1)   15.48    2.96   12.52 (MET)
x_reg[7]$_SDFFE_PN0P_/D (sg13g2_dfrbpq_1)   15.47    2.95   12.52 (MET)
x_reg[7]$_SDFFE_PN0P_/D (sg13g2_dfrbpq_1)   15.47    2.95   12.52 (MET)
x_reg[7]$_SDFFE_PN0P_/D (sg13g2_dfrbpq_1)   15.47    2.95   12.52 (MET)
x_reg[7]$_SDFFE_PN0P_/D (sg13g2_dfrbpq_1)   15.47    2.95   12.52 (MET)
x_reg[7]$_SDFFE_PN0P_/D (sg13g2_dfrbpq_1)   15.47    2.95   12.52 (MET)
x_reg[7]$_SDFFE_PN0P_/D (sg13g2_dfrbpq_1)   15.47    2.95   12.52 (MET)
x_reg[7]$_SDFFE_PN0P_/D (sg13g2_dfrbpq_1)   15.47    2.95   12.52 (MET)
x_reg[7]$_SDFFE_PN0P_/D (sg13g2_dfrbpq_1)   15.47    2.95   12.52 (MET)
y_reg[7]$_SDFFE_PN0P_/D (sg13g2_dfrbpq_1)   15.48    2.96   12.52 (MET)
y_reg[7]$_SDFFE_PN0P_/D (sg13g2_dfrbpq_1)   15.48    2.96   12.52 (MET)
y_reg[7]$_SDFFE_PN0P_/D (sg13g2_dfrbpq_1)   15.48    2.96   12.52 (MET)
y_reg[9]$_SDFFE_PN0P_/D (sg13g2_dfrbpq_1)   15.48    2.96   12.52 (MET)
y_reg[9]$_SDFFE_PN0P_/D (sg13g2_dfrbpq_1)   15.48    2.96   12.52 (MET)
y_reg[9]$_SDFFE_PN0P_/D (sg13g2_dfrbpq_1)   15.48    2.96   12.52 (MET)
y_reg[9]$_SDFFE_PN0P_/D (sg13g2_dfrbpq_1)   15.48    2.96   12.52 (MET)
y_reg[9]$_SDFFE_PN0P_/D (sg13g2_dfrbpq_1)   15.48    2.96   12.52 (MET)
y_reg[9]$_SDFFE_PN0P_/D (sg13g2_dfrbpq_1)   15.48    2.96   12.52 (MET)
y_reg[9]$_SDFFE_PN0P_/D (sg13g2_dfrbpq_1)   15.48    2.96   12.52 (MET)
y_reg[9]$_SDFFE_PN0P_/D (sg13g2_dfrbpq_1)   15.48    2.96   12.52 (MET)
y_reg[9]$_SDFFE_PN0P_/D (sg13g2_dfrbpq_1)   15.48    2.96   12.52 (MET)
y_reg[9]$_SDFFE_PN0P_/D (sg13g2_dfrbpq_1)   15.48    2.96   12.52 (MET)
y_reg[9]$_SDFFE_PN0P_/D (sg13g2_dfrbpq_1)   15.48    2.96   12.52 (MET)
y_reg[9]$_SDFFE_PN0P_/D (sg13g2_dfrbpq_1)   15.48    2.96   12.52 (MET)
x_reg[8]$_SDFFE_PN0P_/D (sg13g2_dfrbpq_1)   15.49    2.97   12.52 (MET)
x_reg[8]$_SDFFE_PN0P_/D (sg13g2_dfrbpq_1)   15.49    2.97   12.52 (MET)
x_reg[8]$_SDFFE_PN0P_/D (sg13g2_dfrbpq_1)   15.49    2.97   12.52 (MET)
x_reg[8]$_SDFFE_PN0P_/D (sg13g2_dfrbpq_1)   15.49    2.97   12.52 (MET)
x_reg[8]$_SDFFE_PN0P_/D (sg13g2_dfrbpq_1)   15.49    2.97   12.52 (MET)
x_reg[8]$_SDFFE_PN0P_/D (sg13g2_dfrbpq_1)   15.49    2.97   12.52 (MET)
x_reg[8]$_SDFFE_PN0P_/D (sg13g2_dfrbpq_1)   15.49    2.97   12.52 (MET)
x_reg[8]$_SDFFE_PN0P_/D (sg13g2_dfrbpq_1)   15.49    2.97   12.52 (MET)
x_reg[8]$_SDFFE_PN0P_/D (sg13g2_dfrbpq_1)   15.49    2.97   12.52 (MET)
x_reg[8]$_SDFFE_PN0P_/D (sg13g2_dfrbpq_1)   15.49    2.97   12.52 (MET)
x_reg[8]$_SDFFE_PN0P_/D (sg13g2_dfrbpq_1)   15.49    2.97   12.52 (MET)
x_reg[8]$_SDFFE_PN0P_/D (sg13g2_dfrbpq_1)   15.49    2.97   12.52 (MET)
x_reg[8]$_SDFFE_PN0P_/D (sg13g2_dfrbpq_1)   15.49    2.97   12.52 (MET)
x_reg[8]$_SDFFE_PN0P_/D (sg13g2_dfrbpq_1)   15.49    2.97   12.52 (MET)
x_reg[8]$_SDFFE_PN0P_/D (sg13g2_dfrbpq_1)   15.49    2.97   12.52 (MET)
x_reg[8]$_SDFFE_PN0P_/D (sg13g2_dfrbpq_1)   15.49    2.97   12.52 (MET)
y_reg[8]$_SDFFE_PN0P_/D (sg13g2_dfrbpq_1)   15.48    2.96   12.52 (MET)
y_reg[8]$_SDFFE_PN0P_/D (sg13g2_dfrbpq_1)   15.48    2.96   12.52 (MET)
y_reg[9]$_SDFFE_PN0P_/D (sg13g2_dfrbpq_1)   15.48    2.96   12.52 (MET)
y_reg[9]$_SDFFE_PN0P_/D (sg13g2_dfrbpq_1)   15.48    2.96   12.52 (MET)
y_reg[9]$_SDFFE_PN0P_/D (sg13g2_dfrbpq_1)   15.48    2.96   12.52 (MET)
y_reg[9]$_SDFFE_PN0P_/D (sg13g2_dfrbpq_1)   15.48    2.96   12.52 (MET)
y_reg[9]$_SDFFE_PN0P_/D (sg13g2_dfrbpq_1)   15.48    2.96   12.52 (MET)
y_reg[9]$_SDFFE_PN0P_/D (sg13g2_dfrbpq_1)   15.48    2.96   12.52 (MET)
y_reg[9]$_SDFFE_PN0P_/D (sg13g2_dfrbpq_1)   15.48    2.96   12.52 (MET)
y_reg[9]$_SDFFE_PN0P_/D (sg13g2_dfrbpq_1)   15.48    2.96   12.52 (MET)
x_reg[8]$_SDFFE_PN0P_/D (sg13g2_dfrbpq_1)   15.49    2.97   12.52 (MET)
y_reg[9]$_SDFFE_PN0P_/D (sg13g2_dfrbpq_1)   15.48    2.96   12.52 (MET)
y_reg[9]$_SDFFE_PN0P_/D (sg13g2_dfrbpq_1)   15.48    2.96   12.52 (MET)
y_reg[9]$_SDFFE_PN0P_/D (sg13g2_dfrbpq_1)   15.48    2.96   12.52 (MET)
y_reg[8]$_SDFFE_PN0P_/D (sg13g2_dfrbpq_1)   15.49    2.97   12.52 (MET)
y_reg[8]$_SDFFE_PN0P_/D (sg13g2_dfrbpq_1)   15.49    2.97   12.52 (MET)
y_reg[9]$_SDFFE_PN0P_/D (sg13g2_dfrbpq_1)   15.48    2.96   12.52 (MET)
y_reg[8]$_SDFFE_PN0P_/D (sg13g2_dfrbpq_1)   15.49    2.97   12.52 (MET)
y_reg[8]$_SDFFE_PN0P_/D (sg13g2_dfrbpq_1)   15.49    2.97   12.52 (MET)
x_reg[8]$_SDFFE_PN0P_/D (sg13g2_dfrbpq_1)   15.49    2.97   12.52 (MET)
x_reg[8]$_SDFFE_PN0P_/D (sg13g2_dfrbpq_1)   15.49    2.97   12.52 (MET)
x_reg[8]$_SDFFE_PN0P_/D (sg13g2_dfrbpq_1)   15.49    2.97   12.52 (MET)
x_reg[8]$_SDFFE_PN0P_/D (sg13g2_dfrbpq_1)   15.49    2.97   12.52 (MET)
x_reg[8]$_SDFFE_PN0P_/D (sg13g2_dfrbpq_1)   15.49    2.97   12.52 (MET)
x_reg[8]$_SDFFE_PN0P_/D (sg13g2_dfrbpq_1)   15.49    2.97   12.52 (MET)
x_reg[8]$_SDFFE_PN0P_/D (sg13g2_dfrbpq_1)   15.49    2.97   12.52 (MET)
x_reg[8]$_SDFFE_PN0P_/D (sg13g2_dfrbpq_1)   15.49    2.97   12.52 (MET)
x_reg[8]$_SDFFE_PN0P_/D (sg13g2_dfrbpq_1)   15.49    2.97   12.52 (MET)
x_reg[8]$_SDFFE_PN0P_/D (sg13g2_dfrbpq_1)   15.49    2.97   12.52 (MET)
y_reg[8]$_SDFFE_PN0P_/D (sg13g2_dfrbpq_1)   15.49    2.97   12.52 (MET)
y_reg[8]$_SDFFE_PN0P_/D (sg13g2_dfrbpq_1)   15.49    2.97   12.52 (MET)
y_reg[8]$_SDFFE_PN0P_/D (sg13g2_dfrbpq_1)   15.48    2.96   12.52 (MET)
y_reg[8]$_SDFFE_PN0P_/D (sg13g2_dfrbpq_1)   15.48    2.96   12.52 (MET)
y_reg[8]$_SDFFE_PN0P_/D (sg13g2_dfrbpq_1)   15.49    2.97   12.52 (MET)
y_reg[8]$_SDFFE_PN0P_/D (sg13g2_dfrbpq_1)   15.49    2.97   12.52 (MET)
y_reg[8]$_SDFFE_PN0P_/D (sg13g2_dfrbpq_1)   15.49    2.97   12.52 (MET)
y_reg[8]$_SDFFE_PN0P_/D (sg13g2_dfrbpq_1)   15.49    2.97   12.52 (MET)
y_reg[8]$_SDFFE_PN0P_/D (sg13g2_dfrbpq_1)   15.48    2.96   12.52 (MET)
y_reg[8]$_SDFFE_PN0P_/D (sg13g2_dfrbpq_1)   15.48    2.96   12.52 (MET)
y_reg[9]$_SDFFE_PN0P_/D (sg13g2_dfrbpq_1)   15.48    2.96   12.52 (MET)
y_reg[9]$_SDFFE_PN0P_/D (sg13g2_dfrbpq_1)   15.48    2.96   12.52 (MET)
y_reg[9]$_SDFFE_PN0P_/D (sg13g2_dfrbpq_1)   15.48    2.96   12.52 (MET)
y_reg[9]$_SDFFE_PN0P_/D (sg13g2_dfrbpq_1)   15.48    2.96   12.52 (MET)
y_reg[8]$_SDFFE_PN0P_/D (sg13g2_dfrbpq_1)   15.49    2.97   12.52 (MET)
y_reg[9]$_SDFFE_PN0P_/D (sg13g2_dfrbpq_1)   15.48    2.96   12.52 (MET)
y_reg[9]$_SDFFE_PN0P_/D (sg13g2_dfrbpq_1)   15.48    2.96   12.52 (MET)
y_reg[9]$_SDFFE_PN0P_/D (sg13g2_dfrbpq_1)   15.48    2.96   12.52 (MET)
y_reg[9]$_SDFFE_PN0P_/D (sg13g2_dfrbpq_1)   15.48    2.96   12.52 (MET)
y_reg[9]$_SDFFE_PN0P_/D (sg13g2_dfrbpq_1)   15.48    2.96   12.52 (MET)
y_reg[9]$_SDFFE_PN0P_/D (sg13g2_dfrbpq_1)   15.48    2.96   12.52 (MET)
y_reg[9]$_SDFFE_PN0P_/D (sg13g2_dfrbpq_1)   15.48    2.96   12.52 (MET)
y_reg[9]$_SDFFE_PN0P_/D (sg13g2_dfrbpq_1)   15.48    2.96   12.52 (MET)
y_reg[9]$_SDFFE_PN0P_/D (sg13g2_dfrbpq_1)   15.48    2.96   12.52 (MET)
y_reg[9]$_SDFFE_PN0P_/D (sg13g2_dfrbpq_1)   15.48    2.96   12.52 (MET)
y_reg[6]$_SDFFE_PN0P_/D (sg13g2_dfrbpq_1)   15.49    2.97   12.52 (MET)
y_reg[6]$_SDFFE_PN0P_/D (sg13g2_dfrbpq_1)   15.49    2.97   12.52 (MET)
x_reg[8]$_SDFFE_PN0P_/D (sg13g2_dfrbpq_1)   15.49    2.97   12.52 (MET)
x_reg[8]$_SDFFE_PN0P_/D (sg13g2_dfrbpq_1)   15.49    2.97   12.52 (MET)
z_reg[6]$_SDFFE_PN0P_/D (sg13g2_dfrbpq_1)   15.48    2.96   12.52 (MET)
z_reg[6]$_SDFFE_PN0P_/D (sg13g2_dfrbpq_1)   15.48    2.96   12.52 (MET)
x_reg[8]$_SDFFE_PN0P_/D (sg13g2_dfrbpq_1)   15.49    2.97   12.52 (MET)
x_reg[8]$_SDFFE_PN0P_/D (sg13g2_dfrbpq_1)   15.49    2.97   12.52 (MET)
y_reg[6]$_SDFFE_PN0P_/D (sg13g2_dfrbpq_1)   15.49    2.97   12.52 (MET)
y_reg[6]$_SDFFE_PN0P_/D (sg13g2_dfrbpq_1)   15.49    2.97   12.52 (MET)
y_reg[7]$_SDFFE_PN0P_/D (sg13g2_dfrbpq_1)   15.48    2.96   12.52 (MET)
y_reg[7]$_SDFFE_PN0P_/D (sg13g2_dfrbpq_1)   15.48    2.96   12.52 (MET)
y_reg[7]$_SDFFE_PN0P_/D (sg13g2_dfrbpq_1)   15.48    2.96   12.52 (MET)
y_reg[7]$_SDFFE_PN0P_/D (sg13g2_dfrbpq_1)   15.48    2.96   12.52 (MET)
x_reg[8]$_SDFFE_PN0P_/D (sg13g2_dfrbpq_1)   15.49    2.97   12.52 (MET)
x_reg[8]$_SDFFE_PN0P_/D (sg13g2_dfrbpq_1)   15.49    2.97   12.52 (MET)
x_reg[8]$_SDFFE_PN0P_/D (sg13g2_dfrbpq_1)   15.49    2.97   12.52 (MET)
x_reg[8]$_SDFFE_PN0P_/D (sg13g2_dfrbpq_1)   15.49    2.97   12.52 (MET)
y_reg[7]$_SDFFE_PN0P_/D (sg13g2_dfrbpq_1)   15.48    2.96   12.52 (MET)
y_reg[7]$_SDFFE_PN0P_/D (sg13g2_dfrbpq_1)   15.48    2.96   12.52 (MET)
y_reg[7]$_SDFFE_PN0P_/D (sg13g2_dfrbpq_1)   15.48    2.96   12.52 (MET)
y_reg[7]$_SDFFE_PN0P_/D (sg13g2_dfrbpq_1)   15.48    2.96   12.52 (MET)
x_reg[8]$_SDFFE_PN0P_/D (sg13g2_dfrbpq_1)   15.49    2.97   12.52 (MET)
x_reg[8]$_SDFFE_PN0P_/D (sg13g2_dfrbpq_1)   15.49    2.97   12.52 (MET)
x_reg[8]$_SDFFE_PN0P_/D (sg13g2_dfrbpq_1)   15.49    2.97   12.52 (MET)
x_reg[8]$_SDFFE_PN0P_/D (sg13g2_dfrbpq_1)   15.49    2.97   12.52 (MET)
y_reg[8]$_SDFFE_PN0P_/D (sg13g2_dfrbpq_1)   15.48    2.96   12.52 (MET)
y_reg[8]$_SDFFE_PN0P_/D (sg13g2_dfrbpq_1)   15.48    2.96   12.52 (MET)
y_reg[8]$_SDFFE_PN0P_/D (sg13g2_dfrbpq_1)   15.48    2.96   12.52 (MET)
y_reg[8]$_SDFFE_PN0P_/D (sg13g2_dfrbpq_1)   15.48    2.96   12.52 (MET)
y_reg[8]$_SDFFE_PN0P_/D (sg13g2_dfrbpq_1)   15.48    2.96   12.52 (MET)
y_reg[8]$_SDFFE_PN0P_/D (sg13g2_dfrbpq_1)   15.48    2.96   12.52 (MET)
x_reg[8]$_SDFFE_PN0P_/D (sg13g2_dfrbpq_1)   15.49    2.97   12.52 (MET)
x_reg[8]$_SDFFE_PN0P_/D (sg13g2_dfrbpq_1)   15.49    2.97   12.52 (MET)
x_reg[8]$_SDFFE_PN0P_/D (sg13g2_dfrbpq_1)   15.49    2.97   12.52 (MET)
x_reg[8]$_SDFFE_PN0P_/D (sg13g2_dfrbpq_1)   15.49    2.97   12.52 (MET)
y_reg[6]$_SDFFE_PN0P_/D (sg13g2_dfrbpq_1)   15.49    2.97   12.52 (MET)
y_reg[6]$_SDFFE_PN0P_/D (sg13g2_dfrbpq_1)   15.49    2.97   12.52 (MET)
y_reg[6]$_SDFFE_PN0P_/D (sg13g2_dfrbpq_1)   15.49    2.97   12.52 (MET)
y_reg[6]$_SDFFE_PN0P_/D (sg13g2_dfrbpq_1)   15.49    2.97   12.52 (MET)
y_reg[6]$_SDFFE_PN0P_/D (sg13g2_dfrbpq_1)   15.49    2.97   12.52 (MET)
y_reg[6]$_SDFFE_PN0P_/D (sg13g2_dfrbpq_1)   15.49    2.97   12.52 (MET)
y_reg[6]$_SDFFE_PN0P_/D (sg13g2_dfrbpq_1)   15.49    2.97   12.52 (MET)
y_reg[6]$_SDFFE_PN0P_/D (sg13g2_dfrbpq_1)   15.49    2.97   12.52 (MET)
y_reg[6]$_SDFFE_PN0P_/D (sg13g2_dfrbpq_1)   15.49    2.97   12.52 (MET)
y_reg[6]$_SDFFE_PN0P_/D (sg13g2_dfrbpq_1)   15.49    2.97   12.52 (MET)
y_reg[6]$_SDFFE_PN0P_/D (sg13g2_dfrbpq_1)   15.49    2.97   12.52 (MET)
y_reg[6]$_SDFFE_PN0P_/D (sg13g2_dfrbpq_1)   15.49    2.97   12.52 (MET)
y_reg[6]$_SDFFE_PN0P_/D (sg13g2_dfrbpq_1)   15.49    2.97   12.52 (MET)
y_reg[6]$_SDFFE_PN0P_/D (sg13g2_dfrbpq_1)   15.49    2.97   12.52 (MET)
y_reg[6]$_SDFFE_PN0P_/D (sg13g2_dfrbpq_1)   15.49    2.97   12.52 (MET)
y_reg[6]$_SDFFE_PN0P_/D (sg13g2_dfrbpq_1)   15.49    2.97   12.52 (MET)
y_reg[8]$_SDFFE_PN0P_/D (sg13g2_dfrbpq_1)   15.49    2.97   12.52 (MET)
y_reg[6]$_SDFFE_PN0P_/D (sg13g2_dfrbpq_1)   15.49    2.97   12.52 (MET)
y_reg[6]$_SDFFE_PN0P_/D (sg13g2_dfrbpq_1)   15.49    2.97   12.52 (MET)
y_reg[6]$_SDFFE_PN0P_/D (sg13g2_dfrbpq_1)   15.49    2.97   12.52 (MET)
y_reg[6]$_SDFFE_PN0P_/D (sg13g2_dfrbpq_1)   15.49    2.97   12.52 (MET)
y_reg[6]$_SDFFE_PN0P_/D (sg13g2_dfrbpq_1)   15.49    2.97   12.52 (MET)
y_reg[6]$_SDFFE_PN0P_/D (sg13g2_dfrbpq_1)   15.49    2.97   12.52 (MET)
y_reg[6]$_SDFFE_PN0P_/D (sg13g2_dfrbpq_1)   15.49    2.97   12.52 (MET)
y_reg[6]$_SDFFE_PN0P_/D (sg13g2_dfrbpq_1)   15.49    2.97   12.52 (MET)
y_reg[8]$_SDFFE_PN0P_/D (sg13g2_dfrbpq_1)   15.49    2.97   12.52 (MET)
y_reg[8]$_SDFFE_PN0P_/D (sg13g2_dfrbpq_1)   15.49    2.97   12.52 (MET)
y_reg[8]$_SDFFE_PN0P_/D (sg13g2_dfrbpq_1)   15.49    2.97   12.52 (MET)
y_reg[6]$_SDFFE_PN0P_/D (sg13g2_dfrbpq_1)   15.49    2.97   12.52 (MET)
y_reg[6]$_SDFFE_PN0P_/D (sg13g2_dfrbpq_1)   15.49    2.97   12.52 (MET)
y_reg[6]$_SDFFE_PN0P_/D (sg13g2_dfrbpq_1)   15.49    2.97   12.52 (MET)
y_reg[6]$_SDFFE_PN0P_/D (sg13g2_dfrbpq_1)   15.49    2.97   12.52 (MET)
y_reg[6]$_SDFFE_PN0P_/D (sg13g2_dfrbpq_1)   15.49    2.97   12.52 (MET)
y_reg[6]$_SDFFE_PN0P_/D (sg13g2_dfrbpq_1)   15.49    2.97   12.52 (MET)
y_reg[6]$_SDFFE_PN0P_/D (sg13g2_dfrbpq_1)   15.49    2.97   12.52 (MET)
y_reg[6]$_SDFFE_PN0P_/D (sg13g2_dfrbpq_1)   15.49    2.97   12.52 (MET)
y_reg[8]$_SDFFE_PN0P_/D (sg13g2_dfrbpq_1)   15.49    2.97   12.52 (MET)
y_reg[8]$_SDFFE_PN0P_/D (sg13g2_dfrbpq_1)   15.49    2.97   12.52 (MET)
y_reg[6]$_SDFFE_PN0P_/D (sg13g2_dfrbpq_1)   15.49    2.97   12.52 (MET)
y_reg[6]$_SDFFE_PN0P_/D (sg13g2_dfrbpq_1)   15.49    2.97   12.52 (MET)
y_reg[6]$_SDFFE_PN0P_/D (sg13g2_dfrbpq_1)   15.49    2.97   12.52 (MET)
y_reg[6]$_SDFFE_PN0P_/D (sg13g2_dfrbpq_1)   15.49    2.97   12.52 (MET)
y_reg[6]$_SDFFE_PN0P_/D (sg13g2_dfrbpq_1)   15.49    2.97   12.52 (MET)
y_reg[6]$_SDFFE_PN0P_/D (sg13g2_dfrbpq_1)   15.49    2.97   12.52 (MET)
y_reg[6]$_SDFFE_PN0P_/D (sg13g2_dfrbpq_1)   15.49    2.97   12.52 (MET)
y_reg[6]$_SDFFE_PN0P_/D (sg13g2_dfrbpq_1)   15.49    2.97   12.52 (MET)
y_reg[6]$_SDFFE_PN0P_/D (sg13g2_dfrbpq_1)   15.49    2.97   12.52 (MET)
y_reg[6]$_SDFFE_PN0P_/D (sg13g2_dfrbpq_1)   15.49    2.97   12.52 (MET)
y_reg[6]$_SDFFE_PN0P_/D (sg13g2_dfrbpq_1)   15.49    2.97   12.52 (MET)
y_reg[6]$_SDFFE_PN0P_/D (sg13g2_dfrbpq_1)   15.49    2.97   12.52 (MET)
y_reg[6]$_SDFFE_PN0P_/D (sg13g2_dfrbpq_1)   15.49    2.97   12.52 (MET)
y_reg[6]$_SDFFE_PN0P_/D (sg13g2_dfrbpq_1)   15.49    2.97   12.52 (MET)
y_reg[6]$_SDFFE_PN0P_/D (sg13g2_dfrbpq_1)   15.49    2.97   12.52 (MET)
y_reg[6]$_SDFFE_PN0P_/D (sg13g2_dfrbpq_1)   15.49    2.97   12.52 (MET)
x_reg[8]$_SDFFE_PN0P_/D (sg13g2_dfrbpq_1)   15.49    2.97   12.52 (MET)
x_reg[8]$_SDFFE_PN0P_/D (sg13g2_dfrbpq_1)   15.49    2.97   12.52 (MET)
y_reg[6]$_SDFFE_PN0P_/D (sg13g2_dfrbpq_1)   15.49    2.97   12.52 (MET)
y_reg[6]$_SDFFE_PN0P_/D (sg13g2_dfrbpq_1)   15.49    2.97   12.52 (MET)
y_reg[6]$_SDFFE_PN0P_/D (sg13g2_dfrbpq_1)   15.49    2.97   12.52 (MET)
y_reg[6]$_SDFFE_PN0P_/D (sg13g2_dfrbpq_1)   15.49    2.97   12.52 (MET)
y_reg[6]$_SDFFE_PN0P_/D (sg13g2_dfrbpq_1)   15.49    2.97   12.52 (MET)
y_reg[6]$_SDFFE_PN0P_/D (sg13g2_dfrbpq_1)   15.49    2.97   12.52 (MET)
y_reg[6]$_SDFFE_PN0P_/D (sg13g2_dfrbpq_1)   15.49    2.97   12.52 (MET)
y_reg[6]$_SDFFE_PN0P_/D (sg13g2_dfrbpq_1)   15.49    2.97   12.52 (MET)
y_reg[6]$_SDFFE_PN0P_/D (sg13g2_dfrbpq_1)   15.49    2.97   12.52 (MET)
y_reg[6]$_SDFFE_PN0P_/D (sg13g2_dfrbpq_1)   15.49    2.97   12.52 (MET)
y_reg[6]$_SDFFE_PN0P_/D (sg13g2_dfrbpq_1)   15.49    2.97   12.52 (MET)
y_reg[6]$_SDFFE_PN0P_/D (sg13g2_dfrbpq_1)   15.49    2.97   12.52 (MET)
y_reg[6]$_SDFFE_PN0P_/D (sg13g2_dfrbpq_1)   15.49    2.97   12.52 (MET)
y_reg[6]$_SDFFE_PN0P_/D (sg13g2_dfrbpq_1)   15.49    2.97   12.52 (MET)
y_reg[6]$_SDFFE_PN0P_/D (sg13g2_dfrbpq_1)   15.49    2.97   12.52 (MET)
y_reg[6]$_SDFFE_PN0P_/D (sg13g2_dfrbpq_1)   15.49    2.97   12.52 (MET)
y_reg[8]$_SDFFE_PN0P_/D (sg13g2_dfrbpq_1)   15.49    2.97   12.52 (MET)
y_reg[8]$_SDFFE_PN0P_/D (sg13g2_dfrbpq_1)   15.49    2.97   12.52 (MET)
y_reg[8]$_SDFFE_PN0P_/D (sg13g2_dfrbpq_1)   15.49    2.97   12.52 (MET)
y_reg[8]$_SDFFE_PN0P_/D (sg13g2_dfrbpq_1)   15.49    2.97   12.52 (MET)
y_reg[8]$_SDFFE_PN0P_/D (sg13g2_dfrbpq_1)   15.49    2.97   12.52 (MET)
y_reg[8]$_SDFFE_PN0P_/D (sg13g2_dfrbpq_1)   15.49    2.97   12.52 (MET)
y_reg[8]$_SDFFE_PN0P_/D (sg13g2_dfrbpq_1)   15.48    2.96   12.52 (MET)
y_reg[8]$_SDFFE_PN0P_/D (sg13g2_dfrbpq_1)   15.48    2.96   12.52 (MET)
y_reg[8]$_SDFFE_PN0P_/D (sg13g2_dfrbpq_1)   15.48    2.96   12.52 (MET)
y_reg[8]$_SDFFE_PN0P_/D (sg13g2_dfrbpq_1)   15.48    2.96   12.52 (MET)
y_reg[8]$_SDFFE_PN0P_/D (sg13g2_dfrbpq_1)   15.49    2.97   12.52 (MET)
y_reg[8]$_SDFFE_PN0P_/D (sg13g2_dfrbpq_1)   15.48    2.96   12.52 (MET)
y_reg[8]$_SDFFE_PN0P_/D (sg13g2_dfrbpq_1)   15.48    2.96   12.52 (MET)
y_reg[8]$_SDFFE_PN0P_/D (sg13g2_dfrbpq_1)   15.48    2.96   12.52 (MET)
y_reg[8]$_SDFFE_PN0P_/D (sg13g2_dfrbpq_1)   15.48    2.96   12.52 (MET)
x_reg[7]$_SDFFE_PN0P_/D (sg13g2_dfrbpq_1)   15.47    2.95   12.52 (MET)
x_reg[7]$_SDFFE_PN0P_/D (sg13g2_dfrbpq_1)   15.47    2.95   12.52 (MET)
x_reg[7]$_SDFFE_PN0P_/D (sg13g2_dfrbpq_1)   15.47    2.95   12.52 (MET)
x_reg[7]$_SDFFE_PN0P_/D (sg13g2_dfrbpq_1)   15.47    2.95   12.52 (MET)
x_reg[7]$_SDFFE_PN0P_/D (sg13g2_dfrbpq_1)   15.47    2.95   12.52 (MET)
x_reg[7]$_SDFFE_PN0P_/D (sg13g2_dfrbpq_1)   15.47    2.95   12.52 (MET)
x_reg[7]$_SDFFE_PN0P_/D (sg13g2_dfrbpq_1)   15.47    2.95   12.52 (MET)
x_reg[7]$_SDFFE_PN0P_/D (sg13g2_dfrbpq_1)   15.47    2.95   12.52 (MET)
x_reg[8]$_SDFFE_PN0P_/D (sg13g2_dfrbpq_1)   15.49    2.97   12.52 (MET)
x_reg[8]$_SDFFE_PN0P_/D (sg13g2_dfrbpq_1)   15.49    2.97   12.52 (MET)
y_reg[9]$_SDFFE_PN0P_/D (sg13g2_dfrbpq_1)   15.48    2.96   12.52 (MET)
y_reg[9]$_SDFFE_PN0P_/D (sg13g2_dfrbpq_1)   15.48    2.96   12.52 (MET)
y_reg[9]$_SDFFE_PN0P_/D (sg13g2_dfrbpq_1)   15.48    2.96   12.52 (MET)
y_reg[9]$_SDFFE_PN0P_/D (sg13g2_dfrbpq_1)   15.48    2.96   12.52 (MET)
y_reg[8]$_SDFFE_PN0P_/D (sg13g2_dfrbpq_1)   15.49    2.97   12.52 (MET)
y_reg[9]$_SDFFE_PN0P_/D (sg13g2_dfrbpq_1)   15.48    2.96   12.52 (MET)
y_reg[9]$_SDFFE_PN0P_/D (sg13g2_dfrbpq_1)   15.48    2.96   12.52 (MET)
y_reg[8]$_SDFFE_PN0P_/D (sg13g2_dfrbpq_1)   15.49    2.97   12.52 (MET)
y_reg[6]$_SDFFE_PN0P_/D (sg13g2_dfrbpq_1)   15.49    2.97   12.52 (MET)
y_reg[6]$_SDFFE_PN0P_/D (sg13g2_dfrbpq_1)   15.49    2.97   12.52 (MET)
y_reg[6]$_SDFFE_PN0P_/D (sg13g2_dfrbpq_1)   15.49    2.97   12.52 (MET)
y_reg[6]$_SDFFE_PN0P_/D (sg13g2_dfrbpq_1)   15.49    2.97   12.52 (MET)
y_reg[6]$_SDFFE_PN0P_/D (sg13g2_dfrbpq_1)   15.49    2.97   12.52 (MET)
y_reg[6]$_SDFFE_PN0P_/D (sg13g2_dfrbpq_1)   15.49    2.97   12.52 (MET)
y_reg[6]$_SDFFE_PN0P_/D (sg13g2_dfrbpq_1)   15.49    2.97   12.52 (MET)
y_reg[6]$_SDFFE_PN0P_/D (sg13g2_dfrbpq_1)   15.49    2.97   12.52 (MET)
y_reg[6]$_SDFFE_PN0P_/D (sg13g2_dfrbpq_1)   15.49    2.97   12.52 (MET)
y_reg[6]$_SDFFE_PN0P_/D (sg13g2_dfrbpq_1)   15.49    2.97   12.52 (MET)
y_reg[6]$_SDFFE_PN0P_/D (sg13g2_dfrbpq_1)   15.49    2.97   12.52 (MET)
y_reg[6]$_SDFFE_PN0P_/D (sg13g2_dfrbpq_1)   15.49    2.97   12.52 (MET)
y_reg[6]$_SDFFE_PN0P_/D (sg13g2_dfrbpq_1)   15.49    2.97   12.52 (MET)
y_reg[6]$_SDFFE_PN0P_/D (sg13g2_dfrbpq_1)   15.49    2.97   12.52 (MET)
y_reg[6]$_SDFFE_PN0P_/D (sg13g2_dfrbpq_1)   15.49    2.97   12.52 (MET)
y_reg[6]$_SDFFE_PN0P_/D (sg13g2_dfrbpq_1)   15.49    2.97   12.52 (MET)
y_reg[9]$_SDFFE_PN0P_/D (sg13g2_dfrbpq_1)   15.49    2.97   12.52 (MET)
y_reg[9]$_SDFFE_PN0P_/D (sg13g2_dfrbpq_1)   15.49    2.97   12.52 (MET)
y_reg[6]$_SDFFE_PN0P_/D (sg13g2_dfrbpq_1)   15.49    2.97   12.52 (MET)
y_reg[6]$_SDFFE_PN0P_/D (sg13g2_dfrbpq_1)   15.49    2.97   12.52 (MET)
y_reg[6]$_SDFFE_PN0P_/D (sg13g2_dfrbpq_1)   15.49    2.97   12.52 (MET)
y_reg[6]$_SDFFE_PN0P_/D (sg13g2_dfrbpq_1)   15.49    2.97   12.52 (MET)
y_reg[6]$_SDFFE_PN0P_/D (sg13g2_dfrbpq_1)   15.49    2.97   12.52 (MET)
y_reg[6]$_SDFFE_PN0P_/D (sg13g2_dfrbpq_1)   15.49    2.97   12.52 (MET)
y_reg[6]$_SDFFE_PN0P_/D (sg13g2_dfrbpq_1)   15.49    2.97   12.52 (MET)
y_reg[6]$_SDFFE_PN0P_/D (sg13g2_dfrbpq_1)   15.49    2.97   12.52 (MET)
y_reg[6]$_SDFFE_PN0P_/D (sg13g2_dfrbpq_1)   15.49    2.97   12.52 (MET)
y_reg[6]$_SDFFE_PN0P_/D (sg13g2_dfrbpq_1)   15.49    2.97   12.52 (MET)
y_reg[6]$_SDFFE_PN0P_/D (sg13g2_dfrbpq_1)   15.49    2.97   12.52 (MET)
y_reg[6]$_SDFFE_PN0P_/D (sg13g2_dfrbpq_1)   15.49    2.97   12.52 (MET)
y_reg[6]$_SDFFE_PN0P_/D (sg13g2_dfrbpq_1)   15.49    2.97   12.52 (MET)
y_reg[6]$_SDFFE_PN0P_/D (sg13g2_dfrbpq_1)   15.49    2.97   12.52 (MET)
y_reg[6]$_SDFFE_PN0P_/D (sg13g2_dfrbpq_1)   15.49    2.97   12.52 (MET)
y_reg[6]$_SDFFE_PN0P_/D (sg13g2_dfrbpq_1)   15.49    2.97   12.52 (MET)
y_reg[9]$_SDFFE_PN0P_/D (sg13g2_dfrbpq_1)   15.49    2.97   12.52 (MET)
y_reg[9]$_SDFFE_PN0P_/D (sg13g2_dfrbpq_1)   15.49    2.97   12.52 (MET)
y_reg[9]$_SDFFE_PN0P_/D (sg13g2_dfrbpq_1)   15.49    2.97   12.52 (MET)
y_reg[9]$_SDFFE_PN0P_/D (sg13g2_dfrbpq_1)   15.49    2.97   12.52 (MET)
y_reg[9]$_SDFFE_PN0P_/D (sg13g2_dfrbpq_1)   15.48    2.96   12.52 (MET)
y_reg[9]$_SDFFE_PN0P_/D (sg13g2_dfrbpq_1)   15.48    2.96   12.52 (MET)
y_reg[9]$_SDFFE_PN0P_/D (sg13g2_dfrbpq_1)   15.48    2.96   12.52 (MET)
x_reg[8]$_SDFFE_PN0P_/D (sg13g2_dfrbpq_1)   15.49    2.97   12.52 (MET)
y_reg[7]$_SDFFE_PN0P_/D (sg13g2_dfrbpq_1)   15.49    2.97   12.52 (MET)
y_reg[8]$_SDFFE_PN0P_/D (sg13g2_dfrbpq_1)   15.49    2.97   12.52 (MET)
y_reg[8]$_SDFFE_PN0P_/D (sg13g2_dfrbpq_1)   15.49    2.97   12.52 (MET)
x_reg[8]$_SDFFE_PN0P_/D (sg13g2_dfrbpq_1)   15.49    2.97   12.52 (MET)
x_reg[8]$_SDFFE_PN0P_/D (sg13g2_dfrbpq_1)   15.49    2.97   12.52 (MET)
x_reg[8]$_SDFFE_PN0P_/D (sg13g2_dfrbpq_1)   15.49    2.97   12.52 (MET)
x_reg[8]$_SDFFE_PN0P_/D (sg13g2_dfrbpq_1)   15.49    2.97   12.52 (MET)
x_reg[8]$_SDFFE_PN0P_/D (sg13g2_dfrbpq_1)   15.49    2.97   12.52 (MET)
x_reg[8]$_SDFFE_PN0P_/D (sg13g2_dfrbpq_1)   15.49    2.97   12.52 (MET)
y_reg[7]$_SDFFE_PN0P_/D (sg13g2_dfrbpq_1)   15.49    2.97   12.52 (MET)
x_reg[8]$_SDFFE_PN0P_/D (sg13g2_dfrbpq_1)   15.49    2.97   12.52 (MET)
x_reg[8]$_SDFFE_PN0P_/D (sg13g2_dfrbpq_1)   15.49    2.97   12.52 (MET)
x_reg[8]$_SDFFE_PN0P_/D (sg13g2_dfrbpq_1)   15.49    2.97   12.52 (MET)
x_reg[8]$_SDFFE_PN0P_/D (sg13g2_dfrbpq_1)   15.49    2.97   12.52 (MET)
y_reg[8]$_SDFFE_PN0P_/D (sg13g2_dfrbpq_1)   15.49    2.97   12.52 (MET)
y_reg[8]$_SDFFE_PN0P_/D (sg13g2_dfrbpq_1)   15.49    2.97   12.52 (MET)
y_reg[8]$_SDFFE_PN0P_/D (sg13g2_dfrbpq_1)   15.48    2.96   12.52 (MET)
y_reg[8]$_SDFFE_PN0P_/D (sg13g2_dfrbpq_1)   15.48    2.96   12.52 (MET)
y_reg[8]$_SDFFE_PN0P_/D (sg13g2_dfrbpq_1)   15.48    2.96   12.52 (MET)
y_reg[8]$_SDFFE_PN0P_/D (sg13g2_dfrbpq_1)   15.48    2.96   12.52 (MET)
y_reg[8]$_SDFFE_PN0P_/D (sg13g2_dfrbpq_1)   15.48    2.96   12.52 (MET)
y_reg[8]$_SDFFE_PN0P_/D (sg13g2_dfrbpq_1)   15.48    2.96   12.52 (MET)
y_reg[6]$_SDFFE_PN0P_/D (sg13g2_dfrbpq_1)   15.49    2.97   12.52 (MET)
y_reg[6]$_SDFFE_PN0P_/D (sg13g2_dfrbpq_1)   15.49    2.97   12.52 (MET)
y_reg[6]$_SDFFE_PN0P_/D (sg13g2_dfrbpq_1)   15.49    2.97   12.52 (MET)
y_reg[6]$_SDFFE_PN0P_/D (sg13g2_dfrbpq_1)   15.49    2.97   12.52 (MET)
y_reg[6]$_SDFFE_PN0P_/D (sg13g2_dfrbpq_1)   15.49    2.97   12.52 (MET)
y_reg[6]$_SDFFE_PN0P_/D (sg13g2_dfrbpq_1)   15.49    2.97   12.52 (MET)
y_reg[6]$_SDFFE_PN0P_/D (sg13g2_dfrbpq_1)   15.49    2.97   12.52 (MET)
y_reg[6]$_SDFFE_PN0P_/D (sg13g2_dfrbpq_1)   15.49    2.97   12.52 (MET)
y_reg[8]$_SDFFE_PN0P_/D (sg13g2_dfrbpq_1)   15.48    2.96   12.52 (MET)
y_reg[8]$_SDFFE_PN0P_/D (sg13g2_dfrbpq_1)   15.48    2.96   12.52 (MET)
y_reg[8]$_SDFFE_PN0P_/D (sg13g2_dfrbpq_1)   15.48    2.96   12.52 (MET)
y_reg[8]$_SDFFE_PN0P_/D (sg13g2_dfrbpq_1)   15.48    2.96   12.52 (MET)
y_reg[6]$_SDFFE_PN0P_/D (sg13g2_dfrbpq_1)   15.49    2.97   12.52 (MET)
y_reg[6]$_SDFFE_PN0P_/D (sg13g2_dfrbpq_1)   15.49    2.97   12.52 (MET)
y_reg[6]$_SDFFE_PN0P_/D (sg13g2_dfrbpq_1)   15.49    2.97   12.52 (MET)
y_reg[6]$_SDFFE_PN0P_/D (sg13g2_dfrbpq_1)   15.49    2.97   12.52 (MET)
y_reg[6]$_SDFFE_PN0P_/D (sg13g2_dfrbpq_1)   15.49    2.97   12.52 (MET)
y_reg[6]$_SDFFE_PN0P_/D (sg13g2_dfrbpq_1)   15.49    2.97   12.52 (MET)
y_reg[6]$_SDFFE_PN0P_/D (sg13g2_dfrbpq_1)   15.49    2.97   12.52 (MET)
y_reg[6]$_SDFFE_PN0P_/D (sg13g2_dfrbpq_1)   15.49    2.97   12.52 (MET)
y_reg[6]$_SDFFE_PN0P_/D (sg13g2_dfrbpq_1)   15.49    2.97   12.52 (MET)
y_reg[6]$_SDFFE_PN0P_/D (sg13g2_dfrbpq_1)   15.49    2.97   12.52 (MET)
y_reg[6]$_SDFFE_PN0P_/D (sg13g2_dfrbpq_1)   15.49    2.97   12.52 (MET)
y_reg[6]$_SDFFE_PN0P_/D (sg13g2_dfrbpq_1)   15.49    2.97   12.52 (MET)
y_reg[6]$_SDFFE_PN0P_/D (sg13g2_dfrbpq_1)   15.49    2.97   12.52 (MET)
y_reg[6]$_SDFFE_PN0P_/D (sg13g2_dfrbpq_1)   15.49    2.97   12.52 (MET)
y_reg[6]$_SDFFE_PN0P_/D (sg13g2_dfrbpq_1)   15.49    2.97   12.52 (MET)
y_reg[6]$_SDFFE_PN0P_/D (sg13g2_dfrbpq_1)   15.49    2.97   12.52 (MET)
y_reg[6]$_SDFFE_PN0P_/D (sg13g2_dfrbpq_1)   15.49    2.97   12.52 (MET)
y_reg[6]$_SDFFE_PN0P_/D (sg13g2_dfrbpq_1)   15.49    2.97   12.52 (MET)
y_reg[6]$_SDFFE_PN0P_/D (sg13g2_dfrbpq_1)   15.49    2.97   12.52 (MET)
y_reg[6]$_SDFFE_PN0P_/D (sg13g2_dfrbpq_1)   15.49    2.97   12.52 (MET)
y_reg[9]$_SDFFE_PN0P_/D (sg13g2_dfrbpq_1)   15.48    2.96   12.52 (MET)
y_reg[9]$_SDFFE_PN0P_/D (sg13g2_dfrbpq_1)   15.48    2.96   12.52 (MET)
y_reg[7]$_SDFFE_PN0P_/D (sg13g2_dfrbpq_1)   15.49    2.97   12.52 (MET)
y_reg[7]$_SDFFE_PN0P_/D (sg13g2_dfrbpq_1)   15.49    2.97   12.52 (MET)
y_reg[6]$_SDFFE_PN0P_/D (sg13g2_dfrbpq_1)   15.49    2.97   12.52 (MET)
y_reg[6]$_SDFFE_PN0P_/D (sg13g2_dfrbpq_1)   15.49    2.97   12.52 (MET)
y_reg[6]$_SDFFE_PN0P_/D (sg13g2_dfrbpq_1)   15.49    2.97   12.52 (MET)
y_reg[6]$_SDFFE_PN0P_/D (sg13g2_dfrbpq_1)   15.49    2.97   12.52 (MET)
y_reg[9]$_SDFFE_PN0P_/D (sg13g2_dfrbpq_1)   15.48    2.96   12.52 (MET)
y_reg[9]$_SDFFE_PN0P_/D (sg13g2_dfrbpq_1)   15.48    2.96   12.52 (MET)
y_reg[9]$_SDFFE_PN0P_/D (sg13g2_dfrbpq_1)   15.48    2.96   12.52 (MET)
x_reg[8]$_SDFFE_PN0P_/D (sg13g2_dfrbpq_1)   15.49    2.97   12.52 (MET)
y_reg[6]$_SDFFE_PN0P_/D (sg13g2_dfrbpq_1)   15.49    2.97   12.52 (MET)
y_reg[6]$_SDFFE_PN0P_/D (sg13g2_dfrbpq_1)   15.49    2.97   12.52 (MET)
y_reg[6]$_SDFFE_PN0P_/D (sg13g2_dfrbpq_1)   15.49    2.97   12.52 (MET)
y_reg[6]$_SDFFE_PN0P_/D (sg13g2_dfrbpq_1)   15.49    2.97   12.52 (MET)
y_reg[6]$_SDFFE_PN0P_/D (sg13g2_dfrbpq_1)   15.49    2.97   12.52 (MET)
y_reg[6]$_SDFFE_PN0P_/D (sg13g2_dfrbpq_1)   15.49    2.97   12.52 (MET)
y_reg[6]$_SDFFE_PN0P_/D (sg13g2_dfrbpq_1)   15.49    2.97   12.52 (MET)
y_reg[6]$_SDFFE_PN0P_/D (sg13g2_dfrbpq_1)   15.49    2.97   12.52 (MET)
y_reg[9]$_SDFFE_PN0P_/D (sg13g2_dfrbpq_1)   15.48    2.96   12.52 (MET)
x_reg[8]$_SDFFE_PN0P_/D (sg13g2_dfrbpq_1)   15.49    2.97   12.52 (MET)
x_reg[8]$_SDFFE_PN0P_/D (sg13g2_dfrbpq_1)   15.49    2.97   12.52 (MET)
x_reg[8]$_SDFFE_PN0P_/D (sg13g2_dfrbpq_1)   15.49    2.97   12.52 (MET)
x_reg[8]$_SDFFE_PN0P_/D (sg13g2_dfrbpq_1)   15.49    2.97   12.52 (MET)
x_reg[8]$_SDFFE_PN0P_/D (sg13g2_dfrbpq_1)   15.49    2.97   12.52 (MET)
y_reg[6]$_SDFFE_PN0P_/D (sg13g2_dfrbpq_1)   15.49    2.97   12.52 (MET)
y_reg[6]$_SDFFE_PN0P_/D (sg13g2_dfrbpq_1)   15.49    2.97   12.52 (MET)
y_reg[6]$_SDFFE_PN0P_/D (sg13g2_dfrbpq_1)   15.49    2.97   12.52 (MET)
y_reg[6]$_SDFFE_PN0P_/D (sg13g2_dfrbpq_1)   15.49    2.97   12.52 (MET)
y_reg[6]$_SDFFE_PN0P_/D (sg13g2_dfrbpq_1)   15.49    2.97   12.52 (MET)
y_reg[6]$_SDFFE_PN0P_/D (sg13g2_dfrbpq_1)   15.49    2.97   12.52 (MET)
y_reg[6]$_SDFFE_PN0P_/D (sg13g2_dfrbpq_1)   15.49    2.97   12.52 (MET)
y_reg[6]$_SDFFE_PN0P_/D (sg13g2_dfrbpq_1)   15.49    2.97   12.52 (MET)
x_reg[8]$_SDFFE_PN0P_/D (sg13g2_dfrbpq_1)   15.49    2.97   12.52 (MET)
x_reg[8]$_SDFFE_PN0P_/D (sg13g2_dfrbpq_1)   15.49    2.97   12.52 (MET)
x_reg[8]$_SDFFE_PN0P_/D (sg13g2_dfrbpq_1)   15.49    2.97   12.52 (MET)
x_reg[8]$_SDFFE_PN0P_/D (sg13g2_dfrbpq_1)   15.49    2.97   12.52 (MET)
x_reg[7]$_SDFFE_PN0P_/D (sg13g2_dfrbpq_1)   15.47    2.95   12.52 (MET)
x_reg[7]$_SDFFE_PN0P_/D (sg13g2_dfrbpq_1)   15.47    2.95   12.52 (MET)
x_reg[7]$_SDFFE_PN0P_/D (sg13g2_dfrbpq_1)   15.47    2.95   12.52 (MET)
x_reg[7]$_SDFFE_PN0P_/D (sg13g2_dfrbpq_1)   15.47    2.95   12.52 (MET)
x_reg[8]$_SDFFE_PN0P_/D (sg13g2_dfrbpq_1)   15.49    2.97   12.52 (MET)
x_reg[8]$_SDFFE_PN0P_/D (sg13g2_dfrbpq_1)   15.49    2.97   12.52 (MET)
x_reg[8]$_SDFFE_PN0P_/D (sg13g2_dfrbpq_1)   15.49    2.97   12.52 (MET)
x_reg[8]$_SDFFE_PN0P_/D (sg13g2_dfrbpq_1)   15.49    2.97   12.52 (MET)
x_reg[8]$_SDFFE_PN0P_/D (sg13g2_dfrbpq_1)   15.49    2.97   12.52 (MET)
x_reg[8]$_SDFFE_PN0P_/D (sg13g2_dfrbpq_1)   15.49    2.97   12.52 (MET)
x_reg[8]$_SDFFE_PN0P_/D (sg13g2_dfrbpq_1)   15.49    2.97   12.52 (MET)
x_reg[8]$_SDFFE_PN0P_/D (sg13g2_dfrbpq_1)   15.49    2.97   12.52 (MET)
y_reg[8]$_SDFFE_PN0P_/D (sg13g2_dfrbpq_1)   15.49    2.97   12.52 (MET)
y_reg[8]$_SDFFE_PN0P_/D (sg13g2_dfrbpq_1)   15.49    2.97   12.52 (MET)
y_reg[8]$_SDFFE_PN0P_/D (sg13g2_dfrbpq_1)   15.49    2.97   12.52 (MET)
y_reg[7]$_SDFFE_PN0P_/D (sg13g2_dfrbpq_1)   15.49    2.96   12.52 (MET)
y_reg[6]$_SDFFE_PN0P_/D (sg13g2_dfrbpq_1)   15.49    2.97   12.52 (MET)
y_reg[6]$_SDFFE_PN0P_/D (sg13g2_dfrbpq_1)   15.49    2.97   12.52 (MET)
y_reg[6]$_SDFFE_PN0P_/D (sg13g2_dfrbpq_1)   15.49    2.97   12.52 (MET)
y_reg[6]$_SDFFE_PN0P_/D (sg13g2_dfrbpq_1)   15.49    2.97   12.52 (MET)
y_reg[6]$_SDFFE_PN0P_/D (sg13g2_dfrbpq_1)   15.49    2.97   12.52 (MET)
y_reg[6]$_SDFFE_PN0P_/D (sg13g2_dfrbpq_1)   15.49    2.97   12.52 (MET)
y_reg[6]$_SDFFE_PN0P_/D (sg13g2_dfrbpq_1)   15.49    2.97   12.52 (MET)
y_reg[6]$_SDFFE_PN0P_/D (sg13g2_dfrbpq_1)   15.49    2.97   12.52 (MET)
y_reg[7]$_SDFFE_PN0P_/D (sg13g2_dfrbpq_1)   15.49    2.96   12.52 (MET)
y_reg[9]$_SDFFE_PN0P_/D (sg13g2_dfrbpq_1)   15.48    2.96   12.52 (MET)
y_reg[9]$_SDFFE_PN0P_/D (sg13g2_dfrbpq_1)   15.48    2.96   12.52 (MET)
y_reg[6]$_SDFFE_PN0P_/D (sg13g2_dfrbpq_1)   15.49    2.97   12.52 (MET)
y_reg[6]$_SDFFE_PN0P_/D (sg13g2_dfrbpq_1)   15.49    2.97   12.52 (MET)
y_reg[6]$_SDFFE_PN0P_/D (sg13g2_dfrbpq_1)   15.49    2.97   12.52 (MET)
y_reg[6]$_SDFFE_PN0P_/D (sg13g2_dfrbpq_1)   15.49    2.97   12.52 (MET)
y_reg[8]$_SDFFE_PN0P_/D (sg13g2_dfrbpq_1)   15.49    2.97   12.52 (MET)
x_reg[7]$_SDFFE_PN0P_/D (sg13g2_dfrbpq_1)   15.47    2.95   12.52 (MET)
x_reg[7]$_SDFFE_PN0P_/D (sg13g2_dfrbpq_1)   15.47    2.95   12.52 (MET)
x_reg[7]$_SDFFE_PN0P_/D (sg13g2_dfrbpq_1)   15.47    2.95   12.52 (MET)
x_reg[7]$_SDFFE_PN0P_/D (sg13g2_dfrbpq_1)   15.47    2.95   12.52 (MET)
y_reg[6]$_SDFFE_PN0P_/D (sg13g2_dfrbpq_1)   15.49    2.97   12.52 (MET)
y_reg[6]$_SDFFE_PN0P_/D (sg13g2_dfrbpq_1)   15.49    2.97   12.52 (MET)
y_reg[6]$_SDFFE_PN0P_/D (sg13g2_dfrbpq_1)   15.49    2.97   12.52 (MET)
y_reg[6]$_SDFFE_PN0P_/D (sg13g2_dfrbpq_1)   15.49    2.97   12.52 (MET)
y_reg[6]$_SDFFE_PN0P_/D (sg13g2_dfrbpq_1)   15.49    2.97   12.52 (MET)
y_reg[6]$_SDFFE_PN0P_/D (sg13g2_dfrbpq_1)   15.49    2.97   12.52 (MET)
y_reg[6]$_SDFFE_PN0P_/D (sg13g2_dfrbpq_1)   15.49    2.97   12.52 (MET)
y_reg[6]$_SDFFE_PN0P_/D (sg13g2_dfrbpq_1)   15.49    2.97   12.52 (MET)
y_reg[6]$_SDFFE_PN0P_/D (sg13g2_dfrbpq_1)   15.49    2.97   12.52 (MET)
y_reg[8]$_SDFFE_PN0P_/D (sg13g2_dfrbpq_1)   15.49    2.97   12.52 (MET)
y_reg[9]$_SDFFE_PN0P_/D (sg13g2_dfrbpq_1)   15.48    2.96   12.52 (MET)
y_reg[9]$_SDFFE_PN0P_/D (sg13g2_dfrbpq_1)   15.48    2.96   12.52 (MET)
y_reg[9]$_SDFFE_PN0P_/D (sg13g2_dfrbpq_1)   15.48    2.96   12.52 (MET)
y_reg[9]$_SDFFE_PN0P_/D (sg13g2_dfrbpq_1)   15.48    2.96   12.52 (MET)
y_reg[6]$_SDFFE_PN0P_/D (sg13g2_dfrbpq_1)   15.49    2.97   12.52 (MET)
y_reg[6]$_SDFFE_PN0P_/D (sg13g2_dfrbpq_1)   15.49    2.97   12.52 (MET)
y_reg[6]$_SDFFE_PN0P_/D (sg13g2_dfrbpq_1)   15.49    2.97   12.52 (MET)
y_reg[9]$_SDFFE_PN0P_/D (sg13g2_dfrbpq_1)   15.48    2.96   12.52 (MET)
y_reg[9]$_SDFFE_PN0P_/D (sg13g2_dfrbpq_1)   15.48    2.96   12.52 (MET)
y_reg[9]$_SDFFE_PN0P_/D (sg13g2_dfrbpq_1)   15.48    2.96   12.52 (MET)
y_reg[6]$_SDFFE_PN0P_/D (sg13g2_dfrbpq_1)   15.49    2.97   12.52 (MET)
y_reg[6]$_SDFFE_PN0P_/D (sg13g2_dfrbpq_1)   15.49    2.97   12.52 (MET)
y_reg[6]$_SDFFE_PN0P_/D (sg13g2_dfrbpq_1)   15.49    2.97   12.52 (MET)
y_reg[6]$_SDFFE_PN0P_/D (sg13g2_dfrbpq_1)   15.49    2.97   12.52 (MET)
y_reg[6]$_SDFFE_PN0P_/D (sg13g2_dfrbpq_1)   15.49    2.97   12.52 (MET)
y_reg[6]$_SDFFE_PN0P_/D (sg13g2_dfrbpq_1)   15.49    2.97   12.52 (MET)
y_reg[6]$_SDFFE_PN0P_/D (sg13g2_dfrbpq_1)   15.49    2.97   12.52 (MET)
y_reg[6]$_SDFFE_PN0P_/D (sg13g2_dfrbpq_1)   15.49    2.97   12.52 (MET)
y_reg[9]$_SDFFE_PN0P_/D (sg13g2_dfrbpq_1)   15.49    2.96   12.52 (MET)
y_reg[9]$_SDFFE_PN0P_/D (sg13g2_dfrbpq_1)   15.48    2.96   12.52 (MET)
x_reg[7]$_SDFFE_PN0P_/D (sg13g2_dfrbpq_1)   15.47    2.95   12.52 (MET)
x_reg[7]$_SDFFE_PN0P_/D (sg13g2_dfrbpq_1)   15.47    2.95   12.52 (MET)
x_reg[7]$_SDFFE_PN0P_/D (sg13g2_dfrbpq_1)   15.47    2.95   12.52 (MET)
x_reg[7]$_SDFFE_PN0P_/D (sg13g2_dfrbpq_1)   15.47    2.95   12.52 (MET)
y_reg[9]$_SDFFE_PN0P_/D (sg13g2_dfrbpq_1)   15.49    2.96   12.52 (MET)
y_reg[9]$_SDFFE_PN0P_/D (sg13g2_dfrbpq_1)   15.48    2.96   12.52 (MET)
y_reg[9]$_SDFFE_PN0P_/D (sg13g2_dfrbpq_1)   15.48    2.96   12.52 (MET)
y_reg[9]$_SDFFE_PN0P_/D (sg13g2_dfrbpq_1)   15.48    2.96   12.52 (MET)
y_reg[9]$_SDFFE_PN0P_/D (sg13g2_dfrbpq_1)   15.48    2.96   12.52 (MET)
y_reg[9]$_SDFFE_PN0P_/D (sg13g2_dfrbpq_1)   15.49    2.96   12.52 (MET)
y_reg[9]$_SDFFE_PN0P_/D (sg13g2_dfrbpq_1)   15.48    2.96   12.52 (MET)
y_reg[9]$_SDFFE_PN0P_/D (sg13g2_dfrbpq_1)   15.48    2.96   12.52 (MET)
y_reg[9]$_SDFFE_PN0P_/D (sg13g2_dfrbpq_1)   15.48    2.96   12.52 (MET)
y_reg[9]$_SDFFE_PN0P_/D (sg13g2_dfrbpq_1)   15.48    2.96   12.52 (MET)
y_reg[9]$_SDFFE_PN0P_/D (sg13g2_dfrbpq_1)   15.48    2.96   12.52 (MET)
y_reg[9]$_SDFFE_PN0P_/D (sg13g2_dfrbpq_1)   15.48    2.96   12.52 (MET)
y_reg[9]$_SDFFE_PN0P_/D (sg13g2_dfrbpq_1)   15.48    2.96   12.52 (MET)
y_reg[9]$_SDFFE_PN0P_/D (sg13g2_dfrbpq_1)   15.48    2.96   12.52 (MET)
y_reg[9]$_SDFFE_PN0P_/D (sg13g2_dfrbpq_1)   15.48    2.96   12.52 (MET)
y_reg[9]$_SDFFE_PN0P_/D (sg13g2_dfrbpq_1)   15.48    2.96   12.52 (MET)
y_reg[6]$_SDFFE_PN0P_/D (sg13g2_dfrbpq_1)   15.49    2.97   12.52 (MET)
y_reg[6]$_SDFFE_PN0P_/D (sg13g2_dfrbpq_1)   15.49    2.97   12.52 (MET)
y_reg[6]$_SDFFE_PN0P_/D (sg13g2_dfrbpq_1)   15.49    2.97   12.52 (MET)
y_reg[9]$_SDFFE_PN0P_/D (sg13g2_dfrbpq_1)   15.49    2.96   12.52 (MET)
y_reg[9]$_SDFFE_PN0P_/D (sg13g2_dfrbpq_1)   15.48    2.96   12.52 (MET)
y_reg[9]$_SDFFE_PN0P_/D (sg13g2_dfrbpq_1)   15.48    2.96   12.52 (MET)
y_reg[9]$_SDFFE_PN0P_/D (sg13g2_dfrbpq_1)   15.48    2.96   12.52 (MET)
y_reg[9]$_SDFFE_PN0P_/D (sg13g2_dfrbpq_1)   15.48    2.96   12.52 (MET)
y_reg[9]$_SDFFE_PN0P_/D (sg13g2_dfrbpq_1)   15.48    2.96   12.52 (MET)
x_reg[9]$_SDFFE_PN0P_/D (sg13g2_dfrbpq_1)   15.49    2.97   12.52 (MET)
x_reg[9]$_SDFFE_PN0P_/D (sg13g2_dfrbpq_1)   15.49    2.97   12.52 (MET)
y_reg[6]$_SDFFE_PN0P_/D (sg13g2_dfrbpq_1)   15.49    2.97   12.52 (MET)
y_reg[6]$_SDFFE_PN0P_/D (sg13g2_dfrbpq_1)   15.49    2.97   12.52 (MET)
y_reg[6]$_SDFFE_PN0P_/D (sg13g2_dfrbpq_1)   15.49    2.97   12.52 (MET)
y_reg[6]$_SDFFE_PN0P_/D (sg13g2_dfrbpq_1)   15.49    2.97   12.52 (MET)
y_reg[6]$_SDFFE_PN0P_/D (sg13g2_dfrbpq_1)   15.49    2.97   12.52 (MET)
x_reg[9]$_SDFFE_PN0P_/D (sg13g2_dfrbpq_1)   15.49    2.97   12.52 (MET)
x_reg[9]$_SDFFE_PN0P_/D (sg13g2_dfrbpq_1)   15.49    2.97   12.52 (MET)
y_reg[6]$_SDFFE_PN0P_/D (sg13g2_dfrbpq_1)   15.49    2.97   12.52 (MET)
y_reg[6]$_SDFFE_PN0P_/D (sg13g2_dfrbpq_1)   15.49    2.97   12.52 (MET)
y_reg[6]$_SDFFE_PN0P_/D (sg13g2_dfrbpq_1)   15.49    2.97   12.52 (MET)
y_reg[8]$_SDFFE_PN0P_/D (sg13g2_dfrbpq_1)   15.48    2.96   12.52 (MET)
x_reg[8]$_SDFFE_PN0P_/D (sg13g2_dfrbpq_1)   15.49    2.97   12.52 (MET)
x_reg[8]$_SDFFE_PN0P_/D (sg13g2_dfrbpq_1)   15.49    2.97   12.52 (MET)
y_reg[6]$_SDFFE_PN0P_/D (sg13g2_dfrbpq_1)   15.49    2.97   12.52 (MET)
y_reg[6]$_SDFFE_PN0P_/D (sg13g2_dfrbpq_1)   15.49    2.97   12.52 (MET)
y_reg[6]$_SDFFE_PN0P_/D (sg13g2_dfrbpq_1)   15.49    2.97   12.52 (MET)
y_reg[6]$_SDFFE_PN0P_/D (sg13g2_dfrbpq_1)   15.49    2.97   12.52 (MET)
y_reg[6]$_SDFFE_PN0P_/D (sg13g2_dfrbpq_1)   15.49    2.97   12.52 (MET)
y_reg[8]$_SDFFE_PN0P_/D (sg13g2_dfrbpq_1)   15.49    2.96   12.52 (MET)
y_reg[8]$_SDFFE_PN0P_/D (sg13g2_dfrbpq_1)   15.49    2.96   12.52 (MET)
y_reg[8]$_SDFFE_PN0P_/D (sg13g2_dfrbpq_1)   15.48    2.96   12.52 (MET)
y_reg[8]$_SDFFE_PN0P_/D (sg13g2_dfrbpq_1)   15.48    2.96   12.52 (MET)
y_reg[8]$_SDFFE_PN0P_/D (sg13g2_dfrbpq_1)   15.48    2.96   12.52 (MET)
y_reg[9]$_SDFFE_PN0P_/D (sg13g2_dfrbpq_1)   15.48    2.96   12.52 (MET)
y_reg[9]$_SDFFE_PN0P_/D (sg13g2_dfrbpq_1)   15.48    2.96   12.52 (MET)
y_reg[9]$_SDFFE_PN0P_/D (sg13g2_dfrbpq_1)   15.48    2.96   12.52 (MET)
y_reg[8]$_SDFFE_PN0P_/D (sg13g2_dfrbpq_1)   15.48    2.96   12.52 (MET)
y_reg[8]$_SDFFE_PN0P_/D (sg13g2_dfrbpq_1)   15.48    2.96   12.52 (MET)
x_reg[9]$_SDFFE_PN0P_/D (sg13g2_dfrbpq_1)   15.49    2.97   12.52 (MET)
x_reg[9]$_SDFFE_PN0P_/D (sg13g2_dfrbpq_1)   15.49    2.97   12.52 (MET)
y_reg[8]$_SDFFE_PN0P_/D (sg13g2_dfrbpq_1)   15.48    2.96   12.52 (MET)
y_reg[8]$_SDFFE_PN0P_/D (sg13g2_dfrbpq_1)   15.48    2.96   12.52 (MET)
y_reg[8]$_SDFFE_PN0P_/D (sg13g2_dfrbpq_1)   15.48    2.96   12.52 (MET)
y_reg[8]$_SDFFE_PN0P_/D (sg13g2_dfrbpq_1)   15.48    2.96   12.52 (MET)
x_reg[9]$_SDFFE_PN0P_/D (sg13g2_dfrbpq_1)   15.49    2.97   12.52 (MET)
x_reg[9]$_SDFFE_PN0P_/D (sg13g2_dfrbpq_1)   15.49    2.97   12.52 (MET)
y_reg[6]$_SDFFE_PN0P_/D (sg13g2_dfrbpq_1)   15.49    2.97   12.52 (MET)
y_reg[6]$_SDFFE_PN0P_/D (sg13g2_dfrbpq_1)   15.49    2.97   12.52 (MET)
y_reg[6]$_SDFFE_PN0P_/D (sg13g2_dfrbpq_1)   15.49    2.97   12.52 (MET)
y_reg[6]$_SDFFE_PN0P_/D (sg13g2_dfrbpq_1)   15.49    2.97   12.52 (MET)
y_reg[6]$_SDFFE_PN0P_/D (sg13g2_dfrbpq_1)   15.49    2.97   12.52 (MET)
y_reg[6]$_SDFFE_PN0P_/D (sg13g2_dfrbpq_1)   15.49    2.97   12.52 (MET)
y_reg[6]$_SDFFE_PN0P_/D (sg13g2_dfrbpq_1)   15.49    2.97   12.52 (MET)
y_reg[6]$_SDFFE_PN0P_/D (sg13g2_dfrbpq_1)   15.49    2.97   12.52 (MET)
y_reg[8]$_SDFFE_PN0P_/D (sg13g2_dfrbpq_1)   15.48    2.96   12.52 (MET)
y_reg[8]$_SDFFE_PN0P_/D (sg13g2_dfrbpq_1)   15.48    2.96   12.52 (MET)
y_reg[9]$_SDFFE_PN0P_/D (sg13g2_dfrbpq_1)   15.49    2.96   12.52 (MET)
y_reg[6]$_SDFFE_PN0P_/D (sg13g2_dfrbpq_1)   15.49    2.97   12.52 (MET)
y_reg[6]$_SDFFE_PN0P_/D (sg13g2_dfrbpq_1)   15.49    2.97   12.52 (MET)
y_reg[6]$_SDFFE_PN0P_/D (sg13g2_dfrbpq_1)   15.49    2.97   12.52 (MET)
y_reg[6]$_SDFFE_PN0P_/D (sg13g2_dfrbpq_1)   15.49    2.97   12.52 (MET)
y_reg[6]$_SDFFE_PN0P_/D (sg13g2_dfrbpq_1)   15.49    2.97   12.52 (MET)
y_reg[6]$_SDFFE_PN0P_/D (sg13g2_dfrbpq_1)   15.49    2.97   12.52 (MET)
y_reg[6]$_SDFFE_PN0P_/D (sg13g2_dfrbpq_1)   15.49    2.97   12.52 (MET)
y_reg[6]$_SDFFE_PN0P_/D (sg13g2_dfrbpq_1)   15.49    2.97   12.52 (MET)
y_reg[6]$_SDFFE_PN0P_/D (sg13g2_dfrbpq_1)   15.49    2.97   12.52 (MET)
y_reg[6]$_SDFFE_PN0P_/D (sg13g2_dfrbpq_1)   15.49    2.97   12.52 (MET)
y_reg[6]$_SDFFE_PN0P_/D (sg13g2_dfrbpq_1)   15.49    2.97   12.52 (MET)
y_reg[6]$_SDFFE_PN0P_/D (sg13g2_dfrbpq_1)   15.49    2.97   12.52 (MET)
y_reg[8]$_SDFFE_PN0P_/D (sg13g2_dfrbpq_1)   15.49    2.96   12.52 (MET)
y_reg[9]$_SDFFE_PN0P_/D (sg13g2_dfrbpq_1)   15.49    2.96   12.52 (MET)
y_reg[6]$_SDFFE_PN0P_/D (sg13g2_dfrbpq_1)   15.49    2.97   12.52 (MET)
y_reg[6]$_SDFFE_PN0P_/D (sg13g2_dfrbpq_1)   15.49    2.97   12.52 (MET)
y_reg[6]$_SDFFE_PN0P_/D (sg13g2_dfrbpq_1)   15.49    2.97   12.52 (MET)
y_reg[6]$_SDFFE_PN0P_/D (sg13g2_dfrbpq_1)   15.49    2.97   12.52 (MET)
y_reg[9]$_SDFFE_PN0P_/D (sg13g2_dfrbpq_1)   15.48    2.96   12.52 (MET)
y_reg[8]$_SDFFE_PN0P_/D (sg13g2_dfrbpq_1)   15.49    2.96   12.52 (MET)
y_reg[9]$_SDFFE_PN0P_/D (sg13g2_dfrbpq_1)   15.48    2.96   12.52 (MET)
y_reg[9]$_SDFFE_PN0P_/D (sg13g2_dfrbpq_1)   15.48    2.96   12.52 (MET)
y_reg[9]$_SDFFE_PN0P_/D (sg13g2_dfrbpq_1)   15.48    2.96   12.52 (MET)
y_reg[6]$_SDFFE_PN0P_/D (sg13g2_dfrbpq_1)   15.49    2.97   12.52 (MET)
y_reg[6]$_SDFFE_PN0P_/D (sg13g2_dfrbpq_1)   15.49    2.97   12.52 (MET)
y_reg[6]$_SDFFE_PN0P_/D (sg13g2_dfrbpq_1)   15.49    2.97   12.52 (MET)
y_reg[6]$_SDFFE_PN0P_/D (sg13g2_dfrbpq_1)   15.49    2.97   12.52 (MET)
y_reg[8]$_SDFFE_PN0P_/D (sg13g2_dfrbpq_1)   15.49    2.96   12.52 (MET)
y_reg[9]$_SDFFE_PN0P_/D (sg13g2_dfrbpq_1)   15.49    2.96   12.52 (MET)
y_reg[9]$_SDFFE_PN0P_/D (sg13g2_dfrbpq_1)   15.49    2.96   12.52 (MET)
y_reg[9]$_SDFFE_PN0P_/D (sg13g2_dfrbpq_1)   15.49    2.96   12.52 (MET)
y_reg[9]$_SDFFE_PN0P_/D (sg13g2_dfrbpq_1)   15.49    2.96   12.52 (MET)
y_reg[9]$_SDFFE_PN0P_/D (sg13g2_dfrbpq_1)   15.49    2.96   12.52 (MET)
y_reg[9]$_SDFFE_PN0P_/D (sg13g2_dfrbpq_1)   15.49    2.96   12.52 (MET)
y_reg[9]$_SDFFE_PN0P_/D (sg13g2_dfrbpq_1)   15.49    2.96   12.52 (MET)
y_reg[9]$_SDFFE_PN0P_/D (sg13g2_dfrbpq_1)   15.49    2.96   12.52 (MET)
y_reg[9]$_SDFFE_PN0P_/D (sg13g2_dfrbpq_1)   15.49    2.96   12.52 (MET)
y_reg[9]$_SDFFE_PN0P_/D (sg13g2_dfrbpq_1)   15.49    2.96   12.52 (MET)
y_reg[9]$_SDFFE_PN0P_/D (sg13g2_dfrbpq_1)   15.49    2.96   12.52 (MET)
y_reg[9]$_SDFFE_PN0P_/D (sg13g2_dfrbpq_1)   15.49    2.96   12.52 (MET)
y_reg[9]$_SDFFE_PN0P_/D (sg13g2_dfrbpq_1)   15.48    2.96   12.52 (MET)
y_reg[6]$_SDFFE_PN0P_/D (sg13g2_dfrbpq_1)   15.49    2.97   12.52 (MET)
y_reg[6]$_SDFFE_PN0P_/D (sg13g2_dfrbpq_1)   15.49    2.97   12.52 (MET)
y_reg[6]$_SDFFE_PN0P_/D (sg13g2_dfrbpq_1)   15.49    2.97   12.52 (MET)
y_reg[6]$_SDFFE_PN0P_/D (sg13g2_dfrbpq_1)   15.49    2.97   12.52 (MET)
y_reg[9]$_SDFFE_PN0P_/D (sg13g2_dfrbpq_1)   15.49    2.96   12.52 (MET)
y_reg[9]$_SDFFE_PN0P_/D (sg13g2_dfrbpq_1)   15.49    2.96   12.52 (MET)
y_reg[8]$_SDFFE_PN0P_/D (sg13g2_dfrbpq_1)   15.49    2.96   12.52 (MET)
y_reg[9]$_SDFFE_PN0P_/D (sg13g2_dfrbpq_1)   15.49    2.96   12.52 (MET)
y_reg[9]$_SDFFE_PN0P_/D (sg13g2_dfrbpq_1)   15.49    2.96   12.52 (MET)
y_reg[9]$_SDFFE_PN0P_/D (sg13g2_dfrbpq_1)   15.49    2.96   12.52 (MET)
y_reg[9]$_SDFFE_PN0P_/D (sg13g2_dfrbpq_1)   15.49    2.96   12.52 (MET)
x_reg[9]$_SDFFE_PN0P_/D (sg13g2_dfrbpq_1)   15.49    2.97   12.52 (MET)
x_reg[9]$_SDFFE_PN0P_/D (sg13g2_dfrbpq_1)   15.49    2.97   12.52 (MET)
x_reg[9]$_SDFFE_PN0P_/D (sg13g2_dfrbpq_1)   15.49    2.97   12.52 (MET)
x_reg[9]$_SDFFE_PN0P_/D (sg13g2_dfrbpq_1)   15.49    2.97   12.52 (MET)
x_reg[9]$_SDFFE_PN0P_/D (sg13g2_dfrbpq_1)   15.49    2.97   12.52 (MET)
x_reg[9]$_SDFFE_PN0P_/D (sg13g2_dfrbpq_1)   15.49    2.97   12.52 (MET)
x_reg[9]$_SDFFE_PN0P_/D (sg13g2_dfrbpq_1)   15.49    2.97   12.52 (MET)
x_reg[9]$_SDFFE_PN0P_/D (sg13g2_dfrbpq_1)   15.49    2.97   12.52 (MET)
y_reg[6]$_SDFFE_PN0P_/D (sg13g2_dfrbpq_1)   15.49    2.97   12.52 (MET)
y_reg[6]$_SDFFE_PN0P_/D (sg13g2_dfrbpq_1)   15.49    2.97   12.52 (MET)
y_reg[6]$_SDFFE_PN0P_/D (sg13g2_dfrbpq_1)   15.49    2.97   12.52 (MET)
x_reg[8]$_SDFFE_PN0P_/D (sg13g2_dfrbpq_1)   15.49    2.97   12.52 (MET)
x_reg[8]$_SDFFE_PN0P_/D (sg13g2_dfrbpq_1)   15.49    2.97   12.52 (MET)
x_reg[8]$_SDFFE_PN0P_/D (sg13g2_dfrbpq_1)   15.49    2.97   12.52 (MET)
x_reg[8]$_SDFFE_PN0P_/D (sg13g2_dfrbpq_1)   15.49    2.97   12.52 (MET)
y_reg[6]$_SDFFE_PN0P_/D (sg13g2_dfrbpq_1)   15.49    2.97   12.52 (MET)
y_reg[6]$_SDFFE_PN0P_/D (sg13g2_dfrbpq_1)   15.49    2.97   12.52 (MET)
y_reg[6]$_SDFFE_PN0P_/D (sg13g2_dfrbpq_1)   15.49    2.97   12.52 (MET)
y_reg[6]$_SDFFE_PN0P_/D (sg13g2_dfrbpq_1)   15.49    2.97   12.52 (MET)
y_reg[6]$_SDFFE_PN0P_/D (sg13g2_dfrbpq_1)   15.49    2.97   12.52 (MET)
x_reg[8]$_SDFFE_PN0P_/D (sg13g2_dfrbpq_1)   15.49    2.97   12.52 (MET)
y_reg[6]$_SDFFE_PN0P_/D (sg13g2_dfrbpq_1)   15.49    2.97   12.52 (MET)
y_reg[6]$_SDFFE_PN0P_/D (sg13g2_dfrbpq_1)   15.49    2.97   12.52 (MET)
y_reg[6]$_SDFFE_PN0P_/D (sg13g2_dfrbpq_1)   15.49    2.97   12.52 (MET)
x_reg[8]$_SDFFE_PN0P_/D (sg13g2_dfrbpq_1)   15.49    2.97   12.52 (MET)
x_reg[8]$_SDFFE_PN0P_/D (sg13g2_dfrbpq_1)   15.49    2.97   12.52 (MET)
y_reg[6]$_SDFFE_PN0P_/D (sg13g2_dfrbpq_1)   15.49    2.97   12.52 (MET)
y_reg[6]$_SDFFE_PN0P_/D (sg13g2_dfrbpq_1)   15.49    2.97   12.52 (MET)
y_reg[6]$_SDFFE_PN0P_/D (sg13g2_dfrbpq_1)   15.49    2.97   12.52 (MET)
y_reg[6]$_SDFFE_PN0P_/D (sg13g2_dfrbpq_1)   15.49    2.97   12.52 (MET)
y_reg[6]$_SDFFE_PN0P_/D (sg13g2_dfrbpq_1)   15.49    2.97   12.52 (MET)
y_reg[7]$_SDFFE_PN0P_/D (sg13g2_dfrbpq_1)   15.49    2.96   12.52 (MET)
y_reg[7]$_SDFFE_PN0P_/D (sg13g2_dfrbpq_1)   15.49    2.96   12.52 (MET)
y_reg[6]$_SDFFE_PN0P_/D (sg13g2_dfrbpq_1)   15.49    2.97   12.52 (MET)
y_reg[6]$_SDFFE_PN0P_/D (sg13g2_dfrbpq_1)   15.49    2.97   12.52 (MET)
y_reg[6]$_SDFFE_PN0P_/D (sg13g2_dfrbpq_1)   15.49    2.97   12.52 (MET)
y_reg[6]$_SDFFE_PN0P_/D (sg13g2_dfrbpq_1)   15.49    2.97   12.52 (MET)
y_reg[6]$_SDFFE_PN0P_/D (sg13g2_dfrbpq_1)   15.49    2.97   12.52 (MET)
y_reg[6]$_SDFFE_PN0P_/D (sg13g2_dfrbpq_1)   15.49    2.97   12.52 (MET)
y_reg[6]$_SDFFE_PN0P_/D (sg13g2_dfrbpq_1)   15.49    2.97   12.52 (MET)
y_reg[6]$_SDFFE_PN0P_/D (sg13g2_dfrbpq_1)   15.49    2.97   12.52 (MET)
y_reg[7]$_SDFFE_PN0P_/D (sg13g2_dfrbpq_1)   15.49    2.96   12.52 (MET)
y_reg[7]$_SDFFE_PN0P_/D (sg13g2_dfrbpq_1)   15.49    2.96   12.52 (MET)
y_reg[9]$_SDFFE_PN0P_/D (sg13g2_dfrbpq_1)   15.48    2.96   12.52 (MET)
y_reg[7]$_SDFFE_PN0P_/D (sg13g2_dfrbpq_1)   15.49    2.96   12.52 (MET)
y_reg[8]$_SDFFE_PN0P_/D (sg13g2_dfrbpq_1)   15.49    2.96   12.52 (MET)
y_reg[8]$_SDFFE_PN0P_/D (sg13g2_dfrbpq_1)   15.49    2.96   12.52 (MET)
y_reg[9]$_SDFFE_PN0P_/D (sg13g2_dfrbpq_1)   15.48    2.96   12.52 (MET)
y_reg[6]$_SDFFE_PN0P_/D (sg13g2_dfrbpq_1)   15.49    2.97   12.52 (MET)
y_reg[6]$_SDFFE_PN0P_/D (sg13g2_dfrbpq_1)   15.49    2.97   12.52 (MET)
y_reg[6]$_SDFFE_PN0P_/D (sg13g2_dfrbpq_1)   15.49    2.97   12.52 (MET)
y_reg[6]$_SDFFE_PN0P_/D (sg13g2_dfrbpq_1)   15.49    2.97   12.52 (MET)
y_reg[6]$_SDFFE_PN0P_/D (sg13g2_dfrbpq_1)   15.49    2.97   12.52 (MET)
y_reg[6]$_SDFFE_PN0P_/D (sg13g2_dfrbpq_1)   15.49    2.97   12.52 (MET)
y_reg[6]$_SDFFE_PN0P_/D (sg13g2_dfrbpq_1)   15.49    2.97   12.52 (MET)
y_reg[6]$_SDFFE_PN0P_/D (sg13g2_dfrbpq_1)   15.49    2.97   12.52 (MET)
y_reg[6]$_SDFFE_PN0P_/D (sg13g2_dfrbpq_1)   15.49    2.97   12.52 (MET)
y_reg[6]$_SDFFE_PN0P_/D (sg13g2_dfrbpq_1)   15.49    2.97   12.52 (MET)
y_reg[6]$_SDFFE_PN0P_/D (sg13g2_dfrbpq_1)   15.49    2.97   12.52 (MET)
y_reg[6]$_SDFFE_PN0P_/D (sg13g2_dfrbpq_1)   15.49    2.97   12.52 (MET)
y_reg[6]$_SDFFE_PN0P_/D (sg13g2_dfrbpq_1)   15.49    2.97   12.52 (MET)
y_reg[6]$_SDFFE_PN0P_/D (sg13g2_dfrbpq_1)   15.49    2.97   12.52 (MET)
y_reg[6]$_SDFFE_PN0P_/D (sg13g2_dfrbpq_1)   15.49    2.97   12.52 (MET)
y_reg[6]$_SDFFE_PN0P_/D (sg13g2_dfrbpq_1)   15.49    2.97   12.52 (MET)
x_reg[8]$_SDFFE_PN0P_/D (sg13g2_dfrbpq_1)   15.49    2.97   12.52 (MET)
y_reg[6]$_SDFFE_PN0P_/D (sg13g2_dfrbpq_1)   15.49    2.97   12.52 (MET)
y_reg[6]$_SDFFE_PN0P_/D (sg13g2_dfrbpq_1)   15.49    2.97   12.52 (MET)
y_reg[6]$_SDFFE_PN0P_/D (sg13g2_dfrbpq_1)   15.49    2.97   12.52 (MET)
y_reg[6]$_SDFFE_PN0P_/D (sg13g2_dfrbpq_1)   15.49    2.97   12.52 (MET)
y_reg[8]$_SDFFE_PN0P_/D (sg13g2_dfrbpq_1)   15.49    2.96   12.52 (MET)
y_reg[9]$_SDFFE_PN0P_/D (sg13g2_dfrbpq_1)   15.48    2.96   12.52 (MET)
y_reg[6]$_SDFFE_PN0P_/D (sg13g2_dfrbpq_1)   15.49    2.97   12.52 (MET)
y_reg[6]$_SDFFE_PN0P_/D (sg13g2_dfrbpq_1)   15.49    2.97   12.52 (MET)
y_reg[6]$_SDFFE_PN0P_/D (sg13g2_dfrbpq_1)   15.49    2.97   12.52 (MET)
y_reg[6]$_SDFFE_PN0P_/D (sg13g2_dfrbpq_1)   15.49    2.97   12.52 (MET)
y_reg[6]$_SDFFE_PN0P_/D (sg13g2_dfrbpq_1)   15.49    2.97   12.52 (MET)
y_reg[6]$_SDFFE_PN0P_/D (sg13g2_dfrbpq_1)   15.49    2.97   12.52 (MET)
y_reg[6]$_SDFFE_PN0P_/D (sg13g2_dfrbpq_1)   15.49    2.97   12.52 (MET)
y_reg[6]$_SDFFE_PN0P_/D (sg13g2_dfrbpq_1)   15.49    2.97   12.52 (MET)
y_reg[9]$_SDFFE_PN0P_/D (sg13g2_dfrbpq_1)   15.48    2.96   12.52 (MET)
y_reg[6]$_SDFFE_PN0P_/D (sg13g2_dfrbpq_1)   15.49    2.97   12.52 (MET)
y_reg[6]$_SDFFE_PN0P_/D (sg13g2_dfrbpq_1)   15.49    2.97   12.52 (MET)
y_reg[9]$_SDFFE_PN0P_/D (sg13g2_dfrbpq_1)   15.48    2.96   12.52 (MET)
y_reg[9]$_SDFFE_PN0P_/D (sg13g2_dfrbpq_1)   15.48    2.96   12.52 (MET)
y_reg[6]$_SDFFE_PN0P_/D (sg13g2_dfrbpq_1)   15.49    2.97   12.52 (MET)
y_reg[6]$_SDFFE_PN0P_/D (sg13g2_dfrbpq_1)   15.49    2.97   12.52 (MET)
y_reg[9]$_SDFFE_PN0P_/D (sg13g2_dfrbpq_1)   15.48    2.96   12.52 (MET)
y_reg[9]$_SDFFE_PN0P_/D (sg13g2_dfrbpq_1)   15.48    2.96   12.52 (MET)
y_reg[6]$_SDFFE_PN0P_/D (sg13g2_dfrbpq_1)   15.49    2.97   12.52 (MET)
y_reg[6]$_SDFFE_PN0P_/D (sg13g2_dfrbpq_1)   15.49    2.97   12.52 (MET)
y_reg[6]$_SDFFE_PN0P_/D (sg13g2_dfrbpq_1)   15.49    2.97   12.52 (MET)
y_reg[6]$_SDFFE_PN0P_/D (sg13g2_dfrbpq_1)   15.49    2.97   12.52 (MET)
x_reg[8]$_SDFFE_PN0P_/D (sg13g2_dfrbpq_1)   15.49    2.96   12.52 (MET)
x_reg[8]$_SDFFE_PN0P_/D (sg13g2_dfrbpq_1)   15.49    2.96   12.52 (MET)
x_reg[8]$_SDFFE_PN0P_/D (sg13g2_dfrbpq_1)   15.49    2.96   12.52 (MET)
x_reg[8]$_SDFFE_PN0P_/D (sg13g2_dfrbpq_1)   15.49    2.96   12.52 (MET)
y_reg[6]$_SDFFE_PN0P_/D (sg13g2_dfrbpq_1)   15.49    2.97   12.52 (MET)
y_reg[6]$_SDFFE_PN0P_/D (sg13g2_dfrbpq_1)   15.49    2.97   12.52 (MET)
y_reg[6]$_SDFFE_PN0P_/D (sg13g2_dfrbpq_1)   15.49    2.97   12.52 (MET)
y_reg[6]$_SDFFE_PN0P_/D (sg13g2_dfrbpq_1)   15.49    2.97   12.52 (MET)
y_reg[9]$_SDFFE_PN0P_/D (sg13g2_dfrbpq_1)   15.48    2.96   12.52 (MET)
y_reg[9]$_SDFFE_PN0P_/D (sg13g2_dfrbpq_1)   15.48    2.96   12.52 (MET)
y_reg[9]$_SDFFE_PN0P_/D (sg13g2_dfrbpq_1)   15.48    2.96   12.52 (MET)
y_reg[9]$_SDFFE_PN0P_/D (sg13g2_dfrbpq_1)   15.48    2.96   12.52 (MET)
y_reg[6]$_SDFFE_PN0P_/D (sg13g2_dfrbpq_1)   15.49    2.97   12.52 (MET)
y_reg[6]$_SDFFE_PN0P_/D (sg13g2_dfrbpq_1)   15.49    2.97   12.52 (MET)
y_reg[6]$_SDFFE_PN0P_/D (sg13g2_dfrbpq_1)   15.49    2.97   12.52 (MET)
y_reg[6]$_SDFFE_PN0P_/D (sg13g2_dfrbpq_1)   15.49    2.97   12.52 (MET)
y_reg[6]$_SDFFE_PN0P_/D (sg13g2_dfrbpq_1)   15.49    2.97   12.52 (MET)
y_reg[6]$_SDFFE_PN0P_/D (sg13g2_dfrbpq_1)   15.49    2.97   12.52 (MET)
y_reg[6]$_SDFFE_PN0P_/D (sg13g2_dfrbpq_1)   15.49    2.97   12.52 (MET)
y_reg[6]$_SDFFE_PN0P_/D (sg13g2_dfrbpq_1)   15.49    2.97   12.52 (MET)
y_reg[9]$_SDFFE_PN0P_/D (sg13g2_dfrbpq_1)   15.48    2.96   12.52 (MET)
y_reg[9]$_SDFFE_PN0P_/D (sg13g2_dfrbpq_1)   15.48    2.96   12.52 (MET)
y_reg[6]$_SDFFE_PN0P_/D (sg13g2_dfrbpq_1)   15.49    2.97   12.52 (MET)
y_reg[6]$_SDFFE_PN0P_/D (sg13g2_dfrbpq_1)   15.49    2.97   12.52 (MET)
y_reg[6]$_SDFFE_PN0P_/D (sg13g2_dfrbpq_1)   15.49    2.97   12.52 (MET)
y_reg[6]$_SDFFE_PN0P_/D (sg13g2_dfrbpq_1)   15.49    2.97   12.52 (MET)
y_reg[9]$_SDFFE_PN0P_/D (sg13g2_dfrbpq_1)   15.48    2.96   12.52 (MET)
y_reg[9]$_SDFFE_PN0P_/D (sg13g2_dfrbpq_1)   15.48    2.96   12.52 (MET)
y_reg[9]$_SDFFE_PN0P_/D (sg13g2_dfrbpq_1)   15.48    2.96   12.52 (MET)
y_reg[9]$_SDFFE_PN0P_/D (sg13g2_dfrbpq_1)   15.48    2.96   12.52 (MET)
x_reg[7]$_SDFFE_PN0P_/D (sg13g2_dfrbpq_1)   15.47    2.95   12.52 (MET)
x_reg[7]$_SDFFE_PN0P_/D (sg13g2_dfrbpq_1)   15.47    2.95   12.52 (MET)
x_reg[7]$_SDFFE_PN0P_/D (sg13g2_dfrbpq_1)   15.47    2.95   12.52 (MET)
x_reg[7]$_SDFFE_PN0P_/D (sg13g2_dfrbpq_1)   15.47    2.95   12.52 (MET)
y_reg[6]$_SDFFE_PN0P_/D (sg13g2_dfrbpq_1)   15.49    2.97   12.52 (MET)
y_reg[6]$_SDFFE_PN0P_/D (sg13g2_dfrbpq_1)   15.49    2.97   12.52 (MET)
y_reg[6]$_SDFFE_PN0P_/D (sg13g2_dfrbpq_1)   15.49    2.97   12.52 (MET)
y_reg[6]$_SDFFE_PN0P_/D (sg13g2_dfrbpq_1)   15.49    2.97   12.52 (MET)
y_reg[8]$_SDFFE_PN0P_/D (sg13g2_dfrbpq_1)   15.48    2.96   12.52 (MET)
y_reg[8]$_SDFFE_PN0P_/D (sg13g2_dfrbpq_1)   15.48    2.96   12.52 (MET)
y_reg[8]$_SDFFE_PN0P_/D (sg13g2_dfrbpq_1)   15.48    2.96   12.52 (MET)
y_reg[8]$_SDFFE_PN0P_/D (sg13g2_dfrbpq_1)   15.48    2.96   12.52 (MET)
y_reg[6]$_SDFFE_PN0P_/D (sg13g2_dfrbpq_1)   15.49    2.97   12.52 (MET)
y_reg[6]$_SDFFE_PN0P_/D (sg13g2_dfrbpq_1)   15.49    2.97   12.52 (MET)
y_reg[9]$_SDFFE_PN0P_/D (sg13g2_dfrbpq_1)   15.48    2.96   12.52 (MET)
y_reg[9]$_SDFFE_PN0P_/D (sg13g2_dfrbpq_1)   15.48    2.96   12.52 (MET)
y_reg[6]$_SDFFE_PN0P_/D (sg13g2_dfrbpq_1)   15.49    2.97   12.52 (MET)
y_reg[6]$_SDFFE_PN0P_/D (sg13g2_dfrbpq_1)   15.49    2.97   12.52 (MET)
y_reg[6]$_SDFFE_PN0P_/D (sg13g2_dfrbpq_1)   15.49    2.97   12.52 (MET)
y_reg[6]$_SDFFE_PN0P_/D (sg13g2_dfrbpq_1)   15.49    2.97   12.52 (MET)
y_reg[6]$_SDFFE_PN0P_/D (sg13g2_dfrbpq_1)   15.49    2.97   12.52 (MET)
y_reg[6]$_SDFFE_PN0P_/D (sg13g2_dfrbpq_1)   15.49    2.97   12.52 (MET)
y_reg[6]$_SDFFE_PN0P_/D (sg13g2_dfrbpq_1)   15.49    2.97   12.52 (MET)
y_reg[6]$_SDFFE_PN0P_/D (sg13g2_dfrbpq_1)   15.49    2.97   12.52 (MET)
y_reg[6]$_SDFFE_PN0P_/D (sg13g2_dfrbpq_1)   15.49    2.97   12.52 (MET)
y_reg[6]$_SDFFE_PN0P_/D (sg13g2_dfrbpq_1)   15.49    2.97   12.52 (MET)
y_reg[6]$_SDFFE_PN0P_/D (sg13g2_dfrbpq_1)   15.49    2.97   12.52 (MET)
y_reg[6]$_SDFFE_PN0P_/D (sg13g2_dfrbpq_1)   15.49    2.97   12.52 (MET)
y_reg[6]$_SDFFE_PN0P_/D (sg13g2_dfrbpq_1)   15.49    2.97   12.52 (MET)
y_reg[6]$_SDFFE_PN0P_/D (sg13g2_dfrbpq_1)   15.49    2.97   12.52 (MET)
y_reg[6]$_SDFFE_PN0P_/D (sg13g2_dfrbpq_1)   15.49    2.97   12.52 (MET)
y_reg[6]$_SDFFE_PN0P_/D (sg13g2_dfrbpq_1)   15.49    2.97   12.52 (MET)
y_reg[6]$_SDFFE_PN0P_/D (sg13g2_dfrbpq_1)   15.49    2.97   12.52 (MET)
y_reg[6]$_SDFFE_PN0P_/D (sg13g2_dfrbpq_1)   15.49    2.97   12.52 (MET)
y_reg[6]$_SDFFE_PN0P_/D (sg13g2_dfrbpq_1)   15.49    2.97   12.52 (MET)
y_reg[6]$_SDFFE_PN0P_/D (sg13g2_dfrbpq_1)   15.49    2.97   12.52 (MET)
y_reg[6]$_SDFFE_PN0P_/D (sg13g2_dfrbpq_1)   15.49    2.97   12.52 (MET)
y_reg[6]$_SDFFE_PN0P_/D (sg13g2_dfrbpq_1)   15.49    2.97   12.52 (MET)
y_reg[6]$_SDFFE_PN0P_/D (sg13g2_dfrbpq_1)   15.49    2.97   12.52 (MET)
y_reg[6]$_SDFFE_PN0P_/D (sg13g2_dfrbpq_1)   15.49    2.97   12.52 (MET)
y_reg[9]$_SDFFE_PN0P_/D (sg13g2_dfrbpq_1)   15.48    2.96   12.52 (MET)
y_reg[9]$_SDFFE_PN0P_/D (sg13g2_dfrbpq_1)   15.48    2.96   12.52 (MET)
y_reg[6]$_SDFFE_PN0P_/D (sg13g2_dfrbpq_1)   15.49    2.97   12.52 (MET)
y_reg[6]$_SDFFE_PN0P_/D (sg13g2_dfrbpq_1)   15.49    2.97   12.52 (MET)
y_reg[6]$_SDFFE_PN0P_/D (sg13g2_dfrbpq_1)   15.49    2.97   12.52 (MET)
y_reg[6]$_SDFFE_PN0P_/D (sg13g2_dfrbpq_1)   15.49    2.97   12.52 (MET)
y_reg[6]$_SDFFE_PN0P_/D (sg13g2_dfrbpq_1)   15.49    2.97   12.52 (MET)
y_reg[6]$_SDFFE_PN0P_/D (sg13g2_dfrbpq_1)   15.49    2.97   12.52 (MET)
y_reg[6]$_SDFFE_PN0P_/D (sg13g2_dfrbpq_1)   15.49    2.97   12.52 (MET)
y_reg[6]$_SDFFE_PN0P_/D (sg13g2_dfrbpq_1)   15.49    2.97   12.52 (MET)
y_reg[9]$_SDFFE_PN0P_/D (sg13g2_dfrbpq_1)   15.48    2.96   12.52 (MET)
y_reg[9]$_SDFFE_PN0P_/D (sg13g2_dfrbpq_1)   15.48    2.96   12.52 (MET)
y_reg[9]$_SDFFE_PN0P_/D (sg13g2_dfrbpq_1)   15.48    2.96   12.52 (MET)
y_reg[9]$_SDFFE_PN0P_/D (sg13g2_dfrbpq_1)   15.48    2.96   12.52 (MET)
x_reg[8]$_SDFFE_PN0P_/D (sg13g2_dfrbpq_1)   15.49    2.97   12.52 (MET)
x_reg[8]$_SDFFE_PN0P_/D (sg13g2_dfrbpq_1)   15.49    2.97   12.52 (MET)
x_reg[8]$_SDFFE_PN0P_/D (sg13g2_dfrbpq_1)   15.49    2.97   12.52 (MET)
x_reg[8]$_SDFFE_PN0P_/D (sg13g2_dfrbpq_1)   15.49    2.97   12.52 (MET)
x_reg[8]$_SDFFE_PN0P_/D (sg13g2_dfrbpq_1)   15.49    2.97   12.52 (MET)
x_reg[8]$_SDFFE_PN0P_/D (sg13g2_dfrbpq_1)   15.49    2.97   12.52 (MET)
x_reg[8]$_SDFFE_PN0P_/D (sg13g2_dfrbpq_1)   15.49    2.97   12.52 (MET)
x_reg[8]$_SDFFE_PN0P_/D (sg13g2_dfrbpq_1)   15.49    2.97   12.52 (MET)
y_reg[5]$_SDFFE_PN0P_/D (sg13g2_dfrbpq_1)   15.48    2.96   12.52 (MET)
y_reg[5]$_SDFFE_PN0P_/D (sg13g2_dfrbpq_1)   15.48    2.96   12.52 (MET)
y_reg[5]$_SDFFE_PN0P_/D (sg13g2_dfrbpq_1)   15.48    2.96   12.52 (MET)
y_reg[5]$_SDFFE_PN0P_/D (sg13g2_dfrbpq_1)   15.48    2.96   12.52 (MET)
y_reg[8]$_SDFFE_PN0P_/D (sg13g2_dfrbpq_1)   15.49    2.96   12.52 (MET)
x_reg[8]$_SDFFE_PN0P_/D (sg13g2_dfrbpq_1)   15.49    2.97   12.52 (MET)
x_reg[8]$_SDFFE_PN0P_/D (sg13g2_dfrbpq_1)   15.49    2.97   12.52 (MET)
x_reg[8]$_SDFFE_PN0P_/D (sg13g2_dfrbpq_1)   15.49    2.97   12.52 (MET)
x_reg[8]$_SDFFE_PN0P_/D (sg13g2_dfrbpq_1)   15.49    2.97   12.52 (MET)
x_reg[8]$_SDFFE_PN0P_/D (sg13g2_dfrbpq_1)   15.49    2.97   12.52 (MET)
x_reg[8]$_SDFFE_PN0P_/D (sg13g2_dfrbpq_1)   15.49    2.97   12.52 (MET)
x_reg[8]$_SDFFE_PN0P_/D (sg13g2_dfrbpq_1)   15.49    2.97   12.52 (MET)
x_reg[8]$_SDFFE_PN0P_/D (sg13g2_dfrbpq_1)   15.49    2.97   12.52 (MET)
x_reg[8]$_SDFFE_PN0P_/D (sg13g2_dfrbpq_1)   15.49    2.97   12.52 (MET)
x_reg[8]$_SDFFE_PN0P_/D (sg13g2_dfrbpq_1)   15.49    2.97   12.52 (MET)
x_reg[8]$_SDFFE_PN0P_/D (sg13g2_dfrbpq_1)   15.49    2.97   12.52 (MET)
x_reg[8]$_SDFFE_PN0P_/D (sg13g2_dfrbpq_1)   15.49    2.97   12.52 (MET)
x_reg[8]$_SDFFE_PN0P_/D (sg13g2_dfrbpq_1)   15.49    2.97   12.52 (MET)
x_reg[8]$_SDFFE_PN0P_/D (sg13g2_dfrbpq_1)   15.49    2.97   12.52 (MET)
x_reg[8]$_SDFFE_PN0P_/D (sg13g2_dfrbpq_1)   15.49    2.97   12.52 (MET)
x_reg[8]$_SDFFE_PN0P_/D (sg13g2_dfrbpq_1)   15.49    2.97   12.52 (MET)
y_reg[8]$_SDFFE_PN0P_/D (sg13g2_dfrbpq_1)   15.49    2.96   12.52 (MET)
y_reg[8]$_SDFFE_PN0P_/D (sg13g2_dfrbpq_1)   15.49    2.96   12.52 (MET)
y_reg[8]$_SDFFE_PN0P_/D (sg13g2_dfrbpq_1)   15.49    2.96   12.52 (MET)
y_reg[8]$_SDFFE_PN0P_/D (sg13g2_dfrbpq_1)   15.49    2.96   12.52 (MET)
y_reg[8]$_SDFFE_PN0P_/D (sg13g2_dfrbpq_1)   15.49    2.96   12.52 (MET)
y_reg[8]$_SDFFE_PN0P_/D (sg13g2_dfrbpq_1)   15.49    2.96   12.52 (MET)
y_reg[8]$_SDFFE_PN0P_/D (sg13g2_dfrbpq_1)   15.49    2.96   12.52 (MET)
y_reg[8]$_SDFFE_PN0P_/D (sg13g2_dfrbpq_1)   15.48    2.96   12.52 (MET)
y_reg[8]$_SDFFE_PN0P_/D (sg13g2_dfrbpq_1)   15.48    2.96   12.52 (MET)
y_reg[8]$_SDFFE_PN0P_/D (sg13g2_dfrbpq_1)   15.48    2.96   12.52 (MET)
y_reg[8]$_SDFFE_PN0P_/D (sg13g2_dfrbpq_1)   15.48    2.96   12.52 (MET)
y_reg[8]$_SDFFE_PN0P_/D (sg13g2_dfrbpq_1)   15.49    2.96   12.52 (MET)
y_reg[6]$_SDFFE_PN0P_/D (sg13g2_dfrbpq_1)   15.49    2.97   12.52 (MET)
y_reg[6]$_SDFFE_PN0P_/D (sg13g2_dfrbpq_1)   15.49    2.97   12.52 (MET)
y_reg[6]$_SDFFE_PN0P_/D (sg13g2_dfrbpq_1)   15.49    2.97   12.52 (MET)
y_reg[6]$_SDFFE_PN0P_/D (sg13g2_dfrbpq_1)   15.49    2.97   12.52 (MET)
y_reg[8]$_SDFFE_PN0P_/D (sg13g2_dfrbpq_1)   15.49    2.96   12.52 (MET)
y_reg[8]$_SDFFE_PN0P_/D (sg13g2_dfrbpq_1)   15.49    2.96   12.52 (MET)
y_reg[9]$_SDFFE_PN0P_/D (sg13g2_dfrbpq_1)   15.49    2.96   12.52 (MET)
y_reg[9]$_SDFFE_PN0P_/D (sg13g2_dfrbpq_1)   15.49    2.96   12.52 (MET)
y_reg[8]$_SDFFE_PN0P_/D (sg13g2_dfrbpq_1)   15.48    2.96   12.52 (MET)
y_reg[8]$_SDFFE_PN0P_/D (sg13g2_dfrbpq_1)   15.48    2.96   12.52 (MET)
y_reg[8]$_SDFFE_PN0P_/D (sg13g2_dfrbpq_1)   15.48    2.96   12.52 (MET)
y_reg[8]$_SDFFE_PN0P_/D (sg13g2_dfrbpq_1)   15.48    2.96   12.52 (MET)
y_reg[9]$_SDFFE_PN0P_/D (sg13g2_dfrbpq_1)   15.49    2.96   12.52 (MET)
y_reg[9]$_SDFFE_PN0P_/D (sg13g2_dfrbpq_1)   15.49    2.96   12.52 (MET)
x_reg[8]$_SDFFE_PN0P_/D (sg13g2_dfrbpq_1)   15.49    2.96   12.52 (MET)
x_reg[8]$_SDFFE_PN0P_/D (sg13g2_dfrbpq_1)   15.49    2.96   12.52 (MET)
x_reg[8]$_SDFFE_PN0P_/D (sg13g2_dfrbpq_1)   15.49    2.96   12.52 (MET)
x_reg[8]$_SDFFE_PN0P_/D (sg13g2_dfrbpq_1)   15.49    2.96   12.52 (MET)
y_reg[8]$_SDFFE_PN0P_/D (sg13g2_dfrbpq_1)   15.49    2.96   12.52 (MET)
y_reg[9]$_SDFFE_PN0P_/D (sg13g2_dfrbpq_1)   15.49    2.96   12.52 (MET)
y_reg[9]$_SDFFE_PN0P_/D (sg13g2_dfrbpq_1)   15.49    2.96   12.52 (MET)
y_reg[6]$_SDFFE_PN0P_/D (sg13g2_dfrbpq_1)   15.49    2.97   12.52 (MET)
y_reg[6]$_SDFFE_PN0P_/D (sg13g2_dfrbpq_1)   15.49    2.97   12.52 (MET)
y_reg[6]$_SDFFE_PN0P_/D (sg13g2_dfrbpq_1)   15.49    2.97   12.52 (MET)
y_reg[6]$_SDFFE_PN0P_/D (sg13g2_dfrbpq_1)   15.49    2.97   12.52 (MET)
y_reg[8]$_SDFFE_PN0P_/D (sg13g2_dfrbpq_1)   15.49    2.96   12.52 (MET)
y_reg[8]$_SDFFE_PN0P_/D (sg13g2_dfrbpq_1)   15.49    2.96   12.52 (MET)
y_reg[9]$_SDFFE_PN0P_/D (sg13g2_dfrbpq_1)   15.49    2.96   12.52 (MET)
y_reg[9]$_SDFFE_PN0P_/D (sg13g2_dfrbpq_1)   15.49    2.96   12.52 (MET)
y_reg[9]$_SDFFE_PN0P_/D (sg13g2_dfrbpq_1)   15.49    2.96   12.52 (MET)
y_reg[9]$_SDFFE_PN0P_/D (sg13g2_dfrbpq_1)   15.49    2.96   12.52 (MET)
y_reg[9]$_SDFFE_PN0P_/D (sg13g2_dfrbpq_1)   15.49    2.96   12.52 (MET)
y_reg[9]$_SDFFE_PN0P_/D (sg13g2_dfrbpq_1)   15.49    2.96   12.52 (MET)
y_reg[7]$_SDFFE_PN0P_/D (sg13g2_dfrbpq_1)   15.48    2.96   12.52 (MET)
y_reg[7]$_SDFFE_PN0P_/D (sg13g2_dfrbpq_1)   15.48    2.96   12.52 (MET)
y_reg[7]$_SDFFE_PN0P_/D (sg13g2_dfrbpq_1)   15.48    2.96   12.52 (MET)
y_reg[7]$_SDFFE_PN0P_/D (sg13g2_dfrbpq_1)   15.48    2.96   12.52 (MET)
y_reg[6]$_SDFFE_PN0P_/D (sg13g2_dfrbpq_1)   15.49    2.97   12.52 (MET)
y_reg[6]$_SDFFE_PN0P_/D (sg13g2_dfrbpq_1)   15.49    2.97   12.52 (MET)
y_reg[6]$_SDFFE_PN0P_/D (sg13g2_dfrbpq_1)   15.49    2.97   12.52 (MET)
y_reg[6]$_SDFFE_PN0P_/D (sg13g2_dfrbpq_1)   15.49    2.97   12.52 (MET)
y_reg[6]$_SDFFE_PN0P_/D (sg13g2_dfrbpq_1)   15.49    2.97   12.52 (MET)
y_reg[6]$_SDFFE_PN0P_/D (sg13g2_dfrbpq_1)   15.49    2.97   12.52 (MET)
y_reg[6]$_SDFFE_PN0P_/D (sg13g2_dfrbpq_1)   15.49    2.97   12.52 (MET)
y_reg[6]$_SDFFE_PN0P_/D (sg13g2_dfrbpq_1)   15.49    2.97   12.52 (MET)
y_reg[7]$_SDFFE_PN0P_/D (sg13g2_dfrbpq_1)   15.48    2.96   12.52 (MET)
y_reg[7]$_SDFFE_PN0P_/D (sg13g2_dfrbpq_1)   15.48    2.96   12.52 (MET)
y_reg[7]$_SDFFE_PN0P_/D (sg13g2_dfrbpq_1)   15.48    2.96   12.52 (MET)
y_reg[7]$_SDFFE_PN0P_/D (sg13g2_dfrbpq_1)   15.48    2.96   12.52 (MET)
x_reg[8]$_SDFFE_PN0P_/D (sg13g2_dfrbpq_1)   15.49    2.97   12.52 (MET)
x_reg[8]$_SDFFE_PN0P_/D (sg13g2_dfrbpq_1)   15.49    2.97   12.52 (MET)
x_reg[8]$_SDFFE_PN0P_/D (sg13g2_dfrbpq_1)   15.49    2.97   12.52 (MET)
x_reg[8]$_SDFFE_PN0P_/D (sg13g2_dfrbpq_1)   15.49    2.97   12.52 (MET)
x_reg[8]$_SDFFE_PN0P_/D (sg13g2_dfrbpq_1)   15.49    2.97   12.52 (MET)
x_reg[8]$_SDFFE_PN0P_/D (sg13g2_dfrbpq_1)   15.49    2.97   12.52 (MET)
x_reg[8]$_SDFFE_PN0P_/D (sg13g2_dfrbpq_1)   15.49    2.97   12.52 (MET)
x_reg[8]$_SDFFE_PN0P_/D (sg13g2_dfrbpq_1)   15.49    2.97   12.52 (MET)
y_reg[6]$_SDFFE_PN0P_/D (sg13g2_dfrbpq_1)   15.49    2.97   12.52 (MET)
y_reg[6]$_SDFFE_PN0P_/D (sg13g2_dfrbpq_1)   15.49    2.97   12.52 (MET)
y_reg[6]$_SDFFE_PN0P_/D (sg13g2_dfrbpq_1)   15.49    2.97   12.52 (MET)
y_reg[6]$_SDFFE_PN0P_/D (sg13g2_dfrbpq_1)   15.49    2.97   12.52 (MET)
y_reg[6]$_SDFFE_PN0P_/D (sg13g2_dfrbpq_1)   15.49    2.97   12.52 (MET)
y_reg[7]$_SDFFE_PN0P_/D (sg13g2_dfrbpq_1)   15.48    2.96   12.52 (MET)
y_reg[7]$_SDFFE_PN0P_/D (sg13g2_dfrbpq_1)   15.48    2.96   12.52 (MET)
y_reg[6]$_SDFFE_PN0P_/D (sg13g2_dfrbpq_1)   15.49    2.97   12.52 (MET)
y_reg[6]$_SDFFE_PN0P_/D (sg13g2_dfrbpq_1)   15.49    2.97   12.52 (MET)
y_reg[6]$_SDFFE_PN0P_/D (sg13g2_dfrbpq_1)   15.49    2.97   12.52 (MET)
y_reg[6]$_SDFFE_PN0P_/D (sg13g2_dfrbpq_1)   15.49    2.97   12.52 (MET)
y_reg[6]$_SDFFE_PN0P_/D (sg13g2_dfrbpq_1)   15.49    2.97   12.52 (MET)
y_reg[6]$_SDFFE_PN0P_/D (sg13g2_dfrbpq_1)   15.49    2.97   12.52 (MET)
y_reg[6]$_SDFFE_PN0P_/D (sg13g2_dfrbpq_1)   15.49    2.97   12.52 (MET)
y_reg[6]$_SDFFE_PN0P_/D (sg13g2_dfrbpq_1)   15.49    2.97   12.52 (MET)
y_reg[6]$_SDFFE_PN0P_/D (sg13g2_dfrbpq_1)   15.49    2.97   12.52 (MET)
y_reg[6]$_SDFFE_PN0P_/D (sg13g2_dfrbpq_1)   15.49    2.97   12.52 (MET)
y_reg[6]$_SDFFE_PN0P_/D (sg13g2_dfrbpq_1)   15.49    2.97   12.52 (MET)
y_reg[7]$_SDFFE_PN0P_/D (sg13g2_dfrbpq_1)   15.48    2.96   12.52 (MET)
y_reg[7]$_SDFFE_PN0P_/D (sg13g2_dfrbpq_1)   15.48    2.96   12.52 (MET)
x_reg[8]$_SDFFE_PN0P_/D (sg13g2_dfrbpq_1)   15.49    2.96   12.52 (MET)
x_reg[8]$_SDFFE_PN0P_/D (sg13g2_dfrbpq_1)   15.49    2.96   12.52 (MET)
y_reg[9]$_SDFFE_PN0P_/D (sg13g2_dfrbpq_1)   15.49    2.96   12.52 (MET)
y_reg[9]$_SDFFE_PN0P_/D (sg13g2_dfrbpq_1)   15.49    2.96   12.52 (MET)
x_reg[8]$_SDFFE_PN0P_/D (sg13g2_dfrbpq_1)   15.49    2.96   12.52 (MET)
x_reg[8]$_SDFFE_PN0P_/D (sg13g2_dfrbpq_1)   15.49    2.96   12.52 (MET)
y_reg[6]$_SDFFE_PN0P_/D (sg13g2_dfrbpq_1)   15.49    2.97   12.52 (MET)
y_reg[6]$_SDFFE_PN0P_/D (sg13g2_dfrbpq_1)   15.49    2.97   12.52 (MET)
y_reg[8]$_SDFFE_PN0P_/D (sg13g2_dfrbpq_1)   15.49    2.96   12.52 (MET)
y_reg[8]$_SDFFE_PN0P_/D (sg13g2_dfrbpq_1)   15.49    2.96   12.52 (MET)
y_reg[9]$_SDFFE_PN0P_/D (sg13g2_dfrbpq_1)   15.49    2.96   12.52 (MET)
y_reg[9]$_SDFFE_PN0P_/D (sg13g2_dfrbpq_1)   15.49    2.96   12.52 (MET)
y_reg[9]$_SDFFE_PN0P_/D (sg13g2_dfrbpq_1)   15.49    2.96   12.52 (MET)
y_reg[9]$_SDFFE_PN0P_/D (sg13g2_dfrbpq_1)   15.49    2.96   12.52 (MET)
x_reg[7]$_SDFFE_PN0P_/D (sg13g2_dfrbpq_1)   15.47    2.95   12.52 (MET)
x_reg[7]$_SDFFE_PN0P_/D (sg13g2_dfrbpq_1)   15.47    2.95   12.52 (MET)
x_reg[7]$_SDFFE_PN0P_/D (sg13g2_dfrbpq_1)   15.47    2.95   12.52 (MET)
x_reg[7]$_SDFFE_PN0P_/D (sg13g2_dfrbpq_1)   15.47    2.95   12.52 (MET)
x_reg[7]$_SDFFE_PN0P_/D (sg13g2_dfrbpq_1)   15.47    2.95   12.52 (MET)
x_reg[7]$_SDFFE_PN0P_/D (sg13g2_dfrbpq_1)   15.47    2.95   12.52 (MET)
x_reg[7]$_SDFFE_PN0P_/D (sg13g2_dfrbpq_1)   15.47    2.95   12.52 (MET)
x_reg[7]$_SDFFE_PN0P_/D (sg13g2_dfrbpq_1)   15.47    2.95   12.52 (MET)
y_reg[6]$_SDFFE_PN0P_/D (sg13g2_dfrbpq_1)   15.49    2.97   12.52 (MET)
y_reg[6]$_SDFFE_PN0P_/D (sg13g2_dfrbpq_1)   15.49    2.97   12.52 (MET)
y_reg[6]$_SDFFE_PN0P_/D (sg13g2_dfrbpq_1)   15.49    2.97   12.52 (MET)
y_reg[6]$_SDFFE_PN0P_/D (sg13g2_dfrbpq_1)   15.49    2.97   12.52 (MET)
y_reg[6]$_SDFFE_PN0P_/D (sg13g2_dfrbpq_1)   15.49    2.97   12.52 (MET)
y_reg[6]$_SDFFE_PN0P_/D (sg13g2_dfrbpq_1)   15.49    2.97   12.52 (MET)
y_reg[6]$_SDFFE_PN0P_/D (sg13g2_dfrbpq_1)   15.49    2.97   12.52 (MET)
y_reg[6]$_SDFFE_PN0P_/D (sg13g2_dfrbpq_1)   15.49    2.97   12.52 (MET)
y_reg[6]$_SDFFE_PN0P_/D (sg13g2_dfrbpq_1)   15.49    2.97   12.52 (MET)
y_reg[6]$_SDFFE_PN0P_/D (sg13g2_dfrbpq_1)   15.49    2.97   12.52 (MET)
y_reg[6]$_SDFFE_PN0P_/D (sg13g2_dfrbpq_1)   15.49    2.97   12.52 (MET)
y_reg[6]$_SDFFE_PN0P_/D (sg13g2_dfrbpq_1)   15.49    2.97   12.52 (MET)
y_reg[6]$_SDFFE_PN0P_/D (sg13g2_dfrbpq_1)   15.49    2.97   12.52 (MET)
y_reg[6]$_SDFFE_PN0P_/D (sg13g2_dfrbpq_1)   15.49    2.97   12.52 (MET)
y_reg[8]$_SDFFE_PN0P_/D (sg13g2_dfrbpq_1)   15.48    2.96   12.52 (MET)
y_reg[8]$_SDFFE_PN0P_/D (sg13g2_dfrbpq_1)   15.48    2.96   12.52 (MET)
y_reg[8]$_SDFFE_PN0P_/D (sg13g2_dfrbpq_1)   15.49    2.96   12.52 (MET)
y_reg[8]$_SDFFE_PN0P_/D (sg13g2_dfrbpq_1)   15.49    2.96   12.52 (MET)
y_reg[6]$_SDFFE_PN0P_/D (sg13g2_dfrbpq_1)   15.49    2.97   12.52 (MET)
y_reg[6]$_SDFFE_PN0P_/D (sg13g2_dfrbpq_1)   15.49    2.97   12.52 (MET)
y_reg[6]$_SDFFE_PN0P_/D (sg13g2_dfrbpq_1)   15.49    2.97   12.52 (MET)
y_reg[6]$_SDFFE_PN0P_/D (sg13g2_dfrbpq_1)   15.49    2.97   12.52 (MET)
y_reg[6]$_SDFFE_PN0P_/D (sg13g2_dfrbpq_1)   15.49    2.97   12.52 (MET)
y_reg[6]$_SDFFE_PN0P_/D (sg13g2_dfrbpq_1)   15.49    2.97   12.52 (MET)
y_reg[6]$_SDFFE_PN0P_/D (sg13g2_dfrbpq_1)   15.49    2.97   12.52 (MET)
y_reg[8]$_SDFFE_PN0P_/D (sg13g2_dfrbpq_1)   15.48    2.96   12.52 (MET)
y_reg[8]$_SDFFE_PN0P_/D (sg13g2_dfrbpq_1)   15.48    2.96   12.52 (MET)
y_reg[8]$_SDFFE_PN0P_/D (sg13g2_dfrbpq_1)   15.48    2.96   12.52 (MET)
y_reg[8]$_SDFFE_PN0P_/D (sg13g2_dfrbpq_1)   15.48    2.96   12.52 (MET)
y_reg[8]$_SDFFE_PN0P_/D (sg13g2_dfrbpq_1)   15.48    2.96   12.52 (MET)
y_reg[8]$_SDFFE_PN0P_/D (sg13g2_dfrbpq_1)   15.48    2.96   12.52 (MET)
y_reg[6]$_SDFFE_PN0P_/D (sg13g2_dfrbpq_1)   15.49    2.97   12.52 (MET)
y_reg[6]$_SDFFE_PN0P_/D (sg13g2_dfrbpq_1)   15.49    2.97   12.52 (MET)
y_reg[6]$_SDFFE_PN0P_/D (sg13g2_dfrbpq_1)   15.49    2.97   12.52 (MET)
y_reg[6]$_SDFFE_PN0P_/D (sg13g2_dfrbpq_1)   15.49    2.97   12.52 (MET)
y_reg[6]$_SDFFE_PN0P_/D (sg13g2_dfrbpq_1)   15.49    2.97   12.52 (MET)
y_reg[8]$_SDFFE_PN0P_/D (sg13g2_dfrbpq_1)   15.48    2.96   12.52 (MET)
y_reg[8]$_SDFFE_PN0P_/D (sg13g2_dfrbpq_1)   15.48    2.96   12.52 (MET)
y_reg[8]$_SDFFE_PN0P_/D (sg13g2_dfrbpq_1)   15.48    2.96   12.52 (MET)
y_reg[8]$_SDFFE_PN0P_/D (sg13g2_dfrbpq_1)   15.48    2.96   12.52 (MET)
x_reg[8]$_SDFFE_PN0P_/D (sg13g2_dfrbpq_1)   15.49    2.96   12.52 (MET)
x_reg[8]$_SDFFE_PN0P_/D (sg13g2_dfrbpq_1)   15.49    2.96   12.52 (MET)
y_reg[6]$_SDFFE_PN0P_/D (sg13g2_dfrbpq_1)   15.49    2.97   12.52 (MET)
y_reg[6]$_SDFFE_PN0P_/D (sg13g2_dfrbpq_1)   15.49    2.97   12.52 (MET)
y_reg[7]$_SDFFE_PN0P_/D (sg13g2_dfrbpq_1)   15.49    2.96   12.52 (MET)
y_reg[7]$_SDFFE_PN0P_/D (sg13g2_dfrbpq_1)   15.49    2.96   12.52 (MET)
y_reg[6]$_SDFFE_PN0P_/D (sg13g2_dfrbpq_1)   15.49    2.97   12.52 (MET)
y_reg[6]$_SDFFE_PN0P_/D (sg13g2_dfrbpq_1)   15.49    2.97   12.52 (MET)
y_reg[6]$_SDFFE_PN0P_/D (sg13g2_dfrbpq_1)   15.49    2.97   12.52 (MET)
y_reg[6]$_SDFFE_PN0P_/D (sg13g2_dfrbpq_1)   15.49    2.97   12.52 (MET)
y_reg[6]$_SDFFE_PN0P_/D (sg13g2_dfrbpq_1)   15.49    2.97   12.52 (MET)
y_reg[6]$_SDFFE_PN0P_/D (sg13g2_dfrbpq_1)   15.49    2.97   12.52 (MET)
y_reg[6]$_SDFFE_PN0P_/D (sg13g2_dfrbpq_1)   15.49    2.97   12.52 (MET)
y_reg[6]$_SDFFE_PN0P_/D (sg13g2_dfrbpq_1)   15.49    2.97   12.52 (MET)
y_reg[6]$_SDFFE_PN0P_/D (sg13g2_dfrbpq_1)   15.49    2.97   12.52 (MET)
y_reg[6]$_SDFFE_PN0P_/D (sg13g2_dfrbpq_1)   15.49    2.97   12.52 (MET)
y_reg[7]$_SDFFE_PN0P_/D (sg13g2_dfrbpq_1)   15.49    2.96   12.52 (MET)
y_reg[7]$_SDFFE_PN0P_/D (sg13g2_dfrbpq_1)   15.49    2.96   12.52 (MET)
y_reg[6]$_SDFFE_PN0P_/D (sg13g2_dfrbpq_1)   15.49    2.97   12.52 (MET)
y_reg[6]$_SDFFE_PN0P_/D (sg13g2_dfrbpq_1)   15.49    2.97   12.52 (MET)
y_reg[6]$_SDFFE_PN0P_/D (sg13g2_dfrbpq_1)   15.49    2.97   12.52 (MET)
y_reg[6]$_SDFFE_PN0P_/D (sg13g2_dfrbpq_1)   15.49    2.97   12.52 (MET)
y_reg[6]$_SDFFE_PN0P_/D (sg13g2_dfrbpq_1)   15.49    2.97   12.52 (MET)
y_reg[6]$_SDFFE_PN0P_/D (sg13g2_dfrbpq_1)   15.49    2.97   12.52 (MET)
y_reg[6]$_SDFFE_PN0P_/D (sg13g2_dfrbpq_1)   15.49    2.97   12.52 (MET)
y_reg[6]$_SDFFE_PN0P_/D (sg13g2_dfrbpq_1)   15.49    2.97   12.52 (MET)
x_reg[8]$_SDFFE_PN0P_/D (sg13g2_dfrbpq_1)   15.49    2.97   12.52 (MET)
x_reg[8]$_SDFFE_PN0P_/D (sg13g2_dfrbpq_1)   15.49    2.96   12.52 (MET)
x_reg[8]$_SDFFE_PN0P_/D (sg13g2_dfrbpq_1)   15.49    2.96   12.52 (MET)
y_reg[7]$_SDFFE_PN0P_/D (sg13g2_dfrbpq_1)   15.48    2.96   12.52 (MET)
y_reg[7]$_SDFFE_PN0P_/D (sg13g2_dfrbpq_1)   15.48    2.96   12.52 (MET)
x_reg[8]$_SDFFE_PN0P_/D (sg13g2_dfrbpq_1)   15.49    2.97   12.52 (MET)
x_reg[8]$_SDFFE_PN0P_/D (sg13g2_dfrbpq_1)   15.49    2.97   12.52 (MET)
x_reg[8]$_SDFFE_PN0P_/D (sg13g2_dfrbpq_1)   15.49    2.97   12.52 (MET)
x_reg[8]$_SDFFE_PN0P_/D (sg13g2_dfrbpq_1)   15.49    2.97   12.52 (MET)
y_reg[7]$_SDFFE_PN0P_/D (sg13g2_dfrbpq_1)   15.48    2.96   12.52 (MET)
y_reg[7]$_SDFFE_PN0P_/D (sg13g2_dfrbpq_1)   15.48    2.96   12.52 (MET)
y_reg[7]$_SDFFE_PN0P_/D (sg13g2_dfrbpq_1)   15.48    2.96   12.52 (MET)
y_reg[7]$_SDFFE_PN0P_/D (sg13g2_dfrbpq_1)   15.48    2.96   12.52 (MET)
x_reg[8]$_SDFFE_PN0P_/D (sg13g2_dfrbpq_1)   15.49    2.97   12.52 (MET)
x_reg[8]$_SDFFE_PN0P_/D (sg13g2_dfrbpq_1)   15.49    2.97   12.52 (MET)
x_reg[8]$_SDFFE_PN0P_/D (sg13g2_dfrbpq_1)   15.49    2.97   12.52 (MET)
x_reg[8]$_SDFFE_PN0P_/D (sg13g2_dfrbpq_1)   15.49    2.97   12.52 (MET)
y_reg[6]$_SDFFE_PN0P_/D (sg13g2_dfrbpq_1)   15.49    2.97   12.52 (MET)
y_reg[6]$_SDFFE_PN0P_/D (sg13g2_dfrbpq_1)   15.49    2.97   12.52 (MET)
y_reg[6]$_SDFFE_PN0P_/D (sg13g2_dfrbpq_1)   15.49    2.97   12.52 (MET)
y_reg[6]$_SDFFE_PN0P_/D (sg13g2_dfrbpq_1)   15.49    2.97   12.52 (MET)
y_reg[6]$_SDFFE_PN0P_/D (sg13g2_dfrbpq_1)   15.49    2.97   12.52 (MET)
y_reg[6]$_SDFFE_PN0P_/D (sg13g2_dfrbpq_1)   15.49    2.97   12.52 (MET)
y_reg[6]$_SDFFE_PN0P_/D (sg13g2_dfrbpq_1)   15.49    2.97   12.52 (MET)
y_reg[6]$_SDFFE_PN0P_/D (sg13g2_dfrbpq_1)   15.49    2.97   12.52 (MET)
y_reg[6]$_SDFFE_PN0P_/D (sg13g2_dfrbpq_1)   15.49    2.97   12.52 (MET)
y_reg[6]$_SDFFE_PN0P_/D (sg13g2_dfrbpq_1)   15.49    2.97   12.52 (MET)
y_reg[6]$_SDFFE_PN0P_/D (sg13g2_dfrbpq_1)   15.49    2.97   12.52 (MET)
y_reg[6]$_SDFFE_PN0P_/D (sg13g2_dfrbpq_1)   15.49    2.97   12.52 (MET)
x_reg[8]$_SDFFE_PN0P_/D (sg13g2_dfrbpq_1)   15.49    2.96   12.52 (MET)
x_reg[8]$_SDFFE_PN0P_/D (sg13g2_dfrbpq_1)   15.49    2.96   12.52 (MET)
x_reg[8]$_SDFFE_PN0P_/D (sg13g2_dfrbpq_1)   15.49    2.96   12.52 (MET)
x_reg[8]$_SDFFE_PN0P_/D (sg13g2_dfrbpq_1)   15.49    2.96   12.52 (MET)
x_reg[8]$_SDFFE_PN0P_/D (sg13g2_dfrbpq_1)   15.49    2.96   12.52 (MET)
x_reg[8]$_SDFFE_PN0P_/D (sg13g2_dfrbpq_1)   15.49    2.96   12.52 (MET)
x_reg[8]$_SDFFE_PN0P_/D (sg13g2_dfrbpq_1)   15.49    2.96   12.52 (MET)
x_reg[8]$_SDFFE_PN0P_/D (sg13g2_dfrbpq_1)   15.49    2.96   12.52 (MET)
x_reg[8]$_SDFFE_PN0P_/D (sg13g2_dfrbpq_1)   15.49    2.97   12.52 (MET)
x_reg[8]$_SDFFE_PN0P_/D (sg13g2_dfrbpq_1)   15.49    2.96   12.52 (MET)
x_reg[8]$_SDFFE_PN0P_/D (sg13g2_dfrbpq_1)   15.49    2.96   12.52 (MET)
x_reg[8]$_SDFFE_PN0P_/D (sg13g2_dfrbpq_1)   15.49    2.96   12.52 (MET)
x_reg[8]$_SDFFE_PN0P_/D (sg13g2_dfrbpq_1)   15.49    2.96   12.52 (MET)
x_reg[8]$_SDFFE_PN0P_/D (sg13g2_dfrbpq_1)   15.49    2.96   12.52 (MET)
x_reg[8]$_SDFFE_PN0P_/D (sg13g2_dfrbpq_1)   15.49    2.96   12.52 (MET)
x_reg[8]$_SDFFE_PN0P_/D (sg13g2_dfrbpq_1)   15.49    2.96   12.52 (MET)
x_reg[8]$_SDFFE_PN0P_/D (sg13g2_dfrbpq_1)   15.49    2.96   12.52 (MET)
x_reg[8]$_SDFFE_PN0P_/D (sg13g2_dfrbpq_1)   15.49    2.97   12.52 (MET)
x_reg[8]$_SDFFE_PN0P_/D (sg13g2_dfrbpq_1)   15.49    2.97   12.52 (MET)
x_reg[8]$_SDFFE_PN0P_/D (sg13g2_dfrbpq_1)   15.49    2.97   12.52 (MET)
y_reg[8]$_SDFFE_PN0P_/D (sg13g2_dfrbpq_1)   15.49    2.96   12.52 (MET)
y_reg[9]$_SDFFE_PN0P_/D (sg13g2_dfrbpq_1)   15.48    2.96   12.52 (MET)
y_reg[9]$_SDFFE_PN0P_/D (sg13g2_dfrbpq_1)   15.48    2.96   12.52 (MET)
y_reg[8]$_SDFFE_PN0P_/D (sg13g2_dfrbpq_1)   15.49    2.96   12.52 (MET)
y_reg[8]$_SDFFE_PN0P_/D (sg13g2_dfrbpq_1)   15.49    2.96   12.52 (MET)
y_reg[8]$_SDFFE_PN0P_/D (sg13g2_dfrbpq_1)   15.49    2.96   12.52 (MET)
y_reg[8]$_SDFFE_PN0P_/D (sg13g2_dfrbpq_1)   15.49    2.96   12.52 (MET)
y_reg[9]$_SDFFE_PN0P_/D (sg13g2_dfrbpq_1)   15.48    2.96   12.52 (MET)
y_reg[6]$_SDFFE_PN0P_/D (sg13g2_dfrbpq_1)   15.49    2.97   12.52 (MET)
y_reg[6]$_SDFFE_PN0P_/D (sg13g2_dfrbpq_1)   15.49    2.97   12.52 (MET)
y_reg[8]$_SDFFE_PN0P_/D (sg13g2_dfrbpq_1)   15.49    2.96   12.52 (MET)
y_reg[8]$_SDFFE_PN0P_/D (sg13g2_dfrbpq_1)   15.49    2.96   12.52 (MET)
y_reg[6]$_SDFFE_PN0P_/D (sg13g2_dfrbpq_1)   15.49    2.97   12.52 (MET)
y_reg[6]$_SDFFE_PN0P_/D (sg13g2_dfrbpq_1)   15.49    2.97   12.52 (MET)
y_reg[6]$_SDFFE_PN0P_/D (sg13g2_dfrbpq_1)   15.49    2.97   12.52 (MET)
y_reg[6]$_SDFFE_PN0P_/D (sg13g2_dfrbpq_1)   15.49    2.97   12.52 (MET)
y_reg[6]$_SDFFE_PN0P_/D (sg13g2_dfrbpq_1)   15.49    2.97   12.52 (MET)
y_reg[6]$_SDFFE_PN0P_/D (sg13g2_dfrbpq_1)   15.49    2.97   12.52 (MET)
y_reg[6]$_SDFFE_PN0P_/D (sg13g2_dfrbpq_1)   15.49    2.97   12.52 (MET)
y_reg[6]$_SDFFE_PN0P_/D (sg13g2_dfrbpq_1)   15.49    2.97   12.52 (MET)
y_reg[6]$_SDFFE_PN0P_/D (sg13g2_dfrbpq_1)   15.49    2.97   12.52 (MET)
y_reg[6]$_SDFFE_PN0P_/D (sg13g2_dfrbpq_1)   15.49    2.97   12.52 (MET)
y_reg[6]$_SDFFE_PN0P_/D (sg13g2_dfrbpq_1)   15.49    2.97   12.52 (MET)
y_reg[6]$_SDFFE_PN0P_/D (sg13g2_dfrbpq_1)   15.49    2.97   12.52 (MET)
y_reg[6]$_SDFFE_PN0P_/D (sg13g2_dfrbpq_1)   15.49    2.97   12.52 (MET)
y_reg[6]$_SDFFE_PN0P_/D (sg13g2_dfrbpq_1)   15.49    2.97   12.52 (MET)
y_reg[6]$_SDFFE_PN0P_/D (sg13g2_dfrbpq_1)   15.49    2.97   12.52 (MET)
y_reg[6]$_SDFFE_PN0P_/D (sg13g2_dfrbpq_1)   15.49    2.97   12.52 (MET)
y_reg[6]$_SDFFE_PN0P_/D (sg13g2_dfrbpq_1)   15.49    2.97   12.52 (MET)
y_reg[6]$_SDFFE_PN0P_/D (sg13g2_dfrbpq_1)   15.49    2.97   12.52 (MET)
y_reg[6]$_SDFFE_PN0P_/D (sg13g2_dfrbpq_1)   15.49    2.97   12.52 (MET)
y_reg[6]$_SDFFE_PN0P_/D (sg13g2_dfrbpq_1)   15.49    2.97   12.52 (MET)
y_reg[8]$_SDFFE_PN0P_/D (sg13g2_dfrbpq_1)   15.49    2.96   12.52 (MET)
y_reg[8]$_SDFFE_PN0P_/D (sg13g2_dfrbpq_1)   15.49    2.96   12.52 (MET)
y_reg[8]$_SDFFE_PN0P_/D (sg13g2_dfrbpq_1)   15.49    2.96   12.52 (MET)
y_reg[8]$_SDFFE_PN0P_/D (sg13g2_dfrbpq_1)   15.49    2.96   12.52 (MET)
y_reg[8]$_SDFFE_PN0P_/D (sg13g2_dfrbpq_1)   15.49    2.96   12.52 (MET)
y_reg[8]$_SDFFE_PN0P_/D (sg13g2_dfrbpq_1)   15.49    2.96   12.52 (MET)
y_reg[8]$_SDFFE_PN0P_/D (sg13g2_dfrbpq_1)   15.49    2.96   12.52 (MET)
x_reg[7]$_SDFFE_PN0P_/D (sg13g2_dfrbpq_1)   15.47    2.95   12.52 (MET)
x_reg[7]$_SDFFE_PN0P_/D (sg13g2_dfrbpq_1)   15.47    2.95   12.52 (MET)
y_reg[8]$_SDFFE_PN0P_/D (sg13g2_dfrbpq_1)   15.49    2.96   12.52 (MET)
y_reg[8]$_SDFFE_PN0P_/D (sg13g2_dfrbpq_1)   15.49    2.96   12.52 (MET)
y_reg[6]$_SDFFE_PN0P_/D (sg13g2_dfrbpq_1)   15.49    2.97   12.52 (MET)
y_reg[6]$_SDFFE_PN0P_/D (sg13g2_dfrbpq_1)   15.49    2.97   12.52 (MET)
y_reg[8]$_SDFFE_PN0P_/D (sg13g2_dfrbpq_1)   15.49    2.96   12.52 (MET)
y_reg[8]$_SDFFE_PN0P_/D (sg13g2_dfrbpq_1)   15.49    2.96   12.52 (MET)
y_reg[8]$_SDFFE_PN0P_/D (sg13g2_dfrbpq_1)   15.49    2.96   12.52 (MET)
y_reg[8]$_SDFFE_PN0P_/D (sg13g2_dfrbpq_1)   15.49    2.96   12.52 (MET)
x_reg[8]$_SDFFE_PN0P_/D (sg13g2_dfrbpq_1)   15.49    2.97   12.52 (MET)
x_reg[8]$_SDFFE_PN0P_/D (sg13g2_dfrbpq_1)   15.49    2.97   12.52 (MET)
x_reg[8]$_SDFFE_PN0P_/D (sg13g2_dfrbpq_1)   15.49    2.97   12.52 (MET)
x_reg[8]$_SDFFE_PN0P_/D (sg13g2_dfrbpq_1)   15.49    2.97   12.52 (MET)
x_reg[8]$_SDFFE_PN0P_/D (sg13g2_dfrbpq_1)   15.49    2.97   12.52 (MET)
x_reg[8]$_SDFFE_PN0P_/D (sg13g2_dfrbpq_1)   15.49    2.97   12.52 (MET)
x_reg[8]$_SDFFE_PN0P_/D (sg13g2_dfrbpq_1)   15.49    2.97   12.52 (MET)
x_reg[8]$_SDFFE_PN0P_/D (sg13g2_dfrbpq_1)   15.49    2.97   12.52 (MET)
y_reg[6]$_SDFFE_PN0P_/D (sg13g2_dfrbpq_1)   15.49    2.97   12.52 (MET)
y_reg[6]$_SDFFE_PN0P_/D (sg13g2_dfrbpq_1)   15.49    2.97   12.52 (MET)
y_reg[6]$_SDFFE_PN0P_/D (sg13g2_dfrbpq_1)   15.49    2.97   12.52 (MET)
y_reg[6]$_SDFFE_PN0P_/D (sg13g2_dfrbpq_1)   15.49    2.97   12.52 (MET)
y_reg[6]$_SDFFE_PN0P_/D (sg13g2_dfrbpq_1)   15.49    2.97   12.52 (MET)
y_reg[6]$_SDFFE_PN0P_/D (sg13g2_dfrbpq_1)   15.49    2.97   12.52 (MET)
x_reg[8]$_SDFFE_PN0P_/D (sg13g2_dfrbpq_1)   15.49    2.96   12.52 (MET)
y_reg[8]$_SDFFE_PN0P_/D (sg13g2_dfrbpq_1)   15.48    2.95   12.52 (MET)
y_reg[8]$_SDFFE_PN0P_/D (sg13g2_dfrbpq_1)   15.48    2.95   12.52 (MET)
y_reg[6]$_SDFFE_PN0P_/D (sg13g2_dfrbpq_1)   15.49    2.97   12.52 (MET)
y_reg[6]$_SDFFE_PN0P_/D (sg13g2_dfrbpq_1)   15.49    2.97   12.52 (MET)
y_reg[6]$_SDFFE_PN0P_/D (sg13g2_dfrbpq_1)   15.49    2.97   12.52 (MET)
y_reg[6]$_SDFFE_PN0P_/D (sg13g2_dfrbpq_1)   15.49    2.97   12.52 (MET)
y_reg[8]$_SDFFE_PN0P_/D (sg13g2_dfrbpq_1)   15.48    2.95   12.52 (MET)
y_reg[8]$_SDFFE_PN0P_/D (sg13g2_dfrbpq_1)   15.48    2.95   12.52 (MET)
y_reg[8]$_SDFFE_PN0P_/D (sg13g2_dfrbpq_1)   15.49    2.96   12.52 (MET)
y_reg[8]$_SDFFE_PN0P_/D (sg13g2_dfrbpq_1)   15.49    2.96   12.52 (MET)
y_reg[6]$_SDFFE_PN0P_/D (sg13g2_dfrbpq_1)   15.49    2.97   12.52 (MET)
y_reg[6]$_SDFFE_PN0P_/D (sg13g2_dfrbpq_1)   15.49    2.97   12.52 (MET)
y_reg[6]$_SDFFE_PN0P_/D (sg13g2_dfrbpq_1)   15.49    2.97   12.52 (MET)
y_reg[6]$_SDFFE_PN0P_/D (sg13g2_dfrbpq_1)   15.49    2.97   12.52 (MET)
y_reg[6]$_SDFFE_PN0P_/D (sg13g2_dfrbpq_1)   15.49    2.97   12.52 (MET)
y_reg[6]$_SDFFE_PN0P_/D (sg13g2_dfrbpq_1)   15.49    2.97   12.52 (MET)
y_reg[8]$_SDFFE_PN0P_/D (sg13g2_dfrbpq_1)   15.49    2.96   12.52 (MET)
y_reg[8]$_SDFFE_PN0P_/D (sg13g2_dfrbpq_1)   15.49    2.96   12.52 (MET)
y_reg[8]$_SDFFE_PN0P_/D (sg13g2_dfrbpq_1)   15.49    2.96   12.52 (MET)
y_reg[8]$_SDFFE_PN0P_/D (sg13g2_dfrbpq_1)   15.49    2.96   12.52 (MET)
x_reg[8]$_SDFFE_PN0P_/D (sg13g2_dfrbpq_1)   15.49    2.96   12.52 (MET)
y_reg[6]$_SDFFE_PN0P_/D (sg13g2_dfrbpq_1)   15.49    2.97   12.52 (MET)
y_reg[6]$_SDFFE_PN0P_/D (sg13g2_dfrbpq_1)   15.49    2.97   12.52 (MET)
y_reg[6]$_SDFFE_PN0P_/D (sg13g2_dfrbpq_1)   15.49    2.97   12.52 (MET)
y_reg[6]$_SDFFE_PN0P_/D (sg13g2_dfrbpq_1)   15.49    2.97   12.52 (MET)
y_reg[7]$_SDFFE_PN0P_/D (sg13g2_dfrbpq_1)   15.48    2.96   12.52 (MET)
y_reg[7]$_SDFFE_PN0P_/D (sg13g2_dfrbpq_1)   15.48    2.96   12.52 (MET)
y_reg[7]$_SDFFE_PN0P_/D (sg13g2_dfrbpq_1)   15.48    2.96   12.52 (MET)
y_reg[7]$_SDFFE_PN0P_/D (sg13g2_dfrbpq_1)   15.48    2.96   12.52 (MET)
y_reg[8]$_SDFFE_PN0P_/D (sg13g2_dfrbpq_1)   15.49    2.96   12.52 (MET)
y_reg[6]$_SDFFE_PN0P_/D (sg13g2_dfrbpq_1)   15.49    2.97   12.52 (MET)
y_reg[6]$_SDFFE_PN0P_/D (sg13g2_dfrbpq_1)   15.49    2.97   12.52 (MET)
y_reg[6]$_SDFFE_PN0P_/D (sg13g2_dfrbpq_1)   15.49    2.97   12.52 (MET)
y_reg[6]$_SDFFE_PN0P_/D (sg13g2_dfrbpq_1)   15.49    2.97   12.52 (MET)
y_reg[6]$_SDFFE_PN0P_/D (sg13g2_dfrbpq_1)   15.49    2.97   12.52 (MET)
y_reg[6]$_SDFFE_PN0P_/D (sg13g2_dfrbpq_1)   15.49    2.97   12.52 (MET)
y_reg[6]$_SDFFE_PN0P_/D (sg13g2_dfrbpq_1)   15.49    2.97   12.52 (MET)
y_reg[6]$_SDFFE_PN0P_/D (sg13g2_dfrbpq_1)   15.49    2.97   12.52 (MET)
y_reg[6]$_SDFFE_PN0P_/D (sg13g2_dfrbpq_1)   15.49    2.97   12.52 (MET)
y_reg[6]$_SDFFE_PN0P_/D (sg13g2_dfrbpq_1)   15.49    2.97   12.52 (MET)
y_reg[8]$_SDFFE_PN0P_/D (sg13g2_dfrbpq_1)   15.49    2.96   12.52 (MET)
x_reg[8]$_SDFFE_PN0P_/D (sg13g2_dfrbpq_1)   15.49    2.96   12.52 (MET)
x_reg[9]$_SDFFE_PN0P_/D (sg13g2_dfrbpq_1)   15.49    2.96   12.52 (MET)
x_reg[9]$_SDFFE_PN0P_/D (sg13g2_dfrbpq_1)   15.49    2.96   12.52 (MET)
x_reg[9]$_SDFFE_PN0P_/D (sg13g2_dfrbpq_1)   15.49    2.96   12.52 (MET)
x_reg[9]$_SDFFE_PN0P_/D (sg13g2_dfrbpq_1)   15.49    2.96   12.52 (MET)
y_reg[8]$_SDFFE_PN0P_/D (sg13g2_dfrbpq_1)   15.49    2.96   12.52 (MET)
y_reg[8]$_SDFFE_PN0P_/D (sg13g2_dfrbpq_1)   15.49    2.96   12.52 (MET)
y_reg[6]$_SDFFE_PN0P_/D (sg13g2_dfrbpq_1)   15.49    2.97   12.52 (MET)
y_reg[6]$_SDFFE_PN0P_/D (sg13g2_dfrbpq_1)   15.49    2.97   12.52 (MET)
y_reg[9]$_SDFFE_PN0P_/D (sg13g2_dfrbpq_1)   15.49    2.96   12.52 (MET)
y_reg[9]$_SDFFE_PN0P_/D (sg13g2_dfrbpq_1)   15.49    2.96   12.52 (MET)
y_reg[9]$_SDFFE_PN0P_/D (sg13g2_dfrbpq_1)   15.49    2.96   12.52 (MET)
y_reg[9]$_SDFFE_PN0P_/D (sg13g2_dfrbpq_1)   15.49    2.96   12.52 (MET)
y_reg[6]$_SDFFE_PN0P_/D (sg13g2_dfrbpq_1)   15.49    2.97   12.52 (MET)
y_reg[6]$_SDFFE_PN0P_/D (sg13g2_dfrbpq_1)   15.49    2.97   12.52 (MET)
y_reg[6]$_SDFFE_PN0P_/D (sg13g2_dfrbpq_1)   15.49    2.97   12.52 (MET)
y_reg[6]$_SDFFE_PN0P_/D (sg13g2_dfrbpq_1)   15.49    2.97   12.52 (MET)
y_reg[6]$_SDFFE_PN0P_/D (sg13g2_dfrbpq_1)   15.49    2.97   12.52 (MET)
y_reg[6]$_SDFFE_PN0P_/D (sg13g2_dfrbpq_1)   15.49    2.97   12.52 (MET)
y_reg[9]$_SDFFE_PN0P_/D (sg13g2_dfrbpq_1)   15.49    2.96   12.52 (MET)
y_reg[9]$_SDFFE_PN0P_/D (sg13g2_dfrbpq_1)   15.49    2.96   12.52 (MET)
y_reg[9]$_SDFFE_PN0P_/D (sg13g2_dfrbpq_1)   15.49    2.96   12.52 (MET)
y_reg[9]$_SDFFE_PN0P_/D (sg13g2_dfrbpq_1)   15.49    2.96   12.52 (MET)
y_reg[9]$_SDFFE_PN0P_/D (sg13g2_dfrbpq_1)   15.49    2.96   12.52 (MET)
y_reg[9]$_SDFFE_PN0P_/D (sg13g2_dfrbpq_1)   15.49    2.96   12.52 (MET)
x_reg[8]$_SDFFE_PN0P_/D (sg13g2_dfrbpq_1)   15.49    2.97   12.52 (MET)
x_reg[8]$_SDFFE_PN0P_/D (sg13g2_dfrbpq_1)   15.49    2.97   12.52 (MET)
x_reg[8]$_SDFFE_PN0P_/D (sg13g2_dfrbpq_1)   15.49    2.97   12.52 (MET)
x_reg[8]$_SDFFE_PN0P_/D (sg13g2_dfrbpq_1)   15.49    2.97   12.52 (MET)
x_reg[8]$_SDFFE_PN0P_/D (sg13g2_dfrbpq_1)   15.49    2.97   12.52 (MET)
x_reg[8]$_SDFFE_PN0P_/D (sg13g2_dfrbpq_1)   15.49    2.97   12.52 (MET)
x_reg[8]$_SDFFE_PN0P_/D (sg13g2_dfrbpq_1)   15.49    2.97   12.52 (MET)
x_reg[8]$_SDFFE_PN0P_/D (sg13g2_dfrbpq_1)   15.49    2.97   12.52 (MET)
y_reg[7]$_SDFFE_PN0P_/D (sg13g2_dfrbpq_1)   15.48    2.96   12.52 (MET)
y_reg[7]$_SDFFE_PN0P_/D (sg13g2_dfrbpq_1)   15.48    2.96   12.52 (MET)
y_reg[9]$_SDFFE_PN0P_/D (sg13g2_dfrbpq_1)   15.49    2.96   12.52 (MET)
y_reg[9]$_SDFFE_PN0P_/D (sg13g2_dfrbpq_1)   15.49    2.96   12.52 (MET)
x_reg[8]$_SDFFE_PN0P_/D (sg13g2_dfrbpq_1)   15.49    2.96   12.52 (MET)
y_reg[6]$_SDFFE_PN0P_/D (sg13g2_dfrbpq_1)   15.49    2.97   12.52 (MET)
y_reg[6]$_SDFFE_PN0P_/D (sg13g2_dfrbpq_1)   15.49    2.97   12.52 (MET)
y_reg[9]$_SDFFE_PN0P_/D (sg13g2_dfrbpq_1)   15.48    2.96   12.52 (MET)
y_reg[6]$_SDFFE_PN0P_/D (sg13g2_dfrbpq_1)   15.49    2.97   12.52 (MET)
y_reg[6]$_SDFFE_PN0P_/D (sg13g2_dfrbpq_1)   15.49    2.97   12.52 (MET)
y_reg[9]$_SDFFE_PN0P_/D (sg13g2_dfrbpq_1)   15.48    2.96   12.52 (MET)
y_reg[8]$_SDFFE_PN0P_/D (sg13g2_dfrbpq_1)   15.49    2.96   12.52 (MET)
y_reg[8]$_SDFFE_PN0P_/D (sg13g2_dfrbpq_1)   15.49    2.96   12.52 (MET)
y_reg[6]$_SDFFE_PN0P_/D (sg13g2_dfrbpq_1)   15.49    2.97   12.52 (MET)
y_reg[6]$_SDFFE_PN0P_/D (sg13g2_dfrbpq_1)   15.49    2.97   12.52 (MET)
y_reg[6]$_SDFFE_PN0P_/D (sg13g2_dfrbpq_1)   15.49    2.97   12.52 (MET)
y_reg[6]$_SDFFE_PN0P_/D (sg13g2_dfrbpq_1)   15.49    2.97   12.52 (MET)
y_reg[6]$_SDFFE_PN0P_/D (sg13g2_dfrbpq_1)   15.49    2.97   12.52 (MET)
y_reg[6]$_SDFFE_PN0P_/D (sg13g2_dfrbpq_1)   15.49    2.97   12.52 (MET)
y_reg[6]$_SDFFE_PN0P_/D (sg13g2_dfrbpq_1)   15.49    2.97   12.52 (MET)
y_reg[6]$_SDFFE_PN0P_/D (sg13g2_dfrbpq_1)   15.49    2.97   12.52 (MET)
y_reg[8]$_SDFFE_PN0P_/D (sg13g2_dfrbpq_1)   15.49    2.96   12.52 (MET)
y_reg[8]$_SDFFE_PN0P_/D (sg13g2_dfrbpq_1)   15.49    2.96   12.52 (MET)
y_reg[8]$_SDFFE_PN0P_/D (sg13g2_dfrbpq_1)   15.49    2.96   12.52 (MET)
y_reg[8]$_SDFFE_PN0P_/D (sg13g2_dfrbpq_1)   15.49    2.96   12.52 (MET)
y_reg[8]$_SDFFE_PN0P_/D (sg13g2_dfrbpq_1)   15.49    2.96   12.52 (MET)
y_reg[8]$_SDFFE_PN0P_/D (sg13g2_dfrbpq_1)   15.49    2.96   12.52 (MET)
y_reg[8]$_SDFFE_PN0P_/D (sg13g2_dfrbpq_1)   15.49    2.96   12.52 (MET)
y_reg[8]$_SDFFE_PN0P_/D (sg13g2_dfrbpq_1)   15.49    2.96   12.52 (MET)
y_reg[6]$_SDFFE_PN0P_/D (sg13g2_dfrbpq_1)   15.49    2.97   12.52 (MET)
y_reg[6]$_SDFFE_PN0P_/D (sg13g2_dfrbpq_1)   15.49    2.97   12.52 (MET)
y_reg[6]$_SDFFE_PN0P_/D (sg13g2_dfrbpq_1)   15.49    2.97   12.52 (MET)
y_reg[6]$_SDFFE_PN0P_/D (sg13g2_dfrbpq_1)   15.49    2.97   12.52 (MET)
y_reg[6]$_SDFFE_PN0P_/D (sg13g2_dfrbpq_1)   15.49    2.97   12.52 (MET)
y_reg[6]$_SDFFE_PN0P_/D (sg13g2_dfrbpq_1)   15.49    2.97   12.52 (MET)
y_reg[6]$_SDFFE_PN0P_/D (sg13g2_dfrbpq_1)   15.49    2.97   12.52 (MET)
y_reg[6]$_SDFFE_PN0P_/D (sg13g2_dfrbpq_1)   15.49    2.97   12.52 (MET)
y_reg[9]$_SDFFE_PN0P_/D (sg13g2_dfrbpq_1)   15.48    2.96   12.52 (MET)
y_reg[6]$_SDFFE_PN0P_/D (sg13g2_dfrbpq_1)   15.49    2.97   12.52 (MET)
y_reg[6]$_SDFFE_PN0P_/D (sg13g2_dfrbpq_1)   15.49    2.97   12.52 (MET)
y_reg[6]$_SDFFE_PN0P_/D (sg13g2_dfrbpq_1)   15.49    2.97   12.52 (MET)
y_reg[6]$_SDFFE_PN0P_/D (sg13g2_dfrbpq_1)   15.49    2.97   12.52 (MET)
y_reg[6]$_SDFFE_PN0P_/D (sg13g2_dfrbpq_1)   15.49    2.97   12.52 (MET)
y_reg[6]$_SDFFE_PN0P_/D (sg13g2_dfrbpq_1)   15.49    2.97   12.52 (MET)
y_reg[6]$_SDFFE_PN0P_/D (sg13g2_dfrbpq_1)   15.49    2.97   12.52 (MET)
y_reg[6]$_SDFFE_PN0P_/D (sg13g2_dfrbpq_1)   15.49    2.97   12.52 (MET)
x_reg[7]$_SDFFE_PN0P_/D (sg13g2_dfrbpq_1)   15.47    2.95   12.52 (MET)
x_reg[8]$_SDFFE_PN0P_/D (sg13g2_dfrbpq_1)   15.49    2.96   12.52 (MET)
x_reg[8]$_SDFFE_PN0P_/D (sg13g2_dfrbpq_1)   15.49    2.96   12.52 (MET)
x_reg[8]$_SDFFE_PN0P_/D (sg13g2_dfrbpq_1)   15.49    2.96   12.52 (MET)
x_reg[8]$_SDFFE_PN0P_/D (sg13g2_dfrbpq_1)   15.49    2.96   12.52 (MET)
y_reg[8]$_SDFFE_PN0P_/D (sg13g2_dfrbpq_1)   15.48    2.95   12.52 (MET)
y_reg[8]$_SDFFE_PN0P_/D (sg13g2_dfrbpq_1)   15.48    2.95   12.52 (MET)
y_reg[8]$_SDFFE_PN0P_/D (sg13g2_dfrbpq_1)   15.48    2.95   12.52 (MET)
y_reg[8]$_SDFFE_PN0P_/D (sg13g2_dfrbpq_1)   15.48    2.95   12.52 (MET)
y_reg[9]$_SDFFE_PN0P_/D (sg13g2_dfrbpq_1)   15.49    2.96   12.52 (MET)
y_reg[9]$_SDFFE_PN0P_/D (sg13g2_dfrbpq_1)   15.49    2.96   12.52 (MET)
x_reg[7]$_SDFFE_PN0P_/D (sg13g2_dfrbpq_1)   15.47    2.94   12.52 (MET)
x_reg[7]$_SDFFE_PN0P_/D (sg13g2_dfrbpq_1)   15.47    2.94   12.52 (MET)
x_reg[7]$_SDFFE_PN0P_/D (sg13g2_dfrbpq_1)   15.47    2.94   12.52 (MET)
x_reg[7]$_SDFFE_PN0P_/D (sg13g2_dfrbpq_1)   15.47    2.94   12.52 (MET)
y_reg[9]$_SDFFE_PN0P_/D (sg13g2_dfrbpq_1)   15.49    2.96   12.52 (MET)
y_reg[6]$_SDFFE_PN0P_/D (sg13g2_dfrbpq_1)   15.49    2.97   12.52 (MET)
y_reg[6]$_SDFFE_PN0P_/D (sg13g2_dfrbpq_1)   15.49    2.97   12.52 (MET)
y_reg[6]$_SDFFE_PN0P_/D (sg13g2_dfrbpq_1)   15.49    2.97   12.52 (MET)
y_reg[6]$_SDFFE_PN0P_/D (sg13g2_dfrbpq_1)   15.49    2.97   12.52 (MET)
y_reg[8]$_SDFFE_PN0P_/D (sg13g2_dfrbpq_1)   15.49    2.96   12.52 (MET)
y_reg[8]$_SDFFE_PN0P_/D (sg13g2_dfrbpq_1)   15.49    2.96   12.52 (MET)
y_reg[8]$_SDFFE_PN0P_/D (sg13g2_dfrbpq_1)   15.48    2.95   12.52 (MET)
y_reg[8]$_SDFFE_PN0P_/D (sg13g2_dfrbpq_1)   15.48    2.95   12.52 (MET)
y_reg[8]$_SDFFE_PN0P_/D (sg13g2_dfrbpq_1)   15.48    2.95   12.52 (MET)
y_reg[8]$_SDFFE_PN0P_/D (sg13g2_dfrbpq_1)   15.48    2.95   12.52 (MET)
x_reg[7]$_SDFFE_PN0P_/D (sg13g2_dfrbpq_1)   15.48    2.96   12.52 (MET)
y_reg[9]$_SDFFE_PN0P_/D (sg13g2_dfrbpq_1)   15.49    2.96   12.52 (MET)
y_reg[9]$_SDFFE_PN0P_/D (sg13g2_dfrbpq_1)   15.49    2.96   12.52 (MET)
y_reg[6]$_SDFFE_PN0P_/D (sg13g2_dfrbpq_1)   15.49    2.97   12.52 (MET)
y_reg[6]$_SDFFE_PN0P_/D (sg13g2_dfrbpq_1)   15.49    2.97   12.52 (MET)
y_reg[9]$_SDFFE_PN0P_/D (sg13g2_dfrbpq_1)   15.49    2.96   12.52 (MET)
y_reg[9]$_SDFFE_PN0P_/D (sg13g2_dfrbpq_1)   15.49    2.96   12.52 (MET)
y_reg[8]$_SDFFE_PN0P_/D (sg13g2_dfrbpq_1)   15.49    2.96   12.52 (MET)
y_reg[9]$_SDFFE_PN0P_/D (sg13g2_dfrbpq_1)   15.49    2.96   12.52 (MET)
y_reg[9]$_SDFFE_PN0P_/D (sg13g2_dfrbpq_1)   15.49    2.96   12.52 (MET)
y_reg[9]$_SDFFE_PN0P_/D (sg13g2_dfrbpq_1)   15.49    2.96   12.52 (MET)
y_reg[9]$_SDFFE_PN0P_/D (sg13g2_dfrbpq_1)   15.49    2.96   12.52 (MET)
y_reg[9]$_SDFFE_PN0P_/D (sg13g2_dfrbpq_1)   15.49    2.96   12.52 (MET)
y_reg[9]$_SDFFE_PN0P_/D (sg13g2_dfrbpq_1)   15.49    2.96   12.52 (MET)
y_reg[9]$_SDFFE_PN0P_/D (sg13g2_dfrbpq_1)   15.49    2.96   12.52 (MET)
x_reg[9]$_SDFFE_PN0P_/D (sg13g2_dfrbpq_1)   15.49    2.96   12.53 (MET)
x_reg[9]$_SDFFE_PN0P_/D (sg13g2_dfrbpq_1)   15.49    2.96   12.53 (MET)
x_reg[9]$_SDFFE_PN0P_/D (sg13g2_dfrbpq_1)   15.49    2.96   12.53 (MET)
x_reg[9]$_SDFFE_PN0P_/D (sg13g2_dfrbpq_1)   15.49    2.96   12.53 (MET)
y_reg[9]$_SDFFE_PN0P_/D (sg13g2_dfrbpq_1)   15.48    2.96   12.53 (MET)
y_reg[9]$_SDFFE_PN0P_/D (sg13g2_dfrbpq_1)   15.48    2.96   12.53 (MET)
y_reg[9]$_SDFFE_PN0P_/D (sg13g2_dfrbpq_1)   15.48    2.96   12.53 (MET)
y_reg[9]$_SDFFE_PN0P_/D (sg13g2_dfrbpq_1)   15.48    2.96   12.53 (MET)
y_reg[9]$_SDFFE_PN0P_/D (sg13g2_dfrbpq_1)   15.48    2.96   12.53 (MET)
y_reg[9]$_SDFFE_PN0P_/D (sg13g2_dfrbpq_1)   15.48    2.96   12.53 (MET)
y_reg[8]$_SDFFE_PN0P_/D (sg13g2_dfrbpq_1)   15.49    2.96   12.53 (MET)
y_reg[9]$_SDFFE_PN0P_/D (sg13g2_dfrbpq_1)   15.49    2.96   12.53 (MET)
y_reg[9]$_SDFFE_PN0P_/D (sg13g2_dfrbpq_1)   15.49    2.96   12.53 (MET)
y_reg[9]$_SDFFE_PN0P_/D (sg13g2_dfrbpq_1)   15.49    2.96   12.53 (MET)
y_reg[9]$_SDFFE_PN0P_/D (sg13g2_dfrbpq_1)   15.48    2.96   12.53 (MET)
y_reg[9]$_SDFFE_PN0P_/D (sg13g2_dfrbpq_1)   15.48    2.96   12.53 (MET)
y_reg[9]$_SDFFE_PN0P_/D (sg13g2_dfrbpq_1)   15.48    2.96   12.53 (MET)
y_reg[9]$_SDFFE_PN0P_/D (sg13g2_dfrbpq_1)   15.48    2.96   12.53 (MET)
y_reg[9]$_SDFFE_PN0P_/D (sg13g2_dfrbpq_1)   15.48    2.96   12.53 (MET)
y_reg[9]$_SDFFE_PN0P_/D (sg13g2_dfrbpq_1)   15.48    2.96   12.53 (MET)
y_reg[9]$_SDFFE_PN0P_/D (sg13g2_dfrbpq_1)   15.48    2.96   12.53 (MET)
y_reg[9]$_SDFFE_PN0P_/D (sg13g2_dfrbpq_1)   15.48    2.96   12.53 (MET)
y_reg[9]$_SDFFE_PN0P_/D (sg13g2_dfrbpq_1)   15.48    2.96   12.53 (MET)
y_reg[9]$_SDFFE_PN0P_/D (sg13g2_dfrbpq_1)   15.48    2.96   12.53 (MET)
y_reg[9]$_SDFFE_PN0P_/D (sg13g2_dfrbpq_1)   15.48    2.96   12.53 (MET)
y_reg[9]$_SDFFE_PN0P_/D (sg13g2_dfrbpq_1)   15.48    2.96   12.53 (MET)
y_reg[9]$_SDFFE_PN0P_/D (sg13g2_dfrbpq_1)   15.48    2.96   12.53 (MET)
y_reg[9]$_SDFFE_PN0P_/D (sg13g2_dfrbpq_1)   15.48    2.96   12.53 (MET)
y_reg[9]$_SDFFE_PN0P_/D (sg13g2_dfrbpq_1)   15.48    2.96   12.53 (MET)
y_reg[9]$_SDFFE_PN0P_/D (sg13g2_dfrbpq_1)   15.48    2.96   12.53 (MET)
y_reg[9]$_SDFFE_PN0P_/D (sg13g2_dfrbpq_1)   15.48    2.96   12.53 (MET)
y_reg[9]$_SDFFE_PN0P_/D (sg13g2_dfrbpq_1)   15.48    2.96   12.53 (MET)
y_reg[9]$_SDFFE_PN0P_/D (sg13g2_dfrbpq_1)   15.48    2.96   12.53 (MET)
y_reg[9]$_SDFFE_PN0P_/D (sg13g2_dfrbpq_1)   15.48    2.96   12.53 (MET)
y_reg[9]$_SDFFE_PN0P_/D (sg13g2_dfrbpq_1)   15.48    2.96   12.53 (MET)
y_reg[9]$_SDFFE_PN0P_/D (sg13g2_dfrbpq_1)   15.48    2.96   12.53 (MET)
y_reg[9]$_SDFFE_PN0P_/D (sg13g2_dfrbpq_1)   15.48    2.96   12.53 (MET)
y_reg[9]$_SDFFE_PN0P_/D (sg13g2_dfrbpq_1)   15.48    2.96   12.53 (MET)
y_reg[9]$_SDFFE_PN0P_/D (sg13g2_dfrbpq_1)   15.48    2.96   12.53 (MET)
y_reg[9]$_SDFFE_PN0P_/D (sg13g2_dfrbpq_1)   15.48    2.96   12.53 (MET)
y_reg[9]$_SDFFE_PN0P_/D (sg13g2_dfrbpq_1)   15.48    2.96   12.53 (MET)
y_reg[9]$_SDFFE_PN0P_/D (sg13g2_dfrbpq_1)   15.48    2.96   12.53 (MET)
y_reg[9]$_SDFFE_PN0P_/D (sg13g2_dfrbpq_1)   15.48    2.96   12.53 (MET)
y_reg[9]$_SDFFE_PN0P_/D (sg13g2_dfrbpq_1)   15.48    2.96   12.53 (MET)
y_reg[8]$_SDFFE_PN0P_/D (sg13g2_dfrbpq_1)   15.49    2.96   12.53 (MET)
y_reg[9]$_SDFFE_PN0P_/D (sg13g2_dfrbpq_1)   15.48    2.96   12.53 (MET)
y_reg[9]$_SDFFE_PN0P_/D (sg13g2_dfrbpq_1)   15.48    2.96   12.53 (MET)
x_reg[8]$_SDFFE_PN0P_/D (sg13g2_dfrbpq_1)   15.49    2.97   12.53 (MET)
x_reg[8]$_SDFFE_PN0P_/D (sg13g2_dfrbpq_1)   15.49    2.97   12.53 (MET)
x_reg[8]$_SDFFE_PN0P_/D (sg13g2_dfrbpq_1)   15.49    2.97   12.53 (MET)
x_reg[8]$_SDFFE_PN0P_/D (sg13g2_dfrbpq_1)   15.49    2.97   12.53 (MET)
x_reg[8]$_SDFFE_PN0P_/D (sg13g2_dfrbpq_1)   15.49    2.97   12.53 (MET)
x_reg[8]$_SDFFE_PN0P_/D (sg13g2_dfrbpq_1)   15.49    2.97   12.53 (MET)
x_reg[8]$_SDFFE_PN0P_/D (sg13g2_dfrbpq_1)   15.49    2.97   12.53 (MET)
x_reg[8]$_SDFFE_PN0P_/D (sg13g2_dfrbpq_1)   15.49    2.97   12.53 (MET)
y_reg[9]$_SDFFE_PN0P_/D (sg13g2_dfrbpq_1)   15.48    2.96   12.53 (MET)
y_reg[9]$_SDFFE_PN0P_/D (sg13g2_dfrbpq_1)   15.48    2.96   12.53 (MET)
y_reg[9]$_SDFFE_PN0P_/D (sg13g2_dfrbpq_1)   15.48    2.96   12.53 (MET)
x_reg[8]$_SDFFE_PN0P_/D (sg13g2_dfrbpq_1)   15.49    2.97   12.53 (MET)
x_reg[8]$_SDFFE_PN0P_/D (sg13g2_dfrbpq_1)   15.49    2.97   12.53 (MET)
x_reg[8]$_SDFFE_PN0P_/D (sg13g2_dfrbpq_1)   15.49    2.97   12.53 (MET)
x_reg[8]$_SDFFE_PN0P_/D (sg13g2_dfrbpq_1)   15.49    2.97   12.53 (MET)
x_reg[8]$_SDFFE_PN0P_/D (sg13g2_dfrbpq_1)   15.49    2.97   12.53 (MET)
x_reg[8]$_SDFFE_PN0P_/D (sg13g2_dfrbpq_1)   15.49    2.97   12.53 (MET)
x_reg[8]$_SDFFE_PN0P_/D (sg13g2_dfrbpq_1)   15.49    2.97   12.53 (MET)
x_reg[8]$_SDFFE_PN0P_/D (sg13g2_dfrbpq_1)   15.49    2.97   12.53 (MET)
x_reg[8]$_SDFFE_PN0P_/D (sg13g2_dfrbpq_1)   15.49    2.97   12.53 (MET)
x_reg[8]$_SDFFE_PN0P_/D (sg13g2_dfrbpq_1)   15.49    2.97   12.53 (MET)
x_reg[8]$_SDFFE_PN0P_/D (sg13g2_dfrbpq_1)   15.49    2.97   12.53 (MET)
x_reg[8]$_SDFFE_PN0P_/D (sg13g2_dfrbpq_1)   15.49    2.97   12.53 (MET)
x_reg[8]$_SDFFE_PN0P_/D (sg13g2_dfrbpq_1)   15.49    2.97   12.53 (MET)
x_reg[8]$_SDFFE_PN0P_/D (sg13g2_dfrbpq_1)   15.49    2.97   12.53 (MET)
x_reg[8]$_SDFFE_PN0P_/D (sg13g2_dfrbpq_1)   15.49    2.97   12.53 (MET)
x_reg[8]$_SDFFE_PN0P_/D (sg13g2_dfrbpq_1)   15.49    2.97   12.53 (MET)
sel_sin_r$_SDFFE_PN0P_/D (sg13g2_dfrbpq_1)   15.48    2.96   12.53 (MET)
y_reg[6]$_SDFFE_PN0P_/D (sg13g2_dfrbpq_1)   15.49    2.97   12.53 (MET)
y_reg[6]$_SDFFE_PN0P_/D (sg13g2_dfrbpq_1)   15.49    2.97   12.53 (MET)
y_reg[6]$_SDFFE_PN0P_/D (sg13g2_dfrbpq_1)   15.49    2.97   12.53 (MET)
y_reg[6]$_SDFFE_PN0P_/D (sg13g2_dfrbpq_1)   15.49    2.97   12.53 (MET)
y_reg[9]$_SDFFE_PN0P_/D (sg13g2_dfrbpq_1)   15.48    2.96   12.53 (MET)
y_reg[6]$_SDFFE_PN0P_/D (sg13g2_dfrbpq_1)   15.49    2.97   12.53 (MET)
y_reg[6]$_SDFFE_PN0P_/D (sg13g2_dfrbpq_1)   15.49    2.97   12.53 (MET)
x_reg[8]$_SDFFE_PN0P_/D (sg13g2_dfrbpq_1)   15.49    2.96   12.53 (MET)
x_reg[8]$_SDFFE_PN0P_/D (sg13g2_dfrbpq_1)   15.49    2.96   12.53 (MET)
x_reg[8]$_SDFFE_PN0P_/D (sg13g2_dfrbpq_1)   15.49    2.96   12.53 (MET)
x_reg[8]$_SDFFE_PN0P_/D (sg13g2_dfrbpq_1)   15.49    2.96   12.53 (MET)
y_reg[9]$_SDFFE_PN0P_/D (sg13g2_dfrbpq_1)   15.49    2.96   12.53 (MET)
y_reg[9]$_SDFFE_PN0P_/D (sg13g2_dfrbpq_1)   15.49    2.96   12.53 (MET)
y_reg[6]$_SDFFE_PN0P_/D (sg13g2_dfrbpq_1)   15.49    2.97   12.53 (MET)
y_reg[6]$_SDFFE_PN0P_/D (sg13g2_dfrbpq_1)   15.49    2.97   12.53 (MET)
y_reg[8]$_SDFFE_PN0P_/D (sg13g2_dfrbpq_1)   15.49    2.96   12.53 (MET)
y_reg[8]$_SDFFE_PN0P_/D (sg13g2_dfrbpq_1)   15.49    2.96   12.53 (MET)
y_reg[6]$_SDFFE_PN0P_/D (sg13g2_dfrbpq_1)   15.49    2.97   12.53 (MET)
y_reg[6]$_SDFFE_PN0P_/D (sg13g2_dfrbpq_1)   15.49    2.97   12.53 (MET)
y_reg[8]$_SDFFE_PN0P_/D (sg13g2_dfrbpq_1)   15.49    2.96   12.53 (MET)
y_reg[8]$_SDFFE_PN0P_/D (sg13g2_dfrbpq_1)   15.49    2.96   12.53 (MET)
y_reg[9]$_SDFFE_PN0P_/D (sg13g2_dfrbpq_1)   15.49    2.96   12.53 (MET)
y_reg[9]$_SDFFE_PN0P_/D (sg13g2_dfrbpq_1)   15.49    2.96   12.53 (MET)
y_reg[6]$_SDFFE_PN0P_/D (sg13g2_dfrbpq_1)   15.49    2.97   12.53 (MET)
y_reg[6]$_SDFFE_PN0P_/D (sg13g2_dfrbpq_1)   15.49    2.97   12.53 (MET)
y_reg[6]$_SDFFE_PN0P_/D (sg13g2_dfrbpq_1)   15.49    2.97   12.53 (MET)
y_reg[6]$_SDFFE_PN0P_/D (sg13g2_dfrbpq_1)   15.49    2.97   12.53 (MET)
y_reg[6]$_SDFFE_PN0P_/D (sg13g2_dfrbpq_1)   15.49    2.97   12.53 (MET)
y_reg[6]$_SDFFE_PN0P_/D (sg13g2_dfrbpq_1)   15.49    2.97   12.53 (MET)
y_reg[6]$_SDFFE_PN0P_/D (sg13g2_dfrbpq_1)   15.49    2.97   12.53 (MET)
y_reg[6]$_SDFFE_PN0P_/D (sg13g2_dfrbpq_1)   15.49    2.97   12.53 (MET)
y_reg[6]$_SDFFE_PN0P_/D (sg13g2_dfrbpq_1)   15.49    2.97   12.53 (MET)
y_reg[6]$_SDFFE_PN0P_/D (sg13g2_dfrbpq_1)   15.49    2.97   12.53 (MET)
x_reg[8]$_SDFFE_PN0P_/D (sg13g2_dfrbpq_1)   15.49    2.96   12.53 (MET)
x_reg[8]$_SDFFE_PN0P_/D (sg13g2_dfrbpq_1)   15.49    2.96   12.53 (MET)
x_reg[8]$_SDFFE_PN0P_/D (sg13g2_dfrbpq_1)   15.49    2.97   12.53 (MET)
x_reg[8]$_SDFFE_PN0P_/D (sg13g2_dfrbpq_1)   15.49    2.97   12.53 (MET)
x_reg[8]$_SDFFE_PN0P_/D (sg13g2_dfrbpq_1)   15.49    2.97   12.53 (MET)
x_reg[8]$_SDFFE_PN0P_/D (sg13g2_dfrbpq_1)   15.49    2.97   12.53 (MET)
x_reg[8]$_SDFFE_PN0P_/D (sg13g2_dfrbpq_1)   15.49    2.97   12.53 (MET)
x_reg[8]$_SDFFE_PN0P_/D (sg13g2_dfrbpq_1)   15.49    2.97   12.53 (MET)
x_reg[8]$_SDFFE_PN0P_/D (sg13g2_dfrbpq_1)   15.49    2.97   12.53 (MET)
x_reg[8]$_SDFFE_PN0P_/D (sg13g2_dfrbpq_1)   15.49    2.97   12.53 (MET)
y_reg[6]$_SDFFE_PN0P_/D (sg13g2_dfrbpq_1)   15.49    2.97   12.53 (MET)
y_reg[6]$_SDFFE_PN0P_/D (sg13g2_dfrbpq_1)   15.49    2.97   12.53 (MET)
y_reg[9]$_SDFFE_PN0P_/D (sg13g2_dfrbpq_1)   15.48    2.96   12.53 (MET)
y_reg[9]$_SDFFE_PN0P_/D (sg13g2_dfrbpq_1)   15.48    2.96   12.53 (MET)
y_reg[9]$_SDFFE_PN0P_/D (sg13g2_dfrbpq_1)   15.48    2.96   12.53 (MET)
y_reg[9]$_SDFFE_PN0P_/D (sg13g2_dfrbpq_1)   15.48    2.96   12.53 (MET)
y_reg[9]$_SDFFE_PN0P_/D (sg13g2_dfrbpq_1)   15.48    2.96   12.53 (MET)
y_reg[9]$_SDFFE_PN0P_/D (sg13g2_dfrbpq_1)   15.48    2.96   12.53 (MET)
y_reg[9]$_SDFFE_PN0P_/D (sg13g2_dfrbpq_1)   15.48    2.96   12.53 (MET)
y_reg[9]$_SDFFE_PN0P_/D (sg13g2_dfrbpq_1)   15.48    2.96   12.53 (MET)
y_reg[8]$_SDFFE_PN0P_/D (sg13g2_dfrbpq_1)   15.48    2.95   12.53 (MET)
y_reg[8]$_SDFFE_PN0P_/D (sg13g2_dfrbpq_1)   15.48    2.95   12.53 (MET)
x_reg[8]$_SDFFE_PN0P_/D (sg13g2_dfrbpq_1)   15.49    2.96   12.53 (MET)
x_reg[8]$_SDFFE_PN0P_/D (sg13g2_dfrbpq_1)   15.49    2.96   12.53 (MET)
x_reg[8]$_SDFFE_PN0P_/D (sg13g2_dfrbpq_1)   15.49    2.96   12.53 (MET)
x_reg[8]$_SDFFE_PN0P_/D (sg13g2_dfrbpq_1)   15.49    2.96   12.53 (MET)
y_reg[9]$_SDFFE_PN0P_/D (sg13g2_dfrbpq_1)   15.48    2.96   12.53 (MET)
y_reg[9]$_SDFFE_PN0P_/D (sg13g2_dfrbpq_1)   15.48    2.96   12.53 (MET)
y_reg[9]$_SDFFE_PN0P_/D (sg13g2_dfrbpq_1)   15.48    2.96   12.53 (MET)
y_reg[9]$_SDFFE_PN0P_/D (sg13g2_dfrbpq_1)   15.48    2.96   12.53 (MET)
y_reg[9]$_SDFFE_PN0P_/D (sg13g2_dfrbpq_1)   15.48    2.96   12.53 (MET)
y_reg[9]$_SDFFE_PN0P_/D (sg13g2_dfrbpq_1)   15.48    2.96   12.53 (MET)
y_reg[9]$_SDFFE_PN0P_/D (sg13g2_dfrbpq_1)   15.48    2.96   12.53 (MET)
y_reg[9]$_SDFFE_PN0P_/D (sg13g2_dfrbpq_1)   15.48    2.96   12.53 (MET)
y_reg[9]$_SDFFE_PN0P_/D (sg13g2_dfrbpq_1)   15.48    2.96   12.53 (MET)
y_reg[9]$_SDFFE_PN0P_/D (sg13g2_dfrbpq_1)   15.48    2.96   12.53 (MET)
y_reg[9]$_SDFFE_PN0P_/D (sg13g2_dfrbpq_1)   15.48    2.96   12.53 (MET)
y_reg[9]$_SDFFE_PN0P_/D (sg13g2_dfrbpq_1)   15.48    2.96   12.53 (MET)
y_reg[9]$_SDFFE_PN0P_/D (sg13g2_dfrbpq_1)   15.48    2.96   12.53 (MET)
y_reg[9]$_SDFFE_PN0P_/D (sg13g2_dfrbpq_1)   15.48    2.96   12.53 (MET)
y_reg[9]$_SDFFE_PN0P_/D (sg13g2_dfrbpq_1)   15.48    2.96   12.53 (MET)
y_reg[9]$_SDFFE_PN0P_/D (sg13g2_dfrbpq_1)   15.48    2.96   12.53 (MET)
y_reg[9]$_SDFFE_PN0P_/D (sg13g2_dfrbpq_1)   15.48    2.96   12.53 (MET)
y_reg[9]$_SDFFE_PN0P_/D (sg13g2_dfrbpq_1)   15.48    2.96   12.53 (MET)
y_reg[9]$_SDFFE_PN0P_/D (sg13g2_dfrbpq_1)   15.48    2.96   12.53 (MET)
y_reg[9]$_SDFFE_PN0P_/D (sg13g2_dfrbpq_1)   15.48    2.96   12.53 (MET)
x_reg[8]$_SDFFE_PN0P_/D (sg13g2_dfrbpq_1)   15.49    2.96   12.53 (MET)
x_reg[8]$_SDFFE_PN0P_/D (sg13g2_dfrbpq_1)   15.49    2.96   12.53 (MET)
x_reg[8]$_SDFFE_PN0P_/D (sg13g2_dfrbpq_1)   15.49    2.96   12.53 (MET)
x_reg[8]$_SDFFE_PN0P_/D (sg13g2_dfrbpq_1)   15.49    2.96   12.53 (MET)
y_reg[8]$_SDFFE_PN0P_/D (sg13g2_dfrbpq_1)   15.48    2.95   12.53 (MET)
y_reg[8]$_SDFFE_PN0P_/D (sg13g2_dfrbpq_1)   15.48    2.95   12.53 (MET)
y_reg[9]$_SDFFE_PN0P_/D (sg13g2_dfrbpq_1)   15.48    2.96   12.53 (MET)
y_reg[9]$_SDFFE_PN0P_/D (sg13g2_dfrbpq_1)   15.48    2.96   12.53 (MET)
y_reg[9]$_SDFFE_PN0P_/D (sg13g2_dfrbpq_1)   15.48    2.96   12.53 (MET)
y_reg[9]$_SDFFE_PN0P_/D (sg13g2_dfrbpq_1)   15.48    2.96   12.53 (MET)
y_reg[9]$_SDFFE_PN0P_/D (sg13g2_dfrbpq_1)   15.48    2.96   12.53 (MET)
y_reg[9]$_SDFFE_PN0P_/D (sg13g2_dfrbpq_1)   15.48    2.96   12.53 (MET)
y_reg[9]$_SDFFE_PN0P_/D (sg13g2_dfrbpq_1)   15.48    2.96   12.53 (MET)
y_reg[9]$_SDFFE_PN0P_/D (sg13g2_dfrbpq_1)   15.48    2.96   12.53 (MET)
y_reg[7]$_SDFFE_PN0P_/D (sg13g2_dfrbpq_1)   15.48    2.95   12.53 (MET)
y_reg[7]$_SDFFE_PN0P_/D (sg13g2_dfrbpq_1)   15.48    2.95   12.53 (MET)
y_reg[9]$_SDFFE_PN0P_/D (sg13g2_dfrbpq_1)   15.49    2.96   12.53 (MET)
y_reg[6]$_SDFFE_PN0P_/D (sg13g2_dfrbpq_1)   15.49    2.97   12.53 (MET)
y_reg[6]$_SDFFE_PN0P_/D (sg13g2_dfrbpq_1)   15.49    2.97   12.53 (MET)
y_reg[6]$_SDFFE_PN0P_/D (sg13g2_dfrbpq_1)   15.49    2.97   12.53 (MET)
y_reg[6]$_SDFFE_PN0P_/D (sg13g2_dfrbpq_1)   15.49    2.97   12.53 (MET)
y_reg[7]$_SDFFE_PN0P_/D (sg13g2_dfrbpq_1)   15.48    2.95   12.53 (MET)
y_reg[7]$_SDFFE_PN0P_/D (sg13g2_dfrbpq_1)   15.48    2.95   12.53 (MET)
y_reg[9]$_SDFFE_PN0P_/D (sg13g2_dfrbpq_1)   15.49    2.96   12.53 (MET)
y_reg[6]$_SDFFE_PN0P_/D (sg13g2_dfrbpq_1)   15.49    2.97   12.53 (MET)
y_reg[6]$_SDFFE_PN0P_/D (sg13g2_dfrbpq_1)   15.49    2.97   12.53 (MET)
y_reg[6]$_SDFFE_PN0P_/D (sg13g2_dfrbpq_1)   15.49    2.97   12.53 (MET)
y_reg[6]$_SDFFE_PN0P_/D (sg13g2_dfrbpq_1)   15.49    2.97   12.53 (MET)
y_reg[8]$_SDFFE_PN0P_/D (sg13g2_dfrbpq_1)   15.49    2.96   12.53 (MET)
y_reg[9]$_SDFFE_PN0P_/D (sg13g2_dfrbpq_1)   15.48    2.96   12.53 (MET)
y_reg[9]$_SDFFE_PN0P_/D (sg13g2_dfrbpq_1)   15.48    2.96   12.53 (MET)
y_reg[8]$_SDFFE_PN0P_/D (sg13g2_dfrbpq_1)   15.49    2.96   12.53 (MET)
y_reg[8]$_SDFFE_PN0P_/D (sg13g2_dfrbpq_1)   15.49    2.96   12.53 (MET)
y_reg[8]$_SDFFE_PN0P_/D (sg13g2_dfrbpq_1)   15.49    2.96   12.53 (MET)
y_reg[8]$_SDFFE_PN0P_/D (sg13g2_dfrbpq_1)   15.49    2.96   12.53 (MET)
y_reg[9]$_SDFFE_PN0P_/D (sg13g2_dfrbpq_1)   15.48    2.96   12.53 (MET)
y_reg[8]$_SDFFE_PN0P_/D (sg13g2_dfrbpq_1)   15.49    2.96   12.53 (MET)
y_reg[8]$_SDFFE_PN0P_/D (sg13g2_dfrbpq_1)   15.49    2.96   12.53 (MET)
y_reg[8]$_SDFFE_PN0P_/D (sg13g2_dfrbpq_1)   15.48    2.95   12.53 (MET)
y_reg[8]$_SDFFE_PN0P_/D (sg13g2_dfrbpq_1)   15.48    2.95   12.53 (MET)
y_reg[8]$_SDFFE_PN0P_/D (sg13g2_dfrbpq_1)   15.49    2.96   12.53 (MET)
y_reg[8]$_SDFFE_PN0P_/D (sg13g2_dfrbpq_1)   15.48    2.95   12.53 (MET)
y_reg[8]$_SDFFE_PN0P_/D (sg13g2_dfrbpq_1)   15.48    2.95   12.53 (MET)
x_reg[8]$_SDFFE_PN0P_/D (sg13g2_dfrbpq_1)   15.49    2.96   12.53 (MET)
x_reg[8]$_SDFFE_PN0P_/D (sg13g2_dfrbpq_1)   15.49    2.96   12.53 (MET)
y_reg[6]$_SDFFE_PN0P_/D (sg13g2_dfrbpq_1)   15.49    2.97   12.53 (MET)
y_reg[6]$_SDFFE_PN0P_/D (sg13g2_dfrbpq_1)   15.49    2.97   12.53 (MET)
y_reg[9]$_SDFFE_PN0P_/D (sg13g2_dfrbpq_1)   15.49    2.96   12.53 (MET)
y_reg[9]$_SDFFE_PN0P_/D (sg13g2_dfrbpq_1)   15.49    2.96   12.53 (MET)
y_reg[9]$_SDFFE_PN0P_/D (sg13g2_dfrbpq_1)   15.49    2.96   12.53 (MET)
y_reg[9]$_SDFFE_PN0P_/D (sg13g2_dfrbpq_1)   15.49    2.96   12.53 (MET)
y_reg[9]$_SDFFE_PN0P_/D (sg13g2_dfrbpq_1)   15.49    2.96   12.53 (MET)
y_reg[6]$_SDFFE_PN0P_/D (sg13g2_dfrbpq_1)   15.49    2.97   12.53 (MET)
y_reg[6]$_SDFFE_PN0P_/D (sg13g2_dfrbpq_1)   15.49    2.97   12.53 (MET)
y_reg[6]$_SDFFE_PN0P_/D (sg13g2_dfrbpq_1)   15.49    2.97   12.53 (MET)
y_reg[6]$_SDFFE_PN0P_/D (sg13g2_dfrbpq_1)   15.49    2.97   12.53 (MET)
y_reg[6]$_SDFFE_PN0P_/D (sg13g2_dfrbpq_1)   15.49    2.97   12.53 (MET)
y_reg[6]$_SDFFE_PN0P_/D (sg13g2_dfrbpq_1)   15.49    2.97   12.53 (MET)
y_reg[6]$_SDFFE_PN0P_/D (sg13g2_dfrbpq_1)   15.49    2.97   12.53 (MET)
y_reg[6]$_SDFFE_PN0P_/D (sg13g2_dfrbpq_1)   15.49    2.97   12.53 (MET)
y_reg[6]$_SDFFE_PN0P_/D (sg13g2_dfrbpq_1)   15.49    2.97   12.53 (MET)
y_reg[6]$_SDFFE_PN0P_/D (sg13g2_dfrbpq_1)   15.49    2.97   12.53 (MET)
y_reg[6]$_SDFFE_PN0P_/D (sg13g2_dfrbpq_1)   15.49    2.97   12.53 (MET)
y_reg[6]$_SDFFE_PN0P_/D (sg13g2_dfrbpq_1)   15.49    2.97   12.53 (MET)
y_reg[6]$_SDFFE_PN0P_/D (sg13g2_dfrbpq_1)   15.49    2.97   12.53 (MET)
y_reg[6]$_SDFFE_PN0P_/D (sg13g2_dfrbpq_1)   15.49    2.97   12.53 (MET)
y_reg[6]$_SDFFE_PN0P_/D (sg13g2_dfrbpq_1)   15.49    2.97   12.53 (MET)
y_reg[6]$_SDFFE_PN0P_/D (sg13g2_dfrbpq_1)   15.49    2.97   12.53 (MET)
y_reg[6]$_SDFFE_PN0P_/D (sg13g2_dfrbpq_1)   15.49    2.97   12.53 (MET)
y_reg[6]$_SDFFE_PN0P_/D (sg13g2_dfrbpq_1)   15.49    2.97   12.53 (MET)
y_reg[6]$_SDFFE_PN0P_/D (sg13g2_dfrbpq_1)   15.49    2.97   12.53 (MET)
y_reg[6]$_SDFFE_PN0P_/D (sg13g2_dfrbpq_1)   15.49    2.97   12.53 (MET)
y_reg[9]$_SDFFE_PN0P_/D (sg13g2_dfrbpq_1)   15.49    2.96   12.53 (MET)
y_reg[9]$_SDFFE_PN0P_/D (sg13g2_dfrbpq_1)   15.49    2.96   12.53 (MET)
y_reg[9]$_SDFFE_PN0P_/D (sg13g2_dfrbpq_1)   15.49    2.96   12.53 (MET)
y_reg[9]$_SDFFE_PN0P_/D (sg13g2_dfrbpq_1)   15.49    2.96   12.53 (MET)
y_reg[9]$_SDFFE_PN0P_/D (sg13g2_dfrbpq_1)   15.49    2.96   12.53 (MET)
y_reg[6]$_SDFFE_PN0P_/D (sg13g2_dfrbpq_1)   15.49    2.97   12.53 (MET)
y_reg[6]$_SDFFE_PN0P_/D (sg13g2_dfrbpq_1)   15.49    2.97   12.53 (MET)
y_reg[6]$_SDFFE_PN0P_/D (sg13g2_dfrbpq_1)   15.49    2.97   12.53 (MET)
y_reg[6]$_SDFFE_PN0P_/D (sg13g2_dfrbpq_1)   15.49    2.97   12.53 (MET)
y_reg[6]$_SDFFE_PN0P_/D (sg13g2_dfrbpq_1)   15.49    2.97   12.53 (MET)
y_reg[6]$_SDFFE_PN0P_/D (sg13g2_dfrbpq_1)   15.49    2.97   12.53 (MET)
y_reg[6]$_SDFFE_PN0P_/D (sg13g2_dfrbpq_1)   15.49    2.97   12.53 (MET)
y_reg[6]$_SDFFE_PN0P_/D (sg13g2_dfrbpq_1)   15.49    2.97   12.53 (MET)
y_reg[6]$_SDFFE_PN0P_/D (sg13g2_dfrbpq_1)   15.49    2.97   12.53 (MET)
y_reg[6]$_SDFFE_PN0P_/D (sg13g2_dfrbpq_1)   15.49    2.97   12.53 (MET)
y_reg[6]$_SDFFE_PN0P_/D (sg13g2_dfrbpq_1)   15.49    2.97   12.53 (MET)
y_reg[6]$_SDFFE_PN0P_/D (sg13g2_dfrbpq_1)   15.49    2.97   12.53 (MET)
y_reg[6]$_SDFFE_PN0P_/D (sg13g2_dfrbpq_1)   15.49    2.97   12.53 (MET)
y_reg[6]$_SDFFE_PN0P_/D (sg13g2_dfrbpq_1)   15.49    2.97   12.53 (MET)
y_reg[9]$_SDFFE_PN0P_/D (sg13g2_dfrbpq_1)   15.48    2.96   12.53 (MET)
y_reg[9]$_SDFFE_PN0P_/D (sg13g2_dfrbpq_1)   15.48    2.96   12.53 (MET)
y_reg[9]$_SDFFE_PN0P_/D (sg13g2_dfrbpq_1)   15.48    2.96   12.53 (MET)
y_reg[9]$_SDFFE_PN0P_/D (sg13g2_dfrbpq_1)   15.48    2.96   12.53 (MET)
x_reg[8]$_SDFFE_PN0P_/D (sg13g2_dfrbpq_1)   15.49    2.97   12.53 (MET)
x_reg[8]$_SDFFE_PN0P_/D (sg13g2_dfrbpq_1)   15.49    2.97   12.53 (MET)
x_reg[8]$_SDFFE_PN0P_/D (sg13g2_dfrbpq_1)   15.49    2.97   12.53 (MET)
x_reg[8]$_SDFFE_PN0P_/D (sg13g2_dfrbpq_1)   15.49    2.97   12.53 (MET)
x_reg[8]$_SDFFE_PN0P_/D (sg13g2_dfrbpq_1)   15.49    2.97   12.53 (MET)
x_reg[8]$_SDFFE_PN0P_/D (sg13g2_dfrbpq_1)   15.49    2.97   12.53 (MET)
x_reg[8]$_SDFFE_PN0P_/D (sg13g2_dfrbpq_1)   15.49    2.97   12.53 (MET)
x_reg[8]$_SDFFE_PN0P_/D (sg13g2_dfrbpq_1)   15.49    2.97   12.53 (MET)
y_reg[6]$_SDFFE_PN0P_/D (sg13g2_dfrbpq_1)   15.49    2.97   12.53 (MET)
y_reg[6]$_SDFFE_PN0P_/D (sg13g2_dfrbpq_1)   15.49    2.97   12.53 (MET)
y_reg[6]$_SDFFE_PN0P_/D (sg13g2_dfrbpq_1)   15.49    2.97   12.53 (MET)
y_reg[6]$_SDFFE_PN0P_/D (sg13g2_dfrbpq_1)   15.49    2.97   12.53 (MET)
y_reg[6]$_SDFFE_PN0P_/D (sg13g2_dfrbpq_1)   15.49    2.97   12.53 (MET)
y_reg[6]$_SDFFE_PN0P_/D (sg13g2_dfrbpq_1)   15.49    2.97   12.53 (MET)
y_reg[6]$_SDFFE_PN0P_/D (sg13g2_dfrbpq_1)   15.49    2.97   12.53 (MET)
y_reg[6]$_SDFFE_PN0P_/D (sg13g2_dfrbpq_1)   15.49    2.97   12.53 (MET)
y_reg[9]$_SDFFE_PN0P_/D (sg13g2_dfrbpq_1)   15.49    2.96   12.53 (MET)
y_reg[9]$_SDFFE_PN0P_/D (sg13g2_dfrbpq_1)   15.48    2.96   12.53 (MET)
y_reg[9]$_SDFFE_PN0P_/D (sg13g2_dfrbpq_1)   15.48    2.96   12.53 (MET)
y_reg[9]$_SDFFE_PN0P_/D (sg13g2_dfrbpq_1)   15.48    2.96   12.53 (MET)
y_reg[9]$_SDFFE_PN0P_/D (sg13g2_dfrbpq_1)   15.48    2.96   12.53 (MET)
y_reg[9]$_SDFFE_PN0P_/D (sg13g2_dfrbpq_1)   15.48    2.96   12.53 (MET)
y_reg[9]$_SDFFE_PN0P_/D (sg13g2_dfrbpq_1)   15.48    2.96   12.53 (MET)
y_reg[9]$_SDFFE_PN0P_/D (sg13g2_dfrbpq_1)   15.48    2.96   12.53 (MET)
y_reg[9]$_SDFFE_PN0P_/D (sg13g2_dfrbpq_1)   15.48    2.96   12.53 (MET)
y_reg[9]$_SDFFE_PN0P_/D (sg13g2_dfrbpq_1)   15.48    2.96   12.53 (MET)
y_reg[9]$_SDFFE_PN0P_/D (sg13g2_dfrbpq_1)   15.48    2.96   12.53 (MET)
y_reg[9]$_SDFFE_PN0P_/D (sg13g2_dfrbpq_1)   15.48    2.96   12.53 (MET)
y_reg[9]$_SDFFE_PN0P_/D (sg13g2_dfrbpq_1)   15.48    2.96   12.53 (MET)
y_reg[6]$_SDFFE_PN0P_/D (sg13g2_dfrbpq_1)   15.49    2.97   12.53 (MET)
y_reg[6]$_SDFFE_PN0P_/D (sg13g2_dfrbpq_1)   15.49    2.97   12.53 (MET)
y_reg[9]$_SDFFE_PN0P_/D (sg13g2_dfrbpq_1)   15.48    2.96   12.53 (MET)
y_reg[9]$_SDFFE_PN0P_/D (sg13g2_dfrbpq_1)   15.48    2.96   12.53 (MET)
y_reg[9]$_SDFFE_PN0P_/D (sg13g2_dfrbpq_1)   15.48    2.96   12.53 (MET)
y_reg[9]$_SDFFE_PN0P_/D (sg13g2_dfrbpq_1)   15.48    2.96   12.53 (MET)
y_reg[9]$_SDFFE_PN0P_/D (sg13g2_dfrbpq_1)   15.48    2.96   12.53 (MET)
y_reg[9]$_SDFFE_PN0P_/D (sg13g2_dfrbpq_1)   15.48    2.96   12.53 (MET)
y_reg[9]$_SDFFE_PN0P_/D (sg13g2_dfrbpq_1)   15.48    2.96   12.53 (MET)
y_reg[9]$_SDFFE_PN0P_/D (sg13g2_dfrbpq_1)   15.48    2.96   12.53 (MET)
y_reg[6]$_SDFFE_PN0P_/D (sg13g2_dfrbpq_1)   15.49    2.96   12.53 (MET)
y_reg[6]$_SDFFE_PN0P_/D (sg13g2_dfrbpq_1)   15.49    2.96   12.53 (MET)
y_reg[6]$_SDFFE_PN0P_/D (sg13g2_dfrbpq_1)   15.49    2.96   12.53 (MET)
y_reg[6]$_SDFFE_PN0P_/D (sg13g2_dfrbpq_1)   15.49    2.96   12.53 (MET)
y_reg[6]$_SDFFE_PN0P_/D (sg13g2_dfrbpq_1)   15.49    2.96   12.53 (MET)
y_reg[6]$_SDFFE_PN0P_/D (sg13g2_dfrbpq_1)   15.49    2.96   12.53 (MET)
y_reg[6]$_SDFFE_PN0P_/D (sg13g2_dfrbpq_1)   15.49    2.96   12.53 (MET)
y_reg[6]$_SDFFE_PN0P_/D (sg13g2_dfrbpq_1)   15.49    2.96   12.53 (MET)
y_reg[9]$_SDFFE_PN0P_/D (sg13g2_dfrbpq_1)   15.48    2.96   12.53 (MET)
y_reg[6]$_SDFFE_PN0P_/D (sg13g2_dfrbpq_1)   15.49    2.96   12.53 (MET)
y_reg[6]$_SDFFE_PN0P_/D (sg13g2_dfrbpq_1)   15.49    2.96   12.53 (MET)
y_reg[6]$_SDFFE_PN0P_/D (sg13g2_dfrbpq_1)   15.49    2.96   12.53 (MET)
y_reg[6]$_SDFFE_PN0P_/D (sg13g2_dfrbpq_1)   15.49    2.96   12.53 (MET)
y_reg[6]$_SDFFE_PN0P_/D (sg13g2_dfrbpq_1)   15.49    2.96   12.53 (MET)
y_reg[6]$_SDFFE_PN0P_/D (sg13g2_dfrbpq_1)   15.49    2.96   12.53 (MET)
y_reg[6]$_SDFFE_PN0P_/D (sg13g2_dfrbpq_1)   15.49    2.96   12.53 (MET)
y_reg[6]$_SDFFE_PN0P_/D (sg13g2_dfrbpq_1)   15.49    2.96   12.53 (MET)
y_reg[9]$_SDFFE_PN0P_/D (sg13g2_dfrbpq_1)   15.48    2.96   12.53 (MET)
y_reg[9]$_SDFFE_PN0P_/D (sg13g2_dfrbpq_1)   15.48    2.96   12.53 (MET)
y_reg[6]$_SDFFE_PN0P_/D (sg13g2_dfrbpq_1)   15.49    2.97   12.53 (MET)
y_reg[6]$_SDFFE_PN0P_/D (sg13g2_dfrbpq_1)   15.49    2.97   12.53 (MET)
y_reg[8]$_SDFFE_PN0P_/D (sg13g2_dfrbpq_1)   15.49    2.96   12.53 (MET)
y_reg[8]$_SDFFE_PN0P_/D (sg13g2_dfrbpq_1)   15.49    2.96   12.53 (MET)
y_reg[8]$_SDFFE_PN0P_/D (sg13g2_dfrbpq_1)   15.48    2.95   12.53 (MET)
y_reg[9]$_SDFFE_PN0P_/D (sg13g2_dfrbpq_1)   15.48    2.96   12.53 (MET)
y_reg[8]$_SDFFE_PN0P_/D (sg13g2_dfrbpq_1)   15.48    2.95   12.53 (MET)
y_reg[8]$_SDFFE_PN0P_/D (sg13g2_dfrbpq_1)   15.48    2.95   12.53 (MET)
y_reg[8]$_SDFFE_PN0P_/D (sg13g2_dfrbpq_1)   15.48    2.95   12.53 (MET)
y_reg[8]$_SDFFE_PN0P_/D (sg13g2_dfrbpq_1)   15.48    2.95   12.53 (MET)
y_reg[8]$_SDFFE_PN0P_/D (sg13g2_dfrbpq_1)   15.48    2.95   12.53 (MET)
y_reg[8]$_SDFFE_PN0P_/D (sg13g2_dfrbpq_1)   15.49    2.96   12.53 (MET)
y_reg[8]$_SDFFE_PN0P_/D (sg13g2_dfrbpq_1)   15.49    2.96   12.53 (MET)
y_reg[8]$_SDFFE_PN0P_/D (sg13g2_dfrbpq_1)   15.48    2.95   12.53 (MET)
y_reg[8]$_SDFFE_PN0P_/D (sg13g2_dfrbpq_1)   15.48    2.95   12.53 (MET)
y_reg[8]$_SDFFE_PN0P_/D (sg13g2_dfrbpq_1)   15.48    2.95   12.53 (MET)
y_reg[8]$_SDFFE_PN0P_/D (sg13g2_dfrbpq_1)   15.48    2.95   12.53 (MET)
y_reg[8]$_SDFFE_PN0P_/D (sg13g2_dfrbpq_1)   15.48    2.95   12.53 (MET)
y_reg[8]$_SDFFE_PN0P_/D (sg13g2_dfrbpq_1)   15.48    2.95   12.53 (MET)
y_reg[6]$_SDFFE_PN0P_/D (sg13g2_dfrbpq_1)   15.49    2.97   12.53 (MET)
y_reg[6]$_SDFFE_PN0P_/D (sg13g2_dfrbpq_1)   15.49    2.97   12.53 (MET)
y_reg[9]$_SDFFE_PN0P_/D (sg13g2_dfrbpq_1)   15.49    2.96   12.53 (MET)
x_reg[8]$_SDFFE_PN0P_/D (sg13g2_dfrbpq_1)   15.49    2.96   12.53 (MET)
y_reg[8]$_SDFFE_PN0P_/D (sg13g2_dfrbpq_1)   15.48    2.95   12.53 (MET)
y_reg[8]$_SDFFE_PN0P_/D (sg13g2_dfrbpq_1)   15.48    2.95   12.53 (MET)
y_reg[9]$_SDFFE_PN0P_/D (sg13g2_dfrbpq_1)   15.49    2.96   12.53 (MET)
y_reg[8]$_SDFFE_PN0P_/D (sg13g2_dfrbpq_1)   15.48    2.95   12.53 (MET)
y_reg[8]$_SDFFE_PN0P_/D (sg13g2_dfrbpq_1)   15.48    2.95   12.53 (MET)
y_reg[9]$_SDFFE_PN0P_/D (sg13g2_dfrbpq_1)   15.48    2.96   12.53 (MET)
y_reg[9]$_SDFFE_PN0P_/D (sg13g2_dfrbpq_1)   15.48    2.96   12.53 (MET)
y_reg[9]$_SDFFE_PN0P_/D (sg13g2_dfrbpq_1)   15.48    2.96   12.53 (MET)
y_reg[9]$_SDFFE_PN0P_/D (sg13g2_dfrbpq_1)   15.48    2.96   12.53 (MET)
y_reg[9]$_SDFFE_PN0P_/D (sg13g2_dfrbpq_1)   15.48    2.96   12.53 (MET)
y_reg[9]$_SDFFE_PN0P_/D (sg13g2_dfrbpq_1)   15.48    2.96   12.53 (MET)
y_reg[9]$_SDFFE_PN0P_/D (sg13g2_dfrbpq_1)   15.48    2.96   12.53 (MET)
y_reg[9]$_SDFFE_PN0P_/D (sg13g2_dfrbpq_1)   15.48    2.96   12.53 (MET)
y_reg[9]$_SDFFE_PN0P_/D (sg13g2_dfrbpq_1)   15.48    2.96   12.53 (MET)
y_reg[9]$_SDFFE_PN0P_/D (sg13g2_dfrbpq_1)   15.48    2.96   12.53 (MET)
y_reg[9]$_SDFFE_PN0P_/D (sg13g2_dfrbpq_1)   15.48    2.96   12.53 (MET)
y_reg[9]$_SDFFE_PN0P_/D (sg13g2_dfrbpq_1)   15.48    2.96   12.53 (MET)
uo_out[0] (output)                     13.43    0.90   12.53 (MET)
uo_out[0] (output)                     13.43    0.90   12.53 (MET)
y_reg[9]$_SDFFE_PN0P_/D (sg13g2_dfrbpq_1)   15.48    2.96   12.53 (MET)
y_reg[9]$_SDFFE_PN0P_/D (sg13g2_dfrbpq_1)   15.48    2.96   12.53 (MET)
y_reg[9]$_SDFFE_PN0P_/D (sg13g2_dfrbpq_1)   15.48    2.96   12.53 (MET)
y_reg[9]$_SDFFE_PN0P_/D (sg13g2_dfrbpq_1)   15.48    2.96   12.53 (MET)
y_reg[9]$_SDFFE_PN0P_/D (sg13g2_dfrbpq_1)   15.48    2.96   12.53 (MET)
y_reg[9]$_SDFFE_PN0P_/D (sg13g2_dfrbpq_1)   15.48    2.96   12.53 (MET)
y_reg[9]$_SDFFE_PN0P_/D (sg13g2_dfrbpq_1)   15.48    2.96   12.53 (MET)
y_reg[9]$_SDFFE_PN0P_/D (sg13g2_dfrbpq_1)   15.48    2.96   12.53 (MET)
y_reg[9]$_SDFFE_PN0P_/D (sg13g2_dfrbpq_1)   15.48    2.96   12.53 (MET)
y_reg[9]$_SDFFE_PN0P_/D (sg13g2_dfrbpq_1)   15.48    2.96   12.53 (MET)
y_reg[9]$_SDFFE_PN0P_/D (sg13g2_dfrbpq_1)   15.48    2.96   12.53 (MET)
y_reg[9]$_SDFFE_PN0P_/D (sg13g2_dfrbpq_1)   15.48    2.96   12.53 (MET)
y_reg[9]$_SDFFE_PN0P_/D (sg13g2_dfrbpq_1)   15.48    2.96   12.53 (MET)
y_reg[9]$_SDFFE_PN0P_/D (sg13g2_dfrbpq_1)   15.48    2.96   12.53 (MET)
y_reg[6]$_SDFFE_PN0P_/D (sg13g2_dfrbpq_1)   15.49    2.96   12.53 (MET)
y_reg[6]$_SDFFE_PN0P_/D (sg13g2_dfrbpq_1)   15.49    2.96   12.53 (MET)
y_reg[6]$_SDFFE_PN0P_/D (sg13g2_dfrbpq_1)   15.49    2.96   12.53 (MET)
y_reg[6]$_SDFFE_PN0P_/D (sg13g2_dfrbpq_1)   15.49    2.96   12.53 (MET)
y_reg[9]$_SDFFE_PN0P_/D (sg13g2_dfrbpq_1)   15.49    2.96   12.53 (MET)
y_reg[9]$_SDFFE_PN0P_/D (sg13g2_dfrbpq_1)   15.49    2.96   12.53 (MET)
y_reg[9]$_SDFFE_PN0P_/D (sg13g2_dfrbpq_1)   15.49    2.96   12.53 (MET)
y_reg[9]$_SDFFE_PN0P_/D (sg13g2_dfrbpq_1)   15.49    2.96   12.53 (MET)
y_reg[9]$_SDFFE_PN0P_/D (sg13g2_dfrbpq_1)   15.48    2.96   12.53 (MET)
y_reg[9]$_SDFFE_PN0P_/D (sg13g2_dfrbpq_1)   15.48    2.96   12.53 (MET)
y_reg[9]$_SDFFE_PN0P_/D (sg13g2_dfrbpq_1)   15.48    2.96   12.53 (MET)
y_reg[9]$_SDFFE_PN0P_/D (sg13g2_dfrbpq_1)   15.48    2.96   12.53 (MET)
y_reg[9]$_SDFFE_PN0P_/D (sg13g2_dfrbpq_1)   15.49    2.96   12.53 (MET)
y_reg[9]$_SDFFE_PN0P_/D (sg13g2_dfrbpq_1)   15.49    2.96   12.53 (MET)
y_reg[9]$_SDFFE_PN0P_/D (sg13g2_dfrbpq_1)   15.48    2.96   12.53 (MET)
y_reg[9]$_SDFFE_PN0P_/D (sg13g2_dfrbpq_1)   15.48    2.96   12.53 (MET)
y_reg[9]$_SDFFE_PN0P_/D (sg13g2_dfrbpq_1)   15.48    2.96   12.53 (MET)
y_reg[9]$_SDFFE_PN0P_/D (sg13g2_dfrbpq_1)   15.48    2.96   12.53 (MET)
y_reg[9]$_SDFFE_PN0P_/D (sg13g2_dfrbpq_1)   15.48    2.96   12.53 (MET)
y_reg[9]$_SDFFE_PN0P_/D (sg13g2_dfrbpq_1)   15.48    2.96   12.53 (MET)
y_reg[9]$_SDFFE_PN0P_/D (sg13g2_dfrbpq_1)   15.48    2.96   12.53 (MET)
y_reg[9]$_SDFFE_PN0P_/D (sg13g2_dfrbpq_1)   15.48    2.96   12.53 (MET)
x_reg[8]$_SDFFE_PN0P_/D (sg13g2_dfrbpq_1)   15.49    2.96   12.53 (MET)
y_reg[9]$_SDFFE_PN0P_/D (sg13g2_dfrbpq_1)   15.49    2.96   12.53 (MET)
y_reg[9]$_SDFFE_PN0P_/D (sg13g2_dfrbpq_1)   15.49    2.96   12.53 (MET)
y_reg[9]$_SDFFE_PN0P_/D (sg13g2_dfrbpq_1)   15.49    2.96   12.53 (MET)
y_reg[9]$_SDFFE_PN0P_/D (sg13g2_dfrbpq_1)   15.49    2.96   12.53 (MET)
y_reg[9]$_SDFFE_PN0P_/D (sg13g2_dfrbpq_1)   15.49    2.96   12.53 (MET)
y_reg[9]$_SDFFE_PN0P_/D (sg13g2_dfrbpq_1)   15.49    2.96   12.53 (MET)
y_reg[8]$_SDFFE_PN0P_/D (sg13g2_dfrbpq_1)   15.48    2.95   12.53 (MET)
y_reg[8]$_SDFFE_PN0P_/D (sg13g2_dfrbpq_1)   15.48    2.95   12.53 (MET)
y_reg[9]$_SDFFE_PN0P_/D (sg13g2_dfrbpq_1)   15.48    2.96   12.53 (MET)
x_reg[8]$_SDFFE_PN0P_/D (sg13g2_dfrbpq_1)   15.49    2.96   12.53 (MET)
x_reg[8]$_SDFFE_PN0P_/D (sg13g2_dfrbpq_1)   15.49    2.96   12.53 (MET)
x_reg[8]$_SDFFE_PN0P_/D (sg13g2_dfrbpq_1)   15.49    2.96   12.53 (MET)
x_reg[8]$_SDFFE_PN0P_/D (sg13g2_dfrbpq_1)   15.49    2.96   12.53 (MET)
x_reg[8]$_SDFFE_PN0P_/D (sg13g2_dfrbpq_1)   15.49    2.96   12.53 (MET)
y_reg[7]$_SDFFE_PN0P_/D (sg13g2_dfrbpq_1)   15.49    2.96   12.53 (MET)
y_reg[7]$_SDFFE_PN0P_/D (sg13g2_dfrbpq_1)   15.49    2.96   12.53 (MET)
y_reg[8]$_SDFFE_PN0P_/D (sg13g2_dfrbpq_1)   15.48    2.95   12.53 (MET)
y_reg[8]$_SDFFE_PN0P_/D (sg13g2_dfrbpq_1)   15.48    2.95   12.53 (MET)
y_reg[9]$_SDFFE_PN0P_/D (sg13g2_dfrbpq_1)   15.48    2.96   12.53 (MET)
x_reg[8]$_SDFFE_PN0P_/D (sg13g2_dfrbpq_1)   15.49    2.96   12.53 (MET)
x_reg[8]$_SDFFE_PN0P_/D (sg13g2_dfrbpq_1)   15.49    2.96   12.53 (MET)
x_reg[8]$_SDFFE_PN0P_/D (sg13g2_dfrbpq_1)   15.49    2.96   12.53 (MET)
x_reg[8]$_SDFFE_PN0P_/D (sg13g2_dfrbpq_1)   15.49    2.96   12.53 (MET)
y_reg[8]$_SDFFE_PN0P_/D (sg13g2_dfrbpq_1)   15.48    2.95   12.53 (MET)
y_reg[8]$_SDFFE_PN0P_/D (sg13g2_dfrbpq_1)   15.48    2.95   12.53 (MET)
y_reg[8]$_SDFFE_PN0P_/D (sg13g2_dfrbpq_1)   15.48    2.95   12.53 (MET)
y_reg[8]$_SDFFE_PN0P_/D (sg13g2_dfrbpq_1)   15.48    2.95   12.53 (MET)
y_reg[8]$_SDFFE_PN0P_/D (sg13g2_dfrbpq_1)   15.48    2.95   12.53 (MET)
y_reg[8]$_SDFFE_PN0P_/D (sg13g2_dfrbpq_1)   15.48    2.95   12.53 (MET)
y_reg[9]$_SDFFE_PN0P_/D (sg13g2_dfrbpq_1)   15.48    2.96   12.53 (MET)
y_reg[9]$_SDFFE_PN0P_/D (sg13g2_dfrbpq_1)   15.48    2.96   12.53 (MET)
y_reg[9]$_SDFFE_PN0P_/D (sg13g2_dfrbpq_1)   15.48    2.96   12.53 (MET)
y_reg[9]$_SDFFE_PN0P_/D (sg13g2_dfrbpq_1)   15.48    2.96   12.53 (MET)
y_reg[9]$_SDFFE_PN0P_/D (sg13g2_dfrbpq_1)   15.48    2.96   12.53 (MET)
y_reg[9]$_SDFFE_PN0P_/D (sg13g2_dfrbpq_1)   15.48    2.96   12.53 (MET)
y_reg[9]$_SDFFE_PN0P_/D (sg13g2_dfrbpq_1)   15.48    2.96   12.53 (MET)
y_reg[9]$_SDFFE_PN0P_/D (sg13g2_dfrbpq_1)   15.48    2.96   12.53 (MET)
y_reg[9]$_SDFFE_PN0P_/D (sg13g2_dfrbpq_1)   15.48    2.96   12.53 (MET)
y_reg[9]$_SDFFE_PN0P_/D (sg13g2_dfrbpq_1)   15.48    2.96   12.53 (MET)
y_reg[9]$_SDFFE_PN0P_/D (sg13g2_dfrbpq_1)   15.48    2.96   12.53 (MET)
y_reg[9]$_SDFFE_PN0P_/D (sg13g2_dfrbpq_1)   15.48    2.96   12.53 (MET)
y_reg[6]$_SDFFE_PN0P_/D (sg13g2_dfrbpq_1)   15.49    2.96   12.53 (MET)
y_reg[6]$_SDFFE_PN0P_/D (sg13g2_dfrbpq_1)   15.49    2.96   12.53 (MET)
y_reg[6]$_SDFFE_PN0P_/D (sg13g2_dfrbpq_1)   15.49    2.96   12.53 (MET)
y_reg[6]$_SDFFE_PN0P_/D (sg13g2_dfrbpq_1)   15.49    2.96   12.53 (MET)
y_reg[6]$_SDFFE_PN0P_/D (sg13g2_dfrbpq_1)   15.49    2.96   12.53 (MET)
y_reg[6]$_SDFFE_PN0P_/D (sg13g2_dfrbpq_1)   15.49    2.96   12.53 (MET)
y_reg[6]$_SDFFE_PN0P_/D (sg13g2_dfrbpq_1)   15.49    2.96   12.53 (MET)
y_reg[6]$_SDFFE_PN0P_/D (sg13g2_dfrbpq_1)   15.49    2.96   12.53 (MET)
y_reg[8]$_SDFFE_PN0P_/D (sg13g2_dfrbpq_1)   15.49    2.96   12.53 (MET)
y_reg[6]$_SDFFE_PN0P_/D (sg13g2_dfrbpq_1)   15.49    2.96   12.53 (MET)
y_reg[6]$_SDFFE_PN0P_/D (sg13g2_dfrbpq_1)   15.49    2.96   12.53 (MET)
y_reg[8]$_SDFFE_PN0P_/D (sg13g2_dfrbpq_1)   15.49    2.96   12.53 (MET)
y_reg[8]$_SDFFE_PN0P_/D (sg13g2_dfrbpq_1)   15.49    2.96   12.53 (MET)
y_reg[8]$_SDFFE_PN0P_/D (sg13g2_dfrbpq_1)   15.49    2.96   12.53 (MET)
y_reg[9]$_SDFFE_PN0P_/D (sg13g2_dfrbpq_1)   15.49    2.96   12.53 (MET)
y_reg[9]$_SDFFE_PN0P_/D (sg13g2_dfrbpq_1)   15.49    2.96   12.53 (MET)
y_reg[6]$_SDFFE_PN0P_/D (sg13g2_dfrbpq_1)   15.49    2.96   12.53 (MET)
y_reg[6]$_SDFFE_PN0P_/D (sg13g2_dfrbpq_1)   15.49    2.96   12.53 (MET)
y_reg[6]$_SDFFE_PN0P_/D (sg13g2_dfrbpq_1)   15.49    2.96   12.53 (MET)
y_reg[6]$_SDFFE_PN0P_/D (sg13g2_dfrbpq_1)   15.49    2.96   12.53 (MET)
y_reg[6]$_SDFFE_PN0P_/D (sg13g2_dfrbpq_1)   15.49    2.96   12.53 (MET)
y_reg[6]$_SDFFE_PN0P_/D (sg13g2_dfrbpq_1)   15.49    2.96   12.53 (MET)
y_reg[6]$_SDFFE_PN0P_/D (sg13g2_dfrbpq_1)   15.49    2.96   12.53 (MET)
y_reg[6]$_SDFFE_PN0P_/D (sg13g2_dfrbpq_1)   15.49    2.96   12.53 (MET)
y_reg[6]$_SDFFE_PN0P_/D (sg13g2_dfrbpq_1)   15.49    2.96   12.53 (MET)
y_reg[6]$_SDFFE_PN0P_/D (sg13g2_dfrbpq_1)   15.49    2.96   12.53 (MET)
y_reg[6]$_SDFFE_PN0P_/D (sg13g2_dfrbpq_1)   15.49    2.96   12.53 (MET)
y_reg[6]$_SDFFE_PN0P_/D (sg13g2_dfrbpq_1)   15.49    2.96   12.53 (MET)
y_reg[6]$_SDFFE_PN0P_/D (sg13g2_dfrbpq_1)   15.49    2.96   12.53 (MET)
y_reg[6]$_SDFFE_PN0P_/D (sg13g2_dfrbpq_1)   15.49    2.96   12.53 (MET)
y_reg[6]$_SDFFE_PN0P_/D (sg13g2_dfrbpq_1)   15.49    2.96   12.53 (MET)
y_reg[6]$_SDFFE_PN0P_/D (sg13g2_dfrbpq_1)   15.49    2.96   12.53 (MET)
y_reg[6]$_SDFFE_PN0P_/D (sg13g2_dfrbpq_1)   15.49    2.96   12.53 (MET)
y_reg[6]$_SDFFE_PN0P_/D (sg13g2_dfrbpq_1)   15.49    2.96   12.53 (MET)
y_reg[6]$_SDFFE_PN0P_/D (sg13g2_dfrbpq_1)   15.49    2.96   12.53 (MET)
y_reg[6]$_SDFFE_PN0P_/D (sg13g2_dfrbpq_1)   15.49    2.96   12.53 (MET)
y_reg[6]$_SDFFE_PN0P_/D (sg13g2_dfrbpq_1)   15.49    2.96   12.53 (MET)
y_reg[6]$_SDFFE_PN0P_/D (sg13g2_dfrbpq_1)   15.49    2.96   12.53 (MET)
y_reg[6]$_SDFFE_PN0P_/D (sg13g2_dfrbpq_1)   15.49    2.96   12.53 (MET)
y_reg[6]$_SDFFE_PN0P_/D (sg13g2_dfrbpq_1)   15.49    2.96   12.53 (MET)
y_reg[9]$_SDFFE_PN0P_/D (sg13g2_dfrbpq_1)   15.49    2.96   12.53 (MET)
y_reg[9]$_SDFFE_PN0P_/D (sg13g2_dfrbpq_1)   15.49    2.96   12.53 (MET)
y_reg[6]$_SDFFE_PN0P_/D (sg13g2_dfrbpq_1)   15.49    2.96   12.53 (MET)
y_reg[6]$_SDFFE_PN0P_/D (sg13g2_dfrbpq_1)   15.49    2.96   12.53 (MET)
y_reg[8]$_SDFFE_PN0P_/D (sg13g2_dfrbpq_1)   15.49    2.96   12.53 (MET)
y_reg[9]$_SDFFE_PN0P_/D (sg13g2_dfrbpq_1)   15.48    2.96   12.53 (MET)
y_reg[8]$_SDFFE_PN0P_/D (sg13g2_dfrbpq_1)   15.49    2.96   12.53 (MET)
y_reg[6]$_SDFFE_PN0P_/D (sg13g2_dfrbpq_1)   15.49    2.96   12.53 (MET)
y_reg[6]$_SDFFE_PN0P_/D (sg13g2_dfrbpq_1)   15.49    2.96   12.53 (MET)
y_reg[6]$_SDFFE_PN0P_/D (sg13g2_dfrbpq_1)   15.49    2.96   12.53 (MET)
y_reg[6]$_SDFFE_PN0P_/D (sg13g2_dfrbpq_1)   15.49    2.96   12.53 (MET)
y_reg[6]$_SDFFE_PN0P_/D (sg13g2_dfrbpq_1)   15.49    2.96   12.53 (MET)
y_reg[6]$_SDFFE_PN0P_/D (sg13g2_dfrbpq_1)   15.49    2.96   12.53 (MET)
y_reg[6]$_SDFFE_PN0P_/D (sg13g2_dfrbpq_1)   15.49    2.96   12.53 (MET)
y_reg[6]$_SDFFE_PN0P_/D (sg13g2_dfrbpq_1)   15.49    2.96   12.53 (MET)
x_reg[8]$_SDFFE_PN0P_/D (sg13g2_dfrbpq_1)   15.49    2.96   12.53 (MET)
y_reg[6]$_SDFFE_PN0P_/D (sg13g2_dfrbpq_1)   15.49    2.96   12.53 (MET)
y_reg[6]$_SDFFE_PN0P_/D (sg13g2_dfrbpq_1)   15.49    2.96   12.53 (MET)
y_reg[6]$_SDFFE_PN0P_/D (sg13g2_dfrbpq_1)   15.49    2.96   12.53 (MET)
y_reg[6]$_SDFFE_PN0P_/D (sg13g2_dfrbpq_1)   15.49    2.96   12.53 (MET)
y_reg[6]$_SDFFE_PN0P_/D (sg13g2_dfrbpq_1)   15.49    2.96   12.53 (MET)
y_reg[6]$_SDFFE_PN0P_/D (sg13g2_dfrbpq_1)   15.49    2.96   12.53 (MET)
y_reg[6]$_SDFFE_PN0P_/D (sg13g2_dfrbpq_1)   15.49    2.96   12.53 (MET)
y_reg[6]$_SDFFE_PN0P_/D (sg13g2_dfrbpq_1)   15.49    2.96   12.53 (MET)
y_reg[7]$_SDFFE_PN0P_/D (sg13g2_dfrbpq_1)   15.49    2.96   12.53 (MET)
y_reg[8]$_SDFFE_PN0P_/D (sg13g2_dfrbpq_1)   15.49    2.96   12.53 (MET)
x_reg[9]$_SDFFE_PN0P_/D (sg13g2_dfrbpq_1)   15.49    2.96   12.53 (MET)
x_reg[9]$_SDFFE_PN0P_/D (sg13g2_dfrbpq_1)   15.49    2.96   12.53 (MET)
x_reg[9]$_SDFFE_PN0P_/D (sg13g2_dfrbpq_1)   15.49    2.96   12.53 (MET)
x_reg[9]$_SDFFE_PN0P_/D (sg13g2_dfrbpq_1)   15.49    2.96   12.53 (MET)
x_reg[9]$_SDFFE_PN0P_/D (sg13g2_dfrbpq_1)   15.49    2.96   12.53 (MET)
x_reg[9]$_SDFFE_PN0P_/D (sg13g2_dfrbpq_1)   15.49    2.96   12.53 (MET)
x_reg[9]$_SDFFE_PN0P_/D (sg13g2_dfrbpq_1)   15.49    2.96   12.53 (MET)
x_reg[9]$_SDFFE_PN0P_/D (sg13g2_dfrbpq_1)   15.49    2.96   12.53 (MET)
x_reg[9]$_SDFFE_PN0P_/D (sg13g2_dfrbpq_1)   15.49    2.96   12.53 (MET)
x_reg[9]$_SDFFE_PN0P_/D (sg13g2_dfrbpq_1)   15.49    2.96   12.53 (MET)
x_reg[9]$_SDFFE_PN0P_/D (sg13g2_dfrbpq_1)   15.49    2.96   12.53 (MET)
x_reg[9]$_SDFFE_PN0P_/D (sg13g2_dfrbpq_1)   15.49    2.96   12.53 (MET)
x_reg[9]$_SDFFE_PN0P_/D (sg13g2_dfrbpq_1)   15.49    2.96   12.53 (MET)
x_reg[9]$_SDFFE_PN0P_/D (sg13g2_dfrbpq_1)   15.49    2.96   12.53 (MET)
x_reg[9]$_SDFFE_PN0P_/D (sg13g2_dfrbpq_1)   15.49    2.96   12.53 (MET)
x_reg[9]$_SDFFE_PN0P_/D (sg13g2_dfrbpq_1)   15.49    2.96   12.53 (MET)
y_reg[7]$_SDFFE_PN0P_/D (sg13g2_dfrbpq_1)   15.49    2.96   12.53 (MET)
y_reg[6]$_SDFFE_PN0P_/D (sg13g2_dfrbpq_1)   15.49    2.96   12.53 (MET)
y_reg[6]$_SDFFE_PN0P_/D (sg13g2_dfrbpq_1)   15.49    2.96   12.53 (MET)
y_reg[6]$_SDFFE_PN0P_/D (sg13g2_dfrbpq_1)   15.49    2.96   12.53 (MET)
y_reg[6]$_SDFFE_PN0P_/D (sg13g2_dfrbpq_1)   15.49    2.96   12.53 (MET)
y_reg[8]$_SDFFE_PN0P_/D (sg13g2_dfrbpq_1)   15.49    2.96   12.53 (MET)
y_reg[8]$_SDFFE_PN0P_/D (sg13g2_dfrbpq_1)   15.49    2.96   12.53 (MET)
y_reg[6]$_SDFFE_PN0P_/D (sg13g2_dfrbpq_1)   15.49    2.96   12.53 (MET)
y_reg[6]$_SDFFE_PN0P_/D (sg13g2_dfrbpq_1)   15.49    2.96   12.53 (MET)
y_reg[6]$_SDFFE_PN0P_/D (sg13g2_dfrbpq_1)   15.49    2.96   12.53 (MET)
y_reg[6]$_SDFFE_PN0P_/D (sg13g2_dfrbpq_1)   15.49    2.96   12.53 (MET)
y_reg[6]$_SDFFE_PN0P_/D (sg13g2_dfrbpq_1)   15.49    2.96   12.53 (MET)
y_reg[6]$_SDFFE_PN0P_/D (sg13g2_dfrbpq_1)   15.49    2.96   12.53 (MET)
y_reg[6]$_SDFFE_PN0P_/D (sg13g2_dfrbpq_1)   15.49    2.96   12.53 (MET)
y_reg[6]$_SDFFE_PN0P_/D (sg13g2_dfrbpq_1)   15.49    2.96   12.53 (MET)
y_reg[6]$_SDFFE_PN0P_/D (sg13g2_dfrbpq_1)   15.49    2.96   12.53 (MET)
y_reg[6]$_SDFFE_PN0P_/D (sg13g2_dfrbpq_1)   15.49    2.96   12.53 (MET)
y_reg[9]$_SDFFE_PN0P_/D (sg13g2_dfrbpq_1)   15.49    2.96   12.53 (MET)
y_reg[9]$_SDFFE_PN0P_/D (sg13g2_dfrbpq_1)   15.49    2.96   12.53 (MET)
y_reg[6]$_SDFFE_PN0P_/D (sg13g2_dfrbpq_1)   15.49    2.96   12.53 (MET)
y_reg[6]$_SDFFE_PN0P_/D (sg13g2_dfrbpq_1)   15.49    2.96   12.53 (MET)
x_reg[8]$_SDFFE_PN0P_/D (sg13g2_dfrbpq_1)   15.49    2.96   12.53 (MET)
x_reg[8]$_SDFFE_PN0P_/D (sg13g2_dfrbpq_1)   15.49    2.96   12.53 (MET)
x_reg[8]$_SDFFE_PN0P_/D (sg13g2_dfrbpq_1)   15.49    2.96   12.53 (MET)
x_reg[8]$_SDFFE_PN0P_/D (sg13g2_dfrbpq_1)   15.49    2.96   12.53 (MET)
x_reg[8]$_SDFFE_PN0P_/D (sg13g2_dfrbpq_1)   15.49    2.96   12.53 (MET)
x_reg[8]$_SDFFE_PN0P_/D (sg13g2_dfrbpq_1)   15.49    2.96   12.53 (MET)
x_reg[8]$_SDFFE_PN0P_/D (sg13g2_dfrbpq_1)   15.49    2.96   12.53 (MET)
x_reg[8]$_SDFFE_PN0P_/D (sg13g2_dfrbpq_1)   15.49    2.96   12.53 (MET)
x_reg[8]$_SDFFE_PN0P_/D (sg13g2_dfrbpq_1)   15.49    2.96   12.53 (MET)
x_reg[8]$_SDFFE_PN0P_/D (sg13g2_dfrbpq_1)   15.49    2.96   12.53 (MET)
x_reg[8]$_SDFFE_PN0P_/D (sg13g2_dfrbpq_1)   15.49    2.96   12.53 (MET)
x_reg[8]$_SDFFE_PN0P_/D (sg13g2_dfrbpq_1)   15.49    2.96   12.53 (MET)
y_reg[6]$_SDFFE_PN0P_/D (sg13g2_dfrbpq_1)   15.49    2.96   12.53 (MET)
y_reg[6]$_SDFFE_PN0P_/D (sg13g2_dfrbpq_1)   15.49    2.96   12.53 (MET)
y_reg[8]$_SDFFE_PN0P_/D (sg13g2_dfrbpq_1)   15.48    2.95   12.53 (MET)
y_reg[8]$_SDFFE_PN0P_/D (sg13g2_dfrbpq_1)   15.48    2.95   12.53 (MET)
y_reg[8]$_SDFFE_PN0P_/D (sg13g2_dfrbpq_1)   15.48    2.95   12.53 (MET)
y_reg[8]$_SDFFE_PN0P_/D (sg13g2_dfrbpq_1)   15.48    2.95   12.53 (MET)
y_reg[8]$_SDFFE_PN0P_/D (sg13g2_dfrbpq_1)   15.49    2.96   12.53 (MET)
y_reg[8]$_SDFFE_PN0P_/D (sg13g2_dfrbpq_1)   15.49    2.96   12.53 (MET)
y_reg[8]$_SDFFE_PN0P_/D (sg13g2_dfrbpq_1)   15.48    2.95   12.53 (MET)
y_reg[8]$_SDFFE_PN0P_/D (sg13g2_dfrbpq_1)   15.48    2.95   12.53 (MET)
y_reg[8]$_SDFFE_PN0P_/D (sg13g2_dfrbpq_1)   15.48    2.95   12.53 (MET)
y_reg[8]$_SDFFE_PN0P_/D (sg13g2_dfrbpq_1)   15.48    2.95   12.53 (MET)
y_reg[8]$_SDFFE_PN0P_/D (sg13g2_dfrbpq_1)   15.49    2.96   12.53 (MET)
y_reg[8]$_SDFFE_PN0P_/D (sg13g2_dfrbpq_1)   15.49    2.96   12.53 (MET)
z_reg[4]$_SDFFE_PN0P_/D (sg13g2_dfrbpq_1)   15.48    2.96   12.53 (MET)
z_reg[4]$_SDFFE_PN0P_/D (sg13g2_dfrbpq_1)   15.48    2.96   12.53 (MET)
y_reg[6]$_SDFFE_PN0P_/D (sg13g2_dfrbpq_1)   15.49    2.96   12.53 (MET)
y_reg[6]$_SDFFE_PN0P_/D (sg13g2_dfrbpq_1)   15.49    2.96   12.53 (MET)
y_reg[6]$_SDFFE_PN0P_/D (sg13g2_dfrbpq_1)   15.49    2.96   12.53 (MET)
y_reg[6]$_SDFFE_PN0P_/D (sg13g2_dfrbpq_1)   15.49    2.96   12.53 (MET)
y_reg[6]$_SDFFE_PN0P_/D (sg13g2_dfrbpq_1)   15.49    2.96   12.53 (MET)
y_reg[6]$_SDFFE_PN0P_/D (sg13g2_dfrbpq_1)   15.49    2.96   12.53 (MET)
y_reg[6]$_SDFFE_PN0P_/D (sg13g2_dfrbpq_1)   15.49    2.96   12.53 (MET)
y_reg[6]$_SDFFE_PN0P_/D (sg13g2_dfrbpq_1)   15.49    2.96   12.53 (MET)
y_reg[9]$_SDFFE_PN0P_/D (sg13g2_dfrbpq_1)   15.48    2.96   12.53 (MET)
y_reg[9]$_SDFFE_PN0P_/D (sg13g2_dfrbpq_1)   15.48    2.96   12.53 (MET)
y_reg[9]$_SDFFE_PN0P_/D (sg13g2_dfrbpq_1)   15.48    2.96   12.53 (MET)
y_reg[9]$_SDFFE_PN0P_/D (sg13g2_dfrbpq_1)   15.48    2.96   12.53 (MET)
x_reg[7]$_SDFFE_PN0P_/D (sg13g2_dfrbpq_1)   15.47    2.94   12.53 (MET)
x_reg[7]$_SDFFE_PN0P_/D (sg13g2_dfrbpq_1)   15.47    2.94   12.53 (MET)
y_reg[6]$_SDFFE_PN0P_/D (sg13g2_dfrbpq_1)   15.49    2.96   12.53 (MET)
y_reg[6]$_SDFFE_PN0P_/D (sg13g2_dfrbpq_1)   15.49    2.96   12.53 (MET)
y_reg[6]$_SDFFE_PN0P_/D (sg13g2_dfrbpq_1)   15.49    2.96   12.53 (MET)
y_reg[6]$_SDFFE_PN0P_/D (sg13g2_dfrbpq_1)   15.49    2.96   12.53 (MET)
y_reg[6]$_SDFFE_PN0P_/D (sg13g2_dfrbpq_1)   15.49    2.96   12.53 (MET)
y_reg[6]$_SDFFE_PN0P_/D (sg13g2_dfrbpq_1)   15.49    2.96   12.53 (MET)
y_reg[6]$_SDFFE_PN0P_/D (sg13g2_dfrbpq_1)   15.49    2.96   12.53 (MET)
y_reg[6]$_SDFFE_PN0P_/D (sg13g2_dfrbpq_1)   15.49    2.96   12.53 (MET)
y_reg[6]$_SDFFE_PN0P_/D (sg13g2_dfrbpq_1)   15.49    2.96   12.53 (MET)
y_reg[6]$_SDFFE_PN0P_/D (sg13g2_dfrbpq_1)   15.49    2.96   12.53 (MET)
y_reg[6]$_SDFFE_PN0P_/D (sg13g2_dfrbpq_1)   15.49    2.96   12.53 (MET)
y_reg[6]$_SDFFE_PN0P_/D (sg13g2_dfrbpq_1)   15.49    2.96   12.53 (MET)
y_reg[6]$_SDFFE_PN0P_/D (sg13g2_dfrbpq_1)   15.49    2.96   12.53 (MET)
y_reg[6]$_SDFFE_PN0P_/D (sg13g2_dfrbpq_1)   15.49    2.96   12.53 (MET)
y_reg[6]$_SDFFE_PN0P_/D (sg13g2_dfrbpq_1)   15.49    2.96   12.53 (MET)
y_reg[6]$_SDFFE_PN0P_/D (sg13g2_dfrbpq_1)   15.49    2.96   12.53 (MET)
y_reg[6]$_SDFFE_PN0P_/D (sg13g2_dfrbpq_1)   15.49    2.96   12.53 (MET)
y_reg[6]$_SDFFE_PN0P_/D (sg13g2_dfrbpq_1)   15.49    2.96   12.53 (MET)
x_reg[7]$_SDFFE_PN0P_/D (sg13g2_dfrbpq_1)   15.47    2.94   12.53 (MET)
x_reg[7]$_SDFFE_PN0P_/D (sg13g2_dfrbpq_1)   15.47    2.94   12.53 (MET)
y_reg[9]$_SDFFE_PN0P_/D (sg13g2_dfrbpq_1)   15.48    2.96   12.53 (MET)
y_reg[9]$_SDFFE_PN0P_/D (sg13g2_dfrbpq_1)   15.48    2.96   12.53 (MET)
y_reg[6]$_SDFFE_PN0P_/D (sg13g2_dfrbpq_1)   15.49    2.96   12.53 (MET)
y_reg[6]$_SDFFE_PN0P_/D (sg13g2_dfrbpq_1)   15.49    2.96   12.53 (MET)
y_reg[6]$_SDFFE_PN0P_/D (sg13g2_dfrbpq_1)   15.49    2.96   12.53 (MET)
y_reg[6]$_SDFFE_PN0P_/D (sg13g2_dfrbpq_1)   15.49    2.96   12.53 (MET)
y_reg[6]$_SDFFE_PN0P_/D (sg13g2_dfrbpq_1)   15.49    2.96   12.53 (MET)
y_reg[6]$_SDFFE_PN0P_/D (sg13g2_dfrbpq_1)   15.49    2.96   12.53 (MET)
y_reg[6]$_SDFFE_PN0P_/D (sg13g2_dfrbpq_1)   15.49    2.96   12.53 (MET)
y_reg[6]$_SDFFE_PN0P_/D (sg13g2_dfrbpq_1)   15.49    2.96   12.53 (MET)
y_reg[6]$_SDFFE_PN0P_/D (sg13g2_dfrbpq_1)   15.49    2.96   12.53 (MET)
y_reg[6]$_SDFFE_PN0P_/D (sg13g2_dfrbpq_1)   15.49    2.96   12.53 (MET)
y_reg[8]$_SDFFE_PN0P_/D (sg13g2_dfrbpq_1)   15.49    2.96   12.53 (MET)
y_reg[8]$_SDFFE_PN0P_/D (sg13g2_dfrbpq_1)   15.49    2.96   12.53 (MET)
y_reg[9]$_SDFFE_PN0P_/D (sg13g2_dfrbpq_1)   15.49    2.96   12.53 (MET)
y_reg[9]$_SDFFE_PN0P_/D (sg13g2_dfrbpq_1)   15.49    2.96   12.53 (MET)
x_reg[8]$_SDFFE_PN0P_/D (sg13g2_dfrbpq_1)   15.49    2.96   12.53 (MET)
x_reg[8]$_SDFFE_PN0P_/D (sg13g2_dfrbpq_1)   15.49    2.96   12.53 (MET)
x_reg[8]$_SDFFE_PN0P_/D (sg13g2_dfrbpq_1)   15.49    2.96   12.53 (MET)
x_reg[8]$_SDFFE_PN0P_/D (sg13g2_dfrbpq_1)   15.49    2.96   12.53 (MET)
y_reg[6]$_SDFFE_PN0P_/D (sg13g2_dfrbpq_1)   15.49    2.96   12.53 (MET)
y_reg[6]$_SDFFE_PN0P_/D (sg13g2_dfrbpq_1)   15.49    2.96   12.53 (MET)
y_reg[7]$_SDFFE_PN0P_/D (sg13g2_dfrbpq_1)   15.48    2.95   12.53 (MET)
y_reg[8]$_SDFFE_PN0P_/D (sg13g2_dfrbpq_1)   15.48    2.95   12.53 (MET)
y_reg[8]$_SDFFE_PN0P_/D (sg13g2_dfrbpq_1)   15.48    2.95   12.53 (MET)
y_reg[8]$_SDFFE_PN0P_/D (sg13g2_dfrbpq_1)   15.48    2.95   12.53 (MET)
y_reg[8]$_SDFFE_PN0P_/D (sg13g2_dfrbpq_1)   15.48    2.95   12.53 (MET)
y_reg[9]$_SDFFE_PN0P_/D (sg13g2_dfrbpq_1)   15.49    2.96   12.53 (MET)
y_reg[9]$_SDFFE_PN0P_/D (sg13g2_dfrbpq_1)   15.49    2.96   12.53 (MET)
y_reg[9]$_SDFFE_PN0P_/D (sg13g2_dfrbpq_1)   15.49    2.96   12.53 (MET)
y_reg[9]$_SDFFE_PN0P_/D (sg13g2_dfrbpq_1)   15.49    2.96   12.53 (MET)
x_reg[9]$_SDFFE_PN0P_/D (sg13g2_dfrbpq_1)   15.49    2.96   12.53 (MET)
x_reg[9]$_SDFFE_PN0P_/D (sg13g2_dfrbpq_1)   15.49    2.96   12.53 (MET)
x_reg[9]$_SDFFE_PN0P_/D (sg13g2_dfrbpq_1)   15.49    2.96   12.53 (MET)
x_reg[9]$_SDFFE_PN0P_/D (sg13g2_dfrbpq_1)   15.49    2.96   12.53 (MET)
y_reg[7]$_SDFFE_PN0P_/D (sg13g2_dfrbpq_1)   15.48    2.95   12.53 (MET)
y_reg[6]$_SDFFE_PN0P_/D (sg13g2_dfrbpq_1)   15.49    2.96   12.53 (MET)
y_reg[6]$_SDFFE_PN0P_/D (sg13g2_dfrbpq_1)   15.49    2.96   12.53 (MET)
y_reg[6]$_SDFFE_PN0P_/D (sg13g2_dfrbpq_1)   15.49    2.96   12.53 (MET)
y_reg[6]$_SDFFE_PN0P_/D (sg13g2_dfrbpq_1)   15.49    2.96   12.53 (MET)
y_reg[6]$_SDFFE_PN0P_/D (sg13g2_dfrbpq_1)   15.49    2.96   12.53 (MET)
y_reg[6]$_SDFFE_PN0P_/D (sg13g2_dfrbpq_1)   15.49    2.96   12.53 (MET)
y_reg[6]$_SDFFE_PN0P_/D (sg13g2_dfrbpq_1)   15.49    2.96   12.53 (MET)
y_reg[6]$_SDFFE_PN0P_/D (sg13g2_dfrbpq_1)   15.49    2.96   12.53 (MET)
y_reg[9]$_SDFFE_PN0P_/D (sg13g2_dfrbpq_1)   15.49    2.96   12.53 (MET)
y_reg[9]$_SDFFE_PN0P_/D (sg13g2_dfrbpq_1)   15.49    2.96   12.53 (MET)
x_reg[8]$_SDFFE_PN0P_/D (sg13g2_dfrbpq_1)   15.49    2.96   12.53 (MET)
x_reg[8]$_SDFFE_PN0P_/D (sg13g2_dfrbpq_1)   15.49    2.96   12.53 (MET)
x_reg[8]$_SDFFE_PN0P_/D (sg13g2_dfrbpq_1)   15.49    2.96   12.53 (MET)
x_reg[8]$_SDFFE_PN0P_/D (sg13g2_dfrbpq_1)   15.49    2.96   12.53 (MET)
y_reg[6]$_SDFFE_PN0P_/D (sg13g2_dfrbpq_1)   15.49    2.96   12.53 (MET)
x_reg[7]$_SDFFE_PN0P_/D (sg13g2_dfrbpq_1)   15.47    2.94   12.53 (MET)
x_reg[7]$_SDFFE_PN0P_/D (sg13g2_dfrbpq_1)   15.47    2.94   12.53 (MET)
x_reg[7]$_SDFFE_PN0P_/D (sg13g2_dfrbpq_1)   15.47    2.94   12.53 (MET)
x_reg[7]$_SDFFE_PN0P_/D (sg13g2_dfrbpq_1)   15.47    2.94   12.53 (MET)
y_reg[6]$_SDFFE_PN0P_/D (sg13g2_dfrbpq_1)   15.49    2.96   12.53 (MET)
y_reg[6]$_SDFFE_PN0P_/D (sg13g2_dfrbpq_1)   15.49    2.96   12.53 (MET)
y_reg[6]$_SDFFE_PN0P_/D (sg13g2_dfrbpq_1)   15.49    2.96   12.53 (MET)
y_reg[6]$_SDFFE_PN0P_/D (sg13g2_dfrbpq_1)   15.49    2.96   12.53 (MET)
y_reg[6]$_SDFFE_PN0P_/D (sg13g2_dfrbpq_1)   15.49    2.96   12.53 (MET)
y_reg[6]$_SDFFE_PN0P_/D (sg13g2_dfrbpq_1)   15.49    2.96   12.53 (MET)
y_reg[6]$_SDFFE_PN0P_/D (sg13g2_dfrbpq_1)   15.49    2.96   12.53 (MET)
y_reg[6]$_SDFFE_PN0P_/D (sg13g2_dfrbpq_1)   15.49    2.96   12.53 (MET)
y_reg[6]$_SDFFE_PN0P_/D (sg13g2_dfrbpq_1)   15.49    2.96   12.53 (MET)
y_reg[6]$_SDFFE_PN0P_/D (sg13g2_dfrbpq_1)   15.49    2.96   12.53 (MET)
y_reg[6]$_SDFFE_PN0P_/D (sg13g2_dfrbpq_1)   15.49    2.96   12.53 (MET)
x_reg[8]$_SDFFE_PN0P_/D (sg13g2_dfrbpq_1)   15.49    2.96   12.53 (MET)
x_reg[8]$_SDFFE_PN0P_/D (sg13g2_dfrbpq_1)   15.49    2.96   12.53 (MET)
y_reg[6]$_SDFFE_PN0P_/D (sg13g2_dfrbpq_1)   15.49    2.96   12.53 (MET)
y_reg[6]$_SDFFE_PN0P_/D (sg13g2_dfrbpq_1)   15.49    2.96   12.53 (MET)
y_reg[6]$_SDFFE_PN0P_/D (sg13g2_dfrbpq_1)   15.49    2.96   12.53 (MET)
y_reg[6]$_SDFFE_PN0P_/D (sg13g2_dfrbpq_1)   15.49    2.96   12.53 (MET)
y_reg[6]$_SDFFE_PN0P_/D (sg13g2_dfrbpq_1)   15.49    2.96   12.53 (MET)
y_reg[6]$_SDFFE_PN0P_/D (sg13g2_dfrbpq_1)   15.49    2.96   12.53 (MET)
y_reg[6]$_SDFFE_PN0P_/D (sg13g2_dfrbpq_1)   15.49    2.96   12.53 (MET)
y_reg[6]$_SDFFE_PN0P_/D (sg13g2_dfrbpq_1)   15.49    2.96   12.53 (MET)
y_reg[8]$_SDFFE_PN0P_/D (sg13g2_dfrbpq_1)   15.49    2.96   12.53 (MET)
y_reg[8]$_SDFFE_PN0P_/D (sg13g2_dfrbpq_1)   15.49    2.96   12.53 (MET)
y_reg[6]$_SDFFE_PN0P_/D (sg13g2_dfrbpq_1)   15.49    2.96   12.53 (MET)
y_reg[6]$_SDFFE_PN0P_/D (sg13g2_dfrbpq_1)   15.49    2.96   12.53 (MET)
y_reg[6]$_SDFFE_PN0P_/D (sg13g2_dfrbpq_1)   15.49    2.96   12.53 (MET)
y_reg[6]$_SDFFE_PN0P_/D (sg13g2_dfrbpq_1)   15.49    2.96   12.53 (MET)
y_reg[6]$_SDFFE_PN0P_/D (sg13g2_dfrbpq_1)   15.49    2.96   12.53 (MET)
y_reg[6]$_SDFFE_PN0P_/D (sg13g2_dfrbpq_1)   15.49    2.96   12.53 (MET)
y_reg[6]$_SDFFE_PN0P_/D (sg13g2_dfrbpq_1)   15.49    2.96   12.53 (MET)
y_reg[6]$_SDFFE_PN0P_/D (sg13g2_dfrbpq_1)   15.49    2.96   12.53 (MET)
y_reg[8]$_SDFFE_PN0P_/D (sg13g2_dfrbpq_1)   15.49    2.96   12.53 (MET)
y_reg[8]$_SDFFE_PN0P_/D (sg13g2_dfrbpq_1)   15.49    2.96   12.53 (MET)
y_reg[8]$_SDFFE_PN0P_/D (sg13g2_dfrbpq_1)   15.49    2.96   12.53 (MET)
y_reg[8]$_SDFFE_PN0P_/D (sg13g2_dfrbpq_1)   15.49    2.96   12.53 (MET)
y_reg[8]$_SDFFE_PN0P_/D (sg13g2_dfrbpq_1)   15.48    2.95   12.53 (MET)
y_reg[8]$_SDFFE_PN0P_/D (sg13g2_dfrbpq_1)   15.48    2.95   12.53 (MET)
y_reg[8]$_SDFFE_PN0P_/D (sg13g2_dfrbpq_1)   15.49    2.96   12.53 (MET)
y_reg[8]$_SDFFE_PN0P_/D (sg13g2_dfrbpq_1)   15.49    2.96   12.53 (MET)
y_reg[8]$_SDFFE_PN0P_/D (sg13g2_dfrbpq_1)   15.49    2.96   12.53 (MET)
y_reg[8]$_SDFFE_PN0P_/D (sg13g2_dfrbpq_1)   15.49    2.96   12.53 (MET)
y_reg[9]$_SDFFE_PN0P_/D (sg13g2_dfrbpq_1)   15.49    2.96   12.53 (MET)
y_reg[9]$_SDFFE_PN0P_/D (sg13g2_dfrbpq_1)   15.49    2.96   12.53 (MET)
y_reg[6]$_SDFFE_PN0P_/D (sg13g2_dfrbpq_1)   15.49    2.96   12.53 (MET)
y_reg[6]$_SDFFE_PN0P_/D (sg13g2_dfrbpq_1)   15.49    2.96   12.53 (MET)
y_reg[8]$_SDFFE_PN0P_/D (sg13g2_dfrbpq_1)   15.49    2.96   12.53 (MET)
y_reg[8]$_SDFFE_PN0P_/D (sg13g2_dfrbpq_1)   15.49    2.96   12.53 (MET)
y_reg[8]$_SDFFE_PN0P_/D (sg13g2_dfrbpq_1)   15.49    2.96   12.53 (MET)
y_reg[8]$_SDFFE_PN0P_/D (sg13g2_dfrbpq_1)   15.49    2.96   12.53 (MET)
y_reg[8]$_SDFFE_PN0P_/D (sg13g2_dfrbpq_1)   15.49    2.96   12.53 (MET)
y_reg[8]$_SDFFE_PN0P_/D (sg13g2_dfrbpq_1)   15.49    2.96   12.53 (MET)
y_reg[8]$_SDFFE_PN0P_/D (sg13g2_dfrbpq_1)   15.49    2.96   12.53 (MET)
y_reg[8]$_SDFFE_PN0P_/D (sg13g2_dfrbpq_1)   15.49    2.96   12.53 (MET)
y_reg[8]$_SDFFE_PN0P_/D (sg13g2_dfrbpq_1)   15.49    2.96   12.53 (MET)
y_reg[8]$_SDFFE_PN0P_/D (sg13g2_dfrbpq_1)   15.49    2.96   12.53 (MET)
y_reg[8]$_SDFFE_PN0P_/D (sg13g2_dfrbpq_1)   15.49    2.96   12.53 (MET)
y_reg[8]$_SDFFE_PN0P_/D (sg13g2_dfrbpq_1)   15.49    2.96   12.53 (MET)
y_reg[9]$_SDFFE_PN0P_/D (sg13g2_dfrbpq_1)   15.49    2.96   12.53 (MET)
y_reg[9]$_SDFFE_PN0P_/D (sg13g2_dfrbpq_1)   15.49    2.96   12.53 (MET)
x_reg[8]$_SDFFE_PN0P_/D (sg13g2_dfrbpq_1)   15.49    2.96   12.53 (MET)
x_reg[8]$_SDFFE_PN0P_/D (sg13g2_dfrbpq_1)   15.49    2.96   12.53 (MET)
x_reg[8]$_SDFFE_PN0P_/D (sg13g2_dfrbpq_1)   15.49    2.96   12.53 (MET)
x_reg[8]$_SDFFE_PN0P_/D (sg13g2_dfrbpq_1)   15.49    2.96   12.53 (MET)
y_reg[6]$_SDFFE_PN0P_/D (sg13g2_dfrbpq_1)   15.49    2.96   12.53 (MET)
y_reg[6]$_SDFFE_PN0P_/D (sg13g2_dfrbpq_1)   15.49    2.96   12.53 (MET)
y_reg[6]$_SDFFE_PN0P_/D (sg13g2_dfrbpq_1)   15.49    2.96   12.53 (MET)
y_reg[6]$_SDFFE_PN0P_/D (sg13g2_dfrbpq_1)   15.49    2.96   12.53 (MET)
y_reg[9]$_SDFFE_PN0P_/D (sg13g2_dfrbpq_1)   15.48    2.96   12.53 (MET)
y_reg[9]$_SDFFE_PN0P_/D (sg13g2_dfrbpq_1)   15.48    2.96   12.53 (MET)
y_reg[7]$_SDFFE_PN0P_/D (sg13g2_dfrbpq_1)   15.49    2.96   12.53 (MET)
y_reg[7]$_SDFFE_PN0P_/D (sg13g2_dfrbpq_1)   15.49    2.96   12.53 (MET)
y_reg[6]$_SDFFE_PN0P_/D (sg13g2_dfrbpq_1)   15.49    2.96   12.53 (MET)
y_reg[6]$_SDFFE_PN0P_/D (sg13g2_dfrbpq_1)   15.49    2.96   12.53 (MET)
y_reg[6]$_SDFFE_PN0P_/D (sg13g2_dfrbpq_1)   15.49    2.96   12.53 (MET)
y_reg[6]$_SDFFE_PN0P_/D (sg13g2_dfrbpq_1)   15.49    2.96   12.53 (MET)
y_reg[9]$_SDFFE_PN0P_/D (sg13g2_dfrbpq_1)   15.48    2.96   12.53 (MET)
y_reg[9]$_SDFFE_PN0P_/D (sg13g2_dfrbpq_1)   15.48    2.96   12.53 (MET)
y_reg[9]$_SDFFE_PN0P_/D (sg13g2_dfrbpq_1)   15.48    2.96   12.53 (MET)
y_reg[6]$_SDFFE_PN0P_/D (sg13g2_dfrbpq_1)   15.49    2.96   12.53 (MET)
y_reg[9]$_SDFFE_PN0P_/D (sg13g2_dfrbpq_1)   15.48    2.96   12.53 (MET)
y_reg[6]$_SDFFE_PN0P_/D (sg13g2_dfrbpq_1)   15.49    2.96   12.53 (MET)
y_reg[8]$_SDFFE_PN0P_/D (sg13g2_dfrbpq_1)   15.49    2.96   12.53 (MET)
y_reg[6]$_SDFFE_PN0P_/D (sg13g2_dfrbpq_1)   15.49    2.96   12.53 (MET)
y_reg[6]$_SDFFE_PN0P_/D (sg13g2_dfrbpq_1)   15.49    2.96   12.53 (MET)
y_reg[6]$_SDFFE_PN0P_/D (sg13g2_dfrbpq_1)   15.49    2.96   12.53 (MET)
y_reg[6]$_SDFFE_PN0P_/D (sg13g2_dfrbpq_1)   15.49    2.96   12.53 (MET)
y_reg[6]$_SDFFE_PN0P_/D (sg13g2_dfrbpq_1)   15.49    2.96   12.53 (MET)
y_reg[6]$_SDFFE_PN0P_/D (sg13g2_dfrbpq_1)   15.49    2.96   12.53 (MET)
y_reg[6]$_SDFFE_PN0P_/D (sg13g2_dfrbpq_1)   15.49    2.96   12.53 (MET)
y_reg[6]$_SDFFE_PN0P_/D (sg13g2_dfrbpq_1)   15.49    2.96   12.53 (MET)
y_reg[6]$_SDFFE_PN0P_/D (sg13g2_dfrbpq_1)   15.49    2.96   12.53 (MET)
y_reg[6]$_SDFFE_PN0P_/D (sg13g2_dfrbpq_1)   15.49    2.96   12.53 (MET)
y_reg[6]$_SDFFE_PN0P_/D (sg13g2_dfrbpq_1)   15.49    2.96   12.53 (MET)
y_reg[6]$_SDFFE_PN0P_/D (sg13g2_dfrbpq_1)   15.49    2.96   12.53 (MET)
y_reg[6]$_SDFFE_PN0P_/D (sg13g2_dfrbpq_1)   15.49    2.96   12.53 (MET)
y_reg[6]$_SDFFE_PN0P_/D (sg13g2_dfrbpq_1)   15.49    2.96   12.53 (MET)
y_reg[6]$_SDFFE_PN0P_/D (sg13g2_dfrbpq_1)   15.49    2.96   12.53 (MET)
y_reg[6]$_SDFFE_PN0P_/D (sg13g2_dfrbpq_1)   15.49    2.96   12.53 (MET)
y_reg[8]$_SDFFE_PN0P_/D (sg13g2_dfrbpq_1)   15.49    2.96   12.53 (MET)
y_reg[6]$_SDFFE_PN0P_/D (sg13g2_dfrbpq_1)   15.49    2.96   12.53 (MET)
y_reg[7]$_SDFFE_PN0P_/D (sg13g2_dfrbpq_1)   15.48    2.95   12.53 (MET)
y_reg[7]$_SDFFE_PN0P_/D (sg13g2_dfrbpq_1)   15.48    2.95   12.53 (MET)
x_reg[8]$_SDFFE_PN0P_/D (sg13g2_dfrbpq_1)   15.49    2.96   12.53 (MET)
x_reg[8]$_SDFFE_PN0P_/D (sg13g2_dfrbpq_1)   15.49    2.96   12.53 (MET)
x_reg[8]$_SDFFE_PN0P_/D (sg13g2_dfrbpq_1)   15.49    2.96   12.53 (MET)
x_reg[8]$_SDFFE_PN0P_/D (sg13g2_dfrbpq_1)   15.49    2.96   12.53 (MET)
y_reg[6]$_SDFFE_PN0P_/D (sg13g2_dfrbpq_1)   15.49    2.96   12.53 (MET)
y_reg[6]$_SDFFE_PN0P_/D (sg13g2_dfrbpq_1)   15.49    2.96   12.53 (MET)
y_reg[6]$_SDFFE_PN0P_/D (sg13g2_dfrbpq_1)   15.49    2.96   12.53 (MET)
y_reg[7]$_SDFFE_PN0P_/D (sg13g2_dfrbpq_1)   15.48    2.95   12.53 (MET)
y_reg[7]$_SDFFE_PN0P_/D (sg13g2_dfrbpq_1)   15.48    2.95   12.53 (MET)
y_reg[7]$_SDFFE_PN0P_/D (sg13g2_dfrbpq_1)   15.49    2.96   12.53 (MET)
y_reg[7]$_SDFFE_PN0P_/D (sg13g2_dfrbpq_1)   15.49    2.96   12.53 (MET)
y_reg[8]$_SDFFE_PN0P_/D (sg13g2_dfrbpq_1)   15.49    2.96   12.53 (MET)
y_reg[8]$_SDFFE_PN0P_/D (sg13g2_dfrbpq_1)   15.49    2.96   12.53 (MET)
y_reg[7]$_SDFFE_PN0P_/D (sg13g2_dfrbpq_1)   15.49    2.96   12.53 (MET)
y_reg[7]$_SDFFE_PN0P_/D (sg13g2_dfrbpq_1)   15.49    2.96   12.53 (MET)
y_reg[7]$_SDFFE_PN0P_/D (sg13g2_dfrbpq_1)   15.49    2.96   12.53 (MET)
y_reg[8]$_SDFFE_PN0P_/D (sg13g2_dfrbpq_1)   15.49    2.96   12.53 (MET)
y_reg[8]$_SDFFE_PN0P_/D (sg13g2_dfrbpq_1)   15.49    2.96   12.53 (MET)
x_reg[9]$_SDFFE_PN0P_/D (sg13g2_dfrbpq_1)   15.49    2.96   12.53 (MET)
x_reg[9]$_SDFFE_PN0P_/D (sg13g2_dfrbpq_1)   15.49    2.96   12.53 (MET)
x_reg[9]$_SDFFE_PN0P_/D (sg13g2_dfrbpq_1)   15.49    2.96   12.53 (MET)
x_reg[9]$_SDFFE_PN0P_/D (sg13g2_dfrbpq_1)   15.49    2.96   12.53 (MET)
y_reg[8]$_SDFFE_PN0P_/D (sg13g2_dfrbpq_1)   15.49    2.96   12.53 (MET)
y_reg[6]$_SDFFE_PN0P_/D (sg13g2_dfrbpq_1)   15.49    2.96   12.53 (MET)
y_reg[6]$_SDFFE_PN0P_/D (sg13g2_dfrbpq_1)   15.49    2.96   12.53 (MET)
y_reg[6]$_SDFFE_PN0P_/D (sg13g2_dfrbpq_1)   15.49    2.96   12.53 (MET)
y_reg[6]$_SDFFE_PN0P_/D (sg13g2_dfrbpq_1)   15.49    2.96   12.53 (MET)
y_reg[6]$_SDFFE_PN0P_/D (sg13g2_dfrbpq_1)   15.49    2.96   12.53 (MET)
y_reg[6]$_SDFFE_PN0P_/D (sg13g2_dfrbpq_1)   15.49    2.96   12.53 (MET)
y_reg[6]$_SDFFE_PN0P_/D (sg13g2_dfrbpq_1)   15.49    2.96   12.53 (MET)
y_reg[6]$_SDFFE_PN0P_/D (sg13g2_dfrbpq_1)   15.49    2.96   12.53 (MET)
y_reg[7]$_SDFFE_PN0P_/D (sg13g2_dfrbpq_1)   15.49    2.96   12.53 (MET)
y_reg[6]$_SDFFE_PN0P_/D (sg13g2_dfrbpq_1)   15.49    2.96   12.53 (MET)
y_reg[6]$_SDFFE_PN0P_/D (sg13g2_dfrbpq_1)   15.49    2.96   12.53 (MET)
y_reg[6]$_SDFFE_PN0P_/D (sg13g2_dfrbpq_1)   15.49    2.96   12.53 (MET)
y_reg[6]$_SDFFE_PN0P_/D (sg13g2_dfrbpq_1)   15.49    2.96   12.53 (MET)
y_reg[6]$_SDFFE_PN0P_/D (sg13g2_dfrbpq_1)   15.49    2.96   12.53 (MET)
y_reg[6]$_SDFFE_PN0P_/D (sg13g2_dfrbpq_1)   15.49    2.96   12.53 (MET)
y_reg[6]$_SDFFE_PN0P_/D (sg13g2_dfrbpq_1)   15.49    2.96   12.53 (MET)
y_reg[6]$_SDFFE_PN0P_/D (sg13g2_dfrbpq_1)   15.49    2.96   12.53 (MET)
y_reg[6]$_SDFFE_PN0P_/D (sg13g2_dfrbpq_1)   15.49    2.96   12.53 (MET)
y_reg[6]$_SDFFE_PN0P_/D (sg13g2_dfrbpq_1)   15.49    2.96   12.53 (MET)
y_reg[6]$_SDFFE_PN0P_/D (sg13g2_dfrbpq_1)   15.49    2.96   12.53 (MET)
y_reg[6]$_SDFFE_PN0P_/D (sg13g2_dfrbpq_1)   15.49    2.96   12.53 (MET)
x_reg[8]$_SDFFE_PN0P_/D (sg13g2_dfrbpq_1)   15.49    2.96   12.53 (MET)
y_reg[6]$_SDFFE_PN0P_/D (sg13g2_dfrbpq_1)   15.49    2.96   12.53 (MET)
y_reg[6]$_SDFFE_PN0P_/D (sg13g2_dfrbpq_1)   15.49    2.96   12.53 (MET)
y_reg[6]$_SDFFE_PN0P_/D (sg13g2_dfrbpq_1)   15.49    2.96   12.53 (MET)
y_reg[6]$_SDFFE_PN0P_/D (sg13g2_dfrbpq_1)   15.49    2.96   12.53 (MET)
y_reg[9]$_SDFFE_PN0P_/D (sg13g2_dfrbpq_1)   15.48    2.96   12.53 (MET)
y_reg[9]$_SDFFE_PN0P_/D (sg13g2_dfrbpq_1)   15.48    2.96   12.53 (MET)
y_reg[6]$_SDFFE_PN0P_/D (sg13g2_dfrbpq_1)   15.49    2.96   12.53 (MET)
y_reg[6]$_SDFFE_PN0P_/D (sg13g2_dfrbpq_1)   15.49    2.96   12.53 (MET)
y_reg[6]$_SDFFE_PN0P_/D (sg13g2_dfrbpq_1)   15.49    2.96   12.53 (MET)
y_reg[6]$_SDFFE_PN0P_/D (sg13g2_dfrbpq_1)   15.49    2.96   12.53 (MET)
y_reg[6]$_SDFFE_PN0P_/D (sg13g2_dfrbpq_1)   15.49    2.96   12.53 (MET)
y_reg[6]$_SDFFE_PN0P_/D (sg13g2_dfrbpq_1)   15.49    2.96   12.53 (MET)
y_reg[6]$_SDFFE_PN0P_/D (sg13g2_dfrbpq_1)   15.49    2.96   12.53 (MET)
y_reg[6]$_SDFFE_PN0P_/D (sg13g2_dfrbpq_1)   15.49    2.96   12.53 (MET)
y_reg[6]$_SDFFE_PN0P_/D (sg13g2_dfrbpq_1)   15.49    2.96   12.53 (MET)
y_reg[6]$_SDFFE_PN0P_/D (sg13g2_dfrbpq_1)   15.49    2.96   12.53 (MET)
y_reg[6]$_SDFFE_PN0P_/D (sg13g2_dfrbpq_1)   15.49    2.96   12.53 (MET)
y_reg[6]$_SDFFE_PN0P_/D (sg13g2_dfrbpq_1)   15.49    2.96   12.53 (MET)
y_reg[8]$_SDFFE_PN0P_/D (sg13g2_dfrbpq_1)   15.49    2.96   12.53 (MET)
y_reg[6]$_SDFFE_PN0P_/D (sg13g2_dfrbpq_1)   15.49    2.96   12.53 (MET)
y_reg[6]$_SDFFE_PN0P_/D (sg13g2_dfrbpq_1)   15.49    2.96   12.53 (MET)
y_reg[6]$_SDFFE_PN0P_/D (sg13g2_dfrbpq_1)   15.49    2.96   12.53 (MET)
y_reg[6]$_SDFFE_PN0P_/D (sg13g2_dfrbpq_1)   15.49    2.96   12.53 (MET)
y_reg[9]$_SDFFE_PN0P_/D (sg13g2_dfrbpq_1)   15.48    2.96   12.53 (MET)
y_reg[9]$_SDFFE_PN0P_/D (sg13g2_dfrbpq_1)   15.48    2.96   12.53 (MET)
y_reg[8]$_SDFFE_PN0P_/D (sg13g2_dfrbpq_1)   15.49    2.96   12.53 (MET)
y_reg[6]$_SDFFE_PN0P_/D (sg13g2_dfrbpq_1)   15.49    2.96   12.53 (MET)
y_reg[6]$_SDFFE_PN0P_/D (sg13g2_dfrbpq_1)   15.49    2.96   12.53 (MET)
y_reg[6]$_SDFFE_PN0P_/D (sg13g2_dfrbpq_1)   15.49    2.96   12.53 (MET)
y_reg[6]$_SDFFE_PN0P_/D (sg13g2_dfrbpq_1)   15.49    2.96   12.53 (MET)
x_reg[8]$_SDFFE_PN0P_/D (sg13g2_dfrbpq_1)   15.49    2.96   12.53 (MET)
x_reg[8]$_SDFFE_PN0P_/D (sg13g2_dfrbpq_1)   15.49    2.96   12.53 (MET)
x_reg[8]$_SDFFE_PN0P_/D (sg13g2_dfrbpq_1)   15.49    2.96   12.53 (MET)
x_reg[8]$_SDFFE_PN0P_/D (sg13g2_dfrbpq_1)   15.49    2.96   12.53 (MET)
x_reg[8]$_SDFFE_PN0P_/D (sg13g2_dfrbpq_1)   15.49    2.96   12.53 (MET)
x_reg[8]$_SDFFE_PN0P_/D (sg13g2_dfrbpq_1)   15.49    2.96   12.53 (MET)
y_reg[6]$_SDFFE_PN0P_/D (sg13g2_dfrbpq_1)   15.49    2.96   12.53 (MET)
y_reg[6]$_SDFFE_PN0P_/D (sg13g2_dfrbpq_1)   15.49    2.96   12.53 (MET)
y_reg[6]$_SDFFE_PN0P_/D (sg13g2_dfrbpq_1)   15.49    2.96   12.53 (MET)
y_reg[6]$_SDFFE_PN0P_/D (sg13g2_dfrbpq_1)   15.49    2.96   12.53 (MET)
y_reg[6]$_SDFFE_PN0P_/D (sg13g2_dfrbpq_1)   15.49    2.96   12.53 (MET)
y_reg[6]$_SDFFE_PN0P_/D (sg13g2_dfrbpq_1)   15.49    2.96   12.53 (MET)
y_reg[6]$_SDFFE_PN0P_/D (sg13g2_dfrbpq_1)   15.49    2.96   12.53 (MET)
y_reg[6]$_SDFFE_PN0P_/D (sg13g2_dfrbpq_1)   15.49    2.96   12.53 (MET)
y_reg[6]$_SDFFE_PN0P_/D (sg13g2_dfrbpq_1)   15.49    2.96   12.53 (MET)
y_reg[6]$_SDFFE_PN0P_/D (sg13g2_dfrbpq_1)   15.49    2.96   12.53 (MET)
y_reg[6]$_SDFFE_PN0P_/D (sg13g2_dfrbpq_1)   15.49    2.96   12.53 (MET)
y_reg[6]$_SDFFE_PN0P_/D (sg13g2_dfrbpq_1)   15.49    2.96   12.53 (MET)
y_reg[6]$_SDFFE_PN0P_/D (sg13g2_dfrbpq_1)   15.49    2.96   12.53 (MET)
y_reg[9]$_SDFFE_PN0P_/D (sg13g2_dfrbpq_1)   15.48    2.96   12.53 (MET)
y_reg[9]$_SDFFE_PN0P_/D (sg13g2_dfrbpq_1)   15.48    2.96   12.53 (MET)
y_reg[9]$_SDFFE_PN0P_/D (sg13g2_dfrbpq_1)   15.48    2.96   12.53 (MET)
y_reg[9]$_SDFFE_PN0P_/D (sg13g2_dfrbpq_1)   15.48    2.96   12.53 (MET)
x_reg[8]$_SDFFE_PN0P_/D (sg13g2_dfrbpq_1)   15.49    2.96   12.53 (MET)
y_reg[9]$_SDFFE_PN0P_/D (sg13g2_dfrbpq_1)   15.48    2.96   12.53 (MET)
y_reg[9]$_SDFFE_PN0P_/D (sg13g2_dfrbpq_1)   15.48    2.96   12.53 (MET)
y_reg[9]$_SDFFE_PN0P_/D (sg13g2_dfrbpq_1)   15.48    2.96   12.53 (MET)
y_reg[9]$_SDFFE_PN0P_/D (sg13g2_dfrbpq_1)   15.48    2.96   12.53 (MET)
y_reg[9]$_SDFFE_PN0P_/D (sg13g2_dfrbpq_1)   15.48    2.96   12.53 (MET)
y_reg[9]$_SDFFE_PN0P_/D (sg13g2_dfrbpq_1)   15.48    2.96   12.53 (MET)
y_reg[9]$_SDFFE_PN0P_/D (sg13g2_dfrbpq_1)   15.48    2.96   12.53 (MET)
y_reg[9]$_SDFFE_PN0P_/D (sg13g2_dfrbpq_1)   15.48    2.96   12.53 (MET)
y_reg[6]$_SDFFE_PN0P_/D (sg13g2_dfrbpq_1)   15.49    2.96   12.53 (MET)
y_reg[6]$_SDFFE_PN0P_/D (sg13g2_dfrbpq_1)   15.49    2.96   12.53 (MET)
y_reg[6]$_SDFFE_PN0P_/D (sg13g2_dfrbpq_1)   15.49    2.96   12.53 (MET)
y_reg[6]$_SDFFE_PN0P_/D (sg13g2_dfrbpq_1)   15.49    2.96   12.53 (MET)
y_reg[9]$_SDFFE_PN0P_/D (sg13g2_dfrbpq_1)   15.48    2.96   12.53 (MET)
y_reg[9]$_SDFFE_PN0P_/D (sg13g2_dfrbpq_1)   15.48    2.96   12.53 (MET)
y_reg[6]$_SDFFE_PN0P_/D (sg13g2_dfrbpq_1)   15.49    2.96   12.53 (MET)
y_reg[9]$_SDFFE_PN0P_/D (sg13g2_dfrbpq_1)   15.48    2.96   12.53 (MET)
y_reg[9]$_SDFFE_PN0P_/D (sg13g2_dfrbpq_1)   15.48    2.96   12.53 (MET)
y_reg[9]$_SDFFE_PN0P_/D (sg13g2_dfrbpq_1)   15.48    2.96   12.53 (MET)
y_reg[9]$_SDFFE_PN0P_/D (sg13g2_dfrbpq_1)   15.48    2.96   12.53 (MET)
y_reg[6]$_SDFFE_PN0P_/D (sg13g2_dfrbpq_1)   15.49    2.96   12.53 (MET)
y_reg[6]$_SDFFE_PN0P_/D (sg13g2_dfrbpq_1)   15.49    2.96   12.53 (MET)
y_reg[6]$_SDFFE_PN0P_/D (sg13g2_dfrbpq_1)   15.49    2.96   12.53 (MET)
y_reg[6]$_SDFFE_PN0P_/D (sg13g2_dfrbpq_1)   15.49    2.96   12.53 (MET)
y_reg[6]$_SDFFE_PN0P_/D (sg13g2_dfrbpq_1)   15.49    2.96   12.53 (MET)
y_reg[6]$_SDFFE_PN0P_/D (sg13g2_dfrbpq_1)   15.49    2.96   12.53 (MET)
y_reg[6]$_SDFFE_PN0P_/D (sg13g2_dfrbpq_1)   15.49    2.96   12.53 (MET)
y_reg[6]$_SDFFE_PN0P_/D (sg13g2_dfrbpq_1)   15.49    2.96   12.53 (MET)
y_reg[6]$_SDFFE_PN0P_/D (sg13g2_dfrbpq_1)   15.49    2.96   12.53 (MET)
y_reg[6]$_SDFFE_PN0P_/D (sg13g2_dfrbpq_1)   15.49    2.96   12.53 (MET)
y_reg[6]$_SDFFE_PN0P_/D (sg13g2_dfrbpq_1)   15.49    2.96   12.53 (MET)
y_reg[6]$_SDFFE_PN0P_/D (sg13g2_dfrbpq_1)   15.49    2.96   12.53 (MET)
y_reg[6]$_SDFFE_PN0P_/D (sg13g2_dfrbpq_1)   15.49    2.96   12.53 (MET)
y_reg[6]$_SDFFE_PN0P_/D (sg13g2_dfrbpq_1)   15.49    2.96   12.53 (MET)
y_reg[6]$_SDFFE_PN0P_/D (sg13g2_dfrbpq_1)   15.49    2.96   12.53 (MET)
y_reg[6]$_SDFFE_PN0P_/D (sg13g2_dfrbpq_1)   15.49    2.96   12.53 (MET)
y_reg[6]$_SDFFE_PN0P_/D (sg13g2_dfrbpq_1)   15.49    2.96   12.53 (MET)
y_reg[6]$_SDFFE_PN0P_/D (sg13g2_dfrbpq_1)   15.49    2.96   12.53 (MET)
y_reg[6]$_SDFFE_PN0P_/D (sg13g2_dfrbpq_1)   15.49    2.96   12.53 (MET)
y_reg[6]$_SDFFE_PN0P_/D (sg13g2_dfrbpq_1)   15.49    2.96   12.53 (MET)
y_reg[6]$_SDFFE_PN0P_/D (sg13g2_dfrbpq_1)   15.49    2.96   12.53 (MET)
y_reg[6]$_SDFFE_PN0P_/D (sg13g2_dfrbpq_1)   15.49    2.96   12.53 (MET)
y_reg[6]$_SDFFE_PN0P_/D (sg13g2_dfrbpq_1)   15.49    2.96   12.53 (MET)
y_reg[6]$_SDFFE_PN0P_/D (sg13g2_dfrbpq_1)   15.49    2.96   12.53 (MET)
y_reg[8]$_SDFFE_PN0P_/D (sg13g2_dfrbpq_1)   15.48    2.95   12.53 (MET)
y_reg[8]$_SDFFE_PN0P_/D (sg13g2_dfrbpq_1)   15.48    2.95   12.53 (MET)
y_reg[8]$_SDFFE_PN0P_/D (sg13g2_dfrbpq_1)   15.48    2.95   12.53 (MET)
y_reg[8]$_SDFFE_PN0P_/D (sg13g2_dfrbpq_1)   15.48    2.95   12.53 (MET)
y_reg[6]$_SDFFE_PN0P_/D (sg13g2_dfrbpq_1)   15.49    2.96   12.53 (MET)
y_reg[6]$_SDFFE_PN0P_/D (sg13g2_dfrbpq_1)   15.49    2.96   12.53 (MET)
y_reg[6]$_SDFFE_PN0P_/D (sg13g2_dfrbpq_1)   15.49    2.96   12.53 (MET)
y_reg[6]$_SDFFE_PN0P_/D (sg13g2_dfrbpq_1)   15.49    2.96   12.53 (MET)
y_reg[6]$_SDFFE_PN0P_/D (sg13g2_dfrbpq_1)   15.49    2.96   12.53 (MET)
y_reg[6]$_SDFFE_PN0P_/D (sg13g2_dfrbpq_1)   15.49    2.96   12.53 (MET)
y_reg[6]$_SDFFE_PN0P_/D (sg13g2_dfrbpq_1)   15.49    2.96   12.53 (MET)
y_reg[6]$_SDFFE_PN0P_/D (sg13g2_dfrbpq_1)   15.49    2.96   12.53 (MET)
y_reg[6]$_SDFFE_PN0P_/D (sg13g2_dfrbpq_1)   15.49    2.96   12.53 (MET)
y_reg[6]$_SDFFE_PN0P_/D (sg13g2_dfrbpq_1)   15.49    2.96   12.53 (MET)
y_reg[6]$_SDFFE_PN0P_/D (sg13g2_dfrbpq_1)   15.49    2.96   12.53 (MET)
y_reg[6]$_SDFFE_PN0P_/D (sg13g2_dfrbpq_1)   15.49    2.96   12.53 (MET)
y_reg[6]$_SDFFE_PN0P_/D (sg13g2_dfrbpq_1)   15.49    2.96   12.53 (MET)
y_reg[6]$_SDFFE_PN0P_/D (sg13g2_dfrbpq_1)   15.49    2.96   12.53 (MET)
y_reg[6]$_SDFFE_PN0P_/D (sg13g2_dfrbpq_1)   15.49    2.96   12.53 (MET)
y_reg[6]$_SDFFE_PN0P_/D (sg13g2_dfrbpq_1)   15.49    2.96   12.53 (MET)
x_reg[7]$_SDFFE_PN0P_/D (sg13g2_dfrbpq_1)   15.47    2.94   12.53 (MET)
x_reg[7]$_SDFFE_PN0P_/D (sg13g2_dfrbpq_1)   15.47    2.94   12.53 (MET)
x_reg[7]$_SDFFE_PN0P_/D (sg13g2_dfrbpq_1)   15.47    2.94   12.53 (MET)
x_reg[7]$_SDFFE_PN0P_/D (sg13g2_dfrbpq_1)   15.47    2.94   12.53 (MET)
x_reg[7]$_SDFFE_PN0P_/D (sg13g2_dfrbpq_1)   15.47    2.94   12.53 (MET)
x_reg[7]$_SDFFE_PN0P_/D (sg13g2_dfrbpq_1)   15.47    2.94   12.53 (MET)
x_reg[7]$_SDFFE_PN0P_/D (sg13g2_dfrbpq_1)   15.47    2.94   12.53 (MET)
x_reg[7]$_SDFFE_PN0P_/D (sg13g2_dfrbpq_1)   15.47    2.94   12.53 (MET)
y_reg[6]$_SDFFE_PN0P_/D (sg13g2_dfrbpq_1)   15.49    2.96   12.53 (MET)
y_reg[6]$_SDFFE_PN0P_/D (sg13g2_dfrbpq_1)   15.49    2.96   12.53 (MET)
y_reg[6]$_SDFFE_PN0P_/D (sg13g2_dfrbpq_1)   15.49    2.96   12.53 (MET)
y_reg[6]$_SDFFE_PN0P_/D (sg13g2_dfrbpq_1)   15.49    2.96   12.53 (MET)
y_reg[9]$_SDFFE_PN0P_/D (sg13g2_dfrbpq_1)   15.48    2.96   12.53 (MET)
y_reg[9]$_SDFFE_PN0P_/D (sg13g2_dfrbpq_1)   15.48    2.96   12.53 (MET)
y_reg[6]$_SDFFE_PN0P_/D (sg13g2_dfrbpq_1)   15.49    2.96   12.53 (MET)
y_reg[6]$_SDFFE_PN0P_/D (sg13g2_dfrbpq_1)   15.49    2.96   12.53 (MET)
y_reg[6]$_SDFFE_PN0P_/D (sg13g2_dfrbpq_1)   15.49    2.96   12.53 (MET)
y_reg[6]$_SDFFE_PN0P_/D (sg13g2_dfrbpq_1)   15.49    2.96   12.53 (MET)
y_reg[6]$_SDFFE_PN0P_/D (sg13g2_dfrbpq_1)   15.49    2.96   12.53 (MET)
y_reg[6]$_SDFFE_PN0P_/D (sg13g2_dfrbpq_1)   15.49    2.96   12.53 (MET)
y_reg[8]$_SDFFE_PN0P_/D (sg13g2_dfrbpq_1)   15.48    2.95   12.53 (MET)
y_reg[8]$_SDFFE_PN0P_/D (sg13g2_dfrbpq_1)   15.48    2.95   12.53 (MET)
y_reg[6]$_SDFFE_PN0P_/D (sg13g2_dfrbpq_1)   15.49    2.96   12.53 (MET)
y_reg[6]$_SDFFE_PN0P_/D (sg13g2_dfrbpq_1)   15.49    2.96   12.53 (MET)
y_reg[6]$_SDFFE_PN0P_/D (sg13g2_dfrbpq_1)   15.49    2.96   12.53 (MET)
y_reg[6]$_SDFFE_PN0P_/D (sg13g2_dfrbpq_1)   15.49    2.96   12.53 (MET)
y_reg[6]$_SDFFE_PN0P_/D (sg13g2_dfrbpq_1)   15.49    2.96   12.53 (MET)
y_reg[6]$_SDFFE_PN0P_/D (sg13g2_dfrbpq_1)   15.49    2.96   12.53 (MET)
y_reg[6]$_SDFFE_PN0P_/D (sg13g2_dfrbpq_1)   15.49    2.96   12.53 (MET)
y_reg[6]$_SDFFE_PN0P_/D (sg13g2_dfrbpq_1)   15.49    2.96   12.53 (MET)
y_reg[6]$_SDFFE_PN0P_/D (sg13g2_dfrbpq_1)   15.49    2.96   12.53 (MET)
y_reg[6]$_SDFFE_PN0P_/D (sg13g2_dfrbpq_1)   15.49    2.96   12.53 (MET)
y_reg[6]$_SDFFE_PN0P_/D (sg13g2_dfrbpq_1)   15.49    2.96   12.53 (MET)
y_reg[6]$_SDFFE_PN0P_/D (sg13g2_dfrbpq_1)   15.49    2.96   12.53 (MET)
y_reg[6]$_SDFFE_PN0P_/D (sg13g2_dfrbpq_1)   15.49    2.96   12.53 (MET)
y_reg[6]$_SDFFE_PN0P_/D (sg13g2_dfrbpq_1)   15.49    2.96   12.53 (MET)
y_reg[6]$_SDFFE_PN0P_/D (sg13g2_dfrbpq_1)   15.49    2.96   12.53 (MET)
y_reg[6]$_SDFFE_PN0P_/D (sg13g2_dfrbpq_1)   15.49    2.96   12.53 (MET)
x_reg[9]$_SDFFE_PN0P_/D (sg13g2_dfrbpq_1)   15.49    2.96   12.53 (MET)
x_reg[9]$_SDFFE_PN0P_/D (sg13g2_dfrbpq_1)   15.49    2.96   12.53 (MET)
y_reg[8]$_SDFFE_PN0P_/D (sg13g2_dfrbpq_1)   15.49    2.96   12.53 (MET)
y_reg[8]$_SDFFE_PN0P_/D (sg13g2_dfrbpq_1)   15.49    2.96   12.53 (MET)
x_reg[9]$_SDFFE_PN0P_/D (sg13g2_dfrbpq_1)   15.49    2.96   12.53 (MET)
x_reg[9]$_SDFFE_PN0P_/D (sg13g2_dfrbpq_1)   15.49    2.96   12.53 (MET)
y_reg[6]$_SDFFE_PN0P_/D (sg13g2_dfrbpq_1)   15.49    2.96   12.53 (MET)
y_reg[6]$_SDFFE_PN0P_/D (sg13g2_dfrbpq_1)   15.49    2.96   12.53 (MET)
y_reg[6]$_SDFFE_PN0P_/D (sg13g2_dfrbpq_1)   15.49    2.96   12.53 (MET)
y_reg[6]$_SDFFE_PN0P_/D (sg13g2_dfrbpq_1)   15.49    2.96   12.53 (MET)
y_reg[8]$_SDFFE_PN0P_/D (sg13g2_dfrbpq_1)   15.48    2.95   12.53 (MET)
y_reg[8]$_SDFFE_PN0P_/D (sg13g2_dfrbpq_1)   15.48    2.95   12.53 (MET)
y_reg[8]$_SDFFE_PN0P_/D (sg13g2_dfrbpq_1)   15.49    2.96   12.53 (MET)
y_reg[9]$_SDFFE_PN0P_/D (sg13g2_dfrbpq_1)   15.48    2.96   12.53 (MET)
x_reg[9]$_SDFFE_PN0P_/D (sg13g2_dfrbpq_1)   15.49    2.96   12.53 (MET)
x_reg[9]$_SDFFE_PN0P_/D (sg13g2_dfrbpq_1)   15.49    2.96   12.53 (MET)
y_reg[6]$_SDFFE_PN0P_/D (sg13g2_dfrbpq_1)   15.49    2.96   12.53 (MET)
y_reg[6]$_SDFFE_PN0P_/D (sg13g2_dfrbpq_1)   15.49    2.96   12.53 (MET)
y_reg[6]$_SDFFE_PN0P_/D (sg13g2_dfrbpq_1)   15.49    2.96   12.53 (MET)
y_reg[6]$_SDFFE_PN0P_/D (sg13g2_dfrbpq_1)   15.49    2.96   12.53 (MET)
y_reg[8]$_SDFFE_PN0P_/D (sg13g2_dfrbpq_1)   15.49    2.96   12.53 (MET)
y_reg[9]$_SDFFE_PN0P_/D (sg13g2_dfrbpq_1)   15.48    2.96   12.53 (MET)
y_reg[9]$_SDFFE_PN0P_/D (sg13g2_dfrbpq_1)   15.48    2.96   12.53 (MET)
y_reg[6]$_SDFFE_PN0P_/D (sg13g2_dfrbpq_1)   15.49    2.96   12.53 (MET)
y_reg[6]$_SDFFE_PN0P_/D (sg13g2_dfrbpq_1)   15.49    2.96   12.53 (MET)
y_reg[6]$_SDFFE_PN0P_/D (sg13g2_dfrbpq_1)   15.49    2.96   12.53 (MET)
y_reg[6]$_SDFFE_PN0P_/D (sg13g2_dfrbpq_1)   15.49    2.96   12.53 (MET)
y_reg[9]$_SDFFE_PN0P_/D (sg13g2_dfrbpq_1)   15.48    2.95   12.53 (MET)
x_reg[8]$_SDFFE_PN0P_/D (sg13g2_dfrbpq_1)   15.49    2.96   12.53 (MET)
x_reg[8]$_SDFFE_PN0P_/D (sg13g2_dfrbpq_1)   15.49    2.96   12.53 (MET)
x_reg[8]$_SDFFE_PN0P_/D (sg13g2_dfrbpq_1)   15.49    2.96   12.53 (MET)
x_reg[8]$_SDFFE_PN0P_/D (sg13g2_dfrbpq_1)   15.49    2.96   12.53 (MET)
x_reg[8]$_SDFFE_PN0P_/D (sg13g2_dfrbpq_1)   15.49    2.96   12.53 (MET)
x_reg[8]$_SDFFE_PN0P_/D (sg13g2_dfrbpq_1)   15.49    2.96   12.53 (MET)
x_reg[8]$_SDFFE_PN0P_/D (sg13g2_dfrbpq_1)   15.49    2.96   12.53 (MET)
x_reg[8]$_SDFFE_PN0P_/D (sg13g2_dfrbpq_1)   15.49    2.96   12.53 (MET)
y_reg[6]$_SDFFE_PN0P_/D (sg13g2_dfrbpq_1)   15.49    2.96   12.53 (MET)
y_reg[6]$_SDFFE_PN0P_/D (sg13g2_dfrbpq_1)   15.49    2.96   12.53 (MET)
y_reg[6]$_SDFFE_PN0P_/D (sg13g2_dfrbpq_1)   15.49    2.96   12.53 (MET)
y_reg[6]$_SDFFE_PN0P_/D (sg13g2_dfrbpq_1)   15.49    2.96   12.53 (MET)
y_reg[6]$_SDFFE_PN0P_/D (sg13g2_dfrbpq_1)   15.49    2.96   12.53 (MET)
y_reg[6]$_SDFFE_PN0P_/D (sg13g2_dfrbpq_1)   15.49    2.96   12.53 (MET)
y_reg[6]$_SDFFE_PN0P_/D (sg13g2_dfrbpq_1)   15.49    2.96   12.53 (MET)
y_reg[6]$_SDFFE_PN0P_/D (sg13g2_dfrbpq_1)   15.49    2.96   12.53 (MET)
y_reg[6]$_SDFFE_PN0P_/D (sg13g2_dfrbpq_1)   15.49    2.96   12.53 (MET)
y_reg[6]$_SDFFE_PN0P_/D (sg13g2_dfrbpq_1)   15.49    2.96   12.53 (MET)
y_reg[6]$_SDFFE_PN0P_/D (sg13g2_dfrbpq_1)   15.49    2.96   12.53 (MET)
y_reg[6]$_SDFFE_PN0P_/D (sg13g2_dfrbpq_1)   15.49    2.96   12.53 (MET)
y_reg[6]$_SDFFE_PN0P_/D (sg13g2_dfrbpq_1)   15.49    2.96   12.53 (MET)
y_reg[6]$_SDFFE_PN0P_/D (sg13g2_dfrbpq_1)   15.49    2.96   12.53 (MET)
y_reg[6]$_SDFFE_PN0P_/D (sg13g2_dfrbpq_1)   15.49    2.96   12.53 (MET)
y_reg[6]$_SDFFE_PN0P_/D (sg13g2_dfrbpq_1)   15.49    2.96   12.53 (MET)
y_reg[6]$_SDFFE_PN0P_/D (sg13g2_dfrbpq_1)   15.49    2.96   12.53 (MET)
x_reg[9]$_SDFFE_PN0P_/D (sg13g2_dfrbpq_1)   15.49    2.96   12.53 (MET)
x_reg[9]$_SDFFE_PN0P_/D (sg13g2_dfrbpq_1)   15.49    2.96   12.53 (MET)
x_reg[9]$_SDFFE_PN0P_/D (sg13g2_dfrbpq_1)   15.49    2.96   12.53 (MET)
x_reg[9]$_SDFFE_PN0P_/D (sg13g2_dfrbpq_1)   15.49    2.96   12.53 (MET)
y_reg[6]$_SDFFE_PN0P_/D (sg13g2_dfrbpq_1)   15.49    2.96   12.53 (MET)
y_reg[6]$_SDFFE_PN0P_/D (sg13g2_dfrbpq_1)   15.49    2.96   12.53 (MET)
y_reg[6]$_SDFFE_PN0P_/D (sg13g2_dfrbpq_1)   15.49    2.96   12.53 (MET)
y_reg[6]$_SDFFE_PN0P_/D (sg13g2_dfrbpq_1)   15.49    2.96   12.53 (MET)
y_reg[6]$_SDFFE_PN0P_/D (sg13g2_dfrbpq_1)   15.49    2.96   12.53 (MET)
y_reg[6]$_SDFFE_PN0P_/D (sg13g2_dfrbpq_1)   15.49    2.96   12.53 (MET)
y_reg[6]$_SDFFE_PN0P_/D (sg13g2_dfrbpq_1)   15.49    2.96   12.53 (MET)
y_reg[6]$_SDFFE_PN0P_/D (sg13g2_dfrbpq_1)   15.49    2.96   12.53 (MET)
y_reg[6]$_SDFFE_PN0P_/D (sg13g2_dfrbpq_1)   15.49    2.96   12.53 (MET)
y_reg[6]$_SDFFE_PN0P_/D (sg13g2_dfrbpq_1)   15.49    2.96   12.53 (MET)
y_reg[6]$_SDFFE_PN0P_/D (sg13g2_dfrbpq_1)   15.49    2.96   12.53 (MET)
y_reg[6]$_SDFFE_PN0P_/D (sg13g2_dfrbpq_1)   15.49    2.96   12.53 (MET)
y_reg[6]$_SDFFE_PN0P_/D (sg13g2_dfrbpq_1)   15.49    2.96   12.53 (MET)
y_reg[6]$_SDFFE_PN0P_/D (sg13g2_dfrbpq_1)   15.49    2.96   12.53 (MET)
y_reg[6]$_SDFFE_PN0P_/D (sg13g2_dfrbpq_1)   15.49    2.96   12.53 (MET)
y_reg[6]$_SDFFE_PN0P_/D (sg13g2_dfrbpq_1)   15.49    2.96   12.53 (MET)
y_reg[6]$_SDFFE_PN0P_/D (sg13g2_dfrbpq_1)   15.49    2.96   12.53 (MET)
y_reg[7]$_SDFFE_PN0P_/D (sg13g2_dfrbpq_1)   15.49    2.96   12.53 (MET)
y_reg[7]$_SDFFE_PN0P_/D (sg13g2_dfrbpq_1)   15.49    2.96   12.53 (MET)
uo_out[4] (output)                     13.43    0.90   12.53 (MET)
uo_out[4] (output)                     13.43    0.90   12.53 (MET)
y_reg[6]$_SDFFE_PN0P_/D (sg13g2_dfrbpq_1)   15.49    2.96   12.53 (MET)
y_reg[6]$_SDFFE_PN0P_/D (sg13g2_dfrbpq_1)   15.49    2.96   12.53 (MET)
y_reg[6]$_SDFFE_PN0P_/D (sg13g2_dfrbpq_1)   15.49    2.96   12.53 (MET)
y_reg[6]$_SDFFE_PN0P_/D (sg13g2_dfrbpq_1)   15.49    2.96   12.53 (MET)
y_reg[7]$_SDFFE_PN0P_/D (sg13g2_dfrbpq_1)   15.49    2.96   12.53 (MET)
y_reg[7]$_SDFFE_PN0P_/D (sg13g2_dfrbpq_1)   15.49    2.96   12.53 (MET)
y_reg[8]$_SDFFE_PN0P_/D (sg13g2_dfrbpq_1)   15.48    2.95   12.53 (MET)
y_reg[8]$_SDFFE_PN0P_/D (sg13g2_dfrbpq_1)   15.48    2.95   12.53 (MET)
y_reg[6]$_SDFFE_PN0P_/D (sg13g2_dfrbpq_1)   15.49    2.96   12.53 (MET)
y_reg[6]$_SDFFE_PN0P_/D (sg13g2_dfrbpq_1)   15.49    2.96   12.53 (MET)
y_reg[6]$_SDFFE_PN0P_/D (sg13g2_dfrbpq_1)   15.49    2.96   12.53 (MET)
y_reg[6]$_SDFFE_PN0P_/D (sg13g2_dfrbpq_1)   15.49    2.96   12.53 (MET)
y_reg[6]$_SDFFE_PN0P_/D (sg13g2_dfrbpq_1)   15.49    2.96   12.53 (MET)
y_reg[6]$_SDFFE_PN0P_/D (sg13g2_dfrbpq_1)   15.49    2.96   12.53 (MET)
y_reg[6]$_SDFFE_PN0P_/D (sg13g2_dfrbpq_1)   15.49    2.96   12.53 (MET)
y_reg[6]$_SDFFE_PN0P_/D (sg13g2_dfrbpq_1)   15.49    2.96   12.53 (MET)
y_reg[8]$_SDFFE_PN0P_/D (sg13g2_dfrbpq_1)   15.48    2.95   12.53 (MET)
y_reg[8]$_SDFFE_PN0P_/D (sg13g2_dfrbpq_1)   15.48    2.95   12.53 (MET)
y_reg[9]$_SDFFE_PN0P_/D (sg13g2_dfrbpq_1)   15.48    2.95   12.53 (MET)
y_reg[6]$_SDFFE_PN0P_/D (sg13g2_dfrbpq_1)   15.49    2.96   12.53 (MET)
y_reg[6]$_SDFFE_PN0P_/D (sg13g2_dfrbpq_1)   15.49    2.96   12.53 (MET)
y_reg[6]$_SDFFE_PN0P_/D (sg13g2_dfrbpq_1)   15.49    2.96   12.53 (MET)
y_reg[6]$_SDFFE_PN0P_/D (sg13g2_dfrbpq_1)   15.49    2.96   12.53 (MET)
y_reg[8]$_SDFFE_PN0P_/D (sg13g2_dfrbpq_1)   15.49    2.96   12.53 (MET)
y_reg[8]$_SDFFE_PN0P_/D (sg13g2_dfrbpq_1)   15.49    2.96   12.53 (MET)
y_reg[9]$_SDFFE_PN0P_/D (sg13g2_dfrbpq_1)   15.48    2.95   12.53 (MET)
x_reg[8]$_SDFFE_PN0P_/D (sg13g2_dfrbpq_1)   15.49    2.96   12.53 (MET)
x_reg[8]$_SDFFE_PN0P_/D (sg13g2_dfrbpq_1)   15.49    2.96   12.53 (MET)
x_reg[8]$_SDFFE_PN0P_/D (sg13g2_dfrbpq_1)   15.49    2.96   12.53 (MET)
x_reg[8]$_SDFFE_PN0P_/D (sg13g2_dfrbpq_1)   15.49    2.96   12.53 (MET)
x_reg[8]$_SDFFE_PN0P_/D (sg13g2_dfrbpq_1)   15.49    2.96   12.53 (MET)
x_reg[8]$_SDFFE_PN0P_/D (sg13g2_dfrbpq_1)   15.49    2.96   12.53 (MET)
x_reg[8]$_SDFFE_PN0P_/D (sg13g2_dfrbpq_1)   15.49    2.96   12.53 (MET)
x_reg[8]$_SDFFE_PN0P_/D (sg13g2_dfrbpq_1)   15.49    2.96   12.53 (MET)
x_reg[8]$_SDFFE_PN0P_/D (sg13g2_dfrbpq_1)   15.49    2.96   12.53 (MET)
x_reg[9]$_SDFFE_PN0P_/D (sg13g2_dfrbpq_1)   15.49    2.96   12.53 (MET)
x_reg[9]$_SDFFE_PN0P_/D (sg13g2_dfrbpq_1)   15.49    2.96   12.53 (MET)
y_reg[6]$_SDFFE_PN0P_/D (sg13g2_dfrbpq_1)   15.49    2.96   12.53 (MET)
y_reg[6]$_SDFFE_PN0P_/D (sg13g2_dfrbpq_1)   15.49    2.96   12.53 (MET)
y_reg[6]$_SDFFE_PN0P_/D (sg13g2_dfrbpq_1)   15.49    2.96   12.53 (MET)
y_reg[6]$_SDFFE_PN0P_/D (sg13g2_dfrbpq_1)   15.49    2.96   12.53 (MET)
y_reg[8]$_SDFFE_PN0P_/D (sg13g2_dfrbpq_1)   15.48    2.95   12.53 (MET)
y_reg[8]$_SDFFE_PN0P_/D (sg13g2_dfrbpq_1)   15.48    2.95   12.53 (MET)
x_reg[8]$_SDFFE_PN0P_/D (sg13g2_dfrbpq_1)   15.49    2.96   12.53 (MET)
x_reg[8]$_SDFFE_PN0P_/D (sg13g2_dfrbpq_1)   15.49    2.96   12.53 (MET)
x_reg[8]$_SDFFE_PN0P_/D (sg13g2_dfrbpq_1)   15.49    2.96   12.53 (MET)
x_reg[8]$_SDFFE_PN0P_/D (sg13g2_dfrbpq_1)   15.49    2.96   12.53 (MET)
x_reg[8]$_SDFFE_PN0P_/D (sg13g2_dfrbpq_1)   15.49    2.96   12.53 (MET)
x_reg[8]$_SDFFE_PN0P_/D (sg13g2_dfrbpq_1)   15.49    2.96   12.53 (MET)
x_reg[8]$_SDFFE_PN0P_/D (sg13g2_dfrbpq_1)   15.49    2.96   12.53 (MET)
x_reg[8]$_SDFFE_PN0P_/D (sg13g2_dfrbpq_1)   15.49    2.96   12.53 (MET)
y_reg[6]$_SDFFE_PN0P_/D (sg13g2_dfrbpq_1)   15.49    2.96   12.53 (MET)
y_reg[6]$_SDFFE_PN0P_/D (sg13g2_dfrbpq_1)   15.49    2.96   12.53 (MET)
y_reg[6]$_SDFFE_PN0P_/D (sg13g2_dfrbpq_1)   15.49    2.96   12.53 (MET)
y_reg[6]$_SDFFE_PN0P_/D (sg13g2_dfrbpq_1)   15.49    2.96   12.53 (MET)
y_reg[8]$_SDFFE_PN0P_/D (sg13g2_dfrbpq_1)   15.49    2.96   12.53 (MET)
y_reg[8]$_SDFFE_PN0P_/D (sg13g2_dfrbpq_1)   15.48    2.95   12.53 (MET)
x_reg[8]$_SDFFE_PN0P_/D (sg13g2_dfrbpq_1)   15.49    2.96   12.53 (MET)
x_reg[8]$_SDFFE_PN0P_/D (sg13g2_dfrbpq_1)   15.49    2.96   12.53 (MET)
x_reg[8]$_SDFFE_PN0P_/D (sg13g2_dfrbpq_1)   15.49    2.96   12.53 (MET)
x_reg[8]$_SDFFE_PN0P_/D (sg13g2_dfrbpq_1)   15.49    2.96   12.53 (MET)
x_reg[8]$_SDFFE_PN0P_/D (sg13g2_dfrbpq_1)   15.49    2.96   12.53 (MET)
x_reg[8]$_SDFFE_PN0P_/D (sg13g2_dfrbpq_1)   15.49    2.96   12.53 (MET)
x_reg[8]$_SDFFE_PN0P_/D (sg13g2_dfrbpq_1)   15.49    2.96   12.53 (MET)
x_reg[8]$_SDFFE_PN0P_/D (sg13g2_dfrbpq_1)   15.49    2.96   12.53 (MET)
y_reg[6]$_SDFFE_PN0P_/D (sg13g2_dfrbpq_1)   15.49    2.96   12.53 (MET)
y_reg[6]$_SDFFE_PN0P_/D (sg13g2_dfrbpq_1)   15.49    2.96   12.53 (MET)
y_reg[6]$_SDFFE_PN0P_/D (sg13g2_dfrbpq_1)   15.49    2.96   12.53 (MET)
y_reg[6]$_SDFFE_PN0P_/D (sg13g2_dfrbpq_1)   15.49    2.96   12.53 (MET)
y_reg[8]$_SDFFE_PN0P_/D (sg13g2_dfrbpq_1)   15.48    2.95   12.53 (MET)
y_reg[6]$_SDFFE_PN0P_/D (sg13g2_dfrbpq_1)   15.49    2.96   12.53 (MET)
y_reg[6]$_SDFFE_PN0P_/D (sg13g2_dfrbpq_1)   15.49    2.96   12.53 (MET)
y_reg[6]$_SDFFE_PN0P_/D (sg13g2_dfrbpq_1)   15.49    2.96   12.53 (MET)
y_reg[6]$_SDFFE_PN0P_/D (sg13g2_dfrbpq_1)   15.49    2.96   12.53 (MET)
y_reg[6]$_SDFFE_PN0P_/D (sg13g2_dfrbpq_1)   15.49    2.96   12.53 (MET)
y_reg[6]$_SDFFE_PN0P_/D (sg13g2_dfrbpq_1)   15.49    2.96   12.53 (MET)
y_reg[6]$_SDFFE_PN0P_/D (sg13g2_dfrbpq_1)   15.49    2.96   12.53 (MET)
y_reg[6]$_SDFFE_PN0P_/D (sg13g2_dfrbpq_1)   15.49    2.96   12.53 (MET)
y_reg[6]$_SDFFE_PN0P_/D (sg13g2_dfrbpq_1)   15.49    2.96   12.53 (MET)
y_reg[6]$_SDFFE_PN0P_/D (sg13g2_dfrbpq_1)   15.49    2.96   12.53 (MET)
y_reg[6]$_SDFFE_PN0P_/D (sg13g2_dfrbpq_1)   15.49    2.96   12.53 (MET)
y_reg[6]$_SDFFE_PN0P_/D (sg13g2_dfrbpq_1)   15.49    2.96   12.53 (MET)
x_reg[9]$_SDFFE_PN0P_/D (sg13g2_dfrbpq_1)   15.49    2.96   12.53 (MET)
x_reg[9]$_SDFFE_PN0P_/D (sg13g2_dfrbpq_1)   15.49    2.96   12.53 (MET)
x_reg[9]$_SDFFE_PN0P_/D (sg13g2_dfrbpq_1)   15.49    2.96   12.53 (MET)
x_reg[9]$_SDFFE_PN0P_/D (sg13g2_dfrbpq_1)   15.49    2.96   12.53 (MET)
x_reg[9]$_SDFFE_PN0P_/D (sg13g2_dfrbpq_1)   15.49    2.96   12.53 (MET)
x_reg[9]$_SDFFE_PN0P_/D (sg13g2_dfrbpq_1)   15.49    2.96   12.53 (MET)
x_reg[9]$_SDFFE_PN0P_/D (sg13g2_dfrbpq_1)   15.49    2.96   12.53 (MET)
x_reg[9]$_SDFFE_PN0P_/D (sg13g2_dfrbpq_1)   15.49    2.96   12.53 (MET)
y_reg[9]$_SDFFE_PN0P_/D (sg13g2_dfrbpq_1)   15.48    2.95   12.53 (MET)
y_reg[9]$_SDFFE_PN0P_/D (sg13g2_dfrbpq_1)   15.48    2.95   12.53 (MET)
y_reg[9]$_SDFFE_PN0P_/D (sg13g2_dfrbpq_1)   15.48    2.95   12.53 (MET)
y_reg[9]$_SDFFE_PN0P_/D (sg13g2_dfrbpq_1)   15.48    2.95   12.53 (MET)
y_reg[9]$_SDFFE_PN0P_/D (sg13g2_dfrbpq_1)   15.48    2.95   12.53 (MET)
y_reg[9]$_SDFFE_PN0P_/D (sg13g2_dfrbpq_1)   15.48    2.95   12.53 (MET)
y_reg[6]$_SDFFE_PN0P_/D (sg13g2_dfrbpq_1)   15.49    2.96   12.53 (MET)
y_reg[6]$_SDFFE_PN0P_/D (sg13g2_dfrbpq_1)   15.49    2.96   12.53 (MET)
y_reg[6]$_SDFFE_PN0P_/D (sg13g2_dfrbpq_1)   15.49    2.96   12.53 (MET)
y_reg[6]$_SDFFE_PN0P_/D (sg13g2_dfrbpq_1)   15.49    2.96   12.53 (MET)
y_reg[9]$_SDFFE_PN0P_/D (sg13g2_dfrbpq_1)   15.48    2.95   12.53 (MET)
y_reg[9]$_SDFFE_PN0P_/D (sg13g2_dfrbpq_1)   15.48    2.95   12.53 (MET)
y_reg[9]$_SDFFE_PN0P_/D (sg13g2_dfrbpq_1)   15.48    2.95   12.53 (MET)
y_reg[9]$_SDFFE_PN0P_/D (sg13g2_dfrbpq_1)   15.48    2.95   12.53 (MET)
y_reg[9]$_SDFFE_PN0P_/D (sg13g2_dfrbpq_1)   15.48    2.95   12.53 (MET)
y_reg[9]$_SDFFE_PN0P_/D (sg13g2_dfrbpq_1)   15.48    2.95   12.53 (MET)
x_reg[8]$_SDFFE_PN0P_/D (sg13g2_dfrbpq_1)   15.49    2.96   12.53 (MET)
x_reg[8]$_SDFFE_PN0P_/D (sg13g2_dfrbpq_1)   15.49    2.96   12.53 (MET)
x_reg[8]$_SDFFE_PN0P_/D (sg13g2_dfrbpq_1)   15.49    2.96   12.53 (MET)
x_reg[8]$_SDFFE_PN0P_/D (sg13g2_dfrbpq_1)   15.49    2.96   12.53 (MET)
y_reg[6]$_SDFFE_PN0P_/D (sg13g2_dfrbpq_1)   15.49    2.96   12.53 (MET)
y_reg[6]$_SDFFE_PN0P_/D (sg13g2_dfrbpq_1)   15.49    2.96   12.53 (MET)
y_reg[6]$_SDFFE_PN0P_/D (sg13g2_dfrbpq_1)   15.49    2.96   12.53 (MET)
y_reg[6]$_SDFFE_PN0P_/D (sg13g2_dfrbpq_1)   15.49    2.96   12.53 (MET)
x_reg[8]$_SDFFE_PN0P_/D (sg13g2_dfrbpq_1)   15.49    2.96   12.53 (MET)
y_reg[6]$_SDFFE_PN0P_/D (sg13g2_dfrbpq_1)   15.49    2.96   12.53 (MET)
y_reg[6]$_SDFFE_PN0P_/D (sg13g2_dfrbpq_1)   15.49    2.96   12.53 (MET)
y_reg[6]$_SDFFE_PN0P_/D (sg13g2_dfrbpq_1)   15.49    2.96   12.53 (MET)
y_reg[6]$_SDFFE_PN0P_/D (sg13g2_dfrbpq_1)   15.49    2.96   12.53 (MET)
y_reg[6]$_SDFFE_PN0P_/D (sg13g2_dfrbpq_1)   15.49    2.96   12.53 (MET)
y_reg[6]$_SDFFE_PN0P_/D (sg13g2_dfrbpq_1)   15.49    2.96   12.53 (MET)
y_reg[6]$_SDFFE_PN0P_/D (sg13g2_dfrbpq_1)   15.49    2.96   12.53 (MET)
y_reg[6]$_SDFFE_PN0P_/D (sg13g2_dfrbpq_1)   15.49    2.96   12.53 (MET)
y_reg[6]$_SDFFE_PN0P_/D (sg13g2_dfrbpq_1)   15.49    2.96   12.53 (MET)
y_reg[6]$_SDFFE_PN0P_/D (sg13g2_dfrbpq_1)   15.49    2.96   12.53 (MET)
y_reg[6]$_SDFFE_PN0P_/D (sg13g2_dfrbpq_1)   15.49    2.96   12.53 (MET)
y_reg[6]$_SDFFE_PN0P_/D (sg13g2_dfrbpq_1)   15.49    2.96   12.53 (MET)
x_reg[8]$_SDFFE_PN0P_/D (sg13g2_dfrbpq_1)   15.49    2.96   12.53 (MET)
x_reg[8]$_SDFFE_PN0P_/D (sg13g2_dfrbpq_1)   15.49    2.96   12.53 (MET)
y_reg[6]$_SDFFE_PN0P_/D (sg13g2_dfrbpq_1)   15.49    2.96   12.53 (MET)
y_reg[6]$_SDFFE_PN0P_/D (sg13g2_dfrbpq_1)   15.49    2.96   12.53 (MET)
y_reg[6]$_SDFFE_PN0P_/D (sg13g2_dfrbpq_1)   15.49    2.96   12.53 (MET)
y_reg[6]$_SDFFE_PN0P_/D (sg13g2_dfrbpq_1)   15.49    2.96   12.53 (MET)
x_reg[8]$_SDFFE_PN0P_/D (sg13g2_dfrbpq_1)   15.49    2.96   12.53 (MET)
x_reg[8]$_SDFFE_PN0P_/D (sg13g2_dfrbpq_1)   15.49    2.96   12.53 (MET)
y_reg[6]$_SDFFE_PN0P_/D (sg13g2_dfrbpq_1)   15.49    2.96   12.53 (MET)
y_reg[6]$_SDFFE_PN0P_/D (sg13g2_dfrbpq_1)   15.49    2.96   12.53 (MET)
y_reg[6]$_SDFFE_PN0P_/D (sg13g2_dfrbpq_1)   15.49    2.96   12.53 (MET)
y_reg[6]$_SDFFE_PN0P_/D (sg13g2_dfrbpq_1)   15.49    2.96   12.53 (MET)
y_reg[6]$_SDFFE_PN0P_/D (sg13g2_dfrbpq_1)   15.49    2.96   12.53 (MET)
y_reg[6]$_SDFFE_PN0P_/D (sg13g2_dfrbpq_1)   15.49    2.96   12.53 (MET)
y_reg[6]$_SDFFE_PN0P_/D (sg13g2_dfrbpq_1)   15.49    2.96   12.53 (MET)
y_reg[6]$_SDFFE_PN0P_/D (sg13g2_dfrbpq_1)   15.49    2.96   12.53 (MET)
y_reg[8]$_SDFFE_PN0P_/D (sg13g2_dfrbpq_1)   15.49    2.96   12.53 (MET)
y_reg[9]$_SDFFE_PN0P_/D (sg13g2_dfrbpq_1)   15.48    2.95   12.53 (MET)
y_reg[9]$_SDFFE_PN0P_/D (sg13g2_dfrbpq_1)   15.48    2.95   12.53 (MET)
y_reg[8]$_SDFFE_PN0P_/D (sg13g2_dfrbpq_1)   15.49    2.96   12.53 (MET)
y_reg[8]$_SDFFE_PN0P_/D (sg13g2_dfrbpq_1)   15.49    2.96   12.53 (MET)
y_reg[9]$_SDFFE_PN0P_/D (sg13g2_dfrbpq_1)   15.48    2.95   12.53 (MET)
y_reg[9]$_SDFFE_PN0P_/D (sg13g2_dfrbpq_1)   15.48    2.95   12.53 (MET)
y_reg[9]$_SDFFE_PN0P_/D (sg13g2_dfrbpq_1)   15.48    2.95   12.53 (MET)
y_reg[9]$_SDFFE_PN0P_/D (sg13g2_dfrbpq_1)   15.48    2.95   12.53 (MET)
y_reg[6]$_SDFFE_PN0P_/D (sg13g2_dfrbpq_1)   15.49    2.96   12.53 (MET)
y_reg[6]$_SDFFE_PN0P_/D (sg13g2_dfrbpq_1)   15.49    2.96   12.53 (MET)
y_reg[6]$_SDFFE_PN0P_/D (sg13g2_dfrbpq_1)   15.49    2.96   12.53 (MET)
y_reg[6]$_SDFFE_PN0P_/D (sg13g2_dfrbpq_1)   15.49    2.96   12.53 (MET)
y_reg[8]$_SDFFE_PN0P_/D (sg13g2_dfrbpq_1)   15.49    2.96   12.53 (MET)
y_reg[8]$_SDFFE_PN0P_/D (sg13g2_dfrbpq_1)   15.49    2.96   12.53 (MET)
y_reg[6]$_SDFFE_PN0P_/D (sg13g2_dfrbpq_1)   15.49    2.96   12.53 (MET)
y_reg[6]$_SDFFE_PN0P_/D (sg13g2_dfrbpq_1)   15.49    2.96   12.53 (MET)
y_reg[6]$_SDFFE_PN0P_/D (sg13g2_dfrbpq_1)   15.49    2.96   12.53 (MET)
y_reg[6]$_SDFFE_PN0P_/D (sg13g2_dfrbpq_1)   15.49    2.96   12.53 (MET)
y_reg[6]$_SDFFE_PN0P_/D (sg13g2_dfrbpq_1)   15.49    2.96   12.53 (MET)
y_reg[6]$_SDFFE_PN0P_/D (sg13g2_dfrbpq_1)   15.49    2.96   12.53 (MET)
y_reg[6]$_SDFFE_PN0P_/D (sg13g2_dfrbpq_1)   15.49    2.96   12.53 (MET)
y_reg[6]$_SDFFE_PN0P_/D (sg13g2_dfrbpq_1)   15.49    2.96   12.53 (MET)
y_reg[8]$_SDFFE_PN0P_/D (sg13g2_dfrbpq_1)   15.49    2.96   12.53 (MET)
y_reg[8]$_SDFFE_PN0P_/D (sg13g2_dfrbpq_1)   15.49    2.96   12.53 (MET)
y_reg[8]$_SDFFE_PN0P_/D (sg13g2_dfrbpq_1)   15.49    2.96   12.53 (MET)
y_reg[8]$_SDFFE_PN0P_/D (sg13g2_dfrbpq_1)   15.49    2.96   12.53 (MET)
y_reg[8]$_SDFFE_PN0P_/D (sg13g2_dfrbpq_1)   15.49    2.96   12.53 (MET)
y_reg[8]$_SDFFE_PN0P_/D (sg13g2_dfrbpq_1)   15.49    2.96   12.53 (MET)
y_reg[8]$_SDFFE_PN0P_/D (sg13g2_dfrbpq_1)   15.49    2.96   12.53 (MET)
y_reg[8]$_SDFFE_PN0P_/D (sg13g2_dfrbpq_1)   15.49    2.96   12.53 (MET)
y_reg[8]$_SDFFE_PN0P_/D (sg13g2_dfrbpq_1)   15.49    2.96   12.53 (MET)
x_reg[8]$_SDFFE_PN0P_/D (sg13g2_dfrbpq_1)   15.49    2.96   12.53 (MET)
x_reg[8]$_SDFFE_PN0P_/D (sg13g2_dfrbpq_1)   15.49    2.96   12.53 (MET)
x_reg[8]$_SDFFE_PN0P_/D (sg13g2_dfrbpq_1)   15.49    2.96   12.53 (MET)
x_reg[8]$_SDFFE_PN0P_/D (sg13g2_dfrbpq_1)   15.49    2.96   12.53 (MET)
y_reg[6]$_SDFFE_PN0P_/D (sg13g2_dfrbpq_1)   15.49    2.96   12.53 (MET)
y_reg[6]$_SDFFE_PN0P_/D (sg13g2_dfrbpq_1)   15.49    2.96   12.53 (MET)
y_reg[8]$_SDFFE_PN0P_/D (sg13g2_dfrbpq_1)   15.49    2.96   12.53 (MET)
x_reg[8]$_SDFFE_PN0P_/D (sg13g2_dfrbpq_1)   15.49    2.96   12.53 (MET)
x_reg[8]$_SDFFE_PN0P_/D (sg13g2_dfrbpq_1)   15.49    2.96   12.53 (MET)
x_reg[8]$_SDFFE_PN0P_/D (sg13g2_dfrbpq_1)   15.49    2.96   12.53 (MET)
x_reg[8]$_SDFFE_PN0P_/D (sg13g2_dfrbpq_1)   15.49    2.96   12.53 (MET)
y_reg[6]$_SDFFE_PN0P_/D (sg13g2_dfrbpq_1)   15.49    2.96   12.53 (MET)
y_reg[6]$_SDFFE_PN0P_/D (sg13g2_dfrbpq_1)   15.49    2.96   12.53 (MET)
y_reg[8]$_SDFFE_PN0P_/D (sg13g2_dfrbpq_1)   15.49    2.96   12.53 (MET)
y_reg[8]$_SDFFE_PN0P_/D (sg13g2_dfrbpq_1)   15.49    2.96   12.53 (MET)
y_reg[6]$_SDFFE_PN0P_/D (sg13g2_dfrbpq_1)   15.49    2.96   12.53 (MET)
y_reg[6]$_SDFFE_PN0P_/D (sg13g2_dfrbpq_1)   15.49    2.96   12.53 (MET)
y_reg[8]$_SDFFE_PN0P_/D (sg13g2_dfrbpq_1)   15.49    2.96   12.53 (MET)
y_reg[8]$_SDFFE_PN0P_/D (sg13g2_dfrbpq_1)   15.49    2.96   12.53 (MET)
y_reg[8]$_SDFFE_PN0P_/D (sg13g2_dfrbpq_1)   15.49    2.96   12.53 (MET)
y_reg[8]$_SDFFE_PN0P_/D (sg13g2_dfrbpq_1)   15.49    2.96   12.53 (MET)
y_reg[8]$_SDFFE_PN0P_/D (sg13g2_dfrbpq_1)   15.49    2.96   12.53 (MET)
y_reg[8]$_SDFFE_PN0P_/D (sg13g2_dfrbpq_1)   15.49    2.96   12.53 (MET)
y_reg[6]$_SDFFE_PN0P_/D (sg13g2_dfrbpq_1)   15.49    2.96   12.53 (MET)
y_reg[6]$_SDFFE_PN0P_/D (sg13g2_dfrbpq_1)   15.49    2.96   12.53 (MET)
y_reg[6]$_SDFFE_PN0P_/D (sg13g2_dfrbpq_1)   15.49    2.96   12.53 (MET)
y_reg[6]$_SDFFE_PN0P_/D (sg13g2_dfrbpq_1)   15.49    2.96   12.53 (MET)
y_reg[6]$_SDFFE_PN0P_/D (sg13g2_dfrbpq_1)   15.49    2.96   12.53 (MET)
y_reg[6]$_SDFFE_PN0P_/D (sg13g2_dfrbpq_1)   15.49    2.96   12.53 (MET)
x_reg[8]$_SDFFE_PN0P_/D (sg13g2_dfrbpq_1)   15.49    2.96   12.53 (MET)
x_reg[8]$_SDFFE_PN0P_/D (sg13g2_dfrbpq_1)   15.49    2.96   12.53 (MET)
x_reg[8]$_SDFFE_PN0P_/D (sg13g2_dfrbpq_1)   15.49    2.96   12.53 (MET)
x_reg[8]$_SDFFE_PN0P_/D (sg13g2_dfrbpq_1)   15.49    2.96   12.53 (MET)
y_reg[6]$_SDFFE_PN0P_/D (sg13g2_dfrbpq_1)   15.49    2.96   12.53 (MET)
y_reg[6]$_SDFFE_PN0P_/D (sg13g2_dfrbpq_1)   15.49    2.96   12.53 (MET)
y_reg[6]$_SDFFE_PN0P_/D (sg13g2_dfrbpq_1)   15.49    2.96   12.53 (MET)
y_reg[6]$_SDFFE_PN0P_/D (sg13g2_dfrbpq_1)   15.49    2.96   12.53 (MET)
y_reg[8]$_SDFFE_PN0P_/D (sg13g2_dfrbpq_1)   15.49    2.96   12.53 (MET)
y_reg[8]$_SDFFE_PN0P_/D (sg13g2_dfrbpq_1)   15.49    2.96   12.53 (MET)
y_reg[7]$_SDFFE_PN0P_/D (sg13g2_dfrbpq_1)   15.48    2.95   12.53 (MET)
y_reg[7]$_SDFFE_PN0P_/D (sg13g2_dfrbpq_1)   15.48    2.95   12.53 (MET)
y_reg[7]$_SDFFE_PN0P_/D (sg13g2_dfrbpq_1)   15.48    2.95   12.53 (MET)
y_reg[7]$_SDFFE_PN0P_/D (sg13g2_dfrbpq_1)   15.48    2.95   12.53 (MET)
y_reg[9]$_SDFFE_PN0P_/D (sg13g2_dfrbpq_1)   15.49    2.96   12.53 (MET)
y_reg[9]$_SDFFE_PN0P_/D (sg13g2_dfrbpq_1)   15.49    2.96   12.53 (MET)
y_reg[7]$_SDFFE_PN0P_/D (sg13g2_dfrbpq_1)   15.48    2.95   12.53 (MET)
y_reg[7]$_SDFFE_PN0P_/D (sg13g2_dfrbpq_1)   15.48    2.95   12.53 (MET)
y_reg[7]$_SDFFE_PN0P_/D (sg13g2_dfrbpq_1)   15.48    2.95   12.53 (MET)
y_reg[7]$_SDFFE_PN0P_/D (sg13g2_dfrbpq_1)   15.48    2.95   12.53 (MET)
y_reg[9]$_SDFFE_PN0P_/D (sg13g2_dfrbpq_1)   15.49    2.96   12.53 (MET)
y_reg[9]$_SDFFE_PN0P_/D (sg13g2_dfrbpq_1)   15.49    2.96   12.53 (MET)
y_reg[9]$_SDFFE_PN0P_/D (sg13g2_dfrbpq_1)   15.49    2.96   12.53 (MET)
y_reg[9]$_SDFFE_PN0P_/D (sg13g2_dfrbpq_1)   15.49    2.96   12.53 (MET)
z_reg[6]$_SDFFE_PN0P_/D (sg13g2_dfrbpq_1)   15.47    2.94   12.53 (MET)
z_reg[6]$_SDFFE_PN0P_/D (sg13g2_dfrbpq_1)   15.47    2.94   12.53 (MET)
x_reg[8]$_SDFFE_PN0P_/D (sg13g2_dfrbpq_1)   15.49    2.96   12.53 (MET)
x_reg[8]$_SDFFE_PN0P_/D (sg13g2_dfrbpq_1)   15.49    2.96   12.53 (MET)
x_reg[8]$_SDFFE_PN0P_/D (sg13g2_dfrbpq_1)   15.49    2.96   12.53 (MET)
x_reg[8]$_SDFFE_PN0P_/D (sg13g2_dfrbpq_1)   15.49    2.96   12.53 (MET)
x_reg[8]$_SDFFE_PN0P_/D (sg13g2_dfrbpq_1)   15.49    2.96   12.53 (MET)
x_reg[8]$_SDFFE_PN0P_/D (sg13g2_dfrbpq_1)   15.49    2.96   12.53 (MET)
x_reg[8]$_SDFFE_PN0P_/D (sg13g2_dfrbpq_1)   15.49    2.96   12.53 (MET)
x_reg[8]$_SDFFE_PN0P_/D (sg13g2_dfrbpq_1)   15.49    2.96   12.53 (MET)
x_reg[8]$_SDFFE_PN0P_/D (sg13g2_dfrbpq_1)   15.49    2.96   12.53 (MET)
x_reg[8]$_SDFFE_PN0P_/D (sg13g2_dfrbpq_1)   15.49    2.96   12.53 (MET)
x_reg[8]$_SDFFE_PN0P_/D (sg13g2_dfrbpq_1)   15.49    2.96   12.53 (MET)
x_reg[8]$_SDFFE_PN0P_/D (sg13g2_dfrbpq_1)   15.49    2.96   12.53 (MET)
y_reg[9]$_SDFFE_PN0P_/D (sg13g2_dfrbpq_1)   15.48    2.95   12.53 (MET)
y_reg[9]$_SDFFE_PN0P_/D (sg13g2_dfrbpq_1)   15.48    2.95   12.53 (MET)
y_reg[9]$_SDFFE_PN0P_/D (sg13g2_dfrbpq_1)   15.48    2.95   12.53 (MET)
y_reg[9]$_SDFFE_PN0P_/D (sg13g2_dfrbpq_1)   15.48    2.95   12.53 (MET)
y_reg[9]$_SDFFE_PN0P_/D (sg13g2_dfrbpq_1)   15.48    2.95   12.53 (MET)
y_reg[9]$_SDFFE_PN0P_/D (sg13g2_dfrbpq_1)   15.48    2.95   12.53 (MET)
y_reg[9]$_SDFFE_PN0P_/D (sg13g2_dfrbpq_1)   15.48    2.95   12.53 (MET)
y_reg[9]$_SDFFE_PN0P_/D (sg13g2_dfrbpq_1)   15.48    2.95   12.53 (MET)
y_reg[9]$_SDFFE_PN0P_/D (sg13g2_dfrbpq_1)   15.48    2.95   12.53 (MET)
y_reg[9]$_SDFFE_PN0P_/D (sg13g2_dfrbpq_1)   15.48    2.95   12.53 (MET)
y_reg[6]$_SDFFE_PN0P_/D (sg13g2_dfrbpq_1)   15.49    2.96   12.53 (MET)
y_reg[6]$_SDFFE_PN0P_/D (sg13g2_dfrbpq_1)   15.49    2.96   12.53 (MET)
y_reg[6]$_SDFFE_PN0P_/D (sg13g2_dfrbpq_1)   15.49    2.96   12.53 (MET)
y_reg[6]$_SDFFE_PN0P_/D (sg13g2_dfrbpq_1)   15.49    2.96   12.53 (MET)
y_reg[8]$_SDFFE_PN0P_/D (sg13g2_dfrbpq_1)   15.49    2.96   12.53 (MET)
y_reg[8]$_SDFFE_PN0P_/D (sg13g2_dfrbpq_1)   15.49    2.96   12.53 (MET)
y_reg[9]$_SDFFE_PN0P_/D (sg13g2_dfrbpq_1)   15.48    2.95   12.53 (MET)
y_reg[9]$_SDFFE_PN0P_/D (sg13g2_dfrbpq_1)   15.48    2.95   12.53 (MET)
x_reg[8]$_SDFFE_PN0P_/D (sg13g2_dfrbpq_1)   15.49    2.96   12.53 (MET)
y_reg[8]$_SDFFE_PN0P_/D (sg13g2_dfrbpq_1)   15.48    2.95   12.53 (MET)
y_reg[8]$_SDFFE_PN0P_/D (sg13g2_dfrbpq_1)   15.48    2.95   12.53 (MET)
x_reg[7]$_SDFFE_PN0P_/D (sg13g2_dfrbpq_1)   15.47    2.94   12.53 (MET)
x_reg[7]$_SDFFE_PN0P_/D (sg13g2_dfrbpq_1)   15.47    2.94   12.53 (MET)
x_reg[7]$_SDFFE_PN0P_/D (sg13g2_dfrbpq_1)   15.47    2.94   12.53 (MET)
x_reg[7]$_SDFFE_PN0P_/D (sg13g2_dfrbpq_1)   15.47    2.94   12.53 (MET)
x_reg[7]$_SDFFE_PN0P_/D (sg13g2_dfrbpq_1)   15.47    2.94   12.53 (MET)
x_reg[7]$_SDFFE_PN0P_/D (sg13g2_dfrbpq_1)   15.47    2.94   12.53 (MET)
x_reg[7]$_SDFFE_PN0P_/D (sg13g2_dfrbpq_1)   15.47    2.94   12.53 (MET)
x_reg[7]$_SDFFE_PN0P_/D (sg13g2_dfrbpq_1)   15.47    2.94   12.53 (MET)
x_reg[4]$_SDFFE_PN0P_/D (sg13g2_dfrbpq_1)   15.49    2.96   12.53 (MET)
x_reg[4]$_SDFFE_PN0P_/D (sg13g2_dfrbpq_1)   15.49    2.96   12.53 (MET)
x_reg[8]$_SDFFE_PN0P_/D (sg13g2_dfrbpq_1)   15.49    2.96   12.53 (MET)
y_reg[6]$_SDFFE_PN0P_/D (sg13g2_dfrbpq_1)   15.49    2.96   12.53 (MET)
y_reg[6]$_SDFFE_PN0P_/D (sg13g2_dfrbpq_1)   15.49    2.96   12.53 (MET)
y_reg[6]$_SDFFE_PN0P_/D (sg13g2_dfrbpq_1)   15.49    2.96   12.53 (MET)
y_reg[6]$_SDFFE_PN0P_/D (sg13g2_dfrbpq_1)   15.49    2.96   12.53 (MET)
y_reg[8]$_SDFFE_PN0P_/D (sg13g2_dfrbpq_1)   15.49    2.96   12.53 (MET)
y_reg[8]$_SDFFE_PN0P_/D (sg13g2_dfrbpq_1)   15.49    2.96   12.53 (MET)
y_reg[8]$_SDFFE_PN0P_/D (sg13g2_dfrbpq_1)   15.48    2.95   12.53 (MET)
y_reg[8]$_SDFFE_PN0P_/D (sg13g2_dfrbpq_1)   15.48    2.95   12.53 (MET)
y_reg[6]$_SDFFE_PN0P_/D (sg13g2_dfrbpq_1)   15.49    2.96   12.53 (MET)
y_reg[6]$_SDFFE_PN0P_/D (sg13g2_dfrbpq_1)   15.49    2.96   12.53 (MET)
y_reg[6]$_SDFFE_PN0P_/D (sg13g2_dfrbpq_1)   15.49    2.96   12.53 (MET)
y_reg[6]$_SDFFE_PN0P_/D (sg13g2_dfrbpq_1)   15.49    2.96   12.53 (MET)
x_reg[8]$_SDFFE_PN0P_/D (sg13g2_dfrbpq_1)   15.49    2.96   12.53 (MET)
x_reg[8]$_SDFFE_PN0P_/D (sg13g2_dfrbpq_1)   15.49    2.96   12.53 (MET)
x_reg[8]$_SDFFE_PN0P_/D (sg13g2_dfrbpq_1)   15.49    2.96   12.53 (MET)
x_reg[8]$_SDFFE_PN0P_/D (sg13g2_dfrbpq_1)   15.49    2.96   12.53 (MET)
y_reg[9]$_SDFFE_PN0P_/D (sg13g2_dfrbpq_1)   15.49    2.96   12.53 (MET)
y_reg[9]$_SDFFE_PN0P_/D (sg13g2_dfrbpq_1)   15.49    2.96   12.53 (MET)
y_reg[6]$_SDFFE_PN0P_/D (sg13g2_dfrbpq_1)   15.49    2.96   12.53 (MET)
y_reg[6]$_SDFFE_PN0P_/D (sg13g2_dfrbpq_1)   15.49    2.96   12.53 (MET)
y_reg[6]$_SDFFE_PN0P_/D (sg13g2_dfrbpq_1)   15.49    2.96   12.53 (MET)
y_reg[6]$_SDFFE_PN0P_/D (sg13g2_dfrbpq_1)   15.49    2.96   12.53 (MET)
y_reg[9]$_SDFFE_PN0P_/D (sg13g2_dfrbpq_1)   15.49    2.96   12.53 (MET)
y_reg[9]$_SDFFE_PN0P_/D (sg13g2_dfrbpq_1)   15.49    2.96   12.53 (MET)
y_reg[9]$_SDFFE_PN0P_/D (sg13g2_dfrbpq_1)   15.49    2.96   12.53 (MET)
y_reg[9]$_SDFFE_PN0P_/D (sg13g2_dfrbpq_1)   15.49    2.96   12.53 (MET)
y_reg[6]$_SDFFE_PN0P_/D (sg13g2_dfrbpq_1)   15.49    2.96   12.53 (MET)
y_reg[6]$_SDFFE_PN0P_/D (sg13g2_dfrbpq_1)   15.49    2.96   12.53 (MET)
y_reg[6]$_SDFFE_PN0P_/D (sg13g2_dfrbpq_1)   15.49    2.96   12.53 (MET)
y_reg[6]$_SDFFE_PN0P_/D (sg13g2_dfrbpq_1)   15.49    2.96   12.53 (MET)
y_reg[6]$_SDFFE_PN0P_/D (sg13g2_dfrbpq_1)   15.49    2.96   12.53 (MET)
y_reg[6]$_SDFFE_PN0P_/D (sg13g2_dfrbpq_1)   15.49    2.96   12.53 (MET)
y_reg[6]$_SDFFE_PN0P_/D (sg13g2_dfrbpq_1)   15.49    2.96   12.53 (MET)
y_reg[6]$_SDFFE_PN0P_/D (sg13g2_dfrbpq_1)   15.49    2.96   12.53 (MET)
y_reg[9]$_SDFFE_PN0P_/D (sg13g2_dfrbpq_1)   15.49    2.96   12.53 (MET)
y_reg[6]$_SDFFE_PN0P_/D (sg13g2_dfrbpq_1)   15.49    2.96   12.53 (MET)
y_reg[6]$_SDFFE_PN0P_/D (sg13g2_dfrbpq_1)   15.49    2.96   12.53 (MET)
y_reg[6]$_SDFFE_PN0P_/D (sg13g2_dfrbpq_1)   15.49    2.96   12.53 (MET)
y_reg[6]$_SDFFE_PN0P_/D (sg13g2_dfrbpq_1)   15.49    2.96   12.53 (MET)
y_reg[6]$_SDFFE_PN0P_/D (sg13g2_dfrbpq_1)   15.49    2.96   12.53 (MET)
y_reg[6]$_SDFFE_PN0P_/D (sg13g2_dfrbpq_1)   15.49    2.96   12.53 (MET)
y_reg[9]$_SDFFE_PN0P_/D (sg13g2_dfrbpq_1)   15.49    2.96   12.53 (MET)
y_reg[9]$_SDFFE_PN0P_/D (sg13g2_dfrbpq_1)   15.49    2.96   12.53 (MET)
x_reg[9]$_SDFFE_PN0P_/D (sg13g2_dfrbpq_1)   15.49    2.96   12.53 (MET)
x_reg[9]$_SDFFE_PN0P_/D (sg13g2_dfrbpq_1)   15.49    2.96   12.53 (MET)
x_reg[9]$_SDFFE_PN0P_/D (sg13g2_dfrbpq_1)   15.49    2.96   12.53 (MET)
x_reg[9]$_SDFFE_PN0P_/D (sg13g2_dfrbpq_1)   15.49    2.96   12.53 (MET)
y_reg[6]$_SDFFE_PN0P_/D (sg13g2_dfrbpq_1)   15.49    2.96   12.53 (MET)
y_reg[6]$_SDFFE_PN0P_/D (sg13g2_dfrbpq_1)   15.49    2.96   12.53 (MET)
x_reg[9]$_SDFFE_PN0P_/D (sg13g2_dfrbpq_1)   15.49    2.96   12.53 (MET)
x_reg[9]$_SDFFE_PN0P_/D (sg13g2_dfrbpq_1)   15.49    2.96   12.53 (MET)
x_reg[9]$_SDFFE_PN0P_/D (sg13g2_dfrbpq_1)   15.49    2.96   12.53 (MET)
x_reg[9]$_SDFFE_PN0P_/D (sg13g2_dfrbpq_1)   15.49    2.96   12.53 (MET)
y_reg[6]$_SDFFE_PN0P_/D (sg13g2_dfrbpq_1)   15.49    2.96   12.53 (MET)
y_reg[6]$_SDFFE_PN0P_/D (sg13g2_dfrbpq_1)   15.49    2.96   12.53 (MET)
y_reg[6]$_SDFFE_PN0P_/D (sg13g2_dfrbpq_1)   15.49    2.96   12.53 (MET)
y_reg[6]$_SDFFE_PN0P_/D (sg13g2_dfrbpq_1)   15.49    2.96   12.53 (MET)
y_reg[6]$_SDFFE_PN0P_/D (sg13g2_dfrbpq_1)   15.49    2.96   12.53 (MET)
y_reg[6]$_SDFFE_PN0P_/D (sg13g2_dfrbpq_1)   15.49    2.96   12.53 (MET)
y_reg[6]$_SDFFE_PN0P_/D (sg13g2_dfrbpq_1)   15.49    2.96   12.53 (MET)
y_reg[6]$_SDFFE_PN0P_/D (sg13g2_dfrbpq_1)   15.49    2.96   12.53 (MET)
y_reg[6]$_SDFFE_PN0P_/D (sg13g2_dfrbpq_1)   15.49    2.96   12.53 (MET)
y_reg[6]$_SDFFE_PN0P_/D (sg13g2_dfrbpq_1)   15.49    2.96   12.53 (MET)
y_reg[6]$_SDFFE_PN0P_/D (sg13g2_dfrbpq_1)   15.49    2.96   12.53 (MET)
y_reg[6]$_SDFFE_PN0P_/D (sg13g2_dfrbpq_1)   15.49    2.96   12.53 (MET)
y_reg[6]$_SDFFE_PN0P_/D (sg13g2_dfrbpq_1)   15.49    2.96   12.53 (MET)
y_reg[6]$_SDFFE_PN0P_/D (sg13g2_dfrbpq_1)   15.49    2.96   12.53 (MET)
y_reg[6]$_SDFFE_PN0P_/D (sg13g2_dfrbpq_1)   15.49    2.96   12.53 (MET)
y_reg[6]$_SDFFE_PN0P_/D (sg13g2_dfrbpq_1)   15.49    2.96   12.53 (MET)
y_reg[6]$_SDFFE_PN0P_/D (sg13g2_dfrbpq_1)   15.49    2.96   12.53 (MET)
y_reg[6]$_SDFFE_PN0P_/D (sg13g2_dfrbpq_1)   15.49    2.96   12.53 (MET)
x_reg[8]$_SDFFE_PN0P_/D (sg13g2_dfrbpq_1)   15.49    2.96   12.53 (MET)
x_reg[8]$_SDFFE_PN0P_/D (sg13g2_dfrbpq_1)   15.49    2.96   12.53 (MET)
x_reg[8]$_SDFFE_PN0P_/D (sg13g2_dfrbpq_1)   15.49    2.96   12.53 (MET)
x_reg[8]$_SDFFE_PN0P_/D (sg13g2_dfrbpq_1)   15.49    2.96   12.53 (MET)
y_reg[6]$_SDFFE_PN0P_/D (sg13g2_dfrbpq_1)   15.49    2.96   12.53 (MET)
y_reg[6]$_SDFFE_PN0P_/D (sg13g2_dfrbpq_1)   15.49    2.96   12.53 (MET)
y_reg[8]$_SDFFE_PN0P_/D (sg13g2_dfrbpq_1)   15.49    2.96   12.53 (MET)
y_reg[9]$_SDFFE_PN0P_/D (sg13g2_dfrbpq_1)   15.48    2.95   12.53 (MET)
y_reg[9]$_SDFFE_PN0P_/D (sg13g2_dfrbpq_1)   15.48    2.95   12.53 (MET)
y_reg[8]$_SDFFE_PN0P_/D (sg13g2_dfrbpq_1)   15.49    2.96   12.53 (MET)
y_reg[8]$_SDFFE_PN0P_/D (sg13g2_dfrbpq_1)   15.49    2.96   12.53 (MET)
y_reg[6]$_SDFFE_PN0P_/D (sg13g2_dfrbpq_1)   15.49    2.96   12.53 (MET)
y_reg[6]$_SDFFE_PN0P_/D (sg13g2_dfrbpq_1)   15.49    2.96   12.53 (MET)
y_reg[8]$_SDFFE_PN0P_/D (sg13g2_dfrbpq_1)   15.49    2.96   12.53 (MET)
y_reg[8]$_SDFFE_PN0P_/D (sg13g2_dfrbpq_1)   15.49    2.96   12.53 (MET)
y_reg[8]$_SDFFE_PN0P_/D (sg13g2_dfrbpq_1)   15.49    2.96   12.53 (MET)
y_reg[9]$_SDFFE_PN0P_/D (sg13g2_dfrbpq_1)   15.48    2.95   12.53 (MET)
y_reg[8]$_SDFFE_PN0P_/D (sg13g2_dfrbpq_1)   15.49    2.96   12.53 (MET)
y_reg[8]$_SDFFE_PN0P_/D (sg13g2_dfrbpq_1)   15.49    2.96   12.53 (MET)
y_reg[8]$_SDFFE_PN0P_/D (sg13g2_dfrbpq_1)   15.49    2.96   12.53 (MET)
y_reg[8]$_SDFFE_PN0P_/D (sg13g2_dfrbpq_1)   15.49    2.96   12.53 (MET)
y_reg[6]$_SDFFE_PN0P_/D (sg13g2_dfrbpq_1)   15.49    2.96   12.53 (MET)
y_reg[6]$_SDFFE_PN0P_/D (sg13g2_dfrbpq_1)   15.49    2.96   12.53 (MET)
y_reg[8]$_SDFFE_PN0P_/D (sg13g2_dfrbpq_1)   15.49    2.96   12.53 (MET)
x_reg[7]$_SDFFE_PN0P_/D (sg13g2_dfrbpq_1)   15.47    2.94   12.53 (MET)
x_reg[7]$_SDFFE_PN0P_/D (sg13g2_dfrbpq_1)   15.47    2.94   12.53 (MET)
y_reg[6]$_SDFFE_PN0P_/D (sg13g2_dfrbpq_1)   15.49    2.96   12.53 (MET)
y_reg[6]$_SDFFE_PN0P_/D (sg13g2_dfrbpq_1)   15.49    2.96   12.53 (MET)
y_reg[6]$_SDFFE_PN0P_/D (sg13g2_dfrbpq_1)   15.49    2.96   12.53 (MET)
y_reg[6]$_SDFFE_PN0P_/D (sg13g2_dfrbpq_1)   15.49    2.96   12.53 (MET)
y_reg[6]$_SDFFE_PN0P_/D (sg13g2_dfrbpq_1)   15.49    2.96   12.53 (MET)
y_reg[6]$_SDFFE_PN0P_/D (sg13g2_dfrbpq_1)   15.49    2.96   12.53 (MET)
y_reg[6]$_SDFFE_PN0P_/D (sg13g2_dfrbpq_1)   15.49    2.96   12.53 (MET)
y_reg[6]$_SDFFE_PN0P_/D (sg13g2_dfrbpq_1)   15.49    2.96   12.53 (MET)
y_reg[6]$_SDFFE_PN0P_/D (sg13g2_dfrbpq_1)   15.49    2.96   12.53 (MET)
y_reg[6]$_SDFFE_PN0P_/D (sg13g2_dfrbpq_1)   15.49    2.96   12.53 (MET)
y_reg[6]$_SDFFE_PN0P_/D (sg13g2_dfrbpq_1)   15.49    2.96   12.53 (MET)
y_reg[6]$_SDFFE_PN0P_/D (sg13g2_dfrbpq_1)   15.49    2.96   12.53 (MET)
y_reg[6]$_SDFFE_PN0P_/D (sg13g2_dfrbpq_1)   15.49    2.96   12.53 (MET)
y_reg[6]$_SDFFE_PN0P_/D (sg13g2_dfrbpq_1)   15.49    2.96   12.53 (MET)
y_reg[6]$_SDFFE_PN0P_/D (sg13g2_dfrbpq_1)   15.49    2.96   12.53 (MET)
y_reg[6]$_SDFFE_PN0P_/D (sg13g2_dfrbpq_1)   15.49    2.96   12.53 (MET)
y_reg[6]$_SDFFE_PN0P_/D (sg13g2_dfrbpq_1)   15.49    2.96   12.53 (MET)
y_reg[6]$_SDFFE_PN0P_/D (sg13g2_dfrbpq_1)   15.49    2.96   12.53 (MET)
y_reg[6]$_SDFFE_PN0P_/D (sg13g2_dfrbpq_1)   15.49    2.96   12.53 (MET)
y_reg[6]$_SDFFE_PN0P_/D (sg13g2_dfrbpq_1)   15.49    2.96   12.53 (MET)
y_reg[8]$_SDFFE_PN0P_/D (sg13g2_dfrbpq_1)   15.49    2.96   12.53 (MET)
y_reg[8]$_SDFFE_PN0P_/D (sg13g2_dfrbpq_1)   15.49    2.96   12.53 (MET)
y_reg[9]$_SDFFE_PN0P_/D (sg13g2_dfrbpq_1)   15.49    2.96   12.53 (MET)
y_reg[8]$_SDFFE_PN0P_/D (sg13g2_dfrbpq_1)   15.49    2.96   12.53 (MET)
y_reg[8]$_SDFFE_PN0P_/D (sg13g2_dfrbpq_1)   15.49    2.96   12.53 (MET)
y_reg[8]$_SDFFE_PN0P_/D (sg13g2_dfrbpq_1)   15.49    2.96   12.53 (MET)
y_reg[8]$_SDFFE_PN0P_/D (sg13g2_dfrbpq_1)   15.49    2.96   12.53 (MET)
x_reg[8]$_SDFFE_PN0P_/D (sg13g2_dfrbpq_1)   15.49    2.96   12.53 (MET)
y_reg[6]$_SDFFE_PN0P_/D (sg13g2_dfrbpq_1)   15.49    2.96   12.53 (MET)
y_reg[6]$_SDFFE_PN0P_/D (sg13g2_dfrbpq_1)   15.49    2.96   12.53 (MET)
y_reg[6]$_SDFFE_PN0P_/D (sg13g2_dfrbpq_1)   15.49    2.96   12.53 (MET)
y_reg[6]$_SDFFE_PN0P_/D (sg13g2_dfrbpq_1)   15.49    2.96   12.53 (MET)
y_reg[9]$_SDFFE_PN0P_/D (sg13g2_dfrbpq_1)   15.49    2.96   12.53 (MET)
y_reg[9]$_SDFFE_PN0P_/D (sg13g2_dfrbpq_1)   15.49    2.96   12.53 (MET)
y_reg[9]$_SDFFE_PN0P_/D (sg13g2_dfrbpq_1)   15.49    2.96   12.53 (MET)
y_reg[9]$_SDFFE_PN0P_/D (sg13g2_dfrbpq_1)   15.48    2.95   12.53 (MET)
y_reg[9]$_SDFFE_PN0P_/D (sg13g2_dfrbpq_1)   15.48    2.95   12.53 (MET)
x_reg[8]$_SDFFE_PN0P_/D (sg13g2_dfrbpq_1)   15.49    2.96   12.53 (MET)
x_reg[8]$_SDFFE_PN0P_/D (sg13g2_dfrbpq_1)   15.49    2.96   12.53 (MET)
x_reg[8]$_SDFFE_PN0P_/D (sg13g2_dfrbpq_1)   15.49    2.96   12.53 (MET)
x_reg[8]$_SDFFE_PN0P_/D (sg13g2_dfrbpq_1)   15.49    2.96   12.53 (MET)
y_reg[9]$_SDFFE_PN0P_/D (sg13g2_dfrbpq_1)   15.48    2.95   12.53 (MET)
y_reg[9]$_SDFFE_PN0P_/D (sg13g2_dfrbpq_1)   15.48    2.95   12.53 (MET)
y_reg[9]$_SDFFE_PN0P_/D (sg13g2_dfrbpq_1)   15.48    2.95   12.53 (MET)
y_reg[9]$_SDFFE_PN0P_/D (sg13g2_dfrbpq_1)   15.48    2.95   12.53 (MET)
x_reg[8]$_SDFFE_PN0P_/D (sg13g2_dfrbpq_1)   15.49    2.96   12.53 (MET)
x_reg[8]$_SDFFE_PN0P_/D (sg13g2_dfrbpq_1)   15.49    2.96   12.53 (MET)
x_reg[8]$_SDFFE_PN0P_/D (sg13g2_dfrbpq_1)   15.49    2.96   12.53 (MET)
x_reg[8]$_SDFFE_PN0P_/D (sg13g2_dfrbpq_1)   15.49    2.96   12.53 (MET)
x_reg[8]$_SDFFE_PN0P_/D (sg13g2_dfrbpq_1)   15.49    2.96   12.53 (MET)
x_reg[8]$_SDFFE_PN0P_/D (sg13g2_dfrbpq_1)   15.49    2.96   12.53 (MET)
x_reg[8]$_SDFFE_PN0P_/D (sg13g2_dfrbpq_1)   15.49    2.96   12.53 (MET)
x_reg[8]$_SDFFE_PN0P_/D (sg13g2_dfrbpq_1)   15.49    2.96   12.53 (MET)
x_reg[8]$_SDFFE_PN0P_/D (sg13g2_dfrbpq_1)   15.49    2.96   12.53 (MET)
x_reg[8]$_SDFFE_PN0P_/D (sg13g2_dfrbpq_1)   15.49    2.96   12.53 (MET)
x_reg[8]$_SDFFE_PN0P_/D (sg13g2_dfrbpq_1)   15.49    2.96   12.53 (MET)
x_reg[8]$_SDFFE_PN0P_/D (sg13g2_dfrbpq_1)   15.49    2.96   12.53 (MET)
x_reg[8]$_SDFFE_PN0P_/D (sg13g2_dfrbpq_1)   15.49    2.96   12.53 (MET)
x_reg[8]$_SDFFE_PN0P_/D (sg13g2_dfrbpq_1)   15.49    2.96   12.53 (MET)
x_reg[8]$_SDFFE_PN0P_/D (sg13g2_dfrbpq_1)   15.49    2.96   12.53 (MET)
x_reg[8]$_SDFFE_PN0P_/D (sg13g2_dfrbpq_1)   15.49    2.96   12.53 (MET)
y_reg[8]$_SDFFE_PN0P_/D (sg13g2_dfrbpq_1)   15.49    2.96   12.53 (MET)
y_reg[8]$_SDFFE_PN0P_/D (sg13g2_dfrbpq_1)   15.49    2.96   12.53 (MET)
y_reg[9]$_SDFFE_PN0P_/D (sg13g2_dfrbpq_1)   15.48    2.95   12.53 (MET)
y_reg[9]$_SDFFE_PN0P_/D (sg13g2_dfrbpq_1)   15.48    2.95   12.53 (MET)
y_reg[8]$_SDFFE_PN0P_/D (sg13g2_dfrbpq_1)   15.48    2.95   12.53 (MET)
y_reg[8]$_SDFFE_PN0P_/D (sg13g2_dfrbpq_1)   15.48    2.95   12.53 (MET)
y_reg[8]$_SDFFE_PN0P_/D (sg13g2_dfrbpq_1)   15.48    2.95   12.53 (MET)
y_reg[8]$_SDFFE_PN0P_/D (sg13g2_dfrbpq_1)   15.48    2.95   12.53 (MET)
y_reg[8]$_SDFFE_PN0P_/D (sg13g2_dfrbpq_1)   15.49    2.96   12.53 (MET)
y_reg[8]$_SDFFE_PN0P_/D (sg13g2_dfrbpq_1)   15.49    2.96   12.53 (MET)
y_reg[8]$_SDFFE_PN0P_/D (sg13g2_dfrbpq_1)   15.49    2.96   12.53 (MET)
y_reg[8]$_SDFFE_PN0P_/D (sg13g2_dfrbpq_1)   15.48    2.95   12.53 (MET)
y_reg[8]$_SDFFE_PN0P_/D (sg13g2_dfrbpq_1)   15.48    2.95   12.53 (MET)
y_reg[8]$_SDFFE_PN0P_/D (sg13g2_dfrbpq_1)   15.49    2.96   12.53 (MET)
y_reg[8]$_SDFFE_PN0P_/D (sg13g2_dfrbpq_1)   15.49    2.96   12.53 (MET)
y_reg[8]$_SDFFE_PN0P_/D (sg13g2_dfrbpq_1)   15.49    2.96   12.53 (MET)
y_reg[8]$_SDFFE_PN0P_/D (sg13g2_dfrbpq_1)   15.49    2.96   12.53 (MET)
y_reg[6]$_SDFFE_PN0P_/D (sg13g2_dfrbpq_1)   15.49    2.96   12.53 (MET)
y_reg[6]$_SDFFE_PN0P_/D (sg13g2_dfrbpq_1)   15.49    2.96   12.53 (MET)
y_reg[8]$_SDFFE_PN0P_/D (sg13g2_dfrbpq_1)   15.49    2.96   12.53 (MET)
y_reg[8]$_SDFFE_PN0P_/D (sg13g2_dfrbpq_1)   15.49    2.96   12.53 (MET)
y_reg[8]$_SDFFE_PN0P_/D (sg13g2_dfrbpq_1)   15.49    2.96   12.53 (MET)
y_reg[8]$_SDFFE_PN0P_/D (sg13g2_dfrbpq_1)   15.49    2.96   12.53 (MET)
y_reg[9]$_SDFFE_PN0P_/D (sg13g2_dfrbpq_1)   15.49    2.96   12.53 (MET)
y_reg[6]$_SDFFE_PN0P_/D (sg13g2_dfrbpq_1)   15.49    2.96   12.53 (MET)
y_reg[6]$_SDFFE_PN0P_/D (sg13g2_dfrbpq_1)   15.49    2.96   12.53 (MET)
y_reg[6]$_SDFFE_PN0P_/D (sg13g2_dfrbpq_1)   15.49    2.96   12.53 (MET)
y_reg[6]$_SDFFE_PN0P_/D (sg13g2_dfrbpq_1)   15.49    2.96   12.53 (MET)
y_reg[6]$_SDFFE_PN0P_/D (sg13g2_dfrbpq_1)   15.49    2.96   12.53 (MET)
y_reg[6]$_SDFFE_PN0P_/D (sg13g2_dfrbpq_1)   15.49    2.96   12.53 (MET)
y_reg[6]$_SDFFE_PN0P_/D (sg13g2_dfrbpq_1)   15.49    2.96   12.53 (MET)
y_reg[6]$_SDFFE_PN0P_/D (sg13g2_dfrbpq_1)   15.49    2.96   12.53 (MET)
y_reg[9]$_SDFFE_PN0P_/D (sg13g2_dfrbpq_1)   15.49    2.96   12.53 (MET)
y_reg[9]$_SDFFE_PN0P_/D (sg13g2_dfrbpq_1)   15.48    2.95   12.53 (MET)
y_reg[9]$_SDFFE_PN0P_/D (sg13g2_dfrbpq_1)   15.48    2.95   12.53 (MET)
y_reg[6]$_SDFFE_PN0P_/D (sg13g2_dfrbpq_1)   15.49    2.96   12.53 (MET)
y_reg[6]$_SDFFE_PN0P_/D (sg13g2_dfrbpq_1)   15.49    2.96   12.53 (MET)
y_reg[6]$_SDFFE_PN0P_/D (sg13g2_dfrbpq_1)   15.49    2.96   12.53 (MET)
y_reg[6]$_SDFFE_PN0P_/D (sg13g2_dfrbpq_1)   15.49    2.96   12.53 (MET)
y_reg[6]$_SDFFE_PN0P_/D (sg13g2_dfrbpq_1)   15.49    2.96   12.53 (MET)
y_reg[6]$_SDFFE_PN0P_/D (sg13g2_dfrbpq_1)   15.49    2.96   12.53 (MET)
y_reg[6]$_SDFFE_PN0P_/D (sg13g2_dfrbpq_1)   15.49    2.96   12.53 (MET)
y_reg[6]$_SDFFE_PN0P_/D (sg13g2_dfrbpq_1)   15.49    2.96   12.53 (MET)
y_reg[7]$_SDFFE_PN0P_/D (sg13g2_dfrbpq_1)   15.48    2.95   12.53 (MET)
y_reg[7]$_SDFFE_PN0P_/D (sg13g2_dfrbpq_1)   15.48    2.95   12.53 (MET)
y_reg[7]$_SDFFE_PN0P_/D (sg13g2_dfrbpq_1)   15.48    2.95   12.53 (MET)
y_reg[7]$_SDFFE_PN0P_/D (sg13g2_dfrbpq_1)   15.48    2.95   12.53 (MET)
y_reg[8]$_SDFFE_PN0P_/D (sg13g2_dfrbpq_1)   15.49    2.96   12.53 (MET)
y_reg[9]$_SDFFE_PN0P_/D (sg13g2_dfrbpq_1)   15.48    2.95   12.53 (MET)
y_reg[9]$_SDFFE_PN0P_/D (sg13g2_dfrbpq_1)   15.48    2.95   12.53 (MET)
y_reg[9]$_SDFFE_PN0P_/D (sg13g2_dfrbpq_1)   15.48    2.95   12.53 (MET)
y_reg[9]$_SDFFE_PN0P_/D (sg13g2_dfrbpq_1)   15.48    2.95   12.53 (MET)
y_reg[9]$_SDFFE_PN0P_/D (sg13g2_dfrbpq_1)   15.48    2.95   12.53 (MET)
y_reg[9]$_SDFFE_PN0P_/D (sg13g2_dfrbpq_1)   15.48    2.95   12.53 (MET)
y_reg[9]$_SDFFE_PN0P_/D (sg13g2_dfrbpq_1)   15.48    2.95   12.53 (MET)
x_reg[8]$_SDFFE_PN0P_/D (sg13g2_dfrbpq_1)   15.49    2.96   12.53 (MET)
y_reg[8]$_SDFFE_PN0P_/D (sg13g2_dfrbpq_1)   15.49    2.96   12.53 (MET)
y_reg[9]$_SDFFE_PN0P_/D (sg13g2_dfrbpq_1)   15.48    2.95   12.53 (MET)
y_reg[9]$_SDFFE_PN0P_/D (sg13g2_dfrbpq_1)   15.48    2.95   12.53 (MET)
y_reg[9]$_SDFFE_PN0P_/D (sg13g2_dfrbpq_1)   15.49    2.96   12.53 (MET)
y_reg[9]$_SDFFE_PN0P_/D (sg13g2_dfrbpq_1)   15.49    2.96   12.53 (MET)
y_reg[9]$_SDFFE_PN0P_/D (sg13g2_dfrbpq_1)   15.49    2.96   12.53 (MET)
y_reg[9]$_SDFFE_PN0P_/D (sg13g2_dfrbpq_1)   15.48    2.95   12.53 (MET)
y_reg[9]$_SDFFE_PN0P_/D (sg13g2_dfrbpq_1)   15.48    2.95   12.53 (MET)
uo_out[1] (output)                     13.43    0.89   12.53 (MET)
uo_out[1] (output)                     13.43    0.89   12.53 (MET)
y_reg[9]$_SDFFE_PN0P_/D (sg13g2_dfrbpq_1)   15.49    2.96   12.53 (MET)
y_reg[9]$_SDFFE_PN0P_/D (sg13g2_dfrbpq_1)   15.49    2.96   12.53 (MET)
y_reg[9]$_SDFFE_PN0P_/D (sg13g2_dfrbpq_1)   15.49    2.96   12.53 (MET)
x_reg[7]$_SDFFE_PN0P_/D (sg13g2_dfrbpq_1)   15.47    2.94   12.53 (MET)
x_reg[7]$_SDFFE_PN0P_/D (sg13g2_dfrbpq_1)   15.47    2.94   12.53 (MET)
x_reg[7]$_SDFFE_PN0P_/D (sg13g2_dfrbpq_1)   15.47    2.94   12.53 (MET)
x_reg[7]$_SDFFE_PN0P_/D (sg13g2_dfrbpq_1)   15.47    2.94   12.53 (MET)
x_reg[8]$_SDFFE_PN0P_/D (sg13g2_dfrbpq_1)   15.49    2.96   12.53 (MET)
x_reg[8]$_SDFFE_PN0P_/D (sg13g2_dfrbpq_1)   15.49    2.96   12.53 (MET)
x_reg[8]$_SDFFE_PN0P_/D (sg13g2_dfrbpq_1)   15.49    2.96   12.53 (MET)
x_reg[8]$_SDFFE_PN0P_/D (sg13g2_dfrbpq_1)   15.49    2.96   12.53 (MET)
x_reg[8]$_SDFFE_PN0P_/D (sg13g2_dfrbpq_1)   15.49    2.96   12.53 (MET)
x_reg[8]$_SDFFE_PN0P_/D (sg13g2_dfrbpq_1)   15.49    2.96   12.53 (MET)
x_reg[8]$_SDFFE_PN0P_/D (sg13g2_dfrbpq_1)   15.49    2.96   12.53 (MET)
x_reg[8]$_SDFFE_PN0P_/D (sg13g2_dfrbpq_1)   15.49    2.96   12.53 (MET)
x_reg[8]$_SDFFE_PN0P_/D (sg13g2_dfrbpq_1)   15.49    2.96   12.53 (MET)
x_reg[8]$_SDFFE_PN0P_/D (sg13g2_dfrbpq_1)   15.49    2.96   12.53 (MET)
x_reg[8]$_SDFFE_PN0P_/D (sg13g2_dfrbpq_1)   15.49    2.96   12.53 (MET)
x_reg[8]$_SDFFE_PN0P_/D (sg13g2_dfrbpq_1)   15.49    2.96   12.53 (MET)
x_reg[8]$_SDFFE_PN0P_/D (sg13g2_dfrbpq_1)   15.49    2.96   12.53 (MET)
x_reg[8]$_SDFFE_PN0P_/D (sg13g2_dfrbpq_1)   15.49    2.96   12.53 (MET)
x_reg[8]$_SDFFE_PN0P_/D (sg13g2_dfrbpq_1)   15.49    2.96   12.53 (MET)
x_reg[8]$_SDFFE_PN0P_/D (sg13g2_dfrbpq_1)   15.49    2.96   12.53 (MET)
y_reg[9]$_SDFFE_PN0P_/D (sg13g2_dfrbpq_1)   15.49    2.96   12.53 (MET)
y_reg[9]$_SDFFE_PN0P_/D (sg13g2_dfrbpq_1)   15.49    2.96   12.53 (MET)
y_reg[9]$_SDFFE_PN0P_/D (sg13g2_dfrbpq_1)   15.49    2.96   12.53 (MET)
y_reg[9]$_SDFFE_PN0P_/D (sg13g2_dfrbpq_1)   15.49    2.96   12.53 (MET)
y_reg[9]$_SDFFE_PN0P_/D (sg13g2_dfrbpq_1)   15.49    2.96   12.53 (MET)
y_reg[9]$_SDFFE_PN0P_/D (sg13g2_dfrbpq_1)   15.49    2.96   12.53 (MET)
y_reg[9]$_SDFFE_PN0P_/D (sg13g2_dfrbpq_1)   15.49    2.96   12.53 (MET)
y_reg[9]$_SDFFE_PN0P_/D (sg13g2_dfrbpq_1)   15.49    2.96   12.53 (MET)
y_reg[9]$_SDFFE_PN0P_/D (sg13g2_dfrbpq_1)   15.49    2.96   12.53 (MET)
y_reg[9]$_SDFFE_PN0P_/D (sg13g2_dfrbpq_1)   15.49    2.96   12.53 (MET)
y_reg[9]$_SDFFE_PN0P_/D (sg13g2_dfrbpq_1)   15.49    2.96   12.53 (MET)
y_reg[9]$_SDFFE_PN0P_/D (sg13g2_dfrbpq_1)   15.49    2.96   12.53 (MET)
y_reg[9]$_SDFFE_PN0P_/D (sg13g2_dfrbpq_1)   15.49    2.96   12.53 (MET)
y_reg[9]$_SDFFE_PN0P_/D (sg13g2_dfrbpq_1)   15.49    2.96   12.53 (MET)
y_reg[9]$_SDFFE_PN0P_/D (sg13g2_dfrbpq_1)   15.49    2.96   12.53 (MET)
x_reg[7]$_SDFFE_PN0P_/D (sg13g2_dfrbpq_1)   15.47    2.94   12.53 (MET)
x_reg[7]$_SDFFE_PN0P_/D (sg13g2_dfrbpq_1)   15.47    2.94   12.53 (MET)
y_reg[9]$_SDFFE_PN0P_/D (sg13g2_dfrbpq_1)   15.48    2.95   12.53 (MET)
x_reg[7]$_SDFFE_PN0P_/D (sg13g2_dfrbpq_1)   15.47    2.94   12.53 (MET)
x_reg[7]$_SDFFE_PN0P_/D (sg13g2_dfrbpq_1)   15.47    2.94   12.53 (MET)
y_reg[9]$_SDFFE_PN0P_/D (sg13g2_dfrbpq_1)   15.48    2.95   12.53 (MET)
y_reg[8]$_SDFFE_PN0P_/D (sg13g2_dfrbpq_1)   15.49    2.96   12.53 (MET)
y_reg[8]$_SDFFE_PN0P_/D (sg13g2_dfrbpq_1)   15.49    2.96   12.53 (MET)
y_reg[9]$_SDFFE_PN0P_/D (sg13g2_dfrbpq_1)   15.49    2.96   12.53 (MET)
y_reg[6]$_SDFFE_PN0P_/D (sg13g2_dfrbpq_1)   15.49    2.96   12.53 (MET)
y_reg[6]$_SDFFE_PN0P_/D (sg13g2_dfrbpq_1)   15.49    2.96   12.53 (MET)
y_reg[8]$_SDFFE_PN0P_/D (sg13g2_dfrbpq_1)   15.49    2.96   12.53 (MET)
y_reg[9]$_SDFFE_PN0P_/D (sg13g2_dfrbpq_1)   15.49    2.96   12.53 (MET)
y_reg[9]$_SDFFE_PN0P_/D (sg13g2_dfrbpq_1)   15.49    2.96   12.53 (MET)
x_reg[8]$_SDFFE_PN0P_/D (sg13g2_dfrbpq_1)   15.49    2.96   12.53 (MET)
x_reg[8]$_SDFFE_PN0P_/D (sg13g2_dfrbpq_1)   15.49    2.96   12.53 (MET)
x_reg[8]$_SDFFE_PN0P_/D (sg13g2_dfrbpq_1)   15.49    2.96   12.53 (MET)
x_reg[8]$_SDFFE_PN0P_/D (sg13g2_dfrbpq_1)   15.49    2.96   12.53 (MET)
y_reg[8]$_SDFFE_PN0P_/D (sg13g2_dfrbpq_1)   15.49    2.96   12.53 (MET)
y_reg[8]$_SDFFE_PN0P_/D (sg13g2_dfrbpq_1)   15.49    2.96   12.53 (MET)
y_reg[8]$_SDFFE_PN0P_/D (sg13g2_dfrbpq_1)   15.49    2.96   12.53 (MET)
x_reg[8]$_SDFFE_PN0P_/D (sg13g2_dfrbpq_1)   15.49    2.96   12.53 (MET)
y_reg[6]$_SDFFE_PN0P_/D (sg13g2_dfrbpq_1)   15.49    2.96   12.53 (MET)
y_reg[6]$_SDFFE_PN0P_/D (sg13g2_dfrbpq_1)   15.49    2.96   12.53 (MET)
y_reg[8]$_SDFFE_PN0P_/D (sg13g2_dfrbpq_1)   15.49    2.96   12.53 (MET)
y_reg[8]$_SDFFE_PN0P_/D (sg13g2_dfrbpq_1)   15.49    2.96   12.53 (MET)
y_reg[8]$_SDFFE_PN0P_/D (sg13g2_dfrbpq_1)   15.49    2.96   12.53 (MET)
y_reg[8]$_SDFFE_PN0P_/D (sg13g2_dfrbpq_1)   15.49    2.96   12.53 (MET)
y_reg[8]$_SDFFE_PN0P_/D (sg13g2_dfrbpq_1)   15.49    2.96   12.53 (MET)
x_reg[8]$_SDFFE_PN0P_/D (sg13g2_dfrbpq_1)   15.49    2.96   12.53 (MET)
x_reg[8]$_SDFFE_PN0P_/D (sg13g2_dfrbpq_1)   15.49    2.96   12.53 (MET)
x_reg[8]$_SDFFE_PN0P_/D (sg13g2_dfrbpq_1)   15.49    2.96   12.53 (MET)
y_reg[8]$_SDFFE_PN0P_/D (sg13g2_dfrbpq_1)   15.48    2.95   12.53 (MET)
y_reg[8]$_SDFFE_PN0P_/D (sg13g2_dfrbpq_1)   15.48    2.95   12.53 (MET)
y_reg[9]$_SDFFE_PN0P_/D (sg13g2_dfrbpq_1)   15.48    2.95   12.53 (MET)
y_reg[9]$_SDFFE_PN0P_/D (sg13g2_dfrbpq_1)   15.48    2.95   12.53 (MET)
y_reg[9]$_SDFFE_PN0P_/D (sg13g2_dfrbpq_1)   15.48    2.95   12.53 (MET)
y_reg[9]$_SDFFE_PN0P_/D (sg13g2_dfrbpq_1)   15.48    2.95   12.53 (MET)
x_reg[8]$_SDFFE_PN0P_/D (sg13g2_dfrbpq_1)   15.49    2.96   12.53 (MET)
x_reg[8]$_SDFFE_PN0P_/D (sg13g2_dfrbpq_1)   15.49    2.96   12.53 (MET)
x_reg[8]$_SDFFE_PN0P_/D (sg13g2_dfrbpq_1)   15.49    2.96   12.53 (MET)
x_reg[8]$_SDFFE_PN0P_/D (sg13g2_dfrbpq_1)   15.49    2.96   12.53 (MET)
x_reg[8]$_SDFFE_PN0P_/D (sg13g2_dfrbpq_1)   15.49    2.96   12.53 (MET)
x_reg[8]$_SDFFE_PN0P_/D (sg13g2_dfrbpq_1)   15.49    2.96   12.53 (MET)
x_reg[8]$_SDFFE_PN0P_/D (sg13g2_dfrbpq_1)   15.49    2.96   12.53 (MET)
x_reg[8]$_SDFFE_PN0P_/D (sg13g2_dfrbpq_1)   15.49    2.96   12.53 (MET)
y_reg[6]$_SDFFE_PN0P_/D (sg13g2_dfrbpq_1)   15.49    2.96   12.53 (MET)
y_reg[6]$_SDFFE_PN0P_/D (sg13g2_dfrbpq_1)   15.49    2.96   12.53 (MET)
y_reg[6]$_SDFFE_PN0P_/D (sg13g2_dfrbpq_1)   15.49    2.96   12.53 (MET)
y_reg[6]$_SDFFE_PN0P_/D (sg13g2_dfrbpq_1)   15.49    2.96   12.53 (MET)
y_reg[8]$_SDFFE_PN0P_/D (sg13g2_dfrbpq_1)   15.48    2.95   12.53 (MET)
y_reg[8]$_SDFFE_PN0P_/D (sg13g2_dfrbpq_1)   15.48    2.95   12.53 (MET)
y_reg[9]$_SDFFE_PN0P_/D (sg13g2_dfrbpq_1)   15.48    2.95   12.53 (MET)
y_reg[9]$_SDFFE_PN0P_/D (sg13g2_dfrbpq_1)   15.48    2.95   12.53 (MET)
y_reg[7]$_SDFFE_PN0P_/D (sg13g2_dfrbpq_1)   15.49    2.95   12.53 (MET)
x_reg[8]$_SDFFE_PN0P_/D (sg13g2_dfrbpq_1)   15.49    2.96   12.53 (MET)
x_reg[8]$_SDFFE_PN0P_/D (sg13g2_dfrbpq_1)   15.49    2.96   12.53 (MET)
y_reg[6]$_SDFFE_PN0P_/D (sg13g2_dfrbpq_1)   15.49    2.96   12.53 (MET)
y_reg[6]$_SDFFE_PN0P_/D (sg13g2_dfrbpq_1)   15.49    2.96   12.53 (MET)
y_reg[6]$_SDFFE_PN0P_/D (sg13g2_dfrbpq_1)   15.49    2.96   12.53 (MET)
y_reg[6]$_SDFFE_PN0P_/D (sg13g2_dfrbpq_1)   15.49    2.96   12.53 (MET)
y_reg[6]$_SDFFE_PN0P_/D (sg13g2_dfrbpq_1)   15.49    2.96   12.53 (MET)
y_reg[6]$_SDFFE_PN0P_/D (sg13g2_dfrbpq_1)   15.49    2.96   12.53 (MET)
x_reg[8]$_SDFFE_PN0P_/D (sg13g2_dfrbpq_1)   15.49    2.96   12.53 (MET)
x_reg[8]$_SDFFE_PN0P_/D (sg13g2_dfrbpq_1)   15.49    2.96   12.53 (MET)
y_reg[7]$_SDFFE_PN0P_/D (sg13g2_dfrbpq_1)   15.49    2.95   12.53 (MET)
y_reg[6]$_SDFFE_PN0P_/D (sg13g2_dfrbpq_1)   15.49    2.96   12.53 (MET)
y_reg[6]$_SDFFE_PN0P_/D (sg13g2_dfrbpq_1)   15.49    2.96   12.53 (MET)
y_reg[9]$_SDFFE_PN0P_/D (sg13g2_dfrbpq_1)   15.48    2.95   12.53 (MET)
uo_out[3] (output)                     13.43    0.89   12.53 (MET)
uo_out[3] (output)                     13.43    0.89   12.53 (MET)
y_reg[6]$_SDFFE_PN0P_/D (sg13g2_dfrbpq_1)   15.49    2.96   12.53 (MET)
y_reg[6]$_SDFFE_PN0P_/D (sg13g2_dfrbpq_1)   15.49    2.96   12.53 (MET)
y_reg[6]$_SDFFE_PN0P_/D (sg13g2_dfrbpq_1)   15.49    2.96   12.53 (MET)
y_reg[6]$_SDFFE_PN0P_/D (sg13g2_dfrbpq_1)   15.49    2.96   12.53 (MET)
y_reg[6]$_SDFFE_PN0P_/D (sg13g2_dfrbpq_1)   15.49    2.96   12.53 (MET)
y_reg[6]$_SDFFE_PN0P_/D (sg13g2_dfrbpq_1)   15.49    2.96   12.53 (MET)
y_reg[6]$_SDFFE_PN0P_/D (sg13g2_dfrbpq_1)   15.49    2.96   12.53 (MET)
y_reg[6]$_SDFFE_PN0P_/D (sg13g2_dfrbpq_1)   15.49    2.96   12.53 (MET)
y_reg[6]$_SDFFE_PN0P_/D (sg13g2_dfrbpq_1)   15.49    2.96   12.53 (MET)
y_reg[6]$_SDFFE_PN0P_/D (sg13g2_dfrbpq_1)   15.49    2.96   12.53 (MET)
y_reg[6]$_SDFFE_PN0P_/D (sg13g2_dfrbpq_1)   15.49    2.96   12.53 (MET)
y_reg[6]$_SDFFE_PN0P_/D (sg13g2_dfrbpq_1)   15.49    2.96   12.53 (MET)
y_reg[6]$_SDFFE_PN0P_/D (sg13g2_dfrbpq_1)   15.49    2.96   12.53 (MET)
y_reg[6]$_SDFFE_PN0P_/D (sg13g2_dfrbpq_1)   15.49    2.96   12.53 (MET)
y_reg[6]$_SDFFE_PN0P_/D (sg13g2_dfrbpq_1)   15.49    2.96   12.53 (MET)
y_reg[6]$_SDFFE_PN0P_/D (sg13g2_dfrbpq_1)   15.49    2.96   12.53 (MET)
y_reg[6]$_SDFFE_PN0P_/D (sg13g2_dfrbpq_1)   15.49    2.96   12.53 (MET)
y_reg[6]$_SDFFE_PN0P_/D (sg13g2_dfrbpq_1)   15.49    2.96   12.53 (MET)
y_reg[6]$_SDFFE_PN0P_/D (sg13g2_dfrbpq_1)   15.49    2.96   12.53 (MET)
y_reg[6]$_SDFFE_PN0P_/D (sg13g2_dfrbpq_1)   15.49    2.96   12.53 (MET)
y_reg[6]$_SDFFE_PN0P_/D (sg13g2_dfrbpq_1)   15.49    2.96   12.53 (MET)
y_reg[6]$_SDFFE_PN0P_/D (sg13g2_dfrbpq_1)   15.49    2.96   12.53 (MET)
x_reg[8]$_SDFFE_PN0P_/D (sg13g2_dfrbpq_1)   15.49    2.96   12.53 (MET)
x_reg[8]$_SDFFE_PN0P_/D (sg13g2_dfrbpq_1)   15.49    2.96   12.53 (MET)
x_reg[8]$_SDFFE_PN0P_/D (sg13g2_dfrbpq_1)   15.49    2.96   12.53 (MET)
x_reg[8]$_SDFFE_PN0P_/D (sg13g2_dfrbpq_1)   15.49    2.96   12.53 (MET)
x_reg[8]$_SDFFE_PN0P_/D (sg13g2_dfrbpq_1)   15.49    2.96   12.53 (MET)
x_reg[8]$_SDFFE_PN0P_/D (sg13g2_dfrbpq_1)   15.49    2.96   12.53 (MET)
x_reg[8]$_SDFFE_PN0P_/D (sg13g2_dfrbpq_1)   15.49    2.96   12.53 (MET)
x_reg[8]$_SDFFE_PN0P_/D (sg13g2_dfrbpq_1)   15.49    2.96   12.53 (MET)
y_reg[6]$_SDFFE_PN0P_/D (sg13g2_dfrbpq_1)   15.49    2.96   12.53 (MET)
y_reg[6]$_SDFFE_PN0P_/D (sg13g2_dfrbpq_1)   15.49    2.96   12.53 (MET)
x_reg[8]$_SDFFE_PN0P_/D (sg13g2_dfrbpq_1)   15.49    2.96   12.53 (MET)
x_reg[8]$_SDFFE_PN0P_/D (sg13g2_dfrbpq_1)   15.49    2.96   12.53 (MET)
x_reg[8]$_SDFFE_PN0P_/D (sg13g2_dfrbpq_1)   15.49    2.96   12.53 (MET)
x_reg[8]$_SDFFE_PN0P_/D (sg13g2_dfrbpq_1)   15.49    2.96   12.53 (MET)
x_reg[8]$_SDFFE_PN0P_/D (sg13g2_dfrbpq_1)   15.49    2.96   12.53 (MET)
x_reg[8]$_SDFFE_PN0P_/D (sg13g2_dfrbpq_1)   15.49    2.96   12.53 (MET)
x_reg[8]$_SDFFE_PN0P_/D (sg13g2_dfrbpq_1)   15.49    2.96   12.53 (MET)
x_reg[8]$_SDFFE_PN0P_/D (sg13g2_dfrbpq_1)   15.49    2.96   12.53 (MET)
y_reg[6]$_SDFFE_PN0P_/D (sg13g2_dfrbpq_1)   15.49    2.96   12.53 (MET)
y_reg[6]$_SDFFE_PN0P_/D (sg13g2_dfrbpq_1)   15.49    2.96   12.53 (MET)
y_reg[6]$_SDFFE_PN0P_/D (sg13g2_dfrbpq_1)   15.49    2.96   12.53 (MET)
y_reg[6]$_SDFFE_PN0P_/D (sg13g2_dfrbpq_1)   15.49    2.96   12.53 (MET)
y_reg[8]$_SDFFE_PN0P_/D (sg13g2_dfrbpq_1)   15.49    2.95   12.53 (MET)
y_reg[6]$_SDFFE_PN0P_/D (sg13g2_dfrbpq_1)   15.49    2.96   12.53 (MET)
y_reg[6]$_SDFFE_PN0P_/D (sg13g2_dfrbpq_1)   15.49    2.96   12.53 (MET)
y_reg[6]$_SDFFE_PN0P_/D (sg13g2_dfrbpq_1)   15.49    2.96   12.53 (MET)
y_reg[6]$_SDFFE_PN0P_/D (sg13g2_dfrbpq_1)   15.49    2.96   12.53 (MET)
y_reg[6]$_SDFFE_PN0P_/D (sg13g2_dfrbpq_1)   15.49    2.96   12.53 (MET)
y_reg[6]$_SDFFE_PN0P_/D (sg13g2_dfrbpq_1)   15.49    2.96   12.53 (MET)
y_reg[6]$_SDFFE_PN0P_/D (sg13g2_dfrbpq_1)   15.49    2.96   12.53 (MET)
y_reg[6]$_SDFFE_PN0P_/D (sg13g2_dfrbpq_1)   15.49    2.96   12.53 (MET)
y_reg[6]$_SDFFE_PN0P_/D (sg13g2_dfrbpq_1)   15.49    2.96   12.53 (MET)
y_reg[6]$_SDFFE_PN0P_/D (sg13g2_dfrbpq_1)   15.49    2.96   12.53 (MET)
y_reg[6]$_SDFFE_PN0P_/D (sg13g2_dfrbpq_1)   15.49    2.96   12.53 (MET)
y_reg[6]$_SDFFE_PN0P_/D (sg13g2_dfrbpq_1)   15.49    2.96   12.53 (MET)
y_reg[6]$_SDFFE_PN0P_/D (sg13g2_dfrbpq_1)   15.49    2.96   12.53 (MET)
y_reg[6]$_SDFFE_PN0P_/D (sg13g2_dfrbpq_1)   15.49    2.96   12.53 (MET)
y_reg[6]$_SDFFE_PN0P_/D (sg13g2_dfrbpq_1)   15.49    2.96   12.53 (MET)
y_reg[6]$_SDFFE_PN0P_/D (sg13g2_dfrbpq_1)   15.49    2.96   12.53 (MET)
y_reg[8]$_SDFFE_PN0P_/D (sg13g2_dfrbpq_1)   15.48    2.95   12.53 (MET)
y_reg[8]$_SDFFE_PN0P_/D (sg13g2_dfrbpq_1)   15.48    2.95   12.53 (MET)
y_reg[9]$_SDFFE_PN0P_/D (sg13g2_dfrbpq_1)   15.48    2.95   12.53 (MET)
y_reg[9]$_SDFFE_PN0P_/D (sg13g2_dfrbpq_1)   15.48    2.95   12.53 (MET)
y_reg[9]$_SDFFE_PN0P_/D (sg13g2_dfrbpq_1)   15.48    2.95   12.53 (MET)
y_reg[8]$_SDFFE_PN0P_/D (sg13g2_dfrbpq_1)   15.49    2.95   12.53 (MET)
y_reg[8]$_SDFFE_PN0P_/D (sg13g2_dfrbpq_1)   15.49    2.95   12.53 (MET)
y_reg[9]$_SDFFE_PN0P_/D (sg13g2_dfrbpq_1)   15.48    2.95   12.53 (MET)
y_reg[9]$_SDFFE_PN0P_/D (sg13g2_dfrbpq_1)   15.48    2.95   12.53 (MET)
y_reg[9]$_SDFFE_PN0P_/D (sg13g2_dfrbpq_1)   15.48    2.95   12.53 (MET)
y_reg[6]$_SDFFE_PN0P_/D (sg13g2_dfrbpq_1)   15.49    2.96   12.53 (MET)
y_reg[6]$_SDFFE_PN0P_/D (sg13g2_dfrbpq_1)   15.49    2.96   12.53 (MET)
y_reg[6]$_SDFFE_PN0P_/D (sg13g2_dfrbpq_1)   15.49    2.96   12.53 (MET)
y_reg[6]$_SDFFE_PN0P_/D (sg13g2_dfrbpq_1)   15.49    2.96   12.53 (MET)
y_reg[6]$_SDFFE_PN0P_/D (sg13g2_dfrbpq_1)   15.49    2.96   12.53 (MET)
y_reg[6]$_SDFFE_PN0P_/D (sg13g2_dfrbpq_1)   15.49    2.96   12.53 (MET)
y_reg[6]$_SDFFE_PN0P_/D (sg13g2_dfrbpq_1)   15.49    2.96   12.53 (MET)
y_reg[6]$_SDFFE_PN0P_/D (sg13g2_dfrbpq_1)   15.49    2.96   12.53 (MET)
y_reg[6]$_SDFFE_PN0P_/D (sg13g2_dfrbpq_1)   15.49    2.96   12.53 (MET)
y_reg[6]$_SDFFE_PN0P_/D (sg13g2_dfrbpq_1)   15.49    2.96   12.53 (MET)
y_reg[6]$_SDFFE_PN0P_/D (sg13g2_dfrbpq_1)   15.49    2.96   12.53 (MET)
y_reg[6]$_SDFFE_PN0P_/D (sg13g2_dfrbpq_1)   15.49    2.96   12.53 (MET)
y_reg[9]$_SDFFE_PN0P_/D (sg13g2_dfrbpq_1)   15.49    2.95   12.53 (MET)
y_reg[9]$_SDFFE_PN0P_/D (sg13g2_dfrbpq_1)   15.49    2.95   12.53 (MET)
y_reg[9]$_SDFFE_PN0P_/D (sg13g2_dfrbpq_1)   15.49    2.95   12.53 (MET)
y_reg[9]$_SDFFE_PN0P_/D (sg13g2_dfrbpq_1)   15.49    2.95   12.53 (MET)
y_reg[9]$_SDFFE_PN0P_/D (sg13g2_dfrbpq_1)   15.49    2.95   12.53 (MET)
y_reg[6]$_SDFFE_PN0P_/D (sg13g2_dfrbpq_1)   15.49    2.96   12.53 (MET)
y_reg[6]$_SDFFE_PN0P_/D (sg13g2_dfrbpq_1)   15.49    2.96   12.53 (MET)
y_reg[6]$_SDFFE_PN0P_/D (sg13g2_dfrbpq_1)   15.49    2.96   12.53 (MET)
y_reg[6]$_SDFFE_PN0P_/D (sg13g2_dfrbpq_1)   15.49    2.96   12.53 (MET)
y_reg[6]$_SDFFE_PN0P_/D (sg13g2_dfrbpq_1)   15.49    2.96   12.53 (MET)
y_reg[6]$_SDFFE_PN0P_/D (sg13g2_dfrbpq_1)   15.49    2.96   12.53 (MET)
y_reg[6]$_SDFFE_PN0P_/D (sg13g2_dfrbpq_1)   15.49    2.96   12.53 (MET)
y_reg[6]$_SDFFE_PN0P_/D (sg13g2_dfrbpq_1)   15.49    2.96   12.53 (MET)
y_reg[9]$_SDFFE_PN0P_/D (sg13g2_dfrbpq_1)   15.49    2.95   12.53 (MET)
y_reg[9]$_SDFFE_PN0P_/D (sg13g2_dfrbpq_1)   15.49    2.95   12.53 (MET)
y_reg[9]$_SDFFE_PN0P_/D (sg13g2_dfrbpq_1)   15.49    2.95   12.53 (MET)
y_reg[9]$_SDFFE_PN0P_/D (sg13g2_dfrbpq_1)   15.49    2.95   12.53 (MET)
y_reg[9]$_SDFFE_PN0P_/D (sg13g2_dfrbpq_1)   15.49    2.95   12.53 (MET)
y_reg[9]$_SDFFE_PN0P_/D (sg13g2_dfrbpq_1)   15.49    2.95   12.53 (MET)
y_reg[9]$_SDFFE_PN0P_/D (sg13g2_dfrbpq_1)   15.49    2.95   12.53 (MET)
y_reg[9]$_SDFFE_PN0P_/D (sg13g2_dfrbpq_1)   15.49    2.95   12.53 (MET)
x_reg[9]$_SDFFE_PN0P_/D (sg13g2_dfrbpq_1)   15.49    2.96   12.53 (MET)
x_reg[9]$_SDFFE_PN0P_/D (sg13g2_dfrbpq_1)   15.49    2.96   12.53 (MET)
y_reg[9]$_SDFFE_PN0P_/D (sg13g2_dfrbpq_1)   15.49    2.95   12.53 (MET)
y_reg[9]$_SDFFE_PN0P_/D (sg13g2_dfrbpq_1)   15.49    2.95   12.53 (MET)
y_reg[9]$_SDFFE_PN0P_/D (sg13g2_dfrbpq_1)   15.49    2.95   12.53 (MET)
x_reg[9]$_SDFFE_PN0P_/D (sg13g2_dfrbpq_1)   15.49    2.96   12.53 (MET)
x_reg[9]$_SDFFE_PN0P_/D (sg13g2_dfrbpq_1)   15.49    2.96   12.53 (MET)
uo_out[5] (output)                     13.43    0.89   12.53 (MET)
uo_out[5] (output)                     13.43    0.89   12.53 (MET)
y_reg[9]$_SDFFE_PN0P_/D (sg13g2_dfrbpq_1)   15.48    2.95   12.53 (MET)
y_reg[8]$_SDFFE_PN0P_/D (sg13g2_dfrbpq_1)   15.49    2.95   12.53 (MET)
y_reg[9]$_SDFFE_PN0P_/D (sg13g2_dfrbpq_1)   15.48    2.95   12.53 (MET)
y_reg[9]$_SDFFE_PN0P_/D (sg13g2_dfrbpq_1)   15.48    2.95   12.53 (MET)
y_reg[2]$_SDFFE_PN0P_/D (sg13g2_dfrbpq_1)   15.48    2.95   12.53 (MET)
y_reg[2]$_SDFFE_PN0P_/D (sg13g2_dfrbpq_1)   15.48    2.95   12.53 (MET)
y_reg[2]$_SDFFE_PN0P_/D (sg13g2_dfrbpq_1)   15.48    2.95   12.53 (MET)
y_reg[2]$_SDFFE_PN0P_/D (sg13g2_dfrbpq_1)   15.48    2.95   12.53 (MET)
y_reg[6]$_SDFFE_PN0P_/D (sg13g2_dfrbpq_1)   15.49    2.96   12.53 (MET)
y_reg[6]$_SDFFE_PN0P_/D (sg13g2_dfrbpq_1)   15.49    2.96   12.53 (MET)
y_reg[6]$_SDFFE_PN0P_/D (sg13g2_dfrbpq_1)   15.49    2.96   12.53 (MET)
y_reg[6]$_SDFFE_PN0P_/D (sg13g2_dfrbpq_1)   15.49    2.96   12.53 (MET)
y_reg[6]$_SDFFE_PN0P_/D (sg13g2_dfrbpq_1)   15.49    2.96   12.53 (MET)
y_reg[6]$_SDFFE_PN0P_/D (sg13g2_dfrbpq_1)   15.49    2.96   12.53 (MET)
y_reg[6]$_SDFFE_PN0P_/D (sg13g2_dfrbpq_1)   15.49    2.96   12.53 (MET)
y_reg[6]$_SDFFE_PN0P_/D (sg13g2_dfrbpq_1)   15.49    2.96   12.53 (MET)
y_reg[9]$_SDFFE_PN0P_/D (sg13g2_dfrbpq_1)   15.48    2.95   12.53 (MET)
y_reg[9]$_SDFFE_PN0P_/D (sg13g2_dfrbpq_1)   15.48    2.95   12.53 (MET)
y_reg[6]$_SDFFE_PN0P_/D (sg13g2_dfrbpq_1)   15.49    2.96   12.53 (MET)
y_reg[6]$_SDFFE_PN0P_/D (sg13g2_dfrbpq_1)   15.49    2.96   12.53 (MET)
y_reg[9]$_SDFFE_PN0P_/D (sg13g2_dfrbpq_1)   15.49    2.95   12.53 (MET)
y_reg[9]$_SDFFE_PN0P_/D (sg13g2_dfrbpq_1)   15.49    2.95   12.53 (MET)
y_reg[9]$_SDFFE_PN0P_/D (sg13g2_dfrbpq_1)   15.49    2.95   12.53 (MET)
y_reg[6]$_SDFFE_PN0P_/D (sg13g2_dfrbpq_1)   15.49    2.96   12.53 (MET)
y_reg[6]$_SDFFE_PN0P_/D (sg13g2_dfrbpq_1)   15.49    2.96   12.53 (MET)
y_reg[6]$_SDFFE_PN0P_/D (sg13g2_dfrbpq_1)   15.49    2.96   12.53 (MET)
y_reg[6]$_SDFFE_PN0P_/D (sg13g2_dfrbpq_1)   15.49    2.96   12.53 (MET)
y_reg[6]$_SDFFE_PN0P_/D (sg13g2_dfrbpq_1)   15.49    2.96   12.53 (MET)
y_reg[6]$_SDFFE_PN0P_/D (sg13g2_dfrbpq_1)   15.49    2.96   12.53 (MET)
y_reg[6]$_SDFFE_PN0P_/D (sg13g2_dfrbpq_1)   15.49    2.96   12.53 (MET)
y_reg[6]$_SDFFE_PN0P_/D (sg13g2_dfrbpq_1)   15.49    2.96   12.53 (MET)
y_reg[6]$_SDFFE_PN0P_/D (sg13g2_dfrbpq_1)   15.49    2.96   12.53 (MET)
y_reg[6]$_SDFFE_PN0P_/D (sg13g2_dfrbpq_1)   15.49    2.96   12.53 (MET)
y_reg[6]$_SDFFE_PN0P_/D (sg13g2_dfrbpq_1)   15.49    2.96   12.53 (MET)
y_reg[6]$_SDFFE_PN0P_/D (sg13g2_dfrbpq_1)   15.49    2.96   12.53 (MET)
y_reg[6]$_SDFFE_PN0P_/D (sg13g2_dfrbpq_1)   15.49    2.96   12.53 (MET)
y_reg[6]$_SDFFE_PN0P_/D (sg13g2_dfrbpq_1)   15.49    2.96   12.53 (MET)
y_reg[6]$_SDFFE_PN0P_/D (sg13g2_dfrbpq_1)   15.49    2.96   12.53 (MET)
y_reg[6]$_SDFFE_PN0P_/D (sg13g2_dfrbpq_1)   15.49    2.96   12.53 (MET)
y_reg[8]$_SDFFE_PN0P_/D (sg13g2_dfrbpq_1)   15.49    2.95   12.53 (MET)
y_reg[9]$_SDFFE_PN0P_/D (sg13g2_dfrbpq_1)   15.48    2.95   12.53 (MET)
y_reg[9]$_SDFFE_PN0P_/D (sg13g2_dfrbpq_1)   15.48    2.95   12.53 (MET)
y_reg[6]$_SDFFE_PN0P_/D (sg13g2_dfrbpq_1)   15.49    2.96   12.53 (MET)
y_reg[6]$_SDFFE_PN0P_/D (sg13g2_dfrbpq_1)   15.49    2.96   12.53 (MET)
y_reg[8]$_SDFFE_PN0P_/D (sg13g2_dfrbpq_1)   15.49    2.95   12.53 (MET)
y_reg[8]$_SDFFE_PN0P_/D (sg13g2_dfrbpq_1)   15.49    2.95   12.53 (MET)
y_reg[9]$_SDFFE_PN0P_/D (sg13g2_dfrbpq_1)   15.49    2.95   12.53 (MET)
y_reg[9]$_SDFFE_PN0P_/D (sg13g2_dfrbpq_1)   15.49    2.95   12.53 (MET)
y_reg[6]$_SDFFE_PN0P_/D (sg13g2_dfrbpq_1)   15.49    2.96   12.53 (MET)
y_reg[6]$_SDFFE_PN0P_/D (sg13g2_dfrbpq_1)   15.49    2.96   12.53 (MET)
y_reg[6]$_SDFFE_PN0P_/D (sg13g2_dfrbpq_1)   15.49    2.96   12.53 (MET)
y_reg[6]$_SDFFE_PN0P_/D (sg13g2_dfrbpq_1)   15.49    2.96   12.53 (MET)
x_reg[8]$_SDFFE_PN0P_/D (sg13g2_dfrbpq_1)   15.49    2.96   12.53 (MET)
x_reg[8]$_SDFFE_PN0P_/D (sg13g2_dfrbpq_1)   15.49    2.96   12.53 (MET)
x_reg[8]$_SDFFE_PN0P_/D (sg13g2_dfrbpq_1)   15.49    2.96   12.53 (MET)
x_reg[8]$_SDFFE_PN0P_/D (sg13g2_dfrbpq_1)   15.49    2.96   12.53 (MET)
y_reg[8]$_SDFFE_PN0P_/D (sg13g2_dfrbpq_1)   15.48    2.95   12.53 (MET)
y_reg[8]$_SDFFE_PN0P_/D (sg13g2_dfrbpq_1)   15.48    2.95   12.53 (MET)
x_reg[8]$_SDFFE_PN0P_/D (sg13g2_dfrbpq_1)   15.49    2.96   12.53 (MET)
x_reg[8]$_SDFFE_PN0P_/D (sg13g2_dfrbpq_1)   15.49    2.96   12.53 (MET)
x_reg[8]$_SDFFE_PN0P_/D (sg13g2_dfrbpq_1)   15.49    2.96   12.53 (MET)
x_reg[8]$_SDFFE_PN0P_/D (sg13g2_dfrbpq_1)   15.49    2.96   12.53 (MET)
y_reg[8]$_SDFFE_PN0P_/D (sg13g2_dfrbpq_1)   15.48    2.95   12.53 (MET)
y_reg[8]$_SDFFE_PN0P_/D (sg13g2_dfrbpq_1)   15.48    2.95   12.53 (MET)
y_reg[6]$_SDFFE_PN0P_/D (sg13g2_dfrbpq_1)   15.49    2.96   12.53 (MET)
y_reg[6]$_SDFFE_PN0P_/D (sg13g2_dfrbpq_1)   15.49    2.96   12.53 (MET)
y_reg[6]$_SDFFE_PN0P_/D (sg13g2_dfrbpq_1)   15.49    2.96   12.53 (MET)
y_reg[6]$_SDFFE_PN0P_/D (sg13g2_dfrbpq_1)   15.49    2.96   12.53 (MET)
y_reg[6]$_SDFFE_PN0P_/D (sg13g2_dfrbpq_1)   15.49    2.96   12.53 (MET)
y_reg[6]$_SDFFE_PN0P_/D (sg13g2_dfrbpq_1)   15.49    2.96   12.53 (MET)
y_reg[6]$_SDFFE_PN0P_/D (sg13g2_dfrbpq_1)   15.49    2.96   12.53 (MET)
y_reg[6]$_SDFFE_PN0P_/D (sg13g2_dfrbpq_1)   15.49    2.96   12.53 (MET)
x_reg[8]$_SDFFE_PN0P_/D (sg13g2_dfrbpq_1)   15.49    2.96   12.53 (MET)
x_reg[8]$_SDFFE_PN0P_/D (sg13g2_dfrbpq_1)   15.49    2.96   12.53 (MET)
x_reg[8]$_SDFFE_PN0P_/D (sg13g2_dfrbpq_1)   15.49    2.96   12.53 (MET)
x_reg[8]$_SDFFE_PN0P_/D (sg13g2_dfrbpq_1)   15.49    2.96   12.53 (MET)
y_reg[6]$_SDFFE_PN0P_/D (sg13g2_dfrbpq_1)   15.49    2.96   12.53 (MET)
y_reg[6]$_SDFFE_PN0P_/D (sg13g2_dfrbpq_1)   15.49    2.96   12.53 (MET)
y_reg[6]$_SDFFE_PN0P_/D (sg13g2_dfrbpq_1)   15.49    2.96   12.53 (MET)
y_reg[6]$_SDFFE_PN0P_/D (sg13g2_dfrbpq_1)   15.49    2.96   12.53 (MET)
y_reg[6]$_SDFFE_PN0P_/D (sg13g2_dfrbpq_1)   15.49    2.96   12.53 (MET)
y_reg[6]$_SDFFE_PN0P_/D (sg13g2_dfrbpq_1)   15.49    2.96   12.53 (MET)
y_reg[6]$_SDFFE_PN0P_/D (sg13g2_dfrbpq_1)   15.49    2.96   12.53 (MET)
y_reg[6]$_SDFFE_PN0P_/D (sg13g2_dfrbpq_1)   15.49    2.96   12.53 (MET)
y_reg[6]$_SDFFE_PN0P_/D (sg13g2_dfrbpq_1)   15.49    2.96   12.53 (MET)
y_reg[6]$_SDFFE_PN0P_/D (sg13g2_dfrbpq_1)   15.49    2.96   12.53 (MET)
y_reg[6]$_SDFFE_PN0P_/D (sg13g2_dfrbpq_1)   15.49    2.96   12.53 (MET)
y_reg[6]$_SDFFE_PN0P_/D (sg13g2_dfrbpq_1)   15.49    2.96   12.53 (MET)
y_reg[6]$_SDFFE_PN0P_/D (sg13g2_dfrbpq_1)   15.49    2.96   12.53 (MET)
y_reg[6]$_SDFFE_PN0P_/D (sg13g2_dfrbpq_1)   15.49    2.96   12.53 (MET)
y_reg[6]$_SDFFE_PN0P_/D (sg13g2_dfrbpq_1)   15.49    2.96   12.53 (MET)
y_reg[6]$_SDFFE_PN0P_/D (sg13g2_dfrbpq_1)   15.49    2.96   12.53 (MET)
y_reg[6]$_SDFFE_PN0P_/D (sg13g2_dfrbpq_1)   15.49    2.96   12.53 (MET)
y_reg[6]$_SDFFE_PN0P_/D (sg13g2_dfrbpq_1)   15.49    2.96   12.53 (MET)
x_reg[8]$_SDFFE_PN0P_/D (sg13g2_dfrbpq_1)   15.49    2.96   12.53 (MET)
x_reg[8]$_SDFFE_PN0P_/D (sg13g2_dfrbpq_1)   15.49    2.96   12.53 (MET)
y_reg[6]$_SDFFE_PN0P_/D (sg13g2_dfrbpq_1)   15.49    2.96   12.53 (MET)
y_reg[6]$_SDFFE_PN0P_/D (sg13g2_dfrbpq_1)   15.49    2.96   12.53 (MET)
y_reg[6]$_SDFFE_PN0P_/D (sg13g2_dfrbpq_1)   15.49    2.96   12.53 (MET)
y_reg[6]$_SDFFE_PN0P_/D (sg13g2_dfrbpq_1)   15.49    2.96   12.53 (MET)
y_reg[6]$_SDFFE_PN0P_/D (sg13g2_dfrbpq_1)   15.49    2.96   12.53 (MET)
y_reg[6]$_SDFFE_PN0P_/D (sg13g2_dfrbpq_1)   15.49    2.96   12.53 (MET)
y_reg[6]$_SDFFE_PN0P_/D (sg13g2_dfrbpq_1)   15.49    2.96   12.53 (MET)
y_reg[6]$_SDFFE_PN0P_/D (sg13g2_dfrbpq_1)   15.49    2.96   12.53 (MET)
y_reg[9]$_SDFFE_PN0P_/D (sg13g2_dfrbpq_1)   15.48    2.95   12.53 (MET)
y_reg[9]$_SDFFE_PN0P_/D (sg13g2_dfrbpq_1)   15.48    2.95   12.53 (MET)
y_reg[9]$_SDFFE_PN0P_/D (sg13g2_dfrbpq_1)   15.48    2.95   12.53 (MET)
y_reg[9]$_SDFFE_PN0P_/D (sg13g2_dfrbpq_1)   15.48    2.95   12.53 (MET)
y_reg[9]$_SDFFE_PN0P_/D (sg13g2_dfrbpq_1)   15.48    2.95   12.53 (MET)
y_reg[9]$_SDFFE_PN0P_/D (sg13g2_dfrbpq_1)   15.48    2.95   12.53 (MET)
y_reg[9]$_SDFFE_PN0P_/D (sg13g2_dfrbpq_1)   15.48    2.95   12.53 (MET)
y_reg[9]$_SDFFE_PN0P_/D (sg13g2_dfrbpq_1)   15.48    2.95   12.53 (MET)
y_reg[9]$_SDFFE_PN0P_/D (sg13g2_dfrbpq_1)   15.48    2.95   12.53 (MET)
y_reg[9]$_SDFFE_PN0P_/D (sg13g2_dfrbpq_1)   15.48    2.95   12.53 (MET)
y_reg[9]$_SDFFE_PN0P_/D (sg13g2_dfrbpq_1)   15.48    2.95   12.53 (MET)
y_reg[9]$_SDFFE_PN0P_/D (sg13g2_dfrbpq_1)   15.48    2.95   12.53 (MET)
y_reg[9]$_SDFFE_PN0P_/D (sg13g2_dfrbpq_1)   15.48    2.95   12.53 (MET)
y_reg[9]$_SDFFE_PN0P_/D (sg13g2_dfrbpq_1)   15.48    2.95   12.53 (MET)
y_reg[9]$_SDFFE_PN0P_/D (sg13g2_dfrbpq_1)   15.48    2.95   12.53 (MET)
y_reg[9]$_SDFFE_PN0P_/D (sg13g2_dfrbpq_1)   15.48    2.95   12.53 (MET)
y_reg[9]$_SDFFE_PN0P_/D (sg13g2_dfrbpq_1)   15.48    2.95   12.53 (MET)
y_reg[9]$_SDFFE_PN0P_/D (sg13g2_dfrbpq_1)   15.48    2.95   12.53 (MET)
y_reg[9]$_SDFFE_PN0P_/D (sg13g2_dfrbpq_1)   15.48    2.95   12.53 (MET)
y_reg[9]$_SDFFE_PN0P_/D (sg13g2_dfrbpq_1)   15.48    2.95   12.53 (MET)
y_reg[9]$_SDFFE_PN0P_/D (sg13g2_dfrbpq_1)   15.48    2.95   12.53 (MET)
y_reg[9]$_SDFFE_PN0P_/D (sg13g2_dfrbpq_1)   15.48    2.95   12.53 (MET)
y_reg[9]$_SDFFE_PN0P_/D (sg13g2_dfrbpq_1)   15.48    2.95   12.53 (MET)
y_reg[9]$_SDFFE_PN0P_/D (sg13g2_dfrbpq_1)   15.48    2.95   12.53 (MET)
y_reg[9]$_SDFFE_PN0P_/D (sg13g2_dfrbpq_1)   15.48    2.95   12.53 (MET)
y_reg[9]$_SDFFE_PN0P_/D (sg13g2_dfrbpq_1)   15.48    2.95   12.53 (MET)
y_reg[6]$_SDFFE_PN0P_/D (sg13g2_dfrbpq_1)   15.49    2.96   12.53 (MET)
y_reg[6]$_SDFFE_PN0P_/D (sg13g2_dfrbpq_1)   15.49    2.96   12.53 (MET)
y_reg[6]$_SDFFE_PN0P_/D (sg13g2_dfrbpq_1)   15.49    2.96   12.53 (MET)
y_reg[6]$_SDFFE_PN0P_/D (sg13g2_dfrbpq_1)   15.49    2.96   12.53 (MET)
y_reg[6]$_SDFFE_PN0P_/D (sg13g2_dfrbpq_1)   15.49    2.96   12.53 (MET)
y_reg[6]$_SDFFE_PN0P_/D (sg13g2_dfrbpq_1)   15.49    2.96   12.53 (MET)
y_reg[6]$_SDFFE_PN0P_/D (sg13g2_dfrbpq_1)   15.49    2.96   12.53 (MET)
y_reg[6]$_SDFFE_PN0P_/D (sg13g2_dfrbpq_1)   15.49    2.96   12.53 (MET)
y_reg[6]$_SDFFE_PN0P_/D (sg13g2_dfrbpq_1)   15.49    2.96   12.53 (MET)
y_reg[6]$_SDFFE_PN0P_/D (sg13g2_dfrbpq_1)   15.49    2.96   12.53 (MET)
y_reg[9]$_SDFFE_PN0P_/D (sg13g2_dfrbpq_1)   15.48    2.95   12.53 (MET)
y_reg[9]$_SDFFE_PN0P_/D (sg13g2_dfrbpq_1)   15.48    2.95   12.53 (MET)
y_reg[9]$_SDFFE_PN0P_/D (sg13g2_dfrbpq_1)   15.48    2.95   12.53 (MET)
y_reg[9]$_SDFFE_PN0P_/D (sg13g2_dfrbpq_1)   15.48    2.95   12.53 (MET)
y_reg[9]$_SDFFE_PN0P_/D (sg13g2_dfrbpq_1)   15.48    2.95   12.53 (MET)
y_reg[9]$_SDFFE_PN0P_/D (sg13g2_dfrbpq_1)   15.48    2.95   12.53 (MET)
y_reg[9]$_SDFFE_PN0P_/D (sg13g2_dfrbpq_1)   15.48    2.95   12.53 (MET)
y_reg[9]$_SDFFE_PN0P_/D (sg13g2_dfrbpq_1)   15.48    2.95   12.53 (MET)
y_reg[9]$_SDFFE_PN0P_/D (sg13g2_dfrbpq_1)   15.48    2.95   12.53 (MET)
y_reg[9]$_SDFFE_PN0P_/D (sg13g2_dfrbpq_1)   15.48    2.95   12.53 (MET)
y_reg[9]$_SDFFE_PN0P_/D (sg13g2_dfrbpq_1)   15.48    2.95   12.53 (MET)
y_reg[9]$_SDFFE_PN0P_/D (sg13g2_dfrbpq_1)   15.48    2.95   12.53 (MET)
y_reg[7]$_SDFFE_PN0P_/D (sg13g2_dfrbpq_1)   15.48    2.95   12.53 (MET)
y_reg[7]$_SDFFE_PN0P_/D (sg13g2_dfrbpq_1)   15.48    2.95   12.53 (MET)
x_reg[7]$_SDFFE_PN0P_/D (sg13g2_dfrbpq_1)   15.47    2.94   12.53 (MET)
x_reg[7]$_SDFFE_PN0P_/D (sg13g2_dfrbpq_1)   15.47    2.94   12.53 (MET)
x_reg[7]$_SDFFE_PN0P_/D (sg13g2_dfrbpq_1)   15.47    2.94   12.53 (MET)
x_reg[7]$_SDFFE_PN0P_/D (sg13g2_dfrbpq_1)   15.47    2.94   12.53 (MET)
x_reg[7]$_SDFFE_PN0P_/D (sg13g2_dfrbpq_1)   15.47    2.94   12.53 (MET)
x_reg[7]$_SDFFE_PN0P_/D (sg13g2_dfrbpq_1)   15.47    2.94   12.53 (MET)
x_reg[7]$_SDFFE_PN0P_/D (sg13g2_dfrbpq_1)   15.47    2.94   12.53 (MET)
x_reg[7]$_SDFFE_PN0P_/D (sg13g2_dfrbpq_1)   15.47    2.94   12.53 (MET)
y_reg[7]$_SDFFE_PN0P_/D (sg13g2_dfrbpq_1)   15.48    2.95   12.53 (MET)
y_reg[7]$_SDFFE_PN0P_/D (sg13g2_dfrbpq_1)   15.48    2.95   12.53 (MET)
y_reg[8]$_SDFFE_PN0P_/D (sg13g2_dfrbpq_1)   15.49    2.95   12.53 (MET)
y_reg[9]$_SDFFE_PN0P_/D (sg13g2_dfrbpq_1)   15.48    2.95   12.53 (MET)
y_reg[9]$_SDFFE_PN0P_/D (sg13g2_dfrbpq_1)   15.48    2.95   12.53 (MET)
y_reg[8]$_SDFFE_PN0P_/D (sg13g2_dfrbpq_1)   15.49    2.95   12.53 (MET)
y_reg[8]$_SDFFE_PN0P_/D (sg13g2_dfrbpq_1)   15.49    2.95   12.53 (MET)
y_reg[9]$_SDFFE_PN0P_/D (sg13g2_dfrbpq_1)   15.48    2.95   12.53 (MET)
y_reg[6]$_SDFFE_PN0P_/D (sg13g2_dfrbpq_1)   15.49    2.96   12.53 (MET)
y_reg[6]$_SDFFE_PN0P_/D (sg13g2_dfrbpq_1)   15.49    2.96   12.53 (MET)
y_reg[7]$_SDFFE_PN0P_/D (sg13g2_dfrbpq_1)   15.49    2.95   12.53 (MET)
y_reg[7]$_SDFFE_PN0P_/D (sg13g2_dfrbpq_1)   15.49    2.95   12.53 (MET)
y_reg[7]$_SDFFE_PN0P_/D (sg13g2_dfrbpq_1)   15.49    2.95   12.53 (MET)
y_reg[7]$_SDFFE_PN0P_/D (sg13g2_dfrbpq_1)   15.49    2.95   12.53 (MET)
y_reg[7]$_SDFFE_PN0P_/D (sg13g2_dfrbpq_1)   15.49    2.95   12.53 (MET)
y_reg[7]$_SDFFE_PN0P_/D (sg13g2_dfrbpq_1)   15.49    2.95   12.53 (MET)
y_reg[8]$_SDFFE_PN0P_/D (sg13g2_dfrbpq_1)   15.49    2.95   12.53 (MET)
y_reg[6]$_SDFFE_PN0P_/D (sg13g2_dfrbpq_1)   15.49    2.96   12.53 (MET)
y_reg[6]$_SDFFE_PN0P_/D (sg13g2_dfrbpq_1)   15.49    2.96   12.53 (MET)
x_reg[8]$_SDFFE_PN0P_/D (sg13g2_dfrbpq_1)   15.49    2.96   12.53 (MET)
x_reg[8]$_SDFFE_PN0P_/D (sg13g2_dfrbpq_1)   15.49    2.96   12.53 (MET)
x_reg[8]$_SDFFE_PN0P_/D (sg13g2_dfrbpq_1)   15.49    2.96   12.53 (MET)
x_reg[8]$_SDFFE_PN0P_/D (sg13g2_dfrbpq_1)   15.49    2.96   12.53 (MET)
y_reg[8]$_SDFFE_PN0P_/D (sg13g2_dfrbpq_1)   15.49    2.95   12.53 (MET)
y_reg[6]$_SDFFE_PN0P_/D (sg13g2_dfrbpq_1)   15.49    2.96   12.53 (MET)
y_reg[6]$_SDFFE_PN0P_/D (sg13g2_dfrbpq_1)   15.49    2.96   12.53 (MET)
y_reg[8]$_SDFFE_PN0P_/D (sg13g2_dfrbpq_1)   15.49    2.95   12.53 (MET)
y_reg[9]$_SDFFE_PN0P_/D (sg13g2_dfrbpq_1)   15.49    2.95   12.53 (MET)
y_reg[9]$_SDFFE_PN0P_/D (sg13g2_dfrbpq_1)   15.49    2.95   12.53 (MET)
y_reg[9]$_SDFFE_PN0P_/D (sg13g2_dfrbpq_1)   15.49    2.95   12.53 (MET)
y_reg[9]$_SDFFE_PN0P_/D (sg13g2_dfrbpq_1)   15.49    2.95   12.53 (MET)
y_reg[9]$_SDFFE_PN0P_/D (sg13g2_dfrbpq_1)   15.49    2.95   12.53 (MET)
uo_out[2] (output)                     13.43    0.89   12.53 (MET)
uo_out[2] (output)                     13.43    0.89   12.53 (MET)
y_reg[9]$_SDFFE_PN0P_/D (sg13g2_dfrbpq_1)   15.49    2.95   12.53 (MET)
y_reg[9]$_SDFFE_PN0P_/D (sg13g2_dfrbpq_1)   15.49    2.95   12.53 (MET)
y_reg[9]$_SDFFE_PN0P_/D (sg13g2_dfrbpq_1)   15.49    2.95   12.53 (MET)
y_reg[9]$_SDFFE_PN0P_/D (sg13g2_dfrbpq_1)   15.49    2.95   12.53 (MET)
x_reg[8]$_SDFFE_PN0P_/D (sg13g2_dfrbpq_1)   15.49    2.96   12.53 (MET)
x_reg[8]$_SDFFE_PN0P_/D (sg13g2_dfrbpq_1)   15.49    2.96   12.53 (MET)
y_reg[8]$_SDFFE_PN0P_/D (sg13g2_dfrbpq_1)   15.49    2.95   12.53 (MET)
y_reg[9]$_SDFFE_PN0P_/D (sg13g2_dfrbpq_1)   15.49    2.95   12.53 (MET)
x_reg[8]$_SDFFE_PN0P_/D (sg13g2_dfrbpq_1)   15.49    2.95   12.53 (MET)
x_reg[8]$_SDFFE_PN0P_/D (sg13g2_dfrbpq_1)   15.49    2.95   12.53 (MET)
y_reg[8]$_SDFFE_PN0P_/D (sg13g2_dfrbpq_1)   15.49    2.95   12.53 (MET)
x_reg[8]$_SDFFE_PN0P_/D (sg13g2_dfrbpq_1)   15.49    2.95   12.53 (MET)
x_reg[8]$_SDFFE_PN0P_/D (sg13g2_dfrbpq_1)   15.49    2.95   12.53 (MET)
y_reg[6]$_SDFFE_PN0P_/D (sg13g2_dfrbpq_1)   15.49    2.96   12.53 (MET)
y_reg[6]$_SDFFE_PN0P_/D (sg13g2_dfrbpq_1)   15.49    2.96   12.53 (MET)
y_reg[6]$_SDFFE_PN0P_/D (sg13g2_dfrbpq_1)   15.49    2.96   12.53 (MET)
y_reg[6]$_SDFFE_PN0P_/D (sg13g2_dfrbpq_1)   15.49    2.96   12.53 (MET)
y_reg[6]$_SDFFE_PN0P_/D (sg13g2_dfrbpq_1)   15.49    2.96   12.53 (MET)
y_reg[6]$_SDFFE_PN0P_/D (sg13g2_dfrbpq_1)   15.49    2.96   12.53 (MET)
y_reg[6]$_SDFFE_PN0P_/D (sg13g2_dfrbpq_1)   15.49    2.96   12.53 (MET)
y_reg[6]$_SDFFE_PN0P_/D (sg13g2_dfrbpq_1)   15.49    2.96   12.53 (MET)
y_reg[6]$_SDFFE_PN0P_/D (sg13g2_dfrbpq_1)   15.49    2.96   12.53 (MET)
y_reg[6]$_SDFFE_PN0P_/D (sg13g2_dfrbpq_1)   15.49    2.96   12.53 (MET)
y_reg[8]$_SDFFE_PN0P_/D (sg13g2_dfrbpq_1)   15.49    2.95   12.53 (MET)
y_reg[8]$_SDFFE_PN0P_/D (sg13g2_dfrbpq_1)   15.48    2.95   12.53 (MET)
y_reg[8]$_SDFFE_PN0P_/D (sg13g2_dfrbpq_1)   15.48    2.95   12.53 (MET)
y_reg[8]$_SDFFE_PN0P_/D (sg13g2_dfrbpq_1)   15.48    2.95   12.53 (MET)
y_reg[8]$_SDFFE_PN0P_/D (sg13g2_dfrbpq_1)   15.48    2.95   12.53 (MET)
y_reg[6]$_SDFFE_PN0P_/D (sg13g2_dfrbpq_1)   15.49    2.96   12.53 (MET)
y_reg[6]$_SDFFE_PN0P_/D (sg13g2_dfrbpq_1)   15.49    2.96   12.53 (MET)
y_reg[6]$_SDFFE_PN0P_/D (sg13g2_dfrbpq_1)   15.49    2.96   12.53 (MET)
y_reg[6]$_SDFFE_PN0P_/D (sg13g2_dfrbpq_1)   15.49    2.96   12.53 (MET)
y_reg[6]$_SDFFE_PN0P_/D (sg13g2_dfrbpq_1)   15.49    2.96   12.53 (MET)
y_reg[6]$_SDFFE_PN0P_/D (sg13g2_dfrbpq_1)   15.49    2.96   12.53 (MET)
y_reg[8]$_SDFFE_PN0P_/D (sg13g2_dfrbpq_1)   15.48    2.95   12.53 (MET)
y_reg[8]$_SDFFE_PN0P_/D (sg13g2_dfrbpq_1)   15.48    2.95   12.53 (MET)
x_reg[8]$_SDFFE_PN0P_/D (sg13g2_dfrbpq_1)   15.49    2.95   12.53 (MET)
x_reg[8]$_SDFFE_PN0P_/D (sg13g2_dfrbpq_1)   15.49    2.95   12.53 (MET)
x_reg[9]$_SDFFE_PN0P_/D (sg13g2_dfrbpq_1)   15.49    2.95   12.53 (MET)
y_reg[8]$_SDFFE_PN0P_/D (sg13g2_dfrbpq_1)   15.48    2.95   12.53 (MET)
y_reg[8]$_SDFFE_PN0P_/D (sg13g2_dfrbpq_1)   15.48    2.95   12.53 (MET)
y_reg[8]$_SDFFE_PN0P_/D (sg13g2_dfrbpq_1)   15.48    2.95   12.53 (MET)
y_reg[8]$_SDFFE_PN0P_/D (sg13g2_dfrbpq_1)   15.48    2.95   12.53 (MET)
y_reg[8]$_SDFFE_PN0P_/D (sg13g2_dfrbpq_1)   15.48    2.95   12.53 (MET)
y_reg[8]$_SDFFE_PN0P_/D (sg13g2_dfrbpq_1)   15.48    2.95   12.53 (MET)
y_reg[9]$_SDFFE_PN0P_/D (sg13g2_dfrbpq_1)   15.49    2.95   12.53 (MET)
x_reg[9]$_SDFFE_PN0P_/D (sg13g2_dfrbpq_1)   15.49    2.95   12.53 (MET)
y_reg[9]$_SDFFE_PN0P_/D (sg13g2_dfrbpq_1)   15.49    2.95   12.53 (MET)
x_reg[8]$_SDFFE_PN0P_/D (sg13g2_dfrbpq_1)   15.49    2.95   12.53 (MET)
y_reg[8]$_SDFFE_PN0P_/D (sg13g2_dfrbpq_1)   15.49    2.95   12.53 (MET)
y_reg[8]$_SDFFE_PN0P_/D (sg13g2_dfrbpq_1)   15.49    2.95   12.53 (MET)
x_reg[8]$_SDFFE_PN0P_/D (sg13g2_dfrbpq_1)   15.49    2.96   12.53 (MET)
x_reg[8]$_SDFFE_PN0P_/D (sg13g2_dfrbpq_1)   15.49    2.96   12.53 (MET)
x_reg[8]$_SDFFE_PN0P_/D (sg13g2_dfrbpq_1)   15.49    2.96   12.53 (MET)
x_reg[8]$_SDFFE_PN0P_/D (sg13g2_dfrbpq_1)   15.49    2.96   12.53 (MET)
y_reg[8]$_SDFFE_PN0P_/D (sg13g2_dfrbpq_1)   15.49    2.95   12.53 (MET)
y_reg[8]$_SDFFE_PN0P_/D (sg13g2_dfrbpq_1)   15.49    2.95   12.53 (MET)
y_reg[6]$_SDFFE_PN0P_/D (sg13g2_dfrbpq_1)   15.49    2.96   12.53 (MET)
y_reg[6]$_SDFFE_PN0P_/D (sg13g2_dfrbpq_1)   15.49    2.96   12.53 (MET)
y_reg[6]$_SDFFE_PN0P_/D (sg13g2_dfrbpq_1)   15.49    2.96   12.53 (MET)
y_reg[6]$_SDFFE_PN0P_/D (sg13g2_dfrbpq_1)   15.49    2.96   12.53 (MET)
y_reg[6]$_SDFFE_PN0P_/D (sg13g2_dfrbpq_1)   15.49    2.96   12.53 (MET)
y_reg[6]$_SDFFE_PN0P_/D (sg13g2_dfrbpq_1)   15.49    2.96   12.53 (MET)
x_reg[7]$_SDFFE_PN0P_/D (sg13g2_dfrbpq_1)   15.47    2.94   12.53 (MET)
x_reg[7]$_SDFFE_PN0P_/D (sg13g2_dfrbpq_1)   15.47    2.94   12.53 (MET)
x_reg[7]$_SDFFE_PN0P_/D (sg13g2_dfrbpq_1)   15.47    2.94   12.53 (MET)
x_reg[7]$_SDFFE_PN0P_/D (sg13g2_dfrbpq_1)   15.47    2.94   12.53 (MET)
x_reg[8]$_SDFFE_PN0P_/D (sg13g2_dfrbpq_1)   15.49    2.96   12.53 (MET)
x_reg[8]$_SDFFE_PN0P_/D (sg13g2_dfrbpq_1)   15.49    2.96   12.53 (MET)
x_reg[8]$_SDFFE_PN0P_/D (sg13g2_dfrbpq_1)   15.49    2.96   12.53 (MET)
x_reg[8]$_SDFFE_PN0P_/D (sg13g2_dfrbpq_1)   15.49    2.96   12.53 (MET)
x_reg[8]$_SDFFE_PN0P_/D (sg13g2_dfrbpq_1)   15.49    2.96   12.53 (MET)
x_reg[8]$_SDFFE_PN0P_/D (sg13g2_dfrbpq_1)   15.49    2.96   12.53 (MET)
x_reg[8]$_SDFFE_PN0P_/D (sg13g2_dfrbpq_1)   15.49    2.96   12.53 (MET)
x_reg[8]$_SDFFE_PN0P_/D (sg13g2_dfrbpq_1)   15.49    2.96   12.53 (MET)
y_reg[6]$_SDFFE_PN0P_/D (sg13g2_dfrbpq_1)   15.49    2.96   12.53 (MET)
y_reg[6]$_SDFFE_PN0P_/D (sg13g2_dfrbpq_1)   15.49    2.96   12.53 (MET)
y_reg[6]$_SDFFE_PN0P_/D (sg13g2_dfrbpq_1)   15.49    2.96   12.53 (MET)
y_reg[6]$_SDFFE_PN0P_/D (sg13g2_dfrbpq_1)   15.49    2.96   12.53 (MET)
y_reg[6]$_SDFFE_PN0P_/D (sg13g2_dfrbpq_1)   15.49    2.96   12.53 (MET)
y_reg[6]$_SDFFE_PN0P_/D (sg13g2_dfrbpq_1)   15.49    2.96   12.53 (MET)
y_reg[6]$_SDFFE_PN0P_/D (sg13g2_dfrbpq_1)   15.49    2.96   12.53 (MET)
y_reg[6]$_SDFFE_PN0P_/D (sg13g2_dfrbpq_1)   15.49    2.96   12.53 (MET)
y_reg[6]$_SDFFE_PN0P_/D (sg13g2_dfrbpq_1)   15.49    2.96   12.53 (MET)
y_reg[6]$_SDFFE_PN0P_/D (sg13g2_dfrbpq_1)   15.49    2.96   12.53 (MET)
x_reg[8]$_SDFFE_PN0P_/D (sg13g2_dfrbpq_1)   15.49    2.96   12.53 (MET)
x_reg[8]$_SDFFE_PN0P_/D (sg13g2_dfrbpq_1)   15.49    2.96   12.53 (MET)
x_reg[8]$_SDFFE_PN0P_/D (sg13g2_dfrbpq_1)   15.49    2.96   12.53 (MET)
x_reg[8]$_SDFFE_PN0P_/D (sg13g2_dfrbpq_1)   15.49    2.96   12.53 (MET)
x_reg[8]$_SDFFE_PN0P_/D (sg13g2_dfrbpq_1)   15.49    2.96   12.53 (MET)
x_reg[8]$_SDFFE_PN0P_/D (sg13g2_dfrbpq_1)   15.49    2.96   12.53 (MET)
x_reg[8]$_SDFFE_PN0P_/D (sg13g2_dfrbpq_1)   15.49    2.96   12.53 (MET)
x_reg[8]$_SDFFE_PN0P_/D (sg13g2_dfrbpq_1)   15.49    2.96   12.53 (MET)
x_reg[8]$_SDFFE_PN0P_/D (sg13g2_dfrbpq_1)   15.49    2.96   12.53 (MET)
y_reg[6]$_SDFFE_PN0P_/D (sg13g2_dfrbpq_1)   15.49    2.96   12.53 (MET)
y_reg[6]$_SDFFE_PN0P_/D (sg13g2_dfrbpq_1)   15.49    2.96   12.53 (MET)
y_reg[6]$_SDFFE_PN0P_/D (sg13g2_dfrbpq_1)   15.49    2.96   12.53 (MET)
y_reg[6]$_SDFFE_PN0P_/D (sg13g2_dfrbpq_1)   15.49    2.96   12.53 (MET)
y_reg[9]$_SDFFE_PN0P_/D (sg13g2_dfrbpq_1)   15.48    2.95   12.53 (MET)
y_reg[9]$_SDFFE_PN0P_/D (sg13g2_dfrbpq_1)   15.48    2.95   12.53 (MET)
y_reg[9]$_SDFFE_PN0P_/D (sg13g2_dfrbpq_1)   15.48    2.95   12.53 (MET)
y_reg[9]$_SDFFE_PN0P_/D (sg13g2_dfrbpq_1)   15.48    2.95   12.53 (MET)
y_reg[9]$_SDFFE_PN0P_/D (sg13g2_dfrbpq_1)   15.48    2.95   12.53 (MET)
y_reg[9]$_SDFFE_PN0P_/D (sg13g2_dfrbpq_1)   15.48    2.95   12.53 (MET)
y_reg[9]$_SDFFE_PN0P_/D (sg13g2_dfrbpq_1)   15.48    2.95   12.53 (MET)
y_reg[9]$_SDFFE_PN0P_/D (sg13g2_dfrbpq_1)   15.48    2.95   12.53 (MET)
y_reg[9]$_SDFFE_PN0P_/D (sg13g2_dfrbpq_1)   15.48    2.95   12.53 (MET)
y_reg[9]$_SDFFE_PN0P_/D (sg13g2_dfrbpq_1)   15.48    2.95   12.53 (MET)
y_reg[9]$_SDFFE_PN0P_/D (sg13g2_dfrbpq_1)   15.48    2.95   12.53 (MET)
y_reg[9]$_SDFFE_PN0P_/D (sg13g2_dfrbpq_1)   15.48    2.95   12.53 (MET)
y_reg[9]$_SDFFE_PN0P_/D (sg13g2_dfrbpq_1)   15.49    2.95   12.53 (MET)
y_reg[9]$_SDFFE_PN0P_/D (sg13g2_dfrbpq_1)   15.49    2.95   12.53 (MET)
y_reg[9]$_SDFFE_PN0P_/D (sg13g2_dfrbpq_1)   15.49    2.95   12.53 (MET)
y_reg[9]$_SDFFE_PN0P_/D (sg13g2_dfrbpq_1)   15.49    2.95   12.53 (MET)
y_reg[9]$_SDFFE_PN0P_/D (sg13g2_dfrbpq_1)   15.48    2.95   12.53 (MET)
y_reg[9]$_SDFFE_PN0P_/D (sg13g2_dfrbpq_1)   15.48    2.95   12.53 (MET)
y_reg[9]$_SDFFE_PN0P_/D (sg13g2_dfrbpq_1)   15.48    2.95   12.53 (MET)
y_reg[9]$_SDFFE_PN0P_/D (sg13g2_dfrbpq_1)   15.48    2.95   12.53 (MET)
y_reg[7]$_SDFFE_PN0P_/D (sg13g2_dfrbpq_1)   15.48    2.95   12.53 (MET)
y_reg[7]$_SDFFE_PN0P_/D (sg13g2_dfrbpq_1)   15.48    2.95   12.53 (MET)
y_reg[7]$_SDFFE_PN0P_/D (sg13g2_dfrbpq_1)   15.48    2.95   12.53 (MET)
y_reg[7]$_SDFFE_PN0P_/D (sg13g2_dfrbpq_1)   15.48    2.95   12.53 (MET)
y_reg[9]$_SDFFE_PN0P_/D (sg13g2_dfrbpq_1)   15.49    2.95   12.53 (MET)
y_reg[9]$_SDFFE_PN0P_/D (sg13g2_dfrbpq_1)   15.48    2.95   12.53 (MET)
y_reg[9]$_SDFFE_PN0P_/D (sg13g2_dfrbpq_1)   15.48    2.95   12.53 (MET)
y_reg[9]$_SDFFE_PN0P_/D (sg13g2_dfrbpq_1)   15.48    2.95   12.53 (MET)
y_reg[9]$_SDFFE_PN0P_/D (sg13g2_dfrbpq_1)   15.48    2.95   12.53 (MET)
y_reg[9]$_SDFFE_PN0P_/D (sg13g2_dfrbpq_1)   15.48    2.95   12.53 (MET)
y_reg[9]$_SDFFE_PN0P_/D (sg13g2_dfrbpq_1)   15.48    2.95   12.53 (MET)
y_reg[9]$_SDFFE_PN0P_/D (sg13g2_dfrbpq_1)   15.48    2.95   12.53 (MET)
y_reg[9]$_SDFFE_PN0P_/D (sg13g2_dfrbpq_1)   15.48    2.95   12.53 (MET)
x_reg[8]$_SDFFE_PN0P_/D (sg13g2_dfrbpq_1)   15.49    2.95   12.53 (MET)
x_reg[8]$_SDFFE_PN0P_/D (sg13g2_dfrbpq_1)   15.49    2.95   12.53 (MET)
y_reg[9]$_SDFFE_PN0P_/D (sg13g2_dfrbpq_1)   15.49    2.95   12.53 (MET)
y_reg[9]$_SDFFE_PN0P_/D (sg13g2_dfrbpq_1)   15.49    2.95   12.53 (MET)
y_reg[9]$_SDFFE_PN0P_/D (sg13g2_dfrbpq_1)   15.49    2.95   12.53 (MET)
y_reg[9]$_SDFFE_PN0P_/D (sg13g2_dfrbpq_1)   15.49    2.95   12.53 (MET)
y_reg[9]$_SDFFE_PN0P_/D (sg13g2_dfrbpq_1)   15.49    2.95   12.53 (MET)
y_reg[9]$_SDFFE_PN0P_/D (sg13g2_dfrbpq_1)   15.48    2.95   12.53 (MET)
y_reg[9]$_SDFFE_PN0P_/D (sg13g2_dfrbpq_1)   15.48    2.95   12.53 (MET)
y_reg[9]$_SDFFE_PN0P_/D (sg13g2_dfrbpq_1)   15.48    2.95   12.53 (MET)
y_reg[9]$_SDFFE_PN0P_/D (sg13g2_dfrbpq_1)   15.48    2.95   12.53 (MET)
y_reg[9]$_SDFFE_PN0P_/D (sg13g2_dfrbpq_1)   15.49    2.95   12.53 (MET)
y_reg[9]$_SDFFE_PN0P_/D (sg13g2_dfrbpq_1)   15.49    2.95   12.53 (MET)
y_reg[9]$_SDFFE_PN0P_/D (sg13g2_dfrbpq_1)   15.48    2.95   12.53 (MET)
y_reg[9]$_SDFFE_PN0P_/D (sg13g2_dfrbpq_1)   15.48    2.95   12.53 (MET)
y_reg[9]$_SDFFE_PN0P_/D (sg13g2_dfrbpq_1)   15.48    2.95   12.53 (MET)
y_reg[9]$_SDFFE_PN0P_/D (sg13g2_dfrbpq_1)   15.48    2.95   12.53 (MET)
y_reg[9]$_SDFFE_PN0P_/D (sg13g2_dfrbpq_1)   15.48    2.95   12.53 (MET)
y_reg[9]$_SDFFE_PN0P_/D (sg13g2_dfrbpq_1)   15.48    2.95   12.53 (MET)
y_reg[9]$_SDFFE_PN0P_/D (sg13g2_dfrbpq_1)   15.48    2.95   12.53 (MET)
y_reg[9]$_SDFFE_PN0P_/D (sg13g2_dfrbpq_1)   15.48    2.95   12.53 (MET)
y_reg[7]$_SDFFE_PN0P_/D (sg13g2_dfrbpq_1)   15.48    2.95   12.53 (MET)
y_reg[7]$_SDFFE_PN0P_/D (sg13g2_dfrbpq_1)   15.48    2.95   12.53 (MET)
y_reg[7]$_SDFFE_PN0P_/D (sg13g2_dfrbpq_1)   15.48    2.95   12.53 (MET)
y_reg[7]$_SDFFE_PN0P_/D (sg13g2_dfrbpq_1)   15.48    2.95   12.53 (MET)
y_reg[9]$_SDFFE_PN0P_/D (sg13g2_dfrbpq_1)   15.48    2.95   12.53 (MET)
y_reg[9]$_SDFFE_PN0P_/D (sg13g2_dfrbpq_1)   15.48    2.95   12.53 (MET)
x_reg[8]$_SDFFE_PN0P_/D (sg13g2_dfrbpq_1)   15.49    2.96   12.53 (MET)
x_reg[8]$_SDFFE_PN0P_/D (sg13g2_dfrbpq_1)   15.49    2.96   12.53 (MET)
x_reg[8]$_SDFFE_PN0P_/D (sg13g2_dfrbpq_1)   15.49    2.96   12.53 (MET)
x_reg[8]$_SDFFE_PN0P_/D (sg13g2_dfrbpq_1)   15.49    2.96   12.53 (MET)
y_reg[8]$_SDFFE_PN0P_/D (sg13g2_dfrbpq_1)   15.48    2.95   12.53 (MET)
y_reg[8]$_SDFFE_PN0P_/D (sg13g2_dfrbpq_1)   15.48    2.95   12.53 (MET)
y_reg[9]$_SDFFE_PN0P_/D (sg13g2_dfrbpq_1)   15.48    2.95   12.53 (MET)
y_reg[9]$_SDFFE_PN0P_/D (sg13g2_dfrbpq_1)   15.48    2.95   12.53 (MET)
y_reg[9]$_SDFFE_PN0P_/D (sg13g2_dfrbpq_1)   15.48    2.95   12.53 (MET)
y_reg[9]$_SDFFE_PN0P_/D (sg13g2_dfrbpq_1)   15.48    2.95   12.53 (MET)
y_reg[9]$_SDFFE_PN0P_/D (sg13g2_dfrbpq_1)   15.48    2.95   12.53 (MET)
y_reg[7]$_SDFFE_PN0P_/D (sg13g2_dfrbpq_1)   15.49    2.95   12.53 (MET)
y_reg[7]$_SDFFE_PN0P_/D (sg13g2_dfrbpq_1)   15.49    2.95   12.53 (MET)
y_reg[8]$_SDFFE_PN0P_/D (sg13g2_dfrbpq_1)   15.48    2.95   12.53 (MET)
y_reg[8]$_SDFFE_PN0P_/D (sg13g2_dfrbpq_1)   15.48    2.95   12.53 (MET)
y_reg[9]$_SDFFE_PN0P_/D (sg13g2_dfrbpq_1)   15.48    2.95   12.53 (MET)
y_reg[6]$_SDFFE_PN0P_/D (sg13g2_dfrbpq_1)   15.49    2.96   12.53 (MET)
y_reg[6]$_SDFFE_PN0P_/D (sg13g2_dfrbpq_1)   15.49    2.96   12.53 (MET)
y_reg[6]$_SDFFE_PN0P_/D (sg13g2_dfrbpq_1)   15.49    2.96   12.53 (MET)
y_reg[6]$_SDFFE_PN0P_/D (sg13g2_dfrbpq_1)   15.49    2.96   12.53 (MET)
y_reg[6]$_SDFFE_PN0P_/D (sg13g2_dfrbpq_1)   15.49    2.96   12.53 (MET)
y_reg[6]$_SDFFE_PN0P_/D (sg13g2_dfrbpq_1)   15.49    2.96   12.53 (MET)
y_reg[6]$_SDFFE_PN0P_/D (sg13g2_dfrbpq_1)   15.49    2.96   12.53 (MET)
y_reg[6]$_SDFFE_PN0P_/D (sg13g2_dfrbpq_1)   15.49    2.96   12.53 (MET)
y_reg[6]$_SDFFE_PN0P_/D (sg13g2_dfrbpq_1)   15.49    2.96   12.53 (MET)
y_reg[6]$_SDFFE_PN0P_/D (sg13g2_dfrbpq_1)   15.49    2.96   12.53 (MET)
y_reg[6]$_SDFFE_PN0P_/D (sg13g2_dfrbpq_1)   15.49    2.96   12.53 (MET)
y_reg[6]$_SDFFE_PN0P_/D (sg13g2_dfrbpq_1)   15.49    2.96   12.53 (MET)
y_reg[6]$_SDFFE_PN0P_/D (sg13g2_dfrbpq_1)   15.49    2.96   12.53 (MET)
y_reg[6]$_SDFFE_PN0P_/D (sg13g2_dfrbpq_1)   15.49    2.96   12.53 (MET)
y_reg[6]$_SDFFE_PN0P_/D (sg13g2_dfrbpq_1)   15.49    2.96   12.53 (MET)
y_reg[6]$_SDFFE_PN0P_/D (sg13g2_dfrbpq_1)   15.49    2.96   12.53 (MET)
y_reg[8]$_SDFFE_PN0P_/D (sg13g2_dfrbpq_1)   15.49    2.95   12.53 (MET)
x_reg[8]$_SDFFE_PN0P_/D (sg13g2_dfrbpq_1)   15.49    2.95   12.53 (MET)
x_reg[8]$_SDFFE_PN0P_/D (sg13g2_dfrbpq_1)   15.49    2.95   12.53 (MET)
x_reg[8]$_SDFFE_PN0P_/D (sg13g2_dfrbpq_1)   15.49    2.95   12.53 (MET)
x_reg[8]$_SDFFE_PN0P_/D (sg13g2_dfrbpq_1)   15.49    2.95   12.53 (MET)
x_reg[8]$_SDFFE_PN0P_/D (sg13g2_dfrbpq_1)   15.49    2.95   12.53 (MET)
x_reg[8]$_SDFFE_PN0P_/D (sg13g2_dfrbpq_1)   15.49    2.95   12.53 (MET)
x_reg[8]$_SDFFE_PN0P_/D (sg13g2_dfrbpq_1)   15.49    2.95   12.53 (MET)
x_reg[8]$_SDFFE_PN0P_/D (sg13g2_dfrbpq_1)   15.49    2.95   12.53 (MET)
y_reg[8]$_SDFFE_PN0P_/D (sg13g2_dfrbpq_1)   15.49    2.95   12.53 (MET)
y_reg[6]$_SDFFE_PN0P_/D (sg13g2_dfrbpq_1)   15.49    2.96   12.53 (MET)
y_reg[6]$_SDFFE_PN0P_/D (sg13g2_dfrbpq_1)   15.49    2.96   12.53 (MET)
y_reg[6]$_SDFFE_PN0P_/D (sg13g2_dfrbpq_1)   15.49    2.96   12.53 (MET)
y_reg[6]$_SDFFE_PN0P_/D (sg13g2_dfrbpq_1)   15.49    2.96   12.53 (MET)
y_reg[6]$_SDFFE_PN0P_/D (sg13g2_dfrbpq_1)   15.49    2.96   12.53 (MET)
y_reg[6]$_SDFFE_PN0P_/D (sg13g2_dfrbpq_1)   15.49    2.96   12.53 (MET)
y_reg[6]$_SDFFE_PN0P_/D (sg13g2_dfrbpq_1)   15.49    2.96   12.53 (MET)
y_reg[6]$_SDFFE_PN0P_/D (sg13g2_dfrbpq_1)   15.49    2.96   12.53 (MET)
y_reg[8]$_SDFFE_PN0P_/D (sg13g2_dfrbpq_1)   15.49    2.95   12.53 (MET)
y_reg[8]$_SDFFE_PN0P_/D (sg13g2_dfrbpq_1)   15.49    2.95   12.53 (MET)
y_reg[9]$_SDFFE_PN0P_/D (sg13g2_dfrbpq_1)   15.48    2.95   12.53 (MET)
y_reg[9]$_SDFFE_PN0P_/D (sg13g2_dfrbpq_1)   15.48    2.95   12.53 (MET)
y_reg[9]$_SDFFE_PN0P_/D (sg13g2_dfrbpq_1)   15.48    2.95   12.53 (MET)
y_reg[9]$_SDFFE_PN0P_/D (sg13g2_dfrbpq_1)   15.48    2.95   12.53 (MET)
y_reg[9]$_SDFFE_PN0P_/D (sg13g2_dfrbpq_1)   15.48    2.95   12.53 (MET)
y_reg[9]$_SDFFE_PN0P_/D (sg13g2_dfrbpq_1)   15.48    2.95   12.53 (MET)
y_reg[9]$_SDFFE_PN0P_/D (sg13g2_dfrbpq_1)   15.48    2.95   12.53 (MET)
y_reg[9]$_SDFFE_PN0P_/D (sg13g2_dfrbpq_1)   15.48    2.95   12.53 (MET)
y_reg[9]$_SDFFE_PN0P_/D (sg13g2_dfrbpq_1)   15.48    2.95   12.53 (MET)
y_reg[9]$_SDFFE_PN0P_/D (sg13g2_dfrbpq_1)   15.48    2.95   12.53 (MET)
y_reg[9]$_SDFFE_PN0P_/D (sg13g2_dfrbpq_1)   15.48    2.95   12.53 (MET)
y_reg[9]$_SDFFE_PN0P_/D (sg13g2_dfrbpq_1)   15.48    2.95   12.53 (MET)
y_reg[6]$_SDFFE_PN0P_/D (sg13g2_dfrbpq_1)   15.49    2.96   12.53 (MET)
y_reg[6]$_SDFFE_PN0P_/D (sg13g2_dfrbpq_1)   15.49    2.96   12.53 (MET)
y_reg[6]$_SDFFE_PN0P_/D (sg13g2_dfrbpq_1)   15.49    2.96   12.53 (MET)
y_reg[6]$_SDFFE_PN0P_/D (sg13g2_dfrbpq_1)   15.49    2.96   12.53 (MET)
y_reg[8]$_SDFFE_PN0P_/D (sg13g2_dfrbpq_1)   15.49    2.95   12.53 (MET)
y_reg[9]$_SDFFE_PN0P_/D (sg13g2_dfrbpq_1)   15.49    2.95   12.53 (MET)
y_reg[9]$_SDFFE_PN0P_/D (sg13g2_dfrbpq_1)   15.49    2.95   12.53 (MET)
x_reg[7]$_SDFFE_PN0P_/D (sg13g2_dfrbpq_1)   15.47    2.94   12.53 (MET)
x_reg[7]$_SDFFE_PN0P_/D (sg13g2_dfrbpq_1)   15.47    2.94   12.53 (MET)
x_reg[7]$_SDFFE_PN0P_/D (sg13g2_dfrbpq_1)   15.47    2.94   12.53 (MET)
x_reg[7]$_SDFFE_PN0P_/D (sg13g2_dfrbpq_1)   15.47    2.94   12.53 (MET)
y_reg[8]$_SDFFE_PN0P_/D (sg13g2_dfrbpq_1)   15.49    2.95   12.53 (MET)
y_reg[9]$_SDFFE_PN0P_/D (sg13g2_dfrbpq_1)   15.49    2.95   12.53 (MET)
y_reg[9]$_SDFFE_PN0P_/D (sg13g2_dfrbpq_1)   15.49    2.95   12.53 (MET)
y_reg[6]$_SDFFE_PN0P_/D (sg13g2_dfrbpq_1)   15.49    2.96   12.53 (MET)
y_reg[6]$_SDFFE_PN0P_/D (sg13g2_dfrbpq_1)   15.49    2.96   12.53 (MET)
y_reg[6]$_SDFFE_PN0P_/D (sg13g2_dfrbpq_1)   15.49    2.96   12.53 (MET)
y_reg[6]$_SDFFE_PN0P_/D (sg13g2_dfrbpq_1)   15.49    2.96   12.53 (MET)
y_reg[8]$_SDFFE_PN0P_/D (sg13g2_dfrbpq_1)   15.49    2.95   12.53 (MET)
y_reg[7]$_SDFFE_PN0P_/D (sg13g2_dfrbpq_1)   15.49    2.95   12.53 (MET)
y_reg[7]$_SDFFE_PN0P_/D (sg13g2_dfrbpq_1)   15.49    2.95   12.53 (MET)
y_reg[9]$_SDFFE_PN0P_/D (sg13g2_dfrbpq_1)   15.48    2.95   12.53 (MET)
y_reg[8]$_SDFFE_PN0P_/D (sg13g2_dfrbpq_1)   15.49    2.95   12.53 (MET)
y_reg[8]$_SDFFE_PN0P_/D (sg13g2_dfrbpq_1)   15.49    2.95   12.53 (MET)
y_reg[6]$_SDFFE_PN0P_/D (sg13g2_dfrbpq_1)   15.49    2.96   12.53 (MET)
y_reg[6]$_SDFFE_PN0P_/D (sg13g2_dfrbpq_1)   15.49    2.96   12.53 (MET)
y_reg[7]$_SDFFE_PN0P_/D (sg13g2_dfrbpq_1)   15.49    2.95   12.53 (MET)
y_reg[7]$_SDFFE_PN0P_/D (sg13g2_dfrbpq_1)   15.49    2.95   12.53 (MET)
y_reg[7]$_SDFFE_PN0P_/D (sg13g2_dfrbpq_1)   15.49    2.95   12.53 (MET)
y_reg[6]$_SDFFE_PN0P_/D (sg13g2_dfrbpq_1)   15.49    2.96   12.53 (MET)
y_reg[6]$_SDFFE_PN0P_/D (sg13g2_dfrbpq_1)   15.49    2.96   12.53 (MET)
y_reg[8]$_SDFFE_PN0P_/D (sg13g2_dfrbpq_1)   15.49    2.95   12.53 (MET)
y_reg[8]$_SDFFE_PN0P_/D (sg13g2_dfrbpq_1)   15.49    2.95   12.53 (MET)
y_reg[6]$_SDFFE_PN0P_/D (sg13g2_dfrbpq_1)   15.49    2.96   12.53 (MET)
y_reg[6]$_SDFFE_PN0P_/D (sg13g2_dfrbpq_1)   15.49    2.96   12.53 (MET)
y_reg[6]$_SDFFE_PN0P_/D (sg13g2_dfrbpq_1)   15.49    2.96   12.53 (MET)
y_reg[6]$_SDFFE_PN0P_/D (sg13g2_dfrbpq_1)   15.49    2.96   12.53 (MET)
y_reg[7]$_SDFFE_PN0P_/D (sg13g2_dfrbpq_1)   15.49    2.95   12.53 (MET)
y_reg[6]$_SDFFE_PN0P_/D (sg13g2_dfrbpq_1)   15.49    2.96   12.53 (MET)
y_reg[6]$_SDFFE_PN0P_/D (sg13g2_dfrbpq_1)   15.49    2.96   12.53 (MET)
y_reg[6]$_SDFFE_PN0P_/D (sg13g2_dfrbpq_1)   15.49    2.96   12.53 (MET)
y_reg[6]$_SDFFE_PN0P_/D (sg13g2_dfrbpq_1)   15.49    2.96   12.53 (MET)
x_reg[8]$_SDFFE_PN0P_/D (sg13g2_dfrbpq_1)   15.49    2.95   12.53 (MET)
x_reg[8]$_SDFFE_PN0P_/D (sg13g2_dfrbpq_1)   15.49    2.95   12.53 (MET)
x_reg[8]$_SDFFE_PN0P_/D (sg13g2_dfrbpq_1)   15.49    2.95   12.53 (MET)
x_reg[8]$_SDFFE_PN0P_/D (sg13g2_dfrbpq_1)   15.49    2.95   12.53 (MET)
x_reg[8]$_SDFFE_PN0P_/D (sg13g2_dfrbpq_1)   15.49    2.95   12.53 (MET)
x_reg[8]$_SDFFE_PN0P_/D (sg13g2_dfrbpq_1)   15.49    2.95   12.53 (MET)
x_reg[8]$_SDFFE_PN0P_/D (sg13g2_dfrbpq_1)   15.49    2.95   12.53 (MET)
x_reg[8]$_SDFFE_PN0P_/D (sg13g2_dfrbpq_1)   15.49    2.95   12.53 (MET)
y_reg[6]$_SDFFE_PN0P_/D (sg13g2_dfrbpq_1)   15.49    2.96   12.53 (MET)
y_reg[6]$_SDFFE_PN0P_/D (sg13g2_dfrbpq_1)   15.49    2.96   12.53 (MET)
y_reg[9]$_SDFFE_PN0P_/D (sg13g2_dfrbpq_1)   15.49    2.95   12.53 (MET)
y_reg[9]$_SDFFE_PN0P_/D (sg13g2_dfrbpq_1)   15.49    2.95   12.53 (MET)
x_reg[7]$_SDFFE_PN0P_/D (sg13g2_dfrbpq_1)   15.47    2.94   12.53 (MET)
x_reg[7]$_SDFFE_PN0P_/D (sg13g2_dfrbpq_1)   15.47    2.94   12.53 (MET)
x_reg[7]$_SDFFE_PN0P_/D (sg13g2_dfrbpq_1)   15.47    2.94   12.53 (MET)
x_reg[7]$_SDFFE_PN0P_/D (sg13g2_dfrbpq_1)   15.47    2.94   12.53 (MET)
x_reg[8]$_SDFFE_PN0P_/D (sg13g2_dfrbpq_1)   15.49    2.96   12.53 (MET)
y_reg[6]$_SDFFE_PN0P_/D (sg13g2_dfrbpq_1)   15.49    2.96   12.53 (MET)
y_reg[6]$_SDFFE_PN0P_/D (sg13g2_dfrbpq_1)   15.49    2.96   12.53 (MET)
x_reg[7]$_SDFFE_PN0P_/D (sg13g2_dfrbpq_1)   15.47    2.94   12.53 (MET)
x_reg[7]$_SDFFE_PN0P_/D (sg13g2_dfrbpq_1)   15.47    2.94   12.53 (MET)
x_reg[7]$_SDFFE_PN0P_/D (sg13g2_dfrbpq_1)   15.47    2.94   12.53 (MET)
x_reg[7]$_SDFFE_PN0P_/D (sg13g2_dfrbpq_1)   15.47    2.94   12.53 (MET)
x_reg[8]$_SDFFE_PN0P_/D (sg13g2_dfrbpq_1)   15.49    2.96   12.53 (MET)
y_reg[8]$_SDFFE_PN0P_/D (sg13g2_dfrbpq_1)   15.48    2.94   12.53 (MET)
y_reg[8]$_SDFFE_PN0P_/D (sg13g2_dfrbpq_1)   15.48    2.94   12.53 (MET)
y_reg[8]$_SDFFE_PN0P_/D (sg13g2_dfrbpq_1)   15.49    2.95   12.53 (MET)
y_reg[8]$_SDFFE_PN0P_/D (sg13g2_dfrbpq_1)   15.49    2.95   12.53 (MET)
y_reg[8]$_SDFFE_PN0P_/D (sg13g2_dfrbpq_1)   15.49    2.95   12.53 (MET)
y_reg[8]$_SDFFE_PN0P_/D (sg13g2_dfrbpq_1)   15.49    2.95   12.53 (MET)
y_reg[8]$_SDFFE_PN0P_/D (sg13g2_dfrbpq_1)   15.49    2.95   12.53 (MET)
y_reg[8]$_SDFFE_PN0P_/D (sg13g2_dfrbpq_1)   15.49    2.95   12.53 (MET)
y_reg[6]$_SDFFE_PN0P_/D (sg13g2_dfrbpq_1)   15.49    2.96   12.53 (MET)
y_reg[6]$_SDFFE_PN0P_/D (sg13g2_dfrbpq_1)   15.49    2.96   12.53 (MET)
y_reg[6]$_SDFFE_PN0P_/D (sg13g2_dfrbpq_1)   15.49    2.96   12.53 (MET)
y_reg[6]$_SDFFE_PN0P_/D (sg13g2_dfrbpq_1)   15.49    2.96   12.53 (MET)
y_reg[6]$_SDFFE_PN0P_/D (sg13g2_dfrbpq_1)   15.49    2.96   12.53 (MET)
y_reg[6]$_SDFFE_PN0P_/D (sg13g2_dfrbpq_1)   15.49    2.96   12.53 (MET)
y_reg[6]$_SDFFE_PN0P_/D (sg13g2_dfrbpq_1)   15.49    2.96   12.53 (MET)
y_reg[6]$_SDFFE_PN0P_/D (sg13g2_dfrbpq_1)   15.49    2.96   12.53 (MET)
y_reg[8]$_SDFFE_PN0P_/D (sg13g2_dfrbpq_1)   15.49    2.95   12.53 (MET)
y_reg[8]$_SDFFE_PN0P_/D (sg13g2_dfrbpq_1)   15.49    2.95   12.53 (MET)
y_reg[6]$_SDFFE_PN0P_/D (sg13g2_dfrbpq_1)   15.49    2.96   12.53 (MET)
y_reg[6]$_SDFFE_PN0P_/D (sg13g2_dfrbpq_1)   15.49    2.96   12.53 (MET)
y_reg[6]$_SDFFE_PN0P_/D (sg13g2_dfrbpq_1)   15.49    2.96   12.53 (MET)
y_reg[6]$_SDFFE_PN0P_/D (sg13g2_dfrbpq_1)   15.49    2.96   12.53 (MET)
y_reg[8]$_SDFFE_PN0P_/D (sg13g2_dfrbpq_1)   15.49    2.95   12.53 (MET)
y_reg[8]$_SDFFE_PN0P_/D (sg13g2_dfrbpq_1)   15.49    2.95   12.53 (MET)
y_reg[9]$_SDFFE_PN0P_/D (sg13g2_dfrbpq_1)   15.49    2.95   12.53 (MET)
y_reg[9]$_SDFFE_PN0P_/D (sg13g2_dfrbpq_1)   15.49    2.95   12.53 (MET)
y_reg[6]$_SDFFE_PN0P_/D (sg13g2_dfrbpq_1)   15.49    2.96   12.53 (MET)
y_reg[6]$_SDFFE_PN0P_/D (sg13g2_dfrbpq_1)   15.49    2.96   12.53 (MET)
y_reg[6]$_SDFFE_PN0P_/D (sg13g2_dfrbpq_1)   15.49    2.96   12.53 (MET)
y_reg[6]$_SDFFE_PN0P_/D (sg13g2_dfrbpq_1)   15.49    2.96   12.53 (MET)
y_reg[7]$_SDFFE_PN0P_/D (sg13g2_dfrbpq_1)   15.48    2.95   12.53 (MET)
y_reg[7]$_SDFFE_PN0P_/D (sg13g2_dfrbpq_1)   15.48    2.95   12.53 (MET)
y_reg[8]$_SDFFE_PN0P_/D (sg13g2_dfrbpq_1)   15.48    2.94   12.53 (MET)
y_reg[8]$_SDFFE_PN0P_/D (sg13g2_dfrbpq_1)   15.48    2.94   12.53 (MET)
y_reg[8]$_SDFFE_PN0P_/D (sg13g2_dfrbpq_1)   15.48    2.94   12.53 (MET)
y_reg[8]$_SDFFE_PN0P_/D (sg13g2_dfrbpq_1)   15.48    2.94   12.53 (MET)
y_reg[9]$_SDFFE_PN0P_/D (sg13g2_dfrbpq_1)   15.49    2.95   12.53 (MET)
y_reg[9]$_SDFFE_PN0P_/D (sg13g2_dfrbpq_1)   15.49    2.95   12.53 (MET)
y_reg[9]$_SDFFE_PN0P_/D (sg13g2_dfrbpq_1)   15.49    2.95   12.53 (MET)
y_reg[9]$_SDFFE_PN0P_/D (sg13g2_dfrbpq_1)   15.49    2.95   12.53 (MET)
y_reg[9]$_SDFFE_PN0P_/D (sg13g2_dfrbpq_1)   15.48    2.95   12.53 (MET)
y_reg[9]$_SDFFE_PN0P_/D (sg13g2_dfrbpq_1)   15.48    2.95   12.53 (MET)
y_reg[6]$_SDFFE_PN0P_/D (sg13g2_dfrbpq_1)   15.49    2.96   12.53 (MET)
y_reg[6]$_SDFFE_PN0P_/D (sg13g2_dfrbpq_1)   15.49    2.96   12.53 (MET)
y_reg[9]$_SDFFE_PN0P_/D (sg13g2_dfrbpq_1)   15.48    2.95   12.53 (MET)
y_reg[9]$_SDFFE_PN0P_/D (sg13g2_dfrbpq_1)   15.48    2.95   12.53 (MET)
y_reg[9]$_SDFFE_PN0P_/D (sg13g2_dfrbpq_1)   15.48    2.95   12.53 (MET)
y_reg[9]$_SDFFE_PN0P_/D (sg13g2_dfrbpq_1)   15.48    2.95   12.53 (MET)
x_reg[8]$_SDFFE_PN0P_/D (sg13g2_dfrbpq_1)   15.49    2.96   12.53 (MET)
x_reg[8]$_SDFFE_PN0P_/D (sg13g2_dfrbpq_1)   15.49    2.96   12.53 (MET)
x_reg[8]$_SDFFE_PN0P_/D (sg13g2_dfrbpq_1)   15.49    2.96   12.53 (MET)
x_reg[8]$_SDFFE_PN0P_/D (sg13g2_dfrbpq_1)   15.49    2.96   12.53 (MET)
x_reg[8]$_SDFFE_PN0P_/D (sg13g2_dfrbpq_1)   15.49    2.96   12.53 (MET)
x_reg[8]$_SDFFE_PN0P_/D (sg13g2_dfrbpq_1)   15.49    2.96   12.53 (MET)
x_reg[8]$_SDFFE_PN0P_/D (sg13g2_dfrbpq_1)   15.49    2.96   12.53 (MET)
x_reg[8]$_SDFFE_PN0P_/D (sg13g2_dfrbpq_1)   15.49    2.96   12.53 (MET)
y_reg[6]$_SDFFE_PN0P_/D (sg13g2_dfrbpq_1)   15.49    2.96   12.53 (MET)
y_reg[6]$_SDFFE_PN0P_/D (sg13g2_dfrbpq_1)   15.49    2.96   12.53 (MET)
y_reg[9]$_SDFFE_PN0P_/D (sg13g2_dfrbpq_1)   15.49    2.95   12.53 (MET)
y_reg[9]$_SDFFE_PN0P_/D (sg13g2_dfrbpq_1)   15.49    2.95   12.53 (MET)
y_reg[9]$_SDFFE_PN0P_/D (sg13g2_dfrbpq_1)   15.48    2.95   12.53 (MET)
y_reg[9]$_SDFFE_PN0P_/D (sg13g2_dfrbpq_1)   15.48    2.95   12.53 (MET)
y_reg[6]$_SDFFE_PN0P_/D (sg13g2_dfrbpq_1)   15.49    2.96   12.53 (MET)
y_reg[6]$_SDFFE_PN0P_/D (sg13g2_dfrbpq_1)   15.49    2.96   12.53 (MET)
y_reg[6]$_SDFFE_PN0P_/D (sg13g2_dfrbpq_1)   15.49    2.96   12.53 (MET)
y_reg[6]$_SDFFE_PN0P_/D (sg13g2_dfrbpq_1)   15.49    2.96   12.53 (MET)
y_reg[9]$_SDFFE_PN0P_/D (sg13g2_dfrbpq_1)   15.48    2.95   12.53 (MET)
y_reg[9]$_SDFFE_PN0P_/D (sg13g2_dfrbpq_1)   15.48    2.95   12.53 (MET)
y_reg[9]$_SDFFE_PN0P_/D (sg13g2_dfrbpq_1)   15.48    2.95   12.53 (MET)
y_reg[9]$_SDFFE_PN0P_/D (sg13g2_dfrbpq_1)   15.48    2.95   12.53 (MET)
y_reg[6]$_SDFFE_PN0P_/D (sg13g2_dfrbpq_1)   15.49    2.96   12.53 (MET)
y_reg[6]$_SDFFE_PN0P_/D (sg13g2_dfrbpq_1)   15.49    2.96   12.53 (MET)
y_reg[6]$_SDFFE_PN0P_/D (sg13g2_dfrbpq_1)   15.49    2.96   12.53 (MET)
y_reg[6]$_SDFFE_PN0P_/D (sg13g2_dfrbpq_1)   15.49    2.96   12.53 (MET)
y_reg[6]$_SDFFE_PN0P_/D (sg13g2_dfrbpq_1)   15.49    2.96   12.53 (MET)
y_reg[6]$_SDFFE_PN0P_/D (sg13g2_dfrbpq_1)   15.49    2.96   12.53 (MET)
y_reg[6]$_SDFFE_PN0P_/D (sg13g2_dfrbpq_1)   15.49    2.96   12.53 (MET)
y_reg[6]$_SDFFE_PN0P_/D (sg13g2_dfrbpq_1)   15.49    2.96   12.53 (MET)
y_reg[6]$_SDFFE_PN0P_/D (sg13g2_dfrbpq_1)   15.49    2.96   12.53 (MET)
y_reg[6]$_SDFFE_PN0P_/D (sg13g2_dfrbpq_1)   15.49    2.96   12.53 (MET)
y_reg[6]$_SDFFE_PN0P_/D (sg13g2_dfrbpq_1)   15.49    2.96   12.53 (MET)
y_reg[6]$_SDFFE_PN0P_/D (sg13g2_dfrbpq_1)   15.49    2.96   12.53 (MET)
y_reg[6]$_SDFFE_PN0P_/D (sg13g2_dfrbpq_1)   15.49    2.96   12.53 (MET)
y_reg[6]$_SDFFE_PN0P_/D (sg13g2_dfrbpq_1)   15.49    2.96   12.53 (MET)
y_reg[6]$_SDFFE_PN0P_/D (sg13g2_dfrbpq_1)   15.49    2.96   12.53 (MET)
y_reg[6]$_SDFFE_PN0P_/D (sg13g2_dfrbpq_1)   15.49    2.96   12.53 (MET)
y_reg[6]$_SDFFE_PN0P_/D (sg13g2_dfrbpq_1)   15.49    2.96   12.53 (MET)
y_reg[6]$_SDFFE_PN0P_/D (sg13g2_dfrbpq_1)   15.49    2.96   12.53 (MET)
y_reg[6]$_SDFFE_PN0P_/D (sg13g2_dfrbpq_1)   15.49    2.96   12.53 (MET)
y_reg[6]$_SDFFE_PN0P_/D (sg13g2_dfrbpq_1)   15.49    2.96   12.53 (MET)
y_reg[6]$_SDFFE_PN0P_/D (sg13g2_dfrbpq_1)   15.49    2.96   12.53 (MET)
y_reg[6]$_SDFFE_PN0P_/D (sg13g2_dfrbpq_1)   15.49    2.96   12.53 (MET)
y_reg[6]$_SDFFE_PN0P_/D (sg13g2_dfrbpq_1)   15.49    2.96   12.53 (MET)
y_reg[6]$_SDFFE_PN0P_/D (sg13g2_dfrbpq_1)   15.49    2.96   12.53 (MET)
y_reg[6]$_SDFFE_PN0P_/D (sg13g2_dfrbpq_1)   15.49    2.96   12.53 (MET)
y_reg[6]$_SDFFE_PN0P_/D (sg13g2_dfrbpq_1)   15.49    2.96   12.53 (MET)
y_reg[6]$_SDFFE_PN0P_/D (sg13g2_dfrbpq_1)   15.49    2.96   12.53 (MET)
y_reg[6]$_SDFFE_PN0P_/D (sg13g2_dfrbpq_1)   15.49    2.96   12.53 (MET)
y_reg[8]$_SDFFE_PN0P_/D (sg13g2_dfrbpq_1)   15.49    2.95   12.53 (MET)
y_reg[8]$_SDFFE_PN0P_/D (sg13g2_dfrbpq_1)   15.49    2.95   12.53 (MET)
y_reg[6]$_SDFFE_PN0P_/D (sg13g2_dfrbpq_1)   15.49    2.96   12.53 (MET)
y_reg[6]$_SDFFE_PN0P_/D (sg13g2_dfrbpq_1)   15.49    2.96   12.53 (MET)
y_reg[6]$_SDFFE_PN0P_/D (sg13g2_dfrbpq_1)   15.49    2.96   12.53 (MET)
y_reg[6]$_SDFFE_PN0P_/D (sg13g2_dfrbpq_1)   15.49    2.96   12.53 (MET)
y_reg[8]$_SDFFE_PN0P_/D (sg13g2_dfrbpq_1)   15.49    2.95   12.53 (MET)
y_reg[8]$_SDFFE_PN0P_/D (sg13g2_dfrbpq_1)   15.49    2.95   12.53 (MET)
y_reg[8]$_SDFFE_PN0P_/D (sg13g2_dfrbpq_1)   15.49    2.95   12.53 (MET)
y_reg[8]$_SDFFE_PN0P_/D (sg13g2_dfrbpq_1)   15.49    2.95   12.53 (MET)
y_reg[9]$_SDFFE_PN0P_/D (sg13g2_dfrbpq_1)   15.49    2.95   12.53 (MET)
y_reg[9]$_SDFFE_PN0P_/D (sg13g2_dfrbpq_1)   15.49    2.95   12.53 (MET)
y_reg[8]$_SDFFE_PN0P_/D (sg13g2_dfrbpq_1)   15.49    2.95   12.53 (MET)
y_reg[8]$_SDFFE_PN0P_/D (sg13g2_dfrbpq_1)   15.49    2.95   12.53 (MET)
y_reg[8]$_SDFFE_PN0P_/D (sg13g2_dfrbpq_1)   15.49    2.95   12.53 (MET)
y_reg[8]$_SDFFE_PN0P_/D (sg13g2_dfrbpq_1)   15.49    2.95   12.53 (MET)
y_reg[8]$_SDFFE_PN0P_/D (sg13g2_dfrbpq_1)   15.49    2.95   12.53 (MET)
y_reg[8]$_SDFFE_PN0P_/D (sg13g2_dfrbpq_1)   15.49    2.95   12.53 (MET)
y_reg[8]$_SDFFE_PN0P_/D (sg13g2_dfrbpq_1)   15.49    2.95   12.53 (MET)
y_reg[8]$_SDFFE_PN0P_/D (sg13g2_dfrbpq_1)   15.49    2.95   12.53 (MET)
y_reg[8]$_SDFFE_PN0P_/D (sg13g2_dfrbpq_1)   15.49    2.95   12.53 (MET)
y_reg[8]$_SDFFE_PN0P_/D (sg13g2_dfrbpq_1)   15.49    2.95   12.53 (MET)
y_reg[8]$_SDFFE_PN0P_/D (sg13g2_dfrbpq_1)   15.49    2.95   12.53 (MET)
y_reg[8]$_SDFFE_PN0P_/D (sg13g2_dfrbpq_1)   15.49    2.95   12.53 (MET)
y_reg[8]$_SDFFE_PN0P_/D (sg13g2_dfrbpq_1)   15.48    2.94   12.53 (MET)
y_reg[8]$_SDFFE_PN0P_/D (sg13g2_dfrbpq_1)   15.48    2.94   12.53 (MET)
y_reg[9]$_SDFFE_PN0P_/D (sg13g2_dfrbpq_1)   15.49    2.95   12.53 (MET)
y_reg[9]$_SDFFE_PN0P_/D (sg13g2_dfrbpq_1)   15.49    2.95   12.53 (MET)
y_reg[9]$_SDFFE_PN0P_/D (sg13g2_dfrbpq_1)   15.48    2.95   12.53 (MET)
y_reg[9]$_SDFFE_PN0P_/D (sg13g2_dfrbpq_1)   15.48    2.95   12.53 (MET)
y_reg[8]$_SDFFE_PN0P_/D (sg13g2_dfrbpq_1)   15.48    2.94   12.53 (MET)
y_reg[8]$_SDFFE_PN0P_/D (sg13g2_dfrbpq_1)   15.48    2.94   12.53 (MET)
y_reg[9]$_SDFFE_PN0P_/D (sg13g2_dfrbpq_1)   15.48    2.95   12.53 (MET)
y_reg[9]$_SDFFE_PN0P_/D (sg13g2_dfrbpq_1)   15.48    2.95   12.53 (MET)
y_reg[9]$_SDFFE_PN0P_/D (sg13g2_dfrbpq_1)   15.48    2.95   12.53 (MET)
y_reg[9]$_SDFFE_PN0P_/D (sg13g2_dfrbpq_1)   15.48    2.95   12.53 (MET)
y_reg[6]$_SDFFE_PN0P_/D (sg13g2_dfrbpq_1)   15.49    2.96   12.53 (MET)
y_reg[6]$_SDFFE_PN0P_/D (sg13g2_dfrbpq_1)   15.49    2.96   12.53 (MET)
y_reg[6]$_SDFFE_PN0P_/D (sg13g2_dfrbpq_1)   15.49    2.96   12.53 (MET)
y_reg[6]$_SDFFE_PN0P_/D (sg13g2_dfrbpq_1)   15.49    2.96   12.53 (MET)
y_reg[6]$_SDFFE_PN0P_/D (sg13g2_dfrbpq_1)   15.49    2.96   12.53 (MET)
y_reg[6]$_SDFFE_PN0P_/D (sg13g2_dfrbpq_1)   15.49    2.96   12.53 (MET)
y_reg[6]$_SDFFE_PN0P_/D (sg13g2_dfrbpq_1)   15.49    2.96   12.53 (MET)
y_reg[6]$_SDFFE_PN0P_/D (sg13g2_dfrbpq_1)   15.49    2.96   12.53 (MET)
y_reg[6]$_SDFFE_PN0P_/D (sg13g2_dfrbpq_1)   15.49    2.96   12.53 (MET)
y_reg[6]$_SDFFE_PN0P_/D (sg13g2_dfrbpq_1)   15.49    2.96   12.53 (MET)
y_reg[6]$_SDFFE_PN0P_/D (sg13g2_dfrbpq_1)   15.49    2.96   12.53 (MET)
y_reg[6]$_SDFFE_PN0P_/D (sg13g2_dfrbpq_1)   15.49    2.96   12.53 (MET)
y_reg[8]$_SDFFE_PN0P_/D (sg13g2_dfrbpq_1)   15.49    2.95   12.53 (MET)
y_reg[8]$_SDFFE_PN0P_/D (sg13g2_dfrbpq_1)   15.49    2.95   12.53 (MET)
y_reg[8]$_SDFFE_PN0P_/D (sg13g2_dfrbpq_1)   15.49    2.95   12.53 (MET)
y_reg[7]$_SDFFE_PN0P_/D (sg13g2_dfrbpq_1)   15.49    2.95   12.53 (MET)
y_reg[7]$_SDFFE_PN0P_/D (sg13g2_dfrbpq_1)   15.49    2.95   12.53 (MET)
x_reg[8]$_SDFFE_PN0P_/D (sg13g2_dfrbpq_1)   15.49    2.96   12.53 (MET)
x_reg[8]$_SDFFE_PN0P_/D (sg13g2_dfrbpq_1)   15.49    2.96   12.53 (MET)
x_reg[8]$_SDFFE_PN0P_/D (sg13g2_dfrbpq_1)   15.49    2.96   12.53 (MET)
x_reg[8]$_SDFFE_PN0P_/D (sg13g2_dfrbpq_1)   15.49    2.96   12.53 (MET)
y_reg[8]$_SDFFE_PN0P_/D (sg13g2_dfrbpq_1)   15.49    2.95   12.53 (MET)
x_reg[7]$_SDFFE_PN0P_/D (sg13g2_dfrbpq_1)   15.47    2.94   12.53 (MET)
x_reg[7]$_SDFFE_PN0P_/D (sg13g2_dfrbpq_1)   15.47    2.94   12.53 (MET)
x_reg[7]$_SDFFE_PN0P_/D (sg13g2_dfrbpq_1)   15.47    2.94   12.53 (MET)
x_reg[7]$_SDFFE_PN0P_/D (sg13g2_dfrbpq_1)   15.47    2.94   12.53 (MET)
x_reg[7]$_SDFFE_PN0P_/D (sg13g2_dfrbpq_1)   15.47    2.94   12.53 (MET)
x_reg[7]$_SDFFE_PN0P_/D (sg13g2_dfrbpq_1)   15.47    2.94   12.53 (MET)
x_reg[7]$_SDFFE_PN0P_/D (sg13g2_dfrbpq_1)   15.47    2.94   12.53 (MET)
x_reg[7]$_SDFFE_PN0P_/D (sg13g2_dfrbpq_1)   15.47    2.94   12.53 (MET)
y_reg[6]$_SDFFE_PN0P_/D (sg13g2_dfrbpq_1)   15.49    2.96   12.53 (MET)
y_reg[8]$_SDFFE_PN0P_/D (sg13g2_dfrbpq_1)   15.49    2.95   12.53 (MET)
y_reg[8]$_SDFFE_PN0P_/D (sg13g2_dfrbpq_1)   15.48    2.94   12.53 (MET)
y_reg[8]$_SDFFE_PN0P_/D (sg13g2_dfrbpq_1)   15.48    2.94   12.53 (MET)
y_reg[8]$_SDFFE_PN0P_/D (sg13g2_dfrbpq_1)   15.48    2.94   12.53 (MET)
y_reg[8]$_SDFFE_PN0P_/D (sg13g2_dfrbpq_1)   15.48    2.94   12.53 (MET)
y_reg[6]$_SDFFE_PN0P_/D (sg13g2_dfrbpq_1)   15.49    2.96   12.53 (MET)
y_reg[6]$_SDFFE_PN0P_/D (sg13g2_dfrbpq_1)   15.49    2.96   12.53 (MET)
y_reg[6]$_SDFFE_PN0P_/D (sg13g2_dfrbpq_1)   15.49    2.96   12.53 (MET)
y_reg[8]$_SDFFE_PN0P_/D (sg13g2_dfrbpq_1)   15.48    2.94   12.53 (MET)
y_reg[8]$_SDFFE_PN0P_/D (sg13g2_dfrbpq_1)   15.48    2.94   12.53 (MET)
y_reg[8]$_SDFFE_PN0P_/D (sg13g2_dfrbpq_1)   15.48    2.94   12.53 (MET)
y_reg[8]$_SDFFE_PN0P_/D (sg13g2_dfrbpq_1)   15.48    2.94   12.53 (MET)
y_reg[6]$_SDFFE_PN0P_/D (sg13g2_dfrbpq_1)   15.49    2.96   12.53 (MET)
y_reg[6]$_SDFFE_PN0P_/D (sg13g2_dfrbpq_1)   15.49    2.96   12.53 (MET)
y_reg[6]$_SDFFE_PN0P_/D (sg13g2_dfrbpq_1)   15.49    2.96   12.53 (MET)
y_reg[6]$_SDFFE_PN0P_/D (sg13g2_dfrbpq_1)   15.49    2.96   12.53 (MET)
y_reg[7]$_SDFFE_PN0P_/D (sg13g2_dfrbpq_1)   15.48    2.94   12.53 (MET)
y_reg[7]$_SDFFE_PN0P_/D (sg13g2_dfrbpq_1)   15.48    2.94   12.53 (MET)
x_reg[8]$_SDFFE_PN0P_/D (sg13g2_dfrbpq_1)   15.49    2.96   12.53 (MET)
x_reg[8]$_SDFFE_PN0P_/D (sg13g2_dfrbpq_1)   15.49    2.96   12.53 (MET)
y_reg[6]$_SDFFE_PN0P_/D (sg13g2_dfrbpq_1)   15.49    2.96   12.53 (MET)
y_reg[6]$_SDFFE_PN0P_/D (sg13g2_dfrbpq_1)   15.49    2.96   12.53 (MET)
y_reg[6]$_SDFFE_PN0P_/D (sg13g2_dfrbpq_1)   15.49    2.96   12.53 (MET)
y_reg[6]$_SDFFE_PN0P_/D (sg13g2_dfrbpq_1)   15.49    2.96   12.53 (MET)
y_reg[7]$_SDFFE_PN0P_/D (sg13g2_dfrbpq_1)   15.48    2.94   12.53 (MET)
y_reg[7]$_SDFFE_PN0P_/D (sg13g2_dfrbpq_1)   15.48    2.94   12.53 (MET)
y_reg[8]$_SDFFE_PN0P_/D (sg13g2_dfrbpq_1)   15.49    2.95   12.53 (MET)
y_reg[7]$_SDFFE_PN0P_/D (sg13g2_dfrbpq_1)   15.49    2.95   12.53 (MET)
y_reg[7]$_SDFFE_PN0P_/D (sg13g2_dfrbpq_1)   15.49    2.95   12.53 (MET)
y_reg[8]$_SDFFE_PN0P_/D (sg13g2_dfrbpq_1)   15.49    2.95   12.53 (MET)
y_reg[8]$_SDFFE_PN0P_/D (sg13g2_dfrbpq_1)   15.49    2.95   12.53 (MET)
y_reg[7]$_SDFFE_PN0P_/D (sg13g2_dfrbpq_1)   15.49    2.95   12.53 (MET)
y_reg[7]$_SDFFE_PN0P_/D (sg13g2_dfrbpq_1)   15.49    2.95   12.53 (MET)
y_reg[8]$_SDFFE_PN0P_/D (sg13g2_dfrbpq_1)   15.49    2.95   12.53 (MET)
y_reg[8]$_SDFFE_PN0P_/D (sg13g2_dfrbpq_1)   15.49    2.95   12.53 (MET)
x_reg[7]$_SDFFE_PN0P_/D (sg13g2_dfrbpq_1)   15.47    2.94   12.53 (MET)
y_reg[8]$_SDFFE_PN0P_/D (sg13g2_dfrbpq_1)   15.49    2.95   12.53 (MET)
y_reg[8]$_SDFFE_PN0P_/D (sg13g2_dfrbpq_1)   15.49    2.95   12.53 (MET)
x_reg[7]$_SDFFE_PN0P_/D (sg13g2_dfrbpq_1)   15.47    2.94   12.53 (MET)
y_reg[8]$_SDFFE_PN0P_/D (sg13g2_dfrbpq_1)   15.49    2.95   12.53 (MET)
y_reg[6]$_SDFFE_PN0P_/D (sg13g2_dfrbpq_1)   15.49    2.96   12.53 (MET)
y_reg[6]$_SDFFE_PN0P_/D (sg13g2_dfrbpq_1)   15.49    2.96   12.53 (MET)
x_reg[8]$_SDFFE_PN0P_/D (sg13g2_dfrbpq_1)   15.49    2.96   12.53 (MET)
x_reg[8]$_SDFFE_PN0P_/D (sg13g2_dfrbpq_1)   15.49    2.96   12.53 (MET)
y_reg[8]$_SDFFE_PN0P_/D (sg13g2_dfrbpq_1)   15.49    2.95   12.53 (MET)
y_reg[6]$_SDFFE_PN0P_/D (sg13g2_dfrbpq_1)   15.49    2.96   12.53 (MET)
y_reg[6]$_SDFFE_PN0P_/D (sg13g2_dfrbpq_1)   15.49    2.96   12.53 (MET)
y_reg[6]$_SDFFE_PN0P_/D (sg13g2_dfrbpq_1)   15.49    2.96   12.53 (MET)
y_reg[6]$_SDFFE_PN0P_/D (sg13g2_dfrbpq_1)   15.49    2.96   12.53 (MET)
y_reg[8]$_SDFFE_PN0P_/D (sg13g2_dfrbpq_1)   15.49    2.95   12.53 (MET)
y_reg[6]$_SDFFE_PN0P_/D (sg13g2_dfrbpq_1)   15.49    2.96   12.53 (MET)
y_reg[6]$_SDFFE_PN0P_/D (sg13g2_dfrbpq_1)   15.49    2.96   12.53 (MET)
y_reg[6]$_SDFFE_PN0P_/D (sg13g2_dfrbpq_1)   15.49    2.96   12.53 (MET)
y_reg[6]$_SDFFE_PN0P_/D (sg13g2_dfrbpq_1)   15.49    2.96   12.53 (MET)
y_reg[9]$_SDFFE_PN0P_/D (sg13g2_dfrbpq_1)   15.48    2.95   12.53 (MET)
y_reg[9]$_SDFFE_PN0P_/D (sg13g2_dfrbpq_1)   15.48    2.95   12.53 (MET)
y_reg[9]$_SDFFE_PN0P_/D (sg13g2_dfrbpq_1)   15.48    2.95   12.53 (MET)
x_reg[7]$_SDFFE_PN0P_/D (sg13g2_dfrbpq_1)   15.48    2.95   12.53 (MET)
x_reg[8]$_SDFFE_PN0P_/D (sg13g2_dfrbpq_1)   15.49    2.96   12.53 (MET)
x_reg[8]$_SDFFE_PN0P_/D (sg13g2_dfrbpq_1)   15.49    2.96   12.53 (MET)
y_reg[6]$_SDFFE_PN0P_/D (sg13g2_dfrbpq_1)   15.49    2.96   12.54 (MET)
y_reg[6]$_SDFFE_PN0P_/D (sg13g2_dfrbpq_1)   15.49    2.96   12.54 (MET)
y_reg[6]$_SDFFE_PN0P_/D (sg13g2_dfrbpq_1)   15.49    2.96   12.54 (MET)
y_reg[6]$_SDFFE_PN0P_/D (sg13g2_dfrbpq_1)   15.49    2.96   12.54 (MET)
y_reg[8]$_SDFFE_PN0P_/D (sg13g2_dfrbpq_1)   15.49    2.95   12.54 (MET)
y_reg[6]$_SDFFE_PN0P_/D (sg13g2_dfrbpq_1)   15.49    2.96   12.54 (MET)
y_reg[6]$_SDFFE_PN0P_/D (sg13g2_dfrbpq_1)   15.49    2.96   12.54 (MET)
y_reg[8]$_SDFFE_PN0P_/D (sg13g2_dfrbpq_1)   15.48    2.94   12.54 (MET)
y_reg[8]$_SDFFE_PN0P_/D (sg13g2_dfrbpq_1)   15.48    2.94   12.54 (MET)
y_reg[8]$_SDFFE_PN0P_/D (sg13g2_dfrbpq_1)   15.49    2.95   12.54 (MET)
y_reg[8]$_SDFFE_PN0P_/D (sg13g2_dfrbpq_1)   15.49    2.95   12.54 (MET)
y_reg[8]$_SDFFE_PN0P_/D (sg13g2_dfrbpq_1)   15.48    2.94   12.54 (MET)
y_reg[8]$_SDFFE_PN0P_/D (sg13g2_dfrbpq_1)   15.48    2.94   12.54 (MET)
y_reg[8]$_SDFFE_PN0P_/D (sg13g2_dfrbpq_1)   15.49    2.95   12.54 (MET)
y_reg[8]$_SDFFE_PN0P_/D (sg13g2_dfrbpq_1)   15.49    2.95   12.54 (MET)
y_reg[6]$_SDFFE_PN0P_/D (sg13g2_dfrbpq_1)   15.49    2.96   12.54 (MET)
y_reg[6]$_SDFFE_PN0P_/D (sg13g2_dfrbpq_1)   15.49    2.96   12.54 (MET)
y_reg[6]$_SDFFE_PN0P_/D (sg13g2_dfrbpq_1)   15.49    2.96   12.54 (MET)
y_reg[6]$_SDFFE_PN0P_/D (sg13g2_dfrbpq_1)   15.49    2.96   12.54 (MET)
y_reg[8]$_SDFFE_PN0P_/D (sg13g2_dfrbpq_1)   15.49    2.95   12.54 (MET)
y_reg[8]$_SDFFE_PN0P_/D (sg13g2_dfrbpq_1)   15.49    2.95   12.54 (MET)
x_reg[8]$_SDFFE_PN0P_/D (sg13g2_dfrbpq_1)   15.49    2.96   12.54 (MET)
x_reg[8]$_SDFFE_PN0P_/D (sg13g2_dfrbpq_1)   15.49    2.96   12.54 (MET)
x_reg[8]$_SDFFE_PN0P_/D (sg13g2_dfrbpq_1)   15.49    2.96   12.54 (MET)
x_reg[8]$_SDFFE_PN0P_/D (sg13g2_dfrbpq_1)   15.49    2.96   12.54 (MET)
x_reg[8]$_SDFFE_PN0P_/D (sg13g2_dfrbpq_1)   15.49    2.96   12.54 (MET)
x_reg[8]$_SDFFE_PN0P_/D (sg13g2_dfrbpq_1)   15.49    2.96   12.54 (MET)
x_reg[8]$_SDFFE_PN0P_/D (sg13g2_dfrbpq_1)   15.49    2.96   12.54 (MET)
x_reg[8]$_SDFFE_PN0P_/D (sg13g2_dfrbpq_1)   15.49    2.96   12.54 (MET)
y_reg[6]$_SDFFE_PN0P_/D (sg13g2_dfrbpq_1)   15.49    2.96   12.54 (MET)
y_reg[6]$_SDFFE_PN0P_/D (sg13g2_dfrbpq_1)   15.49    2.96   12.54 (MET)
y_reg[6]$_SDFFE_PN0P_/D (sg13g2_dfrbpq_1)   15.49    2.96   12.54 (MET)
y_reg[6]$_SDFFE_PN0P_/D (sg13g2_dfrbpq_1)   15.49    2.96   12.54 (MET)
y_reg[6]$_SDFFE_PN0P_/D (sg13g2_dfrbpq_1)   15.49    2.96   12.54 (MET)
y_reg[6]$_SDFFE_PN0P_/D (sg13g2_dfrbpq_1)   15.49    2.96   12.54 (MET)
y_reg[6]$_SDFFE_PN0P_/D (sg13g2_dfrbpq_1)   15.49    2.96   12.54 (MET)
y_reg[6]$_SDFFE_PN0P_/D (sg13g2_dfrbpq_1)   15.49    2.96   12.54 (MET)
y_reg[6]$_SDFFE_PN0P_/D (sg13g2_dfrbpq_1)   15.49    2.96   12.54 (MET)
y_reg[6]$_SDFFE_PN0P_/D (sg13g2_dfrbpq_1)   15.49    2.96   12.54 (MET)
y_reg[6]$_SDFFE_PN0P_/D (sg13g2_dfrbpq_1)   15.49    2.96   12.54 (MET)
y_reg[6]$_SDFFE_PN0P_/D (sg13g2_dfrbpq_1)   15.49    2.96   12.54 (MET)
y_reg[7]$_SDFFE_PN0P_/D (sg13g2_dfrbpq_1)   15.49    2.95   12.54 (MET)
x_reg[8]$_SDFFE_PN0P_/D (sg13g2_dfrbpq_1)   15.49    2.96   12.54 (MET)
x_reg[8]$_SDFFE_PN0P_/D (sg13g2_dfrbpq_1)   15.49    2.96   12.54 (MET)
x_reg[8]$_SDFFE_PN0P_/D (sg13g2_dfrbpq_1)   15.49    2.96   12.54 (MET)
x_reg[8]$_SDFFE_PN0P_/D (sg13g2_dfrbpq_1)   15.49    2.96   12.54 (MET)
x_reg[8]$_SDFFE_PN0P_/D (sg13g2_dfrbpq_1)   15.49    2.95   12.54 (MET)
x_reg[8]$_SDFFE_PN0P_/D (sg13g2_dfrbpq_1)   15.49    2.95   12.54 (MET)
x_reg[8]$_SDFFE_PN0P_/D (sg13g2_dfrbpq_1)   15.49    2.95   12.54 (MET)
x_reg[8]$_SDFFE_PN0P_/D (sg13g2_dfrbpq_1)   15.49    2.95   12.54 (MET)
y_reg[6]$_SDFFE_PN0P_/D (sg13g2_dfrbpq_1)   15.49    2.95   12.54 (MET)
y_reg[6]$_SDFFE_PN0P_/D (sg13g2_dfrbpq_1)   15.49    2.95   12.54 (MET)
y_reg[8]$_SDFFE_PN0P_/D (sg13g2_dfrbpq_1)   15.49    2.95   12.54 (MET)
y_reg[6]$_SDFFE_PN0P_/D (sg13g2_dfrbpq_1)   15.49    2.96   12.54 (MET)
y_reg[6]$_SDFFE_PN0P_/D (sg13g2_dfrbpq_1)   15.49    2.96   12.54 (MET)
y_reg[6]$_SDFFE_PN0P_/D (sg13g2_dfrbpq_1)   15.49    2.95   12.54 (MET)
y_reg[6]$_SDFFE_PN0P_/D (sg13g2_dfrbpq_1)   15.49    2.95   12.54 (MET)
y_reg[6]$_SDFFE_PN0P_/D (sg13g2_dfrbpq_1)   15.49    2.96   12.54 (MET)
y_reg[6]$_SDFFE_PN0P_/D (sg13g2_dfrbpq_1)   15.49    2.96   12.54 (MET)
y_reg[8]$_SDFFE_PN0P_/D (sg13g2_dfrbpq_1)   15.49    2.95   12.54 (MET)
x_reg[8]$_SDFFE_PN0P_/D (sg13g2_dfrbpq_1)   15.49    2.96   12.54 (MET)
x_reg[8]$_SDFFE_PN0P_/D (sg13g2_dfrbpq_1)   15.49    2.96   12.54 (MET)
x_reg[8]$_SDFFE_PN0P_/D (sg13g2_dfrbpq_1)   15.49    2.96   12.54 (MET)
x_reg[8]$_SDFFE_PN0P_/D (sg13g2_dfrbpq_1)   15.49    2.96   12.54 (MET)
x_reg[8]$_SDFFE_PN0P_/D (sg13g2_dfrbpq_1)   15.49    2.96   12.54 (MET)
x_reg[8]$_SDFFE_PN0P_/D (sg13g2_dfrbpq_1)   15.49    2.96   12.54 (MET)
x_reg[8]$_SDFFE_PN0P_/D (sg13g2_dfrbpq_1)   15.49    2.96   12.54 (MET)
x_reg[8]$_SDFFE_PN0P_/D (sg13g2_dfrbpq_1)   15.49    2.96   12.54 (MET)
y_reg[3]$_SDFFE_PN0P_/D (sg13g2_dfrbpq_1)   15.48    2.94   12.54 (MET)
y_reg[3]$_SDFFE_PN0P_/D (sg13g2_dfrbpq_1)   15.48    2.94   12.54 (MET)
y_reg[3]$_SDFFE_PN0P_/D (sg13g2_dfrbpq_1)   15.48    2.94   12.54 (MET)
y_reg[3]$_SDFFE_PN0P_/D (sg13g2_dfrbpq_1)   15.48    2.94   12.54 (MET)
y_reg[8]$_SDFFE_PN0P_/D (sg13g2_dfrbpq_1)   15.48    2.94   12.54 (MET)
y_reg[8]$_SDFFE_PN0P_/D (sg13g2_dfrbpq_1)   15.48    2.94   12.54 (MET)
x_reg[8]$_SDFFE_PN0P_/D (sg13g2_dfrbpq_1)   15.49    2.96   12.54 (MET)
x_reg[8]$_SDFFE_PN0P_/D (sg13g2_dfrbpq_1)   15.49    2.96   12.54 (MET)
y_reg[8]$_SDFFE_PN0P_/D (sg13g2_dfrbpq_1)   15.49    2.95   12.54 (MET)
y_reg[8]$_SDFFE_PN0P_/D (sg13g2_dfrbpq_1)   15.49    2.95   12.54 (MET)
x_reg[8]$_SDFFE_PN0P_/D (sg13g2_dfrbpq_1)   15.49    2.96   12.54 (MET)
x_reg[8]$_SDFFE_PN0P_/D (sg13g2_dfrbpq_1)   15.49    2.96   12.54 (MET)
x_reg[8]$_SDFFE_PN0P_/D (sg13g2_dfrbpq_1)   15.49    2.96   12.54 (MET)
x_reg[8]$_SDFFE_PN0P_/D (sg13g2_dfrbpq_1)   15.49    2.96   12.54 (MET)
x_reg[8]$_SDFFE_PN0P_/D (sg13g2_dfrbpq_1)   15.49    2.96   12.54 (MET)
x_reg[8]$_SDFFE_PN0P_/D (sg13g2_dfrbpq_1)   15.49    2.96   12.54 (MET)
x_reg[8]$_SDFFE_PN0P_/D (sg13g2_dfrbpq_1)   15.49    2.96   12.54 (MET)
x_reg[8]$_SDFFE_PN0P_/D (sg13g2_dfrbpq_1)   15.49    2.96   12.54 (MET)
x_reg[8]$_SDFFE_PN0P_/D (sg13g2_dfrbpq_1)   15.49    2.96   12.54 (MET)
x_reg[8]$_SDFFE_PN0P_/D (sg13g2_dfrbpq_1)   15.49    2.96   12.54 (MET)
y_reg[8]$_SDFFE_PN0P_/D (sg13g2_dfrbpq_1)   15.48    2.94   12.54 (MET)
y_reg[8]$_SDFFE_PN0P_/D (sg13g2_dfrbpq_1)   15.48    2.94   12.54 (MET)
x_reg[7]$_SDFFE_PN0P_/D (sg13g2_dfrbpq_1)   15.47    2.93   12.54 (MET)
x_reg[7]$_SDFFE_PN0P_/D (sg13g2_dfrbpq_1)   15.47    2.93   12.54 (MET)
x_reg[7]$_SDFFE_PN0P_/D (sg13g2_dfrbpq_1)   15.47    2.93   12.54 (MET)
x_reg[7]$_SDFFE_PN0P_/D (sg13g2_dfrbpq_1)   15.47    2.93   12.54 (MET)
x_reg[7]$_SDFFE_PN0P_/D (sg13g2_dfrbpq_1)   15.47    2.93   12.54 (MET)
x_reg[7]$_SDFFE_PN0P_/D (sg13g2_dfrbpq_1)   15.47    2.93   12.54 (MET)
x_reg[7]$_SDFFE_PN0P_/D (sg13g2_dfrbpq_1)   15.47    2.93   12.54 (MET)
x_reg[7]$_SDFFE_PN0P_/D (sg13g2_dfrbpq_1)   15.47    2.93   12.54 (MET)
y_reg[9]$_SDFFE_PN0P_/D (sg13g2_dfrbpq_1)   15.48    2.95   12.54 (MET)
x_reg[8]$_SDFFE_PN0P_/D (sg13g2_dfrbpq_1)   15.49    2.95   12.54 (MET)
x_reg[8]$_SDFFE_PN0P_/D (sg13g2_dfrbpq_1)   15.49    2.95   12.54 (MET)
y_reg[8]$_SDFFE_PN0P_/D (sg13g2_dfrbpq_1)   15.49    2.95   12.54 (MET)
y_reg[8]$_SDFFE_PN0P_/D (sg13g2_dfrbpq_1)   15.49    2.95   12.54 (MET)
y_reg[8]$_SDFFE_PN0P_/D (sg13g2_dfrbpq_1)   15.49    2.95   12.54 (MET)
y_reg[8]$_SDFFE_PN0P_/D (sg13g2_dfrbpq_1)   15.49    2.95   12.54 (MET)
y_reg[9]$_SDFFE_PN0P_/D (sg13g2_dfrbpq_1)   15.48    2.95   12.54 (MET)
x_reg[8]$_SDFFE_PN0P_/D (sg13g2_dfrbpq_1)   15.49    2.95   12.54 (MET)
x_reg[8]$_SDFFE_PN0P_/D (sg13g2_dfrbpq_1)   15.49    2.95   12.54 (MET)
x_reg[8]$_SDFFE_PN0P_/D (sg13g2_dfrbpq_1)   15.49    2.95   12.54 (MET)
x_reg[8]$_SDFFE_PN0P_/D (sg13g2_dfrbpq_1)   15.49    2.95   12.54 (MET)
x_reg[8]$_SDFFE_PN0P_/D (sg13g2_dfrbpq_1)   15.49    2.96   12.54 (MET)
x_reg[8]$_SDFFE_PN0P_/D (sg13g2_dfrbpq_1)   15.49    2.96   12.54 (MET)
x_reg[8]$_SDFFE_PN0P_/D (sg13g2_dfrbpq_1)   15.49    2.96   12.54 (MET)
x_reg[8]$_SDFFE_PN0P_/D (sg13g2_dfrbpq_1)   15.49    2.96   12.54 (MET)
y_reg[8]$_SDFFE_PN0P_/D (sg13g2_dfrbpq_1)   15.48    2.94   12.54 (MET)
y_reg[8]$_SDFFE_PN0P_/D (sg13g2_dfrbpq_1)   15.48    2.94   12.54 (MET)
y_reg[8]$_SDFFE_PN0P_/D (sg13g2_dfrbpq_1)   15.48    2.94   12.54 (MET)
y_reg[8]$_SDFFE_PN0P_/D (sg13g2_dfrbpq_1)   15.48    2.94   12.54 (MET)
x_reg[7]$_SDFFE_PN0P_/D (sg13g2_dfrbpq_1)   15.47    2.93   12.54 (MET)
x_reg[7]$_SDFFE_PN0P_/D (sg13g2_dfrbpq_1)   15.47    2.93   12.54 (MET)
x_reg[7]$_SDFFE_PN0P_/D (sg13g2_dfrbpq_1)   15.47    2.93   12.54 (MET)
x_reg[7]$_SDFFE_PN0P_/D (sg13g2_dfrbpq_1)   15.47    2.93   12.54 (MET)
x_reg[7]$_SDFFE_PN0P_/D (sg13g2_dfrbpq_1)   15.47    2.93   12.54 (MET)
x_reg[7]$_SDFFE_PN0P_/D (sg13g2_dfrbpq_1)   15.47    2.93   12.54 (MET)
x_reg[7]$_SDFFE_PN0P_/D (sg13g2_dfrbpq_1)   15.47    2.93   12.54 (MET)
x_reg[7]$_SDFFE_PN0P_/D (sg13g2_dfrbpq_1)   15.47    2.93   12.54 (MET)
x_reg[8]$_SDFFE_PN0P_/D (sg13g2_dfrbpq_1)   15.49    2.96   12.54 (MET)
y_reg[8]$_SDFFE_PN0P_/D (sg13g2_dfrbpq_1)   15.48    2.94   12.54 (MET)
y_reg[6]$_SDFFE_PN0P_/D (sg13g2_dfrbpq_1)   15.49    2.96   12.54 (MET)
y_reg[6]$_SDFFE_PN0P_/D (sg13g2_dfrbpq_1)   15.49    2.96   12.54 (MET)
y_reg[8]$_SDFFE_PN0P_/D (sg13g2_dfrbpq_1)   15.49    2.95   12.54 (MET)
y_reg[8]$_SDFFE_PN0P_/D (sg13g2_dfrbpq_1)   15.48    2.94   12.54 (MET)
x_reg[8]$_SDFFE_PN0P_/D (sg13g2_dfrbpq_1)   15.49    2.96   12.54 (MET)
x_reg[8]$_SDFFE_PN0P_/D (sg13g2_dfrbpq_1)   15.49    2.96   12.54 (MET)
y_reg[6]$_SDFFE_PN0P_/D (sg13g2_dfrbpq_1)   15.49    2.96   12.54 (MET)
y_reg[6]$_SDFFE_PN0P_/D (sg13g2_dfrbpq_1)   15.49    2.96   12.54 (MET)
y_reg[9]$_SDFFE_PN0P_/D (sg13g2_dfrbpq_1)   15.48    2.95   12.54 (MET)
y_reg[6]$_SDFFE_PN0P_/D (sg13g2_dfrbpq_1)   15.49    2.95   12.54 (MET)
y_reg[6]$_SDFFE_PN0P_/D (sg13g2_dfrbpq_1)   15.49    2.95   12.54 (MET)
y_reg[6]$_SDFFE_PN0P_/D (sg13g2_dfrbpq_1)   15.49    2.95   12.54 (MET)
y_reg[6]$_SDFFE_PN0P_/D (sg13g2_dfrbpq_1)   15.49    2.95   12.54 (MET)
y_reg[6]$_SDFFE_PN0P_/D (sg13g2_dfrbpq_1)   15.49    2.95   12.54 (MET)
y_reg[6]$_SDFFE_PN0P_/D (sg13g2_dfrbpq_1)   15.49    2.95   12.54 (MET)
y_reg[6]$_SDFFE_PN0P_/D (sg13g2_dfrbpq_1)   15.49    2.95   12.54 (MET)
y_reg[6]$_SDFFE_PN0P_/D (sg13g2_dfrbpq_1)   15.49    2.95   12.54 (MET)
y_reg[8]$_SDFFE_PN0P_/D (sg13g2_dfrbpq_1)   15.49    2.95   12.54 (MET)
y_reg[8]$_SDFFE_PN0P_/D (sg13g2_dfrbpq_1)   15.49    2.95   12.54 (MET)
y_reg[8]$_SDFFE_PN0P_/D (sg13g2_dfrbpq_1)   15.49    2.95   12.54 (MET)
x_reg[9]$_SDFFE_PN0P_/D (sg13g2_dfrbpq_1)   15.49    2.95   12.54 (MET)
x_reg[9]$_SDFFE_PN0P_/D (sg13g2_dfrbpq_1)   15.49    2.95   12.54 (MET)
x_reg[9]$_SDFFE_PN0P_/D (sg13g2_dfrbpq_1)   15.49    2.95   12.54 (MET)
x_reg[9]$_SDFFE_PN0P_/D (sg13g2_dfrbpq_1)   15.49    2.95   12.54 (MET)
x_reg[9]$_SDFFE_PN0P_/D (sg13g2_dfrbpq_1)   15.49    2.95   12.54 (MET)
x_reg[9]$_SDFFE_PN0P_/D (sg13g2_dfrbpq_1)   15.49    2.95   12.54 (MET)
x_reg[9]$_SDFFE_PN0P_/D (sg13g2_dfrbpq_1)   15.49    2.95   12.54 (MET)
x_reg[9]$_SDFFE_PN0P_/D (sg13g2_dfrbpq_1)   15.49    2.95   12.54 (MET)
y_reg[6]$_SDFFE_PN0P_/D (sg13g2_dfrbpq_1)   15.49    2.95   12.54 (MET)
y_reg[6]$_SDFFE_PN0P_/D (sg13g2_dfrbpq_1)   15.49    2.95   12.54 (MET)
y_reg[6]$_SDFFE_PN0P_/D (sg13g2_dfrbpq_1)   15.49    2.95   12.54 (MET)
y_reg[6]$_SDFFE_PN0P_/D (sg13g2_dfrbpq_1)   15.49    2.95   12.54 (MET)
y_reg[6]$_SDFFE_PN0P_/D (sg13g2_dfrbpq_1)   15.49    2.95   12.54 (MET)
y_reg[6]$_SDFFE_PN0P_/D (sg13g2_dfrbpq_1)   15.49    2.95   12.54 (MET)
y_reg[6]$_SDFFE_PN0P_/D (sg13g2_dfrbpq_1)   15.49    2.95   12.54 (MET)
y_reg[6]$_SDFFE_PN0P_/D (sg13g2_dfrbpq_1)   15.49    2.95   12.54 (MET)
y_reg[8]$_SDFFE_PN0P_/D (sg13g2_dfrbpq_1)   15.49    2.95   12.54 (MET)
y_reg[8]$_SDFFE_PN0P_/D (sg13g2_dfrbpq_1)   15.49    2.95   12.54 (MET)
x_reg[9]$_SDFFE_PN0P_/D (sg13g2_dfrbpq_1)   15.49    2.95   12.54 (MET)
x_reg[9]$_SDFFE_PN0P_/D (sg13g2_dfrbpq_1)   15.49    2.95   12.54 (MET)
x_reg[9]$_SDFFE_PN0P_/D (sg13g2_dfrbpq_1)   15.49    2.95   12.54 (MET)
x_reg[9]$_SDFFE_PN0P_/D (sg13g2_dfrbpq_1)   15.49    2.95   12.54 (MET)
x_reg[9]$_SDFFE_PN0P_/D (sg13g2_dfrbpq_1)   15.49    2.95   12.54 (MET)
x_reg[9]$_SDFFE_PN0P_/D (sg13g2_dfrbpq_1)   15.49    2.95   12.54 (MET)
x_reg[9]$_SDFFE_PN0P_/D (sg13g2_dfrbpq_1)   15.49    2.95   12.54 (MET)
x_reg[9]$_SDFFE_PN0P_/D (sg13g2_dfrbpq_1)   15.49    2.95   12.54 (MET)
y_reg[6]$_SDFFE_PN0P_/D (sg13g2_dfrbpq_1)   15.49    2.96   12.54 (MET)
y_reg[6]$_SDFFE_PN0P_/D (sg13g2_dfrbpq_1)   15.49    2.96   12.54 (MET)
y_reg[6]$_SDFFE_PN0P_/D (sg13g2_dfrbpq_1)   15.49    2.96   12.54 (MET)
y_reg[6]$_SDFFE_PN0P_/D (sg13g2_dfrbpq_1)   15.49    2.96   12.54 (MET)
y_reg[6]$_SDFFE_PN0P_/D (sg13g2_dfrbpq_1)   15.49    2.95   12.54 (MET)
y_reg[6]$_SDFFE_PN0P_/D (sg13g2_dfrbpq_1)   15.49    2.95   12.54 (MET)
x_reg[8]$_SDFFE_PN0P_/D (sg13g2_dfrbpq_1)   15.49    2.95   12.54 (MET)
y_reg[6]$_SDFFE_PN0P_/D (sg13g2_dfrbpq_1)   15.49    2.95   12.54 (MET)
y_reg[6]$_SDFFE_PN0P_/D (sg13g2_dfrbpq_1)   15.49    2.95   12.54 (MET)
y_reg[8]$_SDFFE_PN0P_/D (sg13g2_dfrbpq_1)   15.49    2.95   12.54 (MET)
y_reg[8]$_SDFFE_PN0P_/D (sg13g2_dfrbpq_1)   15.49    2.95   12.54 (MET)
y_reg[6]$_SDFFE_PN0P_/D (sg13g2_dfrbpq_1)   15.49    2.95   12.54 (MET)
y_reg[6]$_SDFFE_PN0P_/D (sg13g2_dfrbpq_1)   15.49    2.95   12.54 (MET)
y_reg[8]$_SDFFE_PN0P_/D (sg13g2_dfrbpq_1)   15.49    2.95   12.54 (MET)
y_reg[8]$_SDFFE_PN0P_/D (sg13g2_dfrbpq_1)   15.49    2.95   12.54 (MET)
y_reg[6]$_SDFFE_PN0P_/D (sg13g2_dfrbpq_1)   15.49    2.95   12.54 (MET)
y_reg[6]$_SDFFE_PN0P_/D (sg13g2_dfrbpq_1)   15.49    2.95   12.54 (MET)
y_reg[6]$_SDFFE_PN0P_/D (sg13g2_dfrbpq_1)   15.49    2.95   12.54 (MET)
y_reg[6]$_SDFFE_PN0P_/D (sg13g2_dfrbpq_1)   15.49    2.95   12.54 (MET)
y_reg[6]$_SDFFE_PN0P_/D (sg13g2_dfrbpq_1)   15.49    2.95   12.54 (MET)
y_reg[6]$_SDFFE_PN0P_/D (sg13g2_dfrbpq_1)   15.49    2.95   12.54 (MET)
y_reg[8]$_SDFFE_PN0P_/D (sg13g2_dfrbpq_1)   15.49    2.95   12.54 (MET)
y_reg[8]$_SDFFE_PN0P_/D (sg13g2_dfrbpq_1)   15.49    2.95   12.54 (MET)
y_reg[8]$_SDFFE_PN0P_/D (sg13g2_dfrbpq_1)   15.49    2.95   12.54 (MET)
y_reg[8]$_SDFFE_PN0P_/D (sg13g2_dfrbpq_1)   15.49    2.95   12.54 (MET)
y_reg[9]$_SDFFE_PN0P_/D (sg13g2_dfrbpq_1)   15.49    2.95   12.54 (MET)
y_reg[9]$_SDFFE_PN0P_/D (sg13g2_dfrbpq_1)   15.49    2.95   12.54 (MET)
y_reg[9]$_SDFFE_PN0P_/D (sg13g2_dfrbpq_1)   15.49    2.95   12.54 (MET)
y_reg[9]$_SDFFE_PN0P_/D (sg13g2_dfrbpq_1)   15.49    2.95   12.54 (MET)
y_reg[8]$_SDFFE_PN0P_/D (sg13g2_dfrbpq_1)   15.49    2.95   12.54 (MET)
y_reg[8]$_SDFFE_PN0P_/D (sg13g2_dfrbpq_1)   15.49    2.95   12.54 (MET)
y_reg[9]$_SDFFE_PN0P_/D (sg13g2_dfrbpq_1)   15.49    2.95   12.54 (MET)
y_reg[9]$_SDFFE_PN0P_/D (sg13g2_dfrbpq_1)   15.49    2.95   12.54 (MET)
y_reg[9]$_SDFFE_PN0P_/D (sg13g2_dfrbpq_1)   15.49    2.95   12.54 (MET)
y_reg[9]$_SDFFE_PN0P_/D (sg13g2_dfrbpq_1)   15.49    2.95   12.54 (MET)
y_reg[9]$_SDFFE_PN0P_/D (sg13g2_dfrbpq_1)   15.49    2.95   12.54 (MET)
y_reg[9]$_SDFFE_PN0P_/D (sg13g2_dfrbpq_1)   15.49    2.95   12.54 (MET)
y_reg[9]$_SDFFE_PN0P_/D (sg13g2_dfrbpq_1)   15.49    2.95   12.54 (MET)
y_reg[9]$_SDFFE_PN0P_/D (sg13g2_dfrbpq_1)   15.49    2.95   12.54 (MET)
y_reg[9]$_SDFFE_PN0P_/D (sg13g2_dfrbpq_1)   15.49    2.95   12.54 (MET)
y_reg[9]$_SDFFE_PN0P_/D (sg13g2_dfrbpq_1)   15.49    2.95   12.54 (MET)
x_reg[8]$_SDFFE_PN0P_/D (sg13g2_dfrbpq_1)   15.49    2.96   12.54 (MET)
x_reg[8]$_SDFFE_PN0P_/D (sg13g2_dfrbpq_1)   15.49    2.96   12.54 (MET)
y_reg[9]$_SDFFE_PN0P_/D (sg13g2_dfrbpq_1)   15.49    2.95   12.54 (MET)
x_reg[8]$_SDFFE_PN0P_/D (sg13g2_dfrbpq_1)   15.49    2.96   12.54 (MET)
y_reg[9]$_SDFFE_PN0P_/D (sg13g2_dfrbpq_1)   15.49    2.95   12.54 (MET)
y_reg[9]$_SDFFE_PN0P_/D (sg13g2_dfrbpq_1)   15.49    2.95   12.54 (MET)
y_reg[9]$_SDFFE_PN0P_/D (sg13g2_dfrbpq_1)   15.48    2.95   12.54 (MET)
y_reg[9]$_SDFFE_PN0P_/D (sg13g2_dfrbpq_1)   15.48    2.95   12.54 (MET)
x_reg[8]$_SDFFE_PN0P_/D (sg13g2_dfrbpq_1)   15.49    2.96   12.54 (MET)
x_reg[8]$_SDFFE_PN0P_/D (sg13g2_dfrbpq_1)   15.49    2.96   12.54 (MET)
x_reg[8]$_SDFFE_PN0P_/D (sg13g2_dfrbpq_1)   15.49    2.96   12.54 (MET)
x_reg[8]$_SDFFE_PN0P_/D (sg13g2_dfrbpq_1)   15.49    2.96   12.54 (MET)
y_reg[9]$_SDFFE_PN0P_/D (sg13g2_dfrbpq_1)   15.48    2.95   12.54 (MET)
y_reg[9]$_SDFFE_PN0P_/D (sg13g2_dfrbpq_1)   15.48    2.95   12.54 (MET)
y_reg[9]$_SDFFE_PN0P_/D (sg13g2_dfrbpq_1)   15.48    2.95   12.54 (MET)
y_reg[9]$_SDFFE_PN0P_/D (sg13g2_dfrbpq_1)   15.48    2.95   12.54 (MET)
y_reg[9]$_SDFFE_PN0P_/D (sg13g2_dfrbpq_1)   15.49    2.95   12.54 (MET)
y_reg[9]$_SDFFE_PN0P_/D (sg13g2_dfrbpq_1)   15.48    2.95   12.54 (MET)
y_reg[9]$_SDFFE_PN0P_/D (sg13g2_dfrbpq_1)   15.48    2.95   12.54 (MET)
y_reg[9]$_SDFFE_PN0P_/D (sg13g2_dfrbpq_1)   15.48    2.95   12.54 (MET)
y_reg[9]$_SDFFE_PN0P_/D (sg13g2_dfrbpq_1)   15.48    2.95   12.54 (MET)
y_reg[9]$_SDFFE_PN0P_/D (sg13g2_dfrbpq_1)   15.48    2.95   12.54 (MET)
y_reg[9]$_SDFFE_PN0P_/D (sg13g2_dfrbpq_1)   15.48    2.95   12.54 (MET)
y_reg[9]$_SDFFE_PN0P_/D (sg13g2_dfrbpq_1)   15.48    2.95   12.54 (MET)
y_reg[9]$_SDFFE_PN0P_/D (sg13g2_dfrbpq_1)   15.48    2.95   12.54 (MET)
y_reg[9]$_SDFFE_PN0P_/D (sg13g2_dfrbpq_1)   15.48    2.95   12.54 (MET)
y_reg[8]$_SDFFE_PN0P_/D (sg13g2_dfrbpq_1)   15.48    2.94   12.54 (MET)
y_reg[8]$_SDFFE_PN0P_/D (sg13g2_dfrbpq_1)   15.48    2.94   12.54 (MET)
y_reg[8]$_SDFFE_PN0P_/D (sg13g2_dfrbpq_1)   15.48    2.94   12.54 (MET)
y_reg[8]$_SDFFE_PN0P_/D (sg13g2_dfrbpq_1)   15.48    2.94   12.54 (MET)
y_reg[9]$_SDFFE_PN0P_/D (sg13g2_dfrbpq_1)   15.48    2.95   12.54 (MET)
y_reg[9]$_SDFFE_PN0P_/D (sg13g2_dfrbpq_1)   15.48    2.95   12.54 (MET)
y_reg[9]$_SDFFE_PN0P_/D (sg13g2_dfrbpq_1)   15.48    2.95   12.54 (MET)
y_reg[9]$_SDFFE_PN0P_/D (sg13g2_dfrbpq_1)   15.48    2.95   12.54 (MET)
y_reg[8]$_SDFFE_PN0P_/D (sg13g2_dfrbpq_1)   15.48    2.94   12.54 (MET)
y_reg[8]$_SDFFE_PN0P_/D (sg13g2_dfrbpq_1)   15.48    2.94   12.54 (MET)
y_reg[8]$_SDFFE_PN0P_/D (sg13g2_dfrbpq_1)   15.48    2.94   12.54 (MET)
y_reg[8]$_SDFFE_PN0P_/D (sg13g2_dfrbpq_1)   15.48    2.94   12.54 (MET)
y_reg[8]$_SDFFE_PN0P_/D (sg13g2_dfrbpq_1)   15.48    2.94   12.54 (MET)
y_reg[8]$_SDFFE_PN0P_/D (sg13g2_dfrbpq_1)   15.48    2.94   12.54 (MET)
y_reg[8]$_SDFFE_PN0P_/D (sg13g2_dfrbpq_1)   15.48    2.94   12.54 (MET)
y_reg[8]$_SDFFE_PN0P_/D (sg13g2_dfrbpq_1)   15.48    2.94   12.54 (MET)
y_reg[9]$_SDFFE_PN0P_/D (sg13g2_dfrbpq_1)   15.48    2.95   12.54 (MET)
y_reg[9]$_SDFFE_PN0P_/D (sg13g2_dfrbpq_1)   15.48    2.95   12.54 (MET)
x_reg[8]$_SDFFE_PN0P_/D (sg13g2_dfrbpq_1)   15.49    2.95   12.54 (MET)
x_reg[8]$_SDFFE_PN0P_/D (sg13g2_dfrbpq_1)   15.49    2.95   12.54 (MET)
x_reg[8]$_SDFFE_PN0P_/D (sg13g2_dfrbpq_1)   15.49    2.95   12.54 (MET)
x_reg[8]$_SDFFE_PN0P_/D (sg13g2_dfrbpq_1)   15.49    2.95   12.54 (MET)
y_reg[8]$_SDFFE_PN0P_/D (sg13g2_dfrbpq_1)   15.48    2.94   12.54 (MET)
y_reg[8]$_SDFFE_PN0P_/D (sg13g2_dfrbpq_1)   15.48    2.94   12.54 (MET)
y_reg[8]$_SDFFE_PN0P_/D (sg13g2_dfrbpq_1)   15.48    2.94   12.54 (MET)
y_reg[8]$_SDFFE_PN0P_/D (sg13g2_dfrbpq_1)   15.48    2.94   12.54 (MET)
x_reg[8]$_SDFFE_PN0P_/D (sg13g2_dfrbpq_1)   15.49    2.95   12.54 (MET)
x_reg[8]$_SDFFE_PN0P_/D (sg13g2_dfrbpq_1)   15.49    2.95   12.54 (MET)
x_reg[8]$_SDFFE_PN0P_/D (sg13g2_dfrbpq_1)   15.49    2.95   12.54 (MET)
x_reg[8]$_SDFFE_PN0P_/D (sg13g2_dfrbpq_1)   15.49    2.95   12.54 (MET)
y_reg[6]$_SDFFE_PN0P_/D (sg13g2_dfrbpq_1)   15.49    2.95   12.54 (MET)
y_reg[6]$_SDFFE_PN0P_/D (sg13g2_dfrbpq_1)   15.49    2.95   12.54 (MET)
y_reg[6]$_SDFFE_PN0P_/D (sg13g2_dfrbpq_1)   15.49    2.95   12.54 (MET)
y_reg[6]$_SDFFE_PN0P_/D (sg13g2_dfrbpq_1)   15.49    2.95   12.54 (MET)
x_reg[8]$_SDFFE_PN0P_/D (sg13g2_dfrbpq_1)   15.49    2.95   12.54 (MET)
x_reg[8]$_SDFFE_PN0P_/D (sg13g2_dfrbpq_1)   15.49    2.95   12.54 (MET)
x_reg[8]$_SDFFE_PN0P_/D (sg13g2_dfrbpq_1)   15.49    2.95   12.54 (MET)
x_reg[8]$_SDFFE_PN0P_/D (sg13g2_dfrbpq_1)   15.49    2.95   12.54 (MET)
x_reg[8]$_SDFFE_PN0P_/D (sg13g2_dfrbpq_1)   15.49    2.95   12.54 (MET)
x_reg[8]$_SDFFE_PN0P_/D (sg13g2_dfrbpq_1)   15.49    2.95   12.54 (MET)
x_reg[8]$_SDFFE_PN0P_/D (sg13g2_dfrbpq_1)   15.49    2.95   12.54 (MET)
x_reg[8]$_SDFFE_PN0P_/D (sg13g2_dfrbpq_1)   15.49    2.95   12.54 (MET)
x_reg[8]$_SDFFE_PN0P_/D (sg13g2_dfrbpq_1)   15.49    2.95   12.54 (MET)
y_reg[6]$_SDFFE_PN0P_/D (sg13g2_dfrbpq_1)   15.49    2.95   12.54 (MET)
y_reg[6]$_SDFFE_PN0P_/D (sg13g2_dfrbpq_1)   15.49    2.95   12.54 (MET)
y_reg[6]$_SDFFE_PN0P_/D (sg13g2_dfrbpq_1)   15.49    2.95   12.54 (MET)
y_reg[6]$_SDFFE_PN0P_/D (sg13g2_dfrbpq_1)   15.49    2.95   12.54 (MET)
y_reg[8]$_SDFFE_PN0P_/D (sg13g2_dfrbpq_1)   15.48    2.94   12.54 (MET)
y_reg[8]$_SDFFE_PN0P_/D (sg13g2_dfrbpq_1)   15.48    2.94   12.54 (MET)
y_reg[8]$_SDFFE_PN0P_/D (sg13g2_dfrbpq_1)   15.48    2.94   12.54 (MET)
y_reg[8]$_SDFFE_PN0P_/D (sg13g2_dfrbpq_1)   15.48    2.94   12.54 (MET)
x_reg[8]$_SDFFE_PN0P_/D (sg13g2_dfrbpq_1)   15.49    2.95   12.54 (MET)
x_reg[8]$_SDFFE_PN0P_/D (sg13g2_dfrbpq_1)   15.49    2.95   12.54 (MET)
x_reg[8]$_SDFFE_PN0P_/D (sg13g2_dfrbpq_1)   15.49    2.95   12.54 (MET)
x_reg[8]$_SDFFE_PN0P_/D (sg13g2_dfrbpq_1)   15.49    2.95   12.54 (MET)
y_reg[6]$_SDFFE_PN0P_/D (sg13g2_dfrbpq_1)   15.49    2.95   12.54 (MET)
y_reg[6]$_SDFFE_PN0P_/D (sg13g2_dfrbpq_1)   15.49    2.95   12.54 (MET)
y_reg[6]$_SDFFE_PN0P_/D (sg13g2_dfrbpq_1)   15.49    2.95   12.54 (MET)
y_reg[6]$_SDFFE_PN0P_/D (sg13g2_dfrbpq_1)   15.49    2.95   12.54 (MET)
y_reg[6]$_SDFFE_PN0P_/D (sg13g2_dfrbpq_1)   15.49    2.95   12.54 (MET)
y_reg[6]$_SDFFE_PN0P_/D (sg13g2_dfrbpq_1)   15.49    2.95   12.54 (MET)
y_reg[6]$_SDFFE_PN0P_/D (sg13g2_dfrbpq_1)   15.49    2.95   12.54 (MET)
y_reg[6]$_SDFFE_PN0P_/D (sg13g2_dfrbpq_1)   15.49    2.95   12.54 (MET)
y_reg[6]$_SDFFE_PN0P_/D (sg13g2_dfrbpq_1)   15.49    2.95   12.54 (MET)
y_reg[6]$_SDFFE_PN0P_/D (sg13g2_dfrbpq_1)   15.49    2.95   12.54 (MET)
y_reg[6]$_SDFFE_PN0P_/D (sg13g2_dfrbpq_1)   15.49    2.95   12.54 (MET)
y_reg[6]$_SDFFE_PN0P_/D (sg13g2_dfrbpq_1)   15.49    2.95   12.54 (MET)
y_reg[6]$_SDFFE_PN0P_/D (sg13g2_dfrbpq_1)   15.49    2.95   12.54 (MET)
y_reg[6]$_SDFFE_PN0P_/D (sg13g2_dfrbpq_1)   15.49    2.95   12.54 (MET)
y_reg[6]$_SDFFE_PN0P_/D (sg13g2_dfrbpq_1)   15.49    2.95   12.54 (MET)
y_reg[6]$_SDFFE_PN0P_/D (sg13g2_dfrbpq_1)   15.49    2.95   12.54 (MET)
y_reg[9]$_SDFFE_PN0P_/D (sg13g2_dfrbpq_1)   15.49    2.95   12.54 (MET)
y_reg[9]$_SDFFE_PN0P_/D (sg13g2_dfrbpq_1)   15.49    2.95   12.54 (MET)
y_reg[9]$_SDFFE_PN0P_/D (sg13g2_dfrbpq_1)   15.49    2.95   12.54 (MET)
y_reg[9]$_SDFFE_PN0P_/D (sg13g2_dfrbpq_1)   15.49    2.95   12.54 (MET)
y_reg[9]$_SDFFE_PN0P_/D (sg13g2_dfrbpq_1)   15.49    2.95   12.54 (MET)
y_reg[9]$_SDFFE_PN0P_/D (sg13g2_dfrbpq_1)   15.49    2.95   12.54 (MET)
x_reg[8]$_SDFFE_PN0P_/D (sg13g2_dfrbpq_1)   15.49    2.95   12.54 (MET)
x_reg[8]$_SDFFE_PN0P_/D (sg13g2_dfrbpq_1)   15.49    2.95   12.54 (MET)
x_reg[8]$_SDFFE_PN0P_/D (sg13g2_dfrbpq_1)   15.49    2.95   12.54 (MET)
x_reg[8]$_SDFFE_PN0P_/D (sg13g2_dfrbpq_1)   15.49    2.95   12.54 (MET)
x_reg[8]$_SDFFE_PN0P_/D (sg13g2_dfrbpq_1)   15.49    2.95   12.54 (MET)
x_reg[8]$_SDFFE_PN0P_/D (sg13g2_dfrbpq_1)   15.49    2.95   12.54 (MET)
x_reg[8]$_SDFFE_PN0P_/D (sg13g2_dfrbpq_1)   15.49    2.95   12.54 (MET)
x_reg[8]$_SDFFE_PN0P_/D (sg13g2_dfrbpq_1)   15.49    2.95   12.54 (MET)
x_reg[8]$_SDFFE_PN0P_/D (sg13g2_dfrbpq_1)   15.49    2.95   12.54 (MET)
x_reg[8]$_SDFFE_PN0P_/D (sg13g2_dfrbpq_1)   15.49    2.95   12.54 (MET)
x_reg[8]$_SDFFE_PN0P_/D (sg13g2_dfrbpq_1)   15.49    2.95   12.54 (MET)
x_reg[8]$_SDFFE_PN0P_/D (sg13g2_dfrbpq_1)   15.49    2.95   12.54 (MET)
x_reg[8]$_SDFFE_PN0P_/D (sg13g2_dfrbpq_1)   15.49    2.95   12.54 (MET)
x_reg[8]$_SDFFE_PN0P_/D (sg13g2_dfrbpq_1)   15.49    2.95   12.54 (MET)
x_reg[8]$_SDFFE_PN0P_/D (sg13g2_dfrbpq_1)   15.49    2.95   12.54 (MET)
x_reg[8]$_SDFFE_PN0P_/D (sg13g2_dfrbpq_1)   15.49    2.95   12.54 (MET)
y_reg[6]$_SDFFE_PN0P_/D (sg13g2_dfrbpq_1)   15.49    2.95   12.54 (MET)
y_reg[6]$_SDFFE_PN0P_/D (sg13g2_dfrbpq_1)   15.49    2.95   12.54 (MET)
y_reg[9]$_SDFFE_PN0P_/D (sg13g2_dfrbpq_1)   15.49    2.95   12.54 (MET)
y_reg[9]$_SDFFE_PN0P_/D (sg13g2_dfrbpq_1)   15.49    2.95   12.54 (MET)
y_reg[9]$_SDFFE_PN0P_/D (sg13g2_dfrbpq_1)   15.49    2.95   12.54 (MET)
x_reg[8]$_SDFFE_PN0P_/D (sg13g2_dfrbpq_1)   15.49    2.95   12.54 (MET)
x_reg[8]$_SDFFE_PN0P_/D (sg13g2_dfrbpq_1)   15.49    2.95   12.54 (MET)
x_reg[8]$_SDFFE_PN0P_/D (sg13g2_dfrbpq_1)   15.49    2.95   12.54 (MET)
x_reg[8]$_SDFFE_PN0P_/D (sg13g2_dfrbpq_1)   15.49    2.95   12.54 (MET)
x_reg[8]$_SDFFE_PN0P_/D (sg13g2_dfrbpq_1)   15.49    2.95   12.54 (MET)
x_reg[8]$_SDFFE_PN0P_/D (sg13g2_dfrbpq_1)   15.49    2.95   12.54 (MET)
x_reg[8]$_SDFFE_PN0P_/D (sg13g2_dfrbpq_1)   15.49    2.95   12.54 (MET)
x_reg[8]$_SDFFE_PN0P_/D (sg13g2_dfrbpq_1)   15.49    2.95   12.54 (MET)
y_reg[8]$_SDFFE_PN0P_/D (sg13g2_dfrbpq_1)   15.48    2.94   12.54 (MET)
y_reg[8]$_SDFFE_PN0P_/D (sg13g2_dfrbpq_1)   15.48    2.94   12.54 (MET)
y_reg[8]$_SDFFE_PN0P_/D (sg13g2_dfrbpq_1)   15.48    2.94   12.54 (MET)
y_reg[8]$_SDFFE_PN0P_/D (sg13g2_dfrbpq_1)   15.48    2.94   12.54 (MET)
y_reg[6]$_SDFFE_PN0P_/D (sg13g2_dfrbpq_1)   15.49    2.95   12.54 (MET)
y_reg[6]$_SDFFE_PN0P_/D (sg13g2_dfrbpq_1)   15.49    2.95   12.54 (MET)
y_reg[8]$_SDFFE_PN0P_/D (sg13g2_dfrbpq_1)   15.48    2.94   12.54 (MET)
y_reg[8]$_SDFFE_PN0P_/D (sg13g2_dfrbpq_1)   15.48    2.94   12.54 (MET)
y_reg[8]$_SDFFE_PN0P_/D (sg13g2_dfrbpq_1)   15.48    2.94   12.54 (MET)
y_reg[8]$_SDFFE_PN0P_/D (sg13g2_dfrbpq_1)   15.48    2.94   12.54 (MET)
x_reg[7]$_SDFFE_PN0P_/D (sg13g2_dfrbpq_1)   15.47    2.93   12.54 (MET)
x_reg[7]$_SDFFE_PN0P_/D (sg13g2_dfrbpq_1)   15.47    2.93   12.54 (MET)
x_reg[7]$_SDFFE_PN0P_/D (sg13g2_dfrbpq_1)   15.47    2.93   12.54 (MET)
x_reg[7]$_SDFFE_PN0P_/D (sg13g2_dfrbpq_1)   15.47    2.93   12.54 (MET)
y_reg[7]$_SDFFE_PN0P_/D (sg13g2_dfrbpq_1)   15.49    2.95   12.54 (MET)
x_reg[8]$_SDFFE_PN0P_/D (sg13g2_dfrbpq_1)   15.49    2.95   12.54 (MET)
x_reg[8]$_SDFFE_PN0P_/D (sg13g2_dfrbpq_1)   15.49    2.95   12.54 (MET)
y_reg[1]$_SDFFE_PN0P_/D (sg13g2_dfrbpq_1)   15.48    2.95   12.54 (MET)
y_reg[1]$_SDFFE_PN0P_/D (sg13g2_dfrbpq_1)   15.48    2.95   12.54 (MET)
y_reg[1]$_SDFFE_PN0P_/D (sg13g2_dfrbpq_1)   15.48    2.95   12.54 (MET)
y_reg[1]$_SDFFE_PN0P_/D (sg13g2_dfrbpq_1)   15.48    2.95   12.54 (MET)
y_reg[6]$_SDFFE_PN0P_/D (sg13g2_dfrbpq_1)   15.49    2.95   12.54 (MET)
y_reg[6]$_SDFFE_PN0P_/D (sg13g2_dfrbpq_1)   15.49    2.95   12.54 (MET)
y_reg[7]$_SDFFE_PN0P_/D (sg13g2_dfrbpq_1)   15.49    2.95   12.54 (MET)
x_reg[8]$_SDFFE_PN0P_/D (sg13g2_dfrbpq_1)   15.49    2.95   12.54 (MET)
x_reg[8]$_SDFFE_PN0P_/D (sg13g2_dfrbpq_1)   15.49    2.95   12.54 (MET)
y_reg[8]$_SDFFE_PN0P_/D (sg13g2_dfrbpq_1)   15.49    2.95   12.54 (MET)
y_reg[8]$_SDFFE_PN0P_/D (sg13g2_dfrbpq_1)   15.49    2.95   12.54 (MET)
y_reg[8]$_SDFFE_PN0P_/D (sg13g2_dfrbpq_1)   15.49    2.95   12.54 (MET)
y_reg[6]$_SDFFE_PN0P_/D (sg13g2_dfrbpq_1)   15.49    2.95   12.54 (MET)
y_reg[6]$_SDFFE_PN0P_/D (sg13g2_dfrbpq_1)   15.49    2.95   12.54 (MET)
y_reg[8]$_SDFFE_PN0P_/D (sg13g2_dfrbpq_1)   15.49    2.95   12.54 (MET)
y_reg[8]$_SDFFE_PN0P_/D (sg13g2_dfrbpq_1)   15.49    2.95   12.54 (MET)
z_reg[3]$_SDFFE_PN0P_/D (sg13g2_dfrbpq_1)   15.48    2.95   12.54 (MET)
z_reg[3]$_SDFFE_PN0P_/D (sg13g2_dfrbpq_1)   15.48    2.95   12.54 (MET)
y_reg[6]$_SDFFE_PN0P_/D (sg13g2_dfrbpq_1)   15.49    2.95   12.54 (MET)
y_reg[6]$_SDFFE_PN0P_/D (sg13g2_dfrbpq_1)   15.49    2.95   12.54 (MET)
y_reg[8]$_SDFFE_PN0P_/D (sg13g2_dfrbpq_1)   15.49    2.95   12.54 (MET)
y_reg[6]$_SDFFE_PN0P_/D (sg13g2_dfrbpq_1)   15.49    2.95   12.54 (MET)
y_reg[6]$_SDFFE_PN0P_/D (sg13g2_dfrbpq_1)   15.49    2.95   12.54 (MET)
y_reg[6]$_SDFFE_PN0P_/D (sg13g2_dfrbpq_1)   15.49    2.95   12.54 (MET)
y_reg[6]$_SDFFE_PN0P_/D (sg13g2_dfrbpq_1)   15.49    2.95   12.54 (MET)
y_reg[8]$_SDFFE_PN0P_/D (sg13g2_dfrbpq_1)   15.49    2.95   12.54 (MET)
y_reg[6]$_SDFFE_PN0P_/D (sg13g2_dfrbpq_1)   15.49    2.95   12.54 (MET)
y_reg[6]$_SDFFE_PN0P_/D (sg13g2_dfrbpq_1)   15.49    2.95   12.54 (MET)
y_reg[6]$_SDFFE_PN0P_/D (sg13g2_dfrbpq_1)   15.49    2.95   12.54 (MET)
y_reg[6]$_SDFFE_PN0P_/D (sg13g2_dfrbpq_1)   15.49    2.95   12.54 (MET)
y_reg[6]$_SDFFE_PN0P_/D (sg13g2_dfrbpq_1)   15.49    2.95   12.54 (MET)
y_reg[6]$_SDFFE_PN0P_/D (sg13g2_dfrbpq_1)   15.49    2.95   12.54 (MET)
y_reg[8]$_SDFFE_PN0P_/D (sg13g2_dfrbpq_1)   15.49    2.95   12.54 (MET)
y_reg[8]$_SDFFE_PN0P_/D (sg13g2_dfrbpq_1)   15.49    2.95   12.54 (MET)
y_reg[8]$_SDFFE_PN0P_/D (sg13g2_dfrbpq_1)   15.49    2.95   12.54 (MET)
y_reg[8]$_SDFFE_PN0P_/D (sg13g2_dfrbpq_1)   15.49    2.95   12.54 (MET)
y_reg[8]$_SDFFE_PN0P_/D (sg13g2_dfrbpq_1)   15.49    2.95   12.54 (MET)
y_reg[8]$_SDFFE_PN0P_/D (sg13g2_dfrbpq_1)   15.49    2.95   12.54 (MET)
y_reg[8]$_SDFFE_PN0P_/D (sg13g2_dfrbpq_1)   15.49    2.95   12.54 (MET)
y_reg[8]$_SDFFE_PN0P_/D (sg13g2_dfrbpq_1)   15.49    2.95   12.54 (MET)
y_reg[8]$_SDFFE_PN0P_/D (sg13g2_dfrbpq_1)   15.49    2.95   12.54 (MET)
y_reg[8]$_SDFFE_PN0P_/D (sg13g2_dfrbpq_1)   15.49    2.95   12.54 (MET)
y_reg[8]$_SDFFE_PN0P_/D (sg13g2_dfrbpq_1)   15.49    2.95   12.54 (MET)
y_reg[8]$_SDFFE_PN0P_/D (sg13g2_dfrbpq_1)   15.49    2.95   12.54 (MET)
y_reg[9]$_SDFFE_PN0P_/D (sg13g2_dfrbpq_1)   15.49    2.95   12.54 (MET)
y_reg[9]$_SDFFE_PN0P_/D (sg13g2_dfrbpq_1)   15.49    2.95   12.54 (MET)
y_reg[6]$_SDFFE_PN0P_/D (sg13g2_dfrbpq_1)   15.49    2.95   12.54 (MET)
y_reg[6]$_SDFFE_PN0P_/D (sg13g2_dfrbpq_1)   15.49    2.95   12.54 (MET)
y_reg[9]$_SDFFE_PN0P_/D (sg13g2_dfrbpq_1)   15.49    2.95   12.54 (MET)
y_reg[9]$_SDFFE_PN0P_/D (sg13g2_dfrbpq_1)   15.49    2.95   12.54 (MET)
y_reg[9]$_SDFFE_PN0P_/D (sg13g2_dfrbpq_1)   15.49    2.95   12.54 (MET)
y_reg[9]$_SDFFE_PN0P_/D (sg13g2_dfrbpq_1)   15.49    2.95   12.54 (MET)
y_reg[9]$_SDFFE_PN0P_/D (sg13g2_dfrbpq_1)   15.49    2.95   12.54 (MET)
x_reg[8]$_SDFFE_PN0P_/D (sg13g2_dfrbpq_1)   15.49    2.95   12.54 (MET)
x_reg[8]$_SDFFE_PN0P_/D (sg13g2_dfrbpq_1)   15.49    2.95   12.54 (MET)
y_reg[6]$_SDFFE_PN0P_/D (sg13g2_dfrbpq_1)   15.49    2.95   12.54 (MET)
y_reg[6]$_SDFFE_PN0P_/D (sg13g2_dfrbpq_1)   15.49    2.95   12.54 (MET)
y_reg[8]$_SDFFE_PN0P_/D (sg13g2_dfrbpq_1)   15.49    2.95   12.54 (MET)
y_reg[9]$_SDFFE_PN0P_/D (sg13g2_dfrbpq_1)   15.49    2.95   12.54 (MET)
y_reg[9]$_SDFFE_PN0P_/D (sg13g2_dfrbpq_1)   15.49    2.95   12.54 (MET)
y_reg[9]$_SDFFE_PN0P_/D (sg13g2_dfrbpq_1)   15.49    2.95   12.54 (MET)
y_reg[9]$_SDFFE_PN0P_/D (sg13g2_dfrbpq_1)   15.49    2.95   12.54 (MET)
y_reg[9]$_SDFFE_PN0P_/D (sg13g2_dfrbpq_1)   15.48    2.95   12.54 (MET)
x_reg[8]$_SDFFE_PN0P_/D (sg13g2_dfrbpq_1)   15.49    2.95   12.54 (MET)
y_reg[6]$_SDFFE_PN0P_/D (sg13g2_dfrbpq_1)   15.49    2.95   12.54 (MET)
y_reg[6]$_SDFFE_PN0P_/D (sg13g2_dfrbpq_1)   15.49    2.95   12.54 (MET)
y_reg[9]$_SDFFE_PN0P_/D (sg13g2_dfrbpq_1)   15.48    2.95   12.54 (MET)
y_reg[9]$_SDFFE_PN0P_/D (sg13g2_dfrbpq_1)   15.48    2.95   12.54 (MET)
y_reg[6]$_SDFFE_PN0P_/D (sg13g2_dfrbpq_1)   15.49    2.95   12.54 (MET)
y_reg[6]$_SDFFE_PN0P_/D (sg13g2_dfrbpq_1)   15.49    2.95   12.54 (MET)
y_reg[6]$_SDFFE_PN0P_/D (sg13g2_dfrbpq_1)   15.49    2.95   12.54 (MET)
y_reg[6]$_SDFFE_PN0P_/D (sg13g2_dfrbpq_1)   15.49    2.95   12.54 (MET)
y_reg[8]$_SDFFE_PN0P_/D (sg13g2_dfrbpq_1)   15.49    2.95   12.54 (MET)
x_reg[8]$_SDFFE_PN0P_/D (sg13g2_dfrbpq_1)   15.49    2.95   12.54 (MET)
y_reg[8]$_SDFFE_PN0P_/D (sg13g2_dfrbpq_1)   15.48    2.94   12.54 (MET)
y_reg[8]$_SDFFE_PN0P_/D (sg13g2_dfrbpq_1)   15.48    2.94   12.54 (MET)
y_reg[9]$_SDFFE_PN0P_/D (sg13g2_dfrbpq_1)   15.49    2.95   12.54 (MET)
y_reg[9]$_SDFFE_PN0P_/D (sg13g2_dfrbpq_1)   15.48    2.95   12.54 (MET)
y_reg[6]$_SDFFE_PN0P_/D (sg13g2_dfrbpq_1)   15.49    2.95   12.54 (MET)
y_reg[6]$_SDFFE_PN0P_/D (sg13g2_dfrbpq_1)   15.49    2.95   12.54 (MET)
y_reg[9]$_SDFFE_PN0P_/D (sg13g2_dfrbpq_1)   15.48    2.95   12.54 (MET)
y_reg[9]$_SDFFE_PN0P_/D (sg13g2_dfrbpq_1)   15.48    2.95   12.54 (MET)
y_reg[6]$_SDFFE_PN0P_/D (sg13g2_dfrbpq_1)   15.49    2.95   12.54 (MET)
y_reg[6]$_SDFFE_PN0P_/D (sg13g2_dfrbpq_1)   15.49    2.95   12.54 (MET)
y_reg[8]$_SDFFE_PN0P_/D (sg13g2_dfrbpq_1)   15.48    2.94   12.54 (MET)
y_reg[8]$_SDFFE_PN0P_/D (sg13g2_dfrbpq_1)   15.48    2.94   12.54 (MET)
y_reg[9]$_SDFFE_PN0P_/D (sg13g2_dfrbpq_1)   15.48    2.95   12.54 (MET)
y_reg[9]$_SDFFE_PN0P_/D (sg13g2_dfrbpq_1)   15.48    2.95   12.54 (MET)
y_reg[8]$_SDFFE_PN0P_/D (sg13g2_dfrbpq_1)   15.48    2.94   12.54 (MET)
y_reg[8]$_SDFFE_PN0P_/D (sg13g2_dfrbpq_1)   15.48    2.94   12.54 (MET)
y_reg[9]$_SDFFE_PN0P_/D (sg13g2_dfrbpq_1)   15.48    2.95   12.54 (MET)
y_reg[9]$_SDFFE_PN0P_/D (sg13g2_dfrbpq_1)   15.48    2.95   12.54 (MET)
y_reg[7]$_SDFFE_PN0P_/D (sg13g2_dfrbpq_1)   15.48    2.94   12.54 (MET)
y_reg[7]$_SDFFE_PN0P_/D (sg13g2_dfrbpq_1)   15.48    2.94   12.54 (MET)
y_reg[8]$_SDFFE_PN0P_/D (sg13g2_dfrbpq_1)   15.48    2.94   12.54 (MET)
y_reg[8]$_SDFFE_PN0P_/D (sg13g2_dfrbpq_1)   15.48    2.94   12.54 (MET)
y_reg[9]$_SDFFE_PN0P_/D (sg13g2_dfrbpq_1)   15.48    2.95   12.54 (MET)
y_reg[9]$_SDFFE_PN0P_/D (sg13g2_dfrbpq_1)   15.48    2.95   12.54 (MET)
y_reg[6]$_SDFFE_PN0P_/D (sg13g2_dfrbpq_1)   15.49    2.95   12.54 (MET)
y_reg[6]$_SDFFE_PN0P_/D (sg13g2_dfrbpq_1)   15.49    2.95   12.54 (MET)
y_reg[6]$_SDFFE_PN0P_/D (sg13g2_dfrbpq_1)   15.49    2.95   12.54 (MET)
y_reg[6]$_SDFFE_PN0P_/D (sg13g2_dfrbpq_1)   15.49    2.95   12.54 (MET)
y_reg[6]$_SDFFE_PN0P_/D (sg13g2_dfrbpq_1)   15.49    2.95   12.54 (MET)
y_reg[6]$_SDFFE_PN0P_/D (sg13g2_dfrbpq_1)   15.49    2.95   12.54 (MET)
y_reg[6]$_SDFFE_PN0P_/D (sg13g2_dfrbpq_1)   15.49    2.95   12.54 (MET)
y_reg[6]$_SDFFE_PN0P_/D (sg13g2_dfrbpq_1)   15.49    2.95   12.54 (MET)
y_reg[6]$_SDFFE_PN0P_/D (sg13g2_dfrbpq_1)   15.49    2.95   12.54 (MET)
y_reg[6]$_SDFFE_PN0P_/D (sg13g2_dfrbpq_1)   15.49    2.95   12.54 (MET)
y_reg[7]$_SDFFE_PN0P_/D (sg13g2_dfrbpq_1)   15.48    2.94   12.54 (MET)
y_reg[7]$_SDFFE_PN0P_/D (sg13g2_dfrbpq_1)   15.48    2.94   12.54 (MET)
y_reg[8]$_SDFFE_PN0P_/D (sg13g2_dfrbpq_1)   15.49    2.95   12.54 (MET)
y_reg[8]$_SDFFE_PN0P_/D (sg13g2_dfrbpq_1)   15.49    2.95   12.54 (MET)
y_reg[9]$_SDFFE_PN0P_/D (sg13g2_dfrbpq_1)   15.48    2.95   12.54 (MET)
y_reg[9]$_SDFFE_PN0P_/D (sg13g2_dfrbpq_1)   15.48    2.95   12.54 (MET)
x_reg[8]$_SDFFE_PN0P_/D (sg13g2_dfrbpq_1)   15.49    2.95   12.54 (MET)
x_reg[8]$_SDFFE_PN0P_/D (sg13g2_dfrbpq_1)   15.49    2.95   12.54 (MET)
y_reg[6]$_SDFFE_PN0P_/D (sg13g2_dfrbpq_1)   15.49    2.95   12.54 (MET)
y_reg[6]$_SDFFE_PN0P_/D (sg13g2_dfrbpq_1)   15.49    2.95   12.54 (MET)
y_reg[6]$_SDFFE_PN0P_/D (sg13g2_dfrbpq_1)   15.49    2.95   12.54 (MET)
y_reg[6]$_SDFFE_PN0P_/D (sg13g2_dfrbpq_1)   15.49    2.95   12.54 (MET)
y_reg[6]$_SDFFE_PN0P_/D (sg13g2_dfrbpq_1)   15.49    2.95   12.54 (MET)
y_reg[6]$_SDFFE_PN0P_/D (sg13g2_dfrbpq_1)   15.49    2.95   12.54 (MET)
y_reg[6]$_SDFFE_PN0P_/D (sg13g2_dfrbpq_1)   15.49    2.95   12.54 (MET)
y_reg[6]$_SDFFE_PN0P_/D (sg13g2_dfrbpq_1)   15.49    2.95   12.54 (MET)
y_reg[6]$_SDFFE_PN0P_/D (sg13g2_dfrbpq_1)   15.49    2.95   12.54 (MET)
y_reg[6]$_SDFFE_PN0P_/D (sg13g2_dfrbpq_1)   15.49    2.95   12.54 (MET)
y_reg[8]$_SDFFE_PN0P_/D (sg13g2_dfrbpq_1)   15.48    2.94   12.54 (MET)
y_reg[8]$_SDFFE_PN0P_/D (sg13g2_dfrbpq_1)   15.48    2.94   12.54 (MET)
y_reg[6]$_SDFFE_PN0P_/D (sg13g2_dfrbpq_1)   15.49    2.95   12.54 (MET)
y_reg[8]$_SDFFE_PN0P_/D (sg13g2_dfrbpq_1)   15.49    2.95   12.54 (MET)
y_reg[8]$_SDFFE_PN0P_/D (sg13g2_dfrbpq_1)   15.49    2.95   12.54 (MET)
y_reg[8]$_SDFFE_PN0P_/D (sg13g2_dfrbpq_1)   15.49    2.95   12.54 (MET)
y_reg[9]$_SDFFE_PN0P_/D (sg13g2_dfrbpq_1)   15.49    2.95   12.54 (MET)
y_reg[9]$_SDFFE_PN0P_/D (sg13g2_dfrbpq_1)   15.49    2.95   12.54 (MET)
y_reg[6]$_SDFFE_PN0P_/D (sg13g2_dfrbpq_1)   15.49    2.95   12.54 (MET)
y_reg[8]$_SDFFE_PN0P_/D (sg13g2_dfrbpq_1)   15.49    2.95   12.54 (MET)
y_reg[8]$_SDFFE_PN0P_/D (sg13g2_dfrbpq_1)   15.49    2.95   12.54 (MET)
y_reg[9]$_SDFFE_PN0P_/D (sg13g2_dfrbpq_1)   15.49    2.95   12.54 (MET)
y_reg[9]$_SDFFE_PN0P_/D (sg13g2_dfrbpq_1)   15.49    2.95   12.54 (MET)
y_reg[9]$_SDFFE_PN0P_/D (sg13g2_dfrbpq_1)   15.49    2.95   12.54 (MET)
y_reg[9]$_SDFFE_PN0P_/D (sg13g2_dfrbpq_1)   15.49    2.95   12.54 (MET)
y_reg[9]$_SDFFE_PN0P_/D (sg13g2_dfrbpq_1)   15.49    2.95   12.54 (MET)
y_reg[9]$_SDFFE_PN0P_/D (sg13g2_dfrbpq_1)   15.49    2.95   12.54 (MET)
y_reg[9]$_SDFFE_PN0P_/D (sg13g2_dfrbpq_1)   15.49    2.95   12.54 (MET)

